"analysis_group","pt_standard_en","pt","pt_cn","soc_en","soc_cn","cases","a","b","c","d","a_plus_b","a_plus_c","a_plus_b_plus_c_plus_d","ROR","ROR_025","ROR_975","ror_95ci_range","PRR","chi_squared","IC","IC025","expected_E","EBGM","EBGM05","is_ror_signal","is_prr_signal","is_bcpnn_signal","is_mgps_signal","is_core_ror_prr_signal","is_strict_four_algorithm_signal"
"Iodixanol","Pruritus","Pruritus","瘙痒","Skin and subcutaneous tissue disorders","皮肤及皮下组织类疾病","350","350","1919","349512","19554698","2269","349862","19906479","10.2","9.11","11.44","10.20 (9.11, 11.44)","8.78","2455.15","3.13","3.02","39.8783","8.68","5.12","1","1","1","1","1","1"
"Iodixanol","Dyspnoea","Dyspnoea","呼吸困难","Respiratory, thoracic and mediastinal disorders","呼吸系统、胸及纵隔疾病","222","222","2047","536532","19367678","2269","536754","19906479","3.91","3.41","4.5","3.91 (3.41, 4.50)","3.63","434.49","1.86","1.72","61.1808","3.61","2.12","1","1","1","1","1","1"
"Iodixanol","Urticaria","Urticaria","荨麻疹","Skin and subcutaneous tissue disorders","皮肤及皮下组织类疾病","213","213","2056","155821","19748389","2269","156034","19906479","13.13","11.4","15.12","13.13 (11.40, 15.12)","11.99","2159.9","3.58","3.44","17.7852","11.68","6.86","1","1","1","1","1","1"
"Iodixanol","Rash","Rash","皮疹","Skin and subcutaneous tissue disorders","皮肤及皮下组织类疾病","210","210","2059","405777","19498433","2269","405987","19906479","4.9","4.25","5.65","4.90 (4.25, 5.65)","4.54","591.39","2.18","2.04","46.2756","4.5","2.64","1","1","1","1","1","1"
"Iodixanol","Erythema","Erythema","红斑","Skin and subcutaneous tissue disorders","皮肤及皮下组织类疾病","204","204","2065","195128","19709082","2269","195332","19906479","9.98","8.64","11.52","9.98 (8.64, 11.52)","9.17","1498.3","3.2","3.05","22.2645","8.98","5.27","1","1","1","1","1","1"
"Iodixanol","Nausea","Nausea","恶心","Gastrointestinal disorders","胃肠系统疾病","134","134","2135","746961","19157249","2269","747095","19906479","1.61","1.35","1.92","1.61 (1.35, 1.92)","1.57","29.11","0.65","0.48","85.1561","1.57","0.92","1","0","1","0","0","0"
"Iodixanol","Vomiting","Vomiting","呕吐","Gastrointestinal disorders","胃肠系统疾病","123","123","2146","442946","19461264","2269","443069","19906479","2.52","2.1","3.02","2.52 (2.10, 3.02)","2.44","106.45","1.28","1.1","50.5023","2.42","1.41","1","1","1","0","1","0"
"Iodixanol","Hypotension","Hypotension","低血压","Vascular disorders","血管与淋巴管类疾病","119","119","2150","190283","19713927","2269","190402","19906479","5.73","4.77","6.9","5.73 (4.77, 6.90)","5.49","440.47","2.46","2.27","21.7026","5.38","3.13","1","1","1","1","1","1"
"Iodixanol","Acute kidney injury","Acute kidney injury","急性肾损伤","Renal and urinary disorders","肾脏及泌尿系统疾病","116","116","2153","185645","19718565","2269","185761","19906479","5.72","4.75","6.9","5.72 (4.75, 6.90)","5.48","428.73","2.45","2.26","21.1736","5.38","3.13","1","1","1","1","1","1"
"Iodixanol","Anaphylactic reaction","Anaphylactic reaction","速发严重过敏反应","Immune system disorders","免疫系统疾病","90","90","2179","51321","19852889","2269","51411","19906479","15.98","12.94","19.73","15.98 (12.94, 19.73)","15.38","1211.38","3.94","3.73","5.86","14.23","8.22","1","1","1","1","1","1"
"Iodixanol","Contrast media allergy","Contrast media allergy","造影剂过敏","Immune system disorders","免疫系统疾病","88","88","2181","1501","19902709","2269","1589","19906479","535.01","429.77","666.01","535.01 (429.77, 666.01)","514.3","42588.86","8.92","8.7","0.1811","129.93","75.04","1","1","1","1","1","1"
"Iodixanol","SWELLING FACE","SWELLING FACE","面部肿胀","General disorders and administration site conditions","全身性疾病及给药部位各种反应","86","86","2183","61761","19842449","2269","61847","19906479","12.66","10.2","15.7","12.66 (10.20, 15.70)","12.22","887.06","3.61","3.39","7.0495","11.46","6.61","1","1","1","1","1","1"
"Iodixanol","Chills","Chills","寒战","General disorders and administration site conditions","全身性疾病及给药部位各种反应","80","80","2189","112129","19792081","2269","112209","19906479","6.45","5.16","8.06","6.45 (5.16, 8.06)","6.26","355.23","2.64","2.42","12.7899","6.06","3.49","1","1","1","1","1","1"
"Iodixanol","CONTRAST MEDIA REACTION","CONTRAST MEDIA REACTION","造影剂反应","Immune system disorders","免疫系统疾病","78","78","2191","2180","19902030","2269","2258","19906479","325.01","258.3","408.94","325.01 (258.30, 408.94)","313.87","23488.39","8.24","8.01","0.2574","103.65","59.65","1","1","1","1","1","1"
"Iodixanol","FLUSHING","FLUSHING","潮红","Vascular disorders","血管与淋巴管类疾病","78","78","2191","98129","19806081","2269","98207","19906479","7.19","5.73","9.01","7.19 (5.73, 9.01)","6.97","400.73","2.8","2.57","11.1939","6.71","3.86","1","1","1","1","1","1"
"Iodixanol","Chest discomfort","Chest discomfort","胸部不适","General disorders and administration site conditions","全身性疾病及给药部位各种反应","72","72","2197","96288","19807922","2269","96360","19906479","6.74","5.33","8.53","6.74 (5.33, 8.53)","6.56","340.66","2.71","2.47","10.9834","6.31","3.62","1","1","1","1","1","1"
"Iodixanol","Cough","Cough","咳嗽","Respiratory, thoracic and mediastinal disorders","呼吸系统、胸及纵隔疾病","71","71","2198","263976","19640234","2269","264047","19906479","2.4","1.9","3.04","2.40 (1.90, 3.04)","2.36","56.34","1.24","1","30.0969","2.34","1.34","1","1","1","0","1","0"
"Iodixanol","Hypersensitivity","Hypersensitivity","超敏反应","Immune system disorders","免疫系统疾病","66","66","2203","174258","19729952","2269","174324","19906479","3.39","2.66","4.33","3.39 (2.66, 4.33)","3.32","108.05","1.73","1.48","19.87","3.26","1.87","1","1","1","0","1","0"
"Iodixanol","Pyrexia","Pyrexia","发热","General disorders and administration site conditions","全身性疾病及给药部位各种反应","66","66","2203","329006","19575204","2269","329072","19906479","1.78","1.4","2.28","1.78 (1.40, 2.28)","1.76","22.01","0.82","0.57","37.5086","1.75","1","1","0","1","0","0","0"
"Iodixanol","Loss of consciousness","Loss of consciousness","意识丧失","Nervous system disorders","各类神经系统疾病","63","63","2206","122332","19781878","2269","122395","19906479","4.62","3.59","5.93","4.62 (3.59, 5.93)","4.52","173.53","2.17","1.92","13.9509","4.39","2.51","1","1","1","1","1","1"
"Iodixanol","Blood pressure decreased","Blood pressure decreased","血压降低","Investigations","各类检查","51","51","2218","63228","19840982","2269","63279","19906479","7.22","5.47","9.53","7.22 (5.47, 9.53)","7.08","266.7","2.82","2.54","7.2127","6.68","3.78","1","1","1","1","1","1"
"Iodixanol","ANAPHYLACTIC SHOCK","ANAPHYLACTIC SHOCK","过敏性休克","Immune system disorders","免疫系统疾病","50","50","2219","24057","19880153","2269","24107","19906479","18.62","14.06","24.65","18.62 (14.06, 24.65)","18.23","813.65","4.19","3.9","2.7478","15.55","8.79","1","1","1","1","1","1"
"Iodixanol","Dizziness","Dizziness","头晕","Nervous system disorders","各类神经系统疾病","47","47","2222","473488","19430722","2269","473535","19906479","0.87","0.65","1.16","0.87 (0.65, 1.16)","0.87","0.92","-0.2","-0.49","53.9749","0.87","0.49","0","0","0","0","0","0"
"Iodixanol","EYELID OEDEMA","EYELID OEDEMA","眼睑水肿","Eye disorders","眼器官疾病","46","46","2223","11334","19892876","2269","11380","19906479","36.32","27.11","48.66","36.32 (27.11, 48.66)","35.6","1541.65","5.15","4.85","1.2971","25.87","14.57","1","1","1","1","1","1"
"Iodixanol","ANGIOEDEMA","ANGIOEDEMA","血管性水肿","Skin and subcutaneous tissue disorders","皮肤及皮下组织类疾病","45","45","2224","41793","19862417","2269","41838","19906479","9.62","7.16","12.92","9.62 (7.16, 12.92)","9.45","340.16","3.24","2.94","4.7688","8.64","4.86","1","1","1","1","1","1"
"Iodixanol","RASH ERYTHEMATOUS","RASH ERYTHEMATOUS","红色皮疹","Skin and subcutaneous tissue disorders","皮肤及皮下组织类疾病","45","45","2224","43030","19861180","2269","43075","19906479","9.34","6.95","12.55","9.34 (6.95, 12.55)","9.17","328.1","3.2","2.89","4.9098","8.41","4.73","1","1","1","1","1","1"
"Iodixanol","Hyperhidrosis","Hyperhidrosis","多汗","Skin and subcutaneous tissue disorders","皮肤及皮下组织类疾病","45","45","2224","123410","19780800","2269","123455","19906479","3.24","2.41","4.36","3.24 (2.41, 4.36)","3.2","68.41","1.68","1.38","14.0718","3.12","1.76","1","1","1","0","1","0"
"Iodixanol","Face oedema","Face oedema","面部水肿","General disorders and administration site conditions","全身性疾病及给药部位各种反应","43","43","2226","16224","19887986","2269","16267","19906479","23.68","17.5","32.03","23.68 (17.50, 32.03)","23.25","913.92","4.54","4.23","1.8542","18.48","10.37","1","1","1","1","1","1"
"Iodixanol","Swelling","Swelling","肿胀","General disorders and administration site conditions","全身性疾病及给药部位各种反应","43","43","2226","86223","19817987","2269","86266","19906479","4.44","3.28","6","4.44 (3.28, 6.00)","4.37","112.38","2.13","1.82","9.8329","4.21","2.36","1","1","1","1","1","1"
"Iodixanol","Rash pruritic","Rash pruritic","瘙痒性皮疹","Skin and subcutaneous tissue disorders","皮肤及皮下组织类疾病","41","41","2228","50819","19853391","2269","50860","19906479","7.19","5.28","9.79","7.19 (5.28, 9.79)","7.08","214.34","2.82","2.51","5.7972","6.59","3.69","1","1","1","1","1","1"
"Iodixanol","CARDIO-RESPIRATORY ARREST","CARDIO-RESPIRATORY ARREST","心脏呼吸骤停","Cardiac disorders","心脏器官疾病","37","37","2232","40501","19863709","2269","40538","19906479","8.13","5.87","11.25","8.13 (5.87, 11.25)","8.01","227.39","3","2.67","4.6206","7.32","4.07","1","1","1","1","1","1"
"Iodixanol","Blood creatinine increased","Blood creatinine increased","血肌酐升高","Investigations","各类检查","37","37","2232","62574","19841636","2269","62611","19906479","5.26","3.8","7.27","5.26 (3.80, 7.27)","5.19","125.37","2.37","2.04","7.1366","4.91","2.73","1","1","1","1","1","1"
"Iodixanol","Off label use","Off label use","超说明书使用","Injury, poisoning and procedural complications","各类损伤、中毒及操作并发症","37","37","2232","806461","19097749","2269","806498","19906479","0.39","0.28","0.54","0.39 (0.28, 0.54)","0.4","34.21","-1.31","-1.64","91.9271","0.41","0.23","0","0","0","0","0","0"
"Iodixanol","Dysphoria","Dysphoria","烦躁不安","Psychiatric disorders","精神病类","36","36","2233","4892","19899318","2269","4928","19906479","65.58","47.12","91.26","65.58 (47.12, 91.26)","64.55","2236.62","6","5.66","0.5617","34.38","19.09","1","1","1","1","1","1"
"Iodixanol","Cardiac arrest","Cardiac arrest","心脏停搏","Cardiac disorders","心脏器官疾病","36","36","2233","79528","19824682","2269","79564","19906479","4.02","2.89","5.59","4.02 (2.89, 5.59)","3.97","80.3","1.99","1.65","9.0689","3.81","2.12","1","1","1","1","1","1"
"Iodixanol","Rash maculo-papular","Rash maculo-papular","斑丘疹","Skin and subcutaneous tissue disorders","皮肤及皮下组织类疾病","34","34","2235","20907","19883303","2269","20941","19906479","14.47","10.31","20.31","14.47 (10.31, 20.31)","14.27","419.18","3.83","3.49","2.3869","11.95","6.61","1","1","1","1","1","1"
"Iodixanol","SNEEZING","SNEEZING","喷嚏","Respiratory, thoracic and mediastinal disorders","呼吸系统、胸及纵隔疾病","34","34","2235","21137","19883073","2269","21171","19906479","14.31","10.2","20.08","14.31 (10.20, 20.08)","14.11","413.95","3.82","3.47","2.4131","11.84","6.55","1","1","1","1","1","1"
"Iodixanol","Contrast encephalopathy","Contrast encephalopathy","造影剂脑病","Injury, poisoning and procedural complications","各类损伤、中毒及操作并发症","33","33","2236","197","19904013","2269","230","19906479","1491.13","1028.96","2160.9","1,491.13 (1,028.96, 2,160.90)","1469.46","41478.61","10.3","9.92","0.0262","63.66","35.16","1","1","1","1","1","1"
"Iodixanol","Malaise","Malaise","难受","General disorders and administration site conditions","全身性疾病及给药部位各种反应","33","33","2236","420097","19484113","2269","420130","19906479","0.68","0.49","0.97","0.68 (0.49, 0.97)","0.69","4.73","-0.54","-0.89","47.8877","0.69","0.38","0","0","0","0","0","0"
"Iodixanol","HEADACHE","HEADACHE","头痛","Nervous system disorders","各类神经系统疾病","33","33","2236","594824","19309386","2269","594857","19906479","0.48","0.34","0.68","0.48 (0.34, 0.68)","0.49","18.42","-1.04","-1.39","67.8036","0.49","0.27","0","0","0","0","0","0"
"Iodixanol","Throat irritation","Throat irritation","咽喉刺激","Respiratory, thoracic and mediastinal disorders","呼吸系统、胸及纵隔疾病","32","32","2237","42132","19862078","2269","42164","19906479","6.74","4.76","9.56","6.74 (4.76, 9.56)","6.66","154.22","2.74","2.38","4.806","6.13","3.38","1","1","1","1","1","1"
"Iodixanol","TACHYCARDIA","TACHYCARDIA","心动过速","Cardiac disorders","心脏器官疾病","32","32","2237","84559","19819651","2269","84591","19906479","3.35","2.37","4.75","3.35 (2.37, 4.75)","3.32","52.07","1.73","1.37","9.6419","3.2","1.77","1","1","1","0","1","0"
"Iodixanol","Nephropathy toxic","Nephropathy toxic","中毒性肾病","Renal and urinary disorders","肾脏及泌尿系统疾病","31","31","2238","10373","19893837","2269","10404","19906479","26.57","18.63","37.89","26.57 (18.63, 37.89)","26.22","750.03","4.71","4.35","1.1859","18.68","10.27","1","1","1","1","1","1"
"Iodixanol","Cyanosis","Cyanosis","发绀","Vascular disorders","血管与淋巴管类疾病","31","31","2238","15116","19889094","2269","15147","19906479","18.23","12.78","25.99","18.23 (12.78, 25.99)","17.99","496.78","4.17","3.8","1.7265","14.15","7.78","1","1","1","1","1","1"
"Iodixanol","THROAT TIGHTNESS","THROAT TIGHTNESS","咽喉缩紧感","Respiratory, thoracic and mediastinal disorders","呼吸系统、胸及纵隔疾病","31","31","2238","25651","19878559","2269","25682","19906479","10.73","7.53","15.3","10.73 (7.53, 15.30)","10.6","269.59","3.4","3.04","2.9273","9.19","5.05","1","1","1","1","1","1"
"Iodixanol","Skin exfoliation","Skin exfoliation","皮肤剥脱","Skin and subcutaneous tissue disorders","皮肤及皮下组织类疾病","31","31","2238","77848","19826362","2269","77879","19906479","3.53","2.47","5.03","3.53 (2.47, 5.03)","3.49","55.36","1.8","1.44","8.8769","3.36","1.85","1","1","1","0","1","0"
"Iodixanol","CHEST PAIN","CHEST PAIN","胸痛","General disorders and administration site conditions","全身性疾病及给药部位各种反应","31","31","2238","177667","19726543","2269","177698","19906479","1.54","1.08","2.19","1.54 (1.08, 2.19)","1.53","5.75","0.61","0.25","20.2545","1.52","0.83","1","0","1","0","0","0"
"Iodixanol","Dermatitis allergic","Dermatitis allergic","过敏性皮炎","Skin and subcutaneous tissue disorders","皮肤及皮下组织类疾病","30","30","2239","11540","19892670","2269","11570","19906479","23.1","16.1","33.13","23.10 (16.10, 33.13)","22.8","624.2","4.51","4.14","1.3188","16.77","9.2","1","1","1","1","1","1"
"Iodixanol","Hypothyroidism","Hypothyroidism","甲状腺功能减退症","Endocrine disorders","内分泌系统疾病","30","30","2239","29815","19874395","2269","29845","19906479","8.93","6.23","12.81","8.93 (6.23, 12.81)","8.83","208.3","3.14","2.77","3.4018","7.82","4.29","1","1","1","1","1","1"
"Iodixanol","Anaphylactoid reaction","Anaphylactoid reaction","类过敏反应","Immune system disorders","免疫系统疾病","28","28","2241","3935","19900275","2269","3963","19906479","63.19","43.47","91.85","63.19 (43.47, 91.85)","62.42","1680.59","5.95","5.57","0.4517","29.95","16.34","1","1","1","1","1","1"
"Iodixanol","UNRESPONSIVE TO STIMULI","UNRESPONSIVE TO STIMULI","刺激反应消失","Nervous system disorders","各类神经系统疾病","28","28","2241","24350","19879860","2269","24378","19906479","10.2","7.03","14.81","10.20 (7.03, 14.81)","10.09","229.23","3.33","2.95","2.7787","8.69","4.74","1","1","1","1","1","1"
"Iodixanol","Blister","Blister","水疱","Skin and subcutaneous tissue disorders","皮肤及皮下组织类疾病","28","28","2241","51899","19852311","2269","51927","19906479","4.78","3.29","6.94","4.78 (3.29, 6.94)","4.73","82.6","2.24","1.86","5.9188","4.44","2.42","1","1","1","1","1","1"
"Iodixanol","OXYGEN SATURATION DECREASED","OXYGEN SATURATION DECREASED","血氧饱和度降低","Investigations","各类检查","28","28","2241","52337","19851873","2269","52365","19906479","4.74","3.26","6.88","4.74 (3.26, 6.88)","4.69","81.54","2.23","1.85","5.9687","4.41","2.4","1","1","1","1","1","1"
"Iodixanol","Eye swelling","Eye swelling","眼肿","Eye disorders","眼器官疾病","27","27","2242","35212","19868998","2269","35239","19906479","6.8","4.65","9.93","6.80 (4.65, 9.93)","6.73","131.76","2.75","2.36","4.0166","6.09","3.31","1","1","1","1","1","1"
"Iodixanol","Feeling hot","Feeling hot","感觉热","General disorders and administration site conditions","全身性疾病及给药部位各种反应","27","27","2242","58853","19845357","2269","58880","19906479","4.06","2.78","5.94","4.06 (2.78, 5.94)","4.02","61.52","2.01","1.62","6.7113","3.81","2.07","1","1","1","1","1","1"
"Iodixanol","Tremor","Tremor","震颤","Nervous system disorders","各类神经系统疾病","27","27","2242","159088","19745122","2269","159115","19906479","1.49","1.02","2.18","1.49 (1.02, 2.18)","1.49","4.37","0.57","0.19","18.1364","1.48","0.8","1","0","1","0","0","0"
"Iodixanol","Eosinophilia","Eosinophilia","嗜酸性粒细胞增多症","Blood and lymphatic system disorders","血液及淋巴系统疾病","26","26","2243","16364","19887846","2269","16390","19906479","14.09","9.57","20.74","14.09 (9.57, 20.74)","13.94","312.01","3.8","3.4","1.8682","11.19","6.07","1","1","1","1","1","1"
"Iodixanol","Dysphonia","Dysphonia","发声困难","Respiratory, thoracic and mediastinal disorders","呼吸系统、胸及纵隔疾病","25","25","2244","55386","19848824","2269","55411","19906479","3.99","2.69","5.92","3.99 (2.69, 5.92)","3.96","55.43","1.98","1.58","6.3159","3.74","2.02","1","1","1","1","1","1"
"Iodixanol","Acute generalised exanthematous pustulosis","Acute generalised exanthematous pustulosis","急性泛发性发疹性脓疱病","Skin and subcutaneous tissue disorders","皮肤及皮下组织类疾病","24","24","2245","7263","19896947","2269","7287","19906479","29.29","19.57","43.82","29.29 (19.57, 43.82)","28.99","646.62","4.85","4.44","0.8306","18.41","9.91","1","1","1","1","1","1"
"Iodixanol","Rash generalised","Rash generalised",,,,"24","24","2245","25811","19878399","2269","25835","19906479","8.23","5.51","12.31","8.23 (5.51, 12.31)","8.16","150.76","3.03","2.62","2.9448","7.11","3.83","1","1","1","1","1","1"
"Iodixanol","Henoch-Schonlein purpura","Henoch-Schonlein purpura","过敏性紫癜","Skin and subcutaneous tissue disorders","皮肤及皮下组织类疾病","23","23","2246","1968","19902242","2269","1991","19906479","103.56","68.51","156.54","103.56 (68.51, 156.54)","102.52","2285.73","6.66","6.24","0.2269","32.33","17.34","1","1","1","1","1","1"
"Iodixanol","Cold sweat","Cold sweat","冷汗","Skin and subcutaneous tissue disorders","皮肤及皮下组织类疾病","22","22","2247","16927","19887283","2269","16949","19906479","11.5","7.56","17.51","11.50 (7.56, 17.51)","11.4","208.66","3.51","3.08","1.9319","9.25","4.94","1","1","1","1","1","1"
"Iodixanol","SHOCK","SHOCK","休克","Vascular disorders","血管与淋巴管类疾病","22","22","2247","21494","19882716","2269","21516","19906479","9.06","5.95","13.79","9.06 (5.95, 13.79)","8.98","155.99","3.17","2.74","2.4525","7.62","4.07","1","1","1","1","1","1"
"Iodixanol","Bronchospasm","Bronchospasm","支气管痉挛","Respiratory, thoracic and mediastinal disorders","呼吸系统、胸及纵隔疾病","21","21","2248","13701","19890509","2269","13722","19906479","13.56","8.82","20.85","13.56 (8.82, 20.85)","13.45","241.71","3.75","3.31","1.5641","10.42","5.54","1","1","1","1","1","1"
"Iodixanol","HEART RATE INCREASED","HEART RATE INCREASED","心率升高","Investigations","各类检查","21","21","2248","94118","19810092","2269","94139","19906479","1.97","1.28","3.02","1.97 (1.28, 3.02)","1.96","9.88","0.97","0.53","10.7302","1.91","1.02","1","0","1","0","0","0"
"Iodixanol","CONFUSIONAL STATE","CONFUSIONAL STATE","意识模糊状态","Psychiatric disorders","精神病类","21","21","2248","153776","19750434","2269","153797","19906479","1.2","0.78","1.84","1.20 (0.78, 1.84)","1.2","0.69","0.26","-0.18","17.5302","1.19","0.63","0","0","0","0","0","0"
"Iodixanol","ANAPHYLACTOID SHOCK","ANAPHYLACTOID SHOCK","类过敏性休克","Immune system disorders","免疫系统疾病","20","20","2249","441","19903769","2269","461","19906479","401.36","255.92","629.46","401.36 (255.92, 629.46)","397.83","7573.45","8.57","8.11","0.0525","37.1","19.62","1","1","1","1","1","1"
"Iodixanol","NEPHROPATHY","NEPHROPATHY","肾病","Renal and urinary disorders","肾脏及泌尿系统疾病","20","20","2249","8974","19895236","2269","8994","19906479","19.72","12.69","30.63","19.72 (12.69, 30.63)","19.55","351.41","4.29","3.84","1.0252","13.44","7.11","1","1","1","1","1","1"
"Iodixanol","Pallor","Pallor","苍白","Vascular disorders","血管与淋巴管类疾病","20","20","2249","26263","19877947","2269","26283","19906479","6.73","4.33","10.45","6.73 (4.33, 10.45)","6.68","96.65","2.74","2.29","2.9958","5.86","3.1","1","1","1","1","1","1"
"Iodixanol","Urinary incontinence","Urinary incontinence","尿失禁","Renal and urinary disorders","肾脏及泌尿系统疾病","20","20","2249","28367","19875843","2269","28387","19906479","6.23","4.01","9.68","6.23 (4.01, 9.68)","6.18","86.99","2.63","2.18","3.2356","5.49","2.9","1","1","1","1","1","1"
"Iodixanol","Aphasia","Aphasia","失语","Nervous system disorders","各类神经系统疾病","20","20","2249","28877","19875333","2269","28897","19906479","6.12","3.94","9.51","6.12 (3.94, 9.51)","6.08","84.87","2.6","2.15","3.2938","5.4","2.86","1","1","1","1","1","1"
"Iodixanol","Hypoaesthesia","Hypoaesthesia","感觉减退","Nervous system disorders","各类神经系统疾病","20","20","2249","142834","19761376","2269","142854","19906479","1.23","0.79","1.91","1.23 (0.79, 1.91)","1.23","0.85","0.3","-0.15","16.2829","1.22","0.65","0","0","0","0","0","0"
"Iodixanol","Asthenia","Asthenia","虚弱","General disorders and administration site conditions","全身性疾病及给药部位各种反应","20","20","2249","358400","19545810","2269","358420","19906479","0.48","0.31","0.75","0.48 (0.31, 0.75)","0.49","10.84","-1.03","-1.48","40.8538","0.5","0.26","0","0","0","0","0","0"
"Iodixanol","Laryngeal oedema","Laryngeal oedema","喉水肿","Respiratory, thoracic and mediastinal disorders","呼吸系统、胸及纵隔疾病","19","19","2250","5856","19898354","2269","5875","19906479","28.69","18.25","45.1","28.69 (18.25, 45.10)","28.46","501.96","4.83","4.36","0.6697","16.67","8.77","1","1","1","1","1","1"
"Iodixanol","RENAL TUBULAR NECROSIS","RENAL TUBULAR NECROSIS","肾小管坏死","Renal and urinary disorders","肾脏及泌尿系统疾病","19","19","2250","9348","19894862","2269","9367","19906479","17.97","11.44","28.24","17.97 (11.44, 28.24)","17.83","301.36","4.15","3.69","1.0677","12.44","6.54","1","1","1","1","1","1"
"Iodixanol","Renal failure","Renal failure","肾衰","Renal and urinary disorders","肾脏及泌尿系统疾病","19","19","2250","129165","19775045","2269","129184","19906479","1.29","0.82","2.03","1.29 (0.82, 2.03)","1.29","1.25","0.37","-0.09","14.7248","1.28","0.67","0","0","0","0","0","0"
"Iodixanol","ERYTHEMA MULTIFORME","ERYTHEMA MULTIFORME","多形性红斑","Skin and subcutaneous tissue disorders","皮肤及皮下组织类疾病","18","18","2251","8870","19895340","2269","8888","19906479","17.94","11.27","28.53","17.94 (11.27, 28.53)","17.8","284.99","4.15","3.68","1.0131","12.23","6.39","1","1","1","1","1","1"
"Iodixanol","Bradycardia","Bradycardia","心动过缓","Cardiac disorders","心脏器官疾病","18","18","2251","51024","19853186","2269","51042","19906479","3.11","1.96","4.95","3.11 (1.96, 4.95)","3.09","25.58","1.63","1.16","5.8179","2.93","1.53","1","1","1","0","1","0"
"Iodixanol","Palpitations","Palpitations","心悸","Cardiac disorders","心脏器官疾病","18","18","2251","111227","19792983","2269","111245","19906479","1.42","0.89","2.26","1.42 (0.89, 2.26)","1.42","2.24","0.51","0.03","12.68","1.4","0.73","0","0","1","0","0","0"
"Iodixanol","Paraesthesia","Paraesthesia","皮肤异常感觉","Nervous system disorders","各类神经系统疾病","18","18","2251","150849","19753361","2269","150867","19906479","1.05","0.66","1.67","1.05 (0.66, 1.67)","1.05","0.04","0.07","-0.41","17.1963","1.05","0.55","0","0","0","0","0","0"
"Iodixanol","Hyperthyroidism","Hyperthyroidism","甲状腺功能亢进症","Endocrine disorders","内分泌系统疾病","17","17","2252","13553","19890657","2269","13570","19906479","11.08","6.87","17.86","11.08 (6.87, 17.86)","11","154.51","3.46","2.97","1.5467","8.55","4.44","1","1","1","1","1","1"
"Iodixanol","DELIRIUM","DELIRIUM","谵妄","Psychiatric disorders","精神病类","17","17","2252","32562","19871648","2269","32579","19906479","4.61","2.86","7.42","4.61 (2.86, 7.42)","4.58","47.62","2.19","1.71","3.7135","4.15","2.16","1","1","1","1","1","1"
"Iodixanol","Restlessness","Restlessness","躁动","Psychiatric disorders","精神病类","17","17","2252","35068","19869142","2269","35085","19906479","4.28","2.65","6.89","4.28 (2.65, 6.89)","4.25","42.34","2.09","1.6","3.9991","3.89","2.02","1","1","1","1","1","1"
"Iodixanol","WHEEZING","WHEEZING","哮鸣","Respiratory, thoracic and mediastinal disorders","呼吸系统、胸及纵隔疾病","17","17","2252","54219","19849991","2269","54236","19906479","2.76","1.71","4.45","2.76 (1.71, 4.45)","2.75","18.98","1.46","0.97","6.182","2.62","1.36","1","1","1","0","1","0"
"Iodixanol","Seizure","Seizure","痫性发作","Nervous system disorders","各类神经系统疾病","17","17","2252","106825","19797385","2269","106842","19906479","1.4","0.87","2.25","1.40 (0.87, 2.25)","1.4","1.92","0.48","-0.01","12.1782","1.38","0.72","0","0","0","0","0","0"
"Iodixanol","ABDOMINAL PAIN","ABDOMINAL PAIN","腹痛","Gastrointestinal disorders","胃肠系统疾病","17","17","2252","220101","19684109","2269","220118","19906479","0.68","0.42","1.09","0.68 (0.42, 1.09)","0.68","2.64","-0.56","-1.05","25.0897","0.68","0.36","0","0","0","0","0","0"
"Iodixanol","EXTRAVASATION","EXTRAVASATION","外渗","General disorders and administration site conditions","全身性疾病及给药部位各种反应","16","16","2253","3950","19900260","2269","3966","19906479","35.78","21.86","58.56","35.78 (21.86, 58.56)","35.53","534.92","5.15","4.64","0.4521","17.33","8.93","1","1","1","1","1","1"
"Iodixanol","Purpura","Purpura","紫癜","Skin and subcutaneous tissue disorders","皮肤及皮下组织类疾病","16","16","2253","8449","19895761","2269","8465","19906479","16.72","10.22","27.36","16.72 (10.22, 27.36)","16.61","234.41","4.05","3.55","0.9649","11.26","5.8","1","1","1","1","1","1"
"Iodixanol","Tachypnoea","Tachypnoea","呼吸急促","Respiratory, thoracic and mediastinal disorders","呼吸系统、胸及纵隔疾病","16","16","2253","12827","19891383","2269","12843","19906479","11.01","6.73","18.01","11.01 (6.73, 18.01)","10.94","144.45","3.45","2.95","1.4639","8.4","4.33","1","1","1","1","1","1"
"Iodixanol","Drug eruption","Drug eruption","药疹","Skin and subcutaneous tissue disorders","皮肤及皮下组织类疾病","16","16","2253","16433","19887777","2269","16449","19906479","8.59","5.25","14.06","8.59 (5.25, 14.06)","8.54","106.52","3.09","2.59","1.8749","6.95","3.58","1","1","1","1","1","1"
"Iodixanol","RESPIRATORY DISTRESS","RESPIRATORY DISTRESS","呼吸窘迫","Respiratory, thoracic and mediastinal disorders","呼吸系统、胸及纵隔疾病","16","16","2253","26394","19877816","2269","26410","19906479","5.35","3.27","8.75","5.35 (3.27, 8.75)","5.32","56.13","2.41","1.91","3.0103","4.7","2.42","1","1","1","1","1","1"
"Iodixanol","RESPIRATORY ARREST","RESPIRATORY ARREST","呼吸停止","Respiratory, thoracic and mediastinal disorders","呼吸系统、胸及纵隔疾病","16","16","2253","26964","19877246","2269","26980","19906479","5.24","3.2","8.56","5.24 (3.20, 8.56)","5.21","54.4","2.38","1.88","3.0753","4.62","2.38","1","1","1","1","1","1"
"Iodixanol","EYE PRURITUS","EYE PRURITUS","眼睛瘙痒","Eye disorders","眼器官疾病","16","16","2253","30283","19873927","2269","30299","19906479","4.66","2.85","7.62","4.66 (2.85, 7.62)","4.63","45.65","2.21","1.71","3.4536","4.17","2.15","1","1","1","1","1","1"
"Iodixanol","Hypoxia","Hypoxia","缺氧","Respiratory, thoracic and mediastinal disorders","呼吸系统、胸及纵隔疾病","16","16","2253","33167","19871043","2269","33183","19906479","4.25","2.6","6.96","4.25 (2.60, 6.96)","4.23","39.54","2.08","1.58","3.7823","3.85","1.99","1","1","1","0","1","0"
"Iodixanol","Respiratory failure","Respiratory failure","呼吸衰竭","Respiratory, thoracic and mediastinal disorders","呼吸系统、胸及纵隔疾病","16","16","2253","70095","19834115","2269","70111","19906479","2.01","1.23","3.29","2.01 (1.23, 3.29)","2","8.05","1","0.5","7.9915","1.94","1","1","1","1","0","1","0"
"Iodixanol","DYSPHAGIA","DYSPHAGIA","吞咽困难","Gastrointestinal disorders","胃肠系统疾病","16","16","2253","89608","19814602","2269","89624","19906479","1.57","0.96","2.57","1.57 (0.96, 2.57)","1.57","3.29","0.65","0.15","10.2156","1.54","0.79","0","0","1","0","0","0"
"Iodixanol","Syncope","Syncope","晕厥","Nervous system disorders","各类神经系统疾病","16","16","2253","95622","19808588","2269","95638","19906479","1.47","0.9","2.41","1.47 (0.90, 2.41)","1.47","2.4","0.55","0.05","10.9011","1.45","0.75","0","0","1","0","0","0"
"Iodixanol","Rash pustular","Rash pustular","脓疱疹","Infections and infestations","感染及侵染类疾病","15","15","2254","7061","19897149","2269","7076","19906479","18.75","11.28","31.18","18.75 (11.28, 31.18)","18.64","249.89","4.22","3.7","0.8065","11.86","6.06","1","1","1","1","1","1"
"Iodixanol","Pharyngeal oedema","Pharyngeal oedema","咽部水肿","Respiratory, thoracic and mediastinal disorders","呼吸系统、胸及纵隔疾病","15","15","2254","15227","19888983","2269","15242","19906479","8.69","5.23","14.45","8.69 (5.23, 14.45)","8.64","101.34","3.11","2.59","1.7373","6.93","3.54","1","1","1","1","1","1"
"Iodixanol","Pruritus generalised","Pruritus generalised",,,,"15","15","2254","21573","19882637","2269","21588","19906479","6.13","3.69","10.19","6.13 (3.69, 10.19)","6.1","63.98","2.61","2.09","2.4607","5.24","2.67","1","1","1","1","1","1"
"Iodixanol","Depressed level of consciousness","Depressed level of consciousness","意识水平下降","Nervous system disorders","各类神经系统疾病","15","15","2254","37393","19866817","2269","37408","19906479","3.54","2.13","5.88","3.54 (2.13, 5.88)","3.52","27.09","1.81","1.3","4.2639","3.25","1.66","1","1","1","0","1","0"
"Iodixanol","Convulsion","Convulsion",,,,"15","15","2254","57203","19847007","2269","57218","19906479","2.31","1.39","3.84","2.31 (1.39, 3.84)","2.3","11.05","1.2","0.68","6.5219","2.21","1.13","1","1","1","0","1","0"
"Iodixanol","Burning sensation","Burning sensation","烧灼感","Nervous system disorders","各类神经系统疾病","15","15","2254","66678","19837532","2269","66693","19906479","1.98","1.19","3.29","1.98 (1.19, 3.29)","1.97","7.22","0.98","0.46","7.6019","1.91","0.98","1","0","1","0","0","0"
"Iodixanol","Blood pressure increased","Blood pressure increased","血压升高","Investigations","各类检查","15","15","2254","145847","19758363","2269","145862","19906479","0.9","0.54","1.5","0.90 (0.54, 1.50)","0.9","0.16","-0.15","-0.67","16.6258","0.91","0.46","0","0","0","0","0","0"
"Iodixanol","Death","Death","死亡","General disorders and administration site conditions","全身性疾病及给药部位各种反应","15","15","2254","812785","19091425","2269","812800","19906479","0.16","0.09","0.26","0.16 (0.09, 0.26)","0.16","67.85","-2.63","-3.14","92.6454","0.17","0.09","0","0","0","0","0","0"
"Iodixanol","Hemiparesis","Hemiparesis","单侧轻瘫","Nervous system disorders","各类神经系统疾病","14","14","2255","16328","19887882","2269","16342","19906479","7.56","4.47","12.79","7.56 (4.47, 12.79)","7.52","79.16","2.91","2.37","1.8627","6.14","3.11","1","1","1","1","1","1"
"Iodixanol","Circulatory collapse","Circulatory collapse","循环性虚脱","Vascular disorders","血管与淋巴管类疾病","14","14","2255","16394","19887816","2269","16408","19906479","7.53","4.45","12.74","7.53 (4.45, 12.74)","7.49","78.74","2.9","2.37","1.8702","6.12","3.1","1","1","1","1","1","1"
"Iodixanol","Drug interaction","Drug interaction","药物相互作用","General disorders and administration site conditions","全身性疾病及给药部位各种反应","14","14","2255","150316","19753894","2269","150330","19906479","0.82","0.48","1.38","0.82 (0.48, 1.38)","0.82","0.58","-0.29","-0.83","17.1351","0.82","0.42","0","0","0","0","0","0"
"Iodixanol","PAIN IN EXTREMITY","PAIN IN EXTREMITY","肢体疼痛","Musculoskeletal and connective tissue disorders","各种肌肉骨骼及结缔组织疾病","14","14","2255","282160","19622050","2269","282174","19906479","0.43","0.26","0.73","0.43 (0.26, 0.73)","0.44","10.41","-1.2","-1.74","32.163","0.44","0.22","0","0","0","0","0","0"
"Iodixanol","Diarrhoea","Diarrhoea","腹泻","Gastrointestinal disorders","胃肠系统疾病","14","14","2255","605659","19298551","2269","605673","19906479","0.2","0.12","0.33","0.20 (0.12, 0.33)","0.2","45.26","-2.3","-2.84","69.0364","0.21","0.11","0","0","0","0","0","0"
"Iodixanol","Dermatitis bullous","Dermatitis bullous","大疱性皮炎","Skin and subcutaneous tissue disorders","皮肤及皮下组织类疾病","13","13","2256","6842","19897368","2269","6855","19906479","16.76","9.71","28.92","16.76 (9.71, 28.92)","16.67","191.16","4.06","3.5","0.7814","10.54","5.27","1","1","1","1","1","1"
"Iodixanol","Toxic skin eruption","Toxic skin eruption","中毒性皮疹","Skin and subcutaneous tissue disorders","皮肤及皮下组织类疾病","13","13","2256","9655","19894555","2269","9668","19906479","11.87","6.88","20.49","11.87 (6.88, 20.49)","11.81","128.54","3.56","3","1.102","8.43","4.22","1","1","1","1","1","1"
"Iodixanol","Presyncope","Presyncope","晕厥前期","Nervous system disorders","各类神经系统疾病","13","13","2256","22785","19881425","2269","22798","19906479","5.03","2.91","8.67","5.03 (2.91, 8.67)","5.01","41.69","2.32","1.77","2.5986","4.36","2.18","1","1","1","1","1","1"
"Iodixanol","Lip swelling","Lip swelling","唇部肿胀","Gastrointestinal disorders","胃肠系统疾病","13","13","2256","31569","19872641","2269","31582","19906479","3.63","2.1","6.26","3.63 (2.10, 6.26)","3.61","24.59","1.85","1.3","3.5998","3.29","1.65","1","1","1","0","1","0"
"Iodixanol","Ocular hyperaemia","Ocular hyperaemia","眼充血","Eye disorders","眼器官疾病","13","13","2256","43477","19860733","2269","43490","19906479","2.63","1.53","4.54","2.63 (1.53, 4.54)","2.62","13.08","1.39","0.83","4.9571","2.47","1.24","1","1","1","0","1","0"
"Iodixanol","Somnolence","Somnolence","嗜睡","Nervous system disorders","各类神经系统疾病","13","13","2256","191360","19712850","2269","191373","19906479","0.59","0.34","1.02","0.59 (0.34, 1.02)","0.6","3.6","-0.75","-1.3","21.8133","0.61","0.3","0","0","0","0","0","0"
"Iodixanol","Hypertension","Hypertension","高血压","Vascular disorders","血管与淋巴管类疾病","13","13","2256","200693","19703517","2269","200706","19906479","0.57","0.33","0.98","0.57 (0.33, 0.98)","0.57","4.31","-0.82","-1.37","22.8771","0.58","0.29","0","0","0","0","0","0"
"Iodixanol","Back pain","Back pain","背痛","Musculoskeletal and connective tissue disorders","各种肌肉骨骼及结缔组织疾病","13","13","2256","221912","19682298","2269","221925","19906479","0.51","0.3","0.88","0.51 (0.30, 0.88)","0.51","6.04","-0.96","-1.52","25.2957","0.52","0.26","0","0","0","0","0","0"
"Iodixanol","Condition aggravated","Condition aggravated","病情恶化","General disorders and administration site conditions","全身性疾病及给药部位各种反应","13","13","2256","281652","19622558","2269","281665","19906479","0.4","0.23","0.69","0.40 (0.23, 0.69)","0.4","11.53","-1.3","-1.86","32.105","0.41","0.21","0","0","0","0","0","0"
"Iodixanol","Pain","Pain","疼痛","General disorders and administration site conditions","全身性疾病及给药部位各种反应","13","13","2256","584744","19319466","2269","584757","19906479","0.19","0.11","0.33","0.19 (0.11, 0.33)","0.2","44.5","-2.36","-2.91","66.6524","0.2","0.1","0","0","0","0","0","0"
"Iodixanol","Lip oedema","Lip oedema","唇部水肿","Gastrointestinal disorders","胃肠系统疾病","12","12","2257","4021","19900189","2269","4033","19906479","26.31","14.91","46.44","26.31 (14.91, 46.44)","26.18","289.8","4.71","4.13","0.4597","13.02","6.44","1","1","1","1","1","1"
"Iodixanol","Skin tightness","Skin tightness","皮肤紧缩感","Skin and subcutaneous tissue disorders","皮肤及皮下组织类疾病","12","12","2257","4470","19899740","2269","4482","19906479","23.67","13.41","41.77","23.67 (13.41, 41.77)","23.55","258.47","4.55","3.97","0.5109","12.37","6.11","1","1","1","1","1","1"
"Iodixanol","Pulse absent","Pulse absent","脉搏消失","Investigations","各类检查","12","12","2257","4610","19899600","2269","4622","19906479","22.95","13","40.5","22.95 (13.00, 40.50)","22.83","249.95","4.51","3.93","0.5268","12.17","6.02","1","1","1","1","1","1"
"Iodixanol","Cardiogenic shock","Cardiogenic shock","心源性休克","Cardiac disorders","心脏器官疾病","12","12","2257","13392","19890818","2269","13404","19906479","7.9","4.48","13.93","7.90 (4.48, 13.93)","7.86","71.84","2.97","2.39","1.5278","6.16","3.05","1","1","1","1","1","1"
"Iodixanol","Drug reaction with eosinophilia and systemic symptoms","Drug reaction with eosinophilia and systemic symptoms","药物反应伴嗜酸粒细胞增多和全身性症状","Skin and subcutaneous tissue disorders","皮肤及皮下组织类疾病","12","12","2257","23919","19880291","2269","23931","19906479","4.42","2.51","7.79","4.42 (2.51, 7.79)","4.4","31.56","2.14","1.56","2.7277","3.87","1.91","1","1","1","0","1","0"
"Iodixanol","Swollen tongue","Swollen tongue","肿舌","Gastrointestinal disorders","胃肠系统疾病","12","12","2257","29760","19874450","2269","29772","19906479","3.55","2.01","6.26","3.55 (2.01, 6.26)","3.54","21.86","1.82","1.24","3.3935","3.21","1.59","1","1","1","0","1","0"
"Iodixanol","Heart rate decreased","Heart rate decreased","心率降低","Investigations","各类检查","12","12","2257","33792","19870418","2269","33804","19906479","3.13","1.77","5.51","3.13 (1.77, 5.51)","3.12","17.26","1.64","1.06","3.8531","2.87","1.42","1","1","1","0","1","0"
"Iodixanol","Coma","Coma","昏迷","Nervous system disorders","各类神经系统疾病","12","12","2257","45304","19858906","2269","45316","19906479","2.33","1.32","4.11","2.33 (1.32, 4.11)","2.32","9.07","1.22","0.64","5.1653","2.21","1.09","1","1","1","0","1","0"
"Iodixanol","TYPE IV HYPERSENSITIVITY REACTION","TYPE IV HYPERSENSITIVITY REACTION","IV型超敏反应","Immune system disorders","免疫系统疾病","11","11","2258","2575","19901635","2269","2586","19906479","37.65","20.79","68.17","37.65 (20.79, 68.17)","37.47","388.89","5.22","4.62","0.2948","14.47","7.05","1","1","1","1","1","1"
"Iodixanol","Dermatitis exfoliative","Dermatitis exfoliative","剥脱性皮炎","Skin and subcutaneous tissue disorders","皮肤及皮下组织类疾病","11","11","2258","4907","19899303","2269","4918","19906479","19.76","10.92","35.75","19.76 (10.92, 35.75)","19.66","194.48","4.29","3.69","0.5606","10.84","5.28","1","1","1","1","1","1"
"Iodixanol","Papule","Papule","丘疹","Skin and subcutaneous tissue disorders","皮肤及皮下组织类疾病","11","11","2258","6501","19897709","2269","6512","19906479","14.91","8.24","26.98","14.91 (8.24, 26.98)","14.84","141.82","3.89","3.28","0.7423","9.26","4.51","1","1","1","1","1","1"
"Iodixanol","Petechiae","Petechiae","瘀点","Skin and subcutaneous tissue disorders","皮肤及皮下组织类疾病","11","11","2258","9805","19894405","2269","9816","19906479","9.88","5.46","17.88","9.88 (5.46, 17.88)","9.84","87.32","3.3","2.69","1.1189","7.1","3.46","1","1","1","1","1","1"
"Iodixanol","Skin reaction","Skin reaction","皮肤反应","Skin and subcutaneous tissue disorders","皮肤及皮下组织类疾病","11","11","2258","13244","19890966","2269","13255","19906479","7.32","4.05","13.23","7.32 (4.05, 13.23)","7.29","59.65","2.86","2.26","1.5108","5.72","2.79","1","1","1","1","1","1"
"Iodixanol","PARAESTHESIA ORAL","PARAESTHESIA ORAL","口部异常感觉","Gastrointestinal disorders","胃肠系统疾病","11","11","2258","13576","19890634","2269","13587","19906479","7.14","3.95","12.91","7.14 (3.95, 12.91)","7.11","57.73","2.83","2.22","1.5487","5.61","2.74","1","1","1","1","1","1"
"Iodixanol","Rash papular","Rash papular","丘疹样皮疹","Skin and subcutaneous tissue disorders","皮肤及皮下组织类疾病","11","11","2258","21559","19882651","2269","21570","19906479","4.49","2.48","8.13","4.49 (2.48, 8.13)","4.48","29.71","2.16","1.56","2.4586","3.89","1.89","1","1","1","0","1","0"
"Iodixanol","Lacrimation increased","Lacrimation increased","流泪增加","Eye disorders","眼器官疾病","11","11","2258","27965","19876245","2269","27976","19906479","3.46","1.91","6.26","3.46 (1.91, 6.26)","3.45","19.16","1.79","1.18","3.1888","3.12","1.52","1","1","1","0","1","0"
"Iodixanol","HYPERKALAEMIA","HYPERKALAEMIA","高钾血症","Metabolism and nutrition disorders","代谢及营养类疾病","11","11","2258","33186","19871024","2269","33197","19906479","2.92","1.61","5.28","2.92 (1.61, 5.28)","2.91","13.79","1.54","0.93","3.7839","2.68","1.31","1","1","1","0","1","0"
"Iodixanol","Vision blurred","Vision blurred","视物模糊","Eye disorders","眼器官疾病","11","11","2258","129558","19774652","2269","129569","19906479","0.74","0.41","1.34","0.74 (0.41, 1.34)","0.74","0.97","-0.43","-1.03","14.7687","0.75","0.37","0","0","0","0","0","0"
"Iodixanol","Anxiety","Anxiety","焦虑","Psychiatric disorders","精神病类","11","11","2258","272952","19631258","2269","272963","19906479","0.35","0.19","0.63","0.35 (0.19, 0.63)","0.35","13.18","-1.5","-2.1","31.1131","0.36","0.18","0","0","0","0","0","0"
"Iodixanol","Blood pressure immeasurable","Blood pressure immeasurable","血压不可测","Investigations","各类检查","10","10","2259","1470","19902740","2269","1480","19906479","59.93","32.14","111.78","59.93 (32.14, 111.78)","59.68","573.06","5.89","5.25","0.1687","15.7","7.52","1","1","1","1","1","1"
"Iodixanol","ANURIA","ANURIA","无尿","Renal and urinary disorders","肾脏及泌尿系统疾病","10","10","2259","8338","19895872","2269","8348","19906479","10.56","5.67","19.67","10.56 (5.67, 19.67)","10.52","86.09","3.39","2.76","0.9515","7.23","3.47","1","1","1","1","1","1"
"Iodixanol","HAEMODIALYSIS","HAEMODIALYSIS","血液透析","Surgical and medical procedures","各种手术及医疗操作","10","10","2259","8384","19895826","2269","8394","19906479","10.5","5.64","19.56","10.50 (5.64, 19.56)","10.46","85.52","3.39","2.75","0.9568","7.21","3.45","1","1","1","1","1","1"
"Iodixanol","POST PROCEDURAL COMPLICATION","POST PROCEDURAL COMPLICATION","操作后并发症","Injury, poisoning and procedural complications","各类损伤、中毒及操作并发症","10","10","2259","18613","19885597","2269","18623","19906479","4.73","2.54","8.8","4.73 (2.54, 8.80)","4.71","29.26","2.24","1.6","2.1227","4","1.92","1","1","1","0","1","0"
"Iodixanol","Cerebral infarction","Cerebral infarction","脑部梗死","Nervous system disorders","各类神经系统疾病","10","10","2259","23543","19880667","2269","23553","19906479","3.74","2.01","6.96","3.74 (2.01, 6.96)","3.73","19.96","1.9","1.26","2.6846","3.3","1.58","1","1","1","0","1","0"
"Iodixanol","Lactic acidosis","Lactic acidosis","乳酸酸中毒","Metabolism and nutrition disorders","代谢及营养类疾病","10","10","2259","29919","19874291","2269","29929","19906479","2.94","1.58","5.47","2.94 (1.58, 5.47)","2.93","12.75","1.55","0.92","3.4114","2.68","1.29","1","1","1","0","1","0"
"Iodixanol","RASH MACULAR","RASH MACULAR","斑状皮疹","Skin and subcutaneous tissue disorders","皮肤及皮下组织类疾病","10","10","2259","32985","19871225","2269","32995","19906479","2.67","1.43","4.96","2.67 (1.43, 4.96)","2.66","10.37","1.41","0.78","3.7609","2.46","1.18","1","1","1","0","1","0"
"Iodixanol","Oedema","Oedema","水肿","General disorders and administration site conditions","全身性疾病及给药部位各种反应","10","10","2259","51037","19853173","2269","51047","19906479","1.72","0.93","3.21","1.72 (0.93, 3.21)","1.72","3.01","0.78","0.15","5.8185","1.66","0.8","0","0","1","0","0","0"
"Iodixanol","Skin burning sensation","Skin burning sensation","皮肤烧灼感","Skin and subcutaneous tissue disorders","皮肤及皮下组织类疾病","10","10","2259","67701","19836509","2269","67711","19906479","1.3","0.7","2.41","1.30 (0.70, 2.41)","1.3","0.68","0.37","-0.26","7.7179","1.28","0.61","0","0","0","0","0","0"
"Iodixanol","Musculoskeletal stiffness","Musculoskeletal stiffness","肌肉骨骼僵硬","Musculoskeletal and connective tissue disorders","各种肌肉骨骼及结缔组织疾病","10","10","2259","82375","19821835","2269","82385","19906479","1.07","0.57","1.98","1.07 (0.57, 1.98)","1.06","0.04","0.09","-0.54","9.3905","1.06","0.51","0","0","0","0","0","0"
"Iodixanol","Muscular weakness","Muscular weakness","肌无力","Musculoskeletal and connective tissue disorders","各种肌肉骨骼及结缔组织疾病","10","10","2259","107980","19796230","2269","107990","19906479","0.81","0.44","1.51","0.81 (0.44, 1.51)","0.81","0.44","-0.3","-0.93","12.309","0.82","0.39","0","0","0","0","0","0"
"Iodixanol","No adverse event","No adverse event","无不良事件","General disorders and administration site conditions","全身性疾病及给药部位各种反应","10","10","2259","166160","19738050","2269","166170","19906479","0.53","0.28","0.98","0.53 (0.28, 0.98)","0.53","4.26","-0.92","-1.56","18.9406","0.54","0.26","0","0","0","0","0","0"
"Iodixanol","Skin induration","Skin induration","皮肤硬结","Skin and subcutaneous tissue disorders","皮肤及皮下组织类疾病","9","9","2260","1958","19902252","2269","1967","19906479","40.48","21","78.01","40.48 (21.00, 78.01)","40.32","343.57","5.33","4.66","0.2242","13.12","6.16","1","1","1","1","1","1"
"Iodixanol","Ventricular fibrillation","Ventricular fibrillation","室颤","Cardiac disorders","心脏器官疾病","9","9","2260","10595","19893615","2269","10604","19906479","7.48","3.88","14.39","7.48 (3.88, 14.39)","7.45","50.26","2.9","2.23","1.2087","5.56","2.61","1","1","1","1","1","1"
"Iodixanol","Brain oedema","Brain oedema","脑水肿","Nervous system disorders","各类神经系统疾病","9","9","2260","11990","19892220","2269","11999","19906479","6.61","3.43","12.72","6.61 (3.43, 12.72)","6.58","42.62","2.72","2.05","1.3677","5.09","2.39","1","1","1","1","1","1"
"Iodixanol","HYPOAESTHESIA ORAL","HYPOAESTHESIA ORAL","口腔感觉减退","Gastrointestinal disorders","胃肠系统疾病","9","9","2260","14372","19889838","2269","14381","19906479","5.51","2.86","10.61","5.51 (2.86, 10.61)","5.49","33.08","2.46","1.79","1.6392","4.44","2.09","1","1","1","1","1","1"
"Iodixanol","Local swelling","Local swelling",,,,"9","9","2260","17421","19886789","2269","17430","19906479","4.55","2.36","8.75","4.55 (2.36, 8.75)","4.53","24.78","2.18","1.51","1.9867","3.82","1.79","1","1","1","0","1","0"
"Iodixanol","Dysarthria","Dysarthria","构音不良","Nervous system disorders","各类神经系统疾病","9","9","2260","35926","19868284","2269","35935","19906479","2.2","1.14","4.24","2.20 (1.14, 4.24)","2.2","5.88","1.14","0.47","4.096","2.07","0.97","1","1","1","0","1","0"
"Iodixanol","Speech disorder","Speech disorder","言语障碍","Nervous system disorders","各类神经系统疾病","9","9","2260","50163","19854047","2269","50172","19906479","1.58","0.82","3.03","1.58 (0.82, 3.03)","1.57","1.89","0.65","-0.01","5.7188","1.53","0.72","0","0","0","0","0","0"
"Iodixanol","NASAL CONGESTION","NASAL CONGESTION","鼻充血","Respiratory, thoracic and mediastinal disorders","呼吸系统、胸及纵隔疾病","9","9","2260","54957","19849253","2269","54966","19906479","1.44","0.75","2.77","1.44 (0.75, 2.77)","1.44","1.2","0.52","-0.15","6.2652","1.4","0.66","0","0","0","0","0","0"
"Iodixanol","Discomfort","Discomfort","不适","General disorders and administration site conditions","全身性疾病及给药部位各种反应","9","9","2260","55146","19849064","2269","55155","19906479","1.43","0.74","2.76","1.43 (0.74, 2.76)","1.43","1.17","0.52","-0.15","6.2867","1.4","0.66","0","0","0","0","0","0"
"Iodixanol","ATRIAL FIBRILLATION","ATRIAL FIBRILLATION","房颤","Cardiac disorders","心脏器官疾病","9","9","2260","92986","19811224","2269","92995","19906479","0.85","0.44","1.63","0.85 (0.44, 1.63)","0.85","0.24","-0.24","-0.9","10.5998","0.86","0.4","0","0","0","0","0","0"
"Iodixanol","Oedema peripheral","Oedema peripheral","外周水肿","General disorders and administration site conditions","全身性疾病及给药部位各种反应","9","9","2260","117751","19786459","2269","117760","19906479","0.67","0.35","1.29","0.67 (0.35, 1.29)","0.67","1.47","-0.58","-1.24","13.4226","0.68","0.32","0","0","0","0","0","0"
"Iodixanol","Myocardial infarction","Myocardial infarction","心肌梗死","Cardiac disorders","心脏器官疾病","9","9","2260","170475","19733735","2269","170484","19906479","0.46","0.24","0.89","0.46 (0.24, 0.89)","0.46","5.65","-1.11","-1.78","19.4323","0.48","0.22","0","0","0","0","0","0"
"Iodixanol","Skin warm","Skin warm","皮肤发热","Skin and subcutaneous tissue disorders","皮肤及皮下组织类疾病","8","8","2261","5544","19898666","2269","5552","19906479","12.7","6.34","25.44","12.70 (6.34, 25.44)","12.66","85.8","3.66","2.95","0.6328","7.5","3.44","1","1","1","1","1","1"
"Iodixanol","DIALYSIS","DIALYSIS","透析","Surgical and medical procedures","各种手术及医疗操作","8","8","2261","13643","19890567","2269","13651","19906479","5.16","2.58","10.33","5.16 (2.58, 10.33)","5.14","26.71","2.36","1.65","1.556","4.13","1.89","1","1","1","0","1","0"
"Iodixanol","Acute myocardial infarction","Acute myocardial infarction","急性心肌梗死","Cardiac disorders","心脏器官疾病","8","8","2261","28817","19875393","2269","28825","19906479","2.44","1.22","4.89","2.44 (1.22, 4.89)","2.44","6.78","1.28","0.58","3.2856","2.25","1.03","1","1","1","0","1","0"
"Iodixanol","Disorientation","Disorientation","定向力障碍","Psychiatric disorders","精神病类","8","8","2261","38264","19865946","2269","38272","19906479","1.84","0.92","3.68","1.84 (0.92, 3.68)","1.83","3.04","0.87","0.17","4.3624","1.75","0.8","0","0","1","0","0","0"
"Iodixanol","RHABDOMYOLYSIS","RHABDOMYOLYSIS","横纹肌溶解","Musculoskeletal and connective tissue disorders","各种肌肉骨骼及结缔组织疾病","8","8","2261","39487","19864723","2269","39495","19906479","1.78","0.89","3.56","1.78 (0.89, 3.56)","1.78","2.72","0.83","0.12","4.5018","1.7","0.78","0","0","1","0","0","0"
"Iodixanol","PULMONARY OEDEMA","PULMONARY OEDEMA","肺水肿","Respiratory, thoracic and mediastinal disorders","呼吸系统、胸及纵隔疾病","8","8","2261","43041","19861169","2269","43049","19906479","1.63","0.82","3.27","1.63 (0.82, 3.27)","1.63","1.95","0.71","-0","4.9069","1.57","0.72","0","0","0","0","0","0"
"Iodixanol","Oropharyngeal pain","Oropharyngeal pain","口咽疼痛","Respiratory, thoracic and mediastinal disorders","呼吸系统、胸及纵隔疾病","8","8","2261","88118","19816092","2269","88126","19906479","0.8","0.4","1.59","0.80 (0.40, 1.59)","0.8","0.42","-0.33","-1.04","10.0449","0.81","0.37","0","0","0","0","0","0"
"Iodixanol","Visual impairment","Visual impairment","视觉损害","Eye disorders","眼器官疾病","8","8","2261","115658","19788552","2269","115666","19906479","0.61","0.3","1.21","0.61 (0.30, 1.21)","0.61","2.05","-0.72","-1.43","13.184","0.62","0.28","0","0","0","0","0","0"
"Iodixanol","Peripheral swelling","Peripheral swelling","外周肿胀","General disorders and administration site conditions","全身性疾病及给药部位各种反应","8","8","2261","143156","19761054","2269","143164","19906479","0.49","0.24","0.98","0.49 (0.24, 0.98)","0.49","4.27","-1.03","-1.74","16.3183","0.51","0.23","0","0","0","0","0","0"
"Iodixanol","Drug hypersensitivity","Drug hypersensitivity","药物性超敏反应","Immune system disorders","免疫系统疾病","8","8","2261","184169","19720041","2269","184177","19906479","0.38","0.19","0.76","0.38 (0.19, 0.76)","0.38","8.12","-1.39","-2.1","20.993","0.4","0.18","0","0","0","0","0","0"
"Iodixanol","Laryngeal discomfort","Laryngeal discomfort","喉部不适","Respiratory, thoracic and mediastinal disorders","呼吸系统、胸及纵隔疾病","7","7","2262","593","19903617","2269","600","19906479","103.87","49.25","219.08","103.87 (49.25, 219.08)","103.55","702.65","6.68","5.92","0.0684","13.2","5.87","1","1","1","1","1","1"
"Iodixanol","Hyperaemia","Hyperaemia","充血","Vascular disorders","血管与淋巴管类疾病","7","7","2262","1868","19902342","2269","1875","19906479","32.97","15.68","69.34","32.97 (15.68, 69.34)","32.87","215.53","5.03","4.28","0.2137","10.51","4.67","1","1","1","1","1","1"
"Iodixanol","Acute pulmonary oedema","Acute pulmonary oedema","急性肺水肿","Respiratory, thoracic and mediastinal disorders","呼吸系统、胸及纵隔疾病","7","7","2262","5412","19898798","2269","5419","19906479","11.38","5.42","23.91","11.38 (5.42, 23.91)","11.35","65.97","3.5","2.74","0.6177","6.71","2.98","1","1","1","1","1","1"
"Iodixanol","INFUSION SITE EXTRAVASATION","INFUSION SITE EXTRAVASATION","输液部位渗出","General disorders and administration site conditions","全身性疾病及给药部位各种反应","7","7","2262","5939","19898271","2269","5946","19906479","10.37","4.94","21.78","10.37 (4.94, 21.78)","10.34","59","3.37","2.61","0.6777","6.37","2.83","1","1","1","1","1","1"
"Iodixanol","Skin swelling","Skin swelling","皮肤肿胀","Skin and subcutaneous tissue disorders","皮肤及皮下组织类疾病","7","7","2262","7777","19896433","2269","7784","19906479","7.92","3.77","16.63","7.92 (3.77, 16.63)","7.9","42.14","2.98","2.22","0.8872","5.41","2.4","1","1","1","1","1","1"
"Iodixanol","Sensation of foreign body","Sensation of foreign body","异物感","General disorders and administration site conditions","全身性疾病及给药部位各种反应","7","7","2262","7797","19896413","2269","7804","19906479","7.9","3.76","16.59","7.90 (3.76, 16.59)","7.88","42","2.98","2.22","0.8895","5.4","2.4","1","1","1","1","1","1"
"Iodixanol","HEMIPLEGIA","HEMIPLEGIA","偏瘫","Nervous system disorders","各类神经系统疾病","7","7","2262","7959","19896251","2269","7966","19906479","7.74","3.68","16.25","7.74 (3.68, 16.25)","7.72","40.89","2.95","2.19","0.908","5.33","2.37","1","1","1","1","1","1"
"Iodixanol","Injection site extravasation","Injection site extravasation","注射部位外渗","General disorders and administration site conditions","全身性疾病及给药部位各种反应","7","7","2262","12150","19892060","2269","12157","19906479","5.07","2.41","10.64","5.07 (2.41, 10.64)","5.05","22.76","2.34","1.58","1.3857","3.98","1.77","1","1","1","0","1","0"
"Iodixanol","Ventricular tachycardia","Ventricular tachycardia","室性心动过速","Cardiac disorders","心脏器官疾病","7","7","2262","15848","19888362","2269","15855","19906479","3.88","1.85","8.16","3.88 (1.85, 8.16)","3.87","14.93","1.95","1.2","1.8072","3.25","1.45","1","1","1","0","1","0"
"Iodixanol","METABOLIC ACIDOSIS","METABOLIC ACIDOSIS","代谢性酸中毒","Metabolism and nutrition disorders","代谢及营养类疾病","7","7","2262","29800","19874410","2269","29807","19906479","2.06","0.98","4.33","2.06 (0.98, 4.33)","2.06","3.83","1.04","0.29","3.3975","1.92","0.86","0","0","1","0","0","0"
"Iodixanol","Septic shock","Septic shock","感染性休克","Infections and infestations","感染及侵染类疾病","7","7","2262","40773","19863437","2269","40780","19906479","1.51","0.72","3.17","1.51 (0.72, 3.17)","1.51","1.19","0.59","-0.17","4.6482","1.46","0.65","0","0","0","0","0","0"
"Iodixanol","Lethargy","Lethargy","倦怠","Nervous system disorders","各类神经系统疾病","7","7","2262","55161","19849049","2269","55168","19906479","1.11","0.53","2.34","1.11 (0.53, 2.34)","1.11","0.08","0.15","-0.6","6.2882","1.1","0.49","0","0","0","0","0","0"
"Iodixanol","Vertigo","Vertigo","眩晕","Ear and labyrinth disorders","耳及迷路类疾病","7","7","2262","58201","19846009","2269","58208","19906479","1.06","0.5","2.22","1.06 (0.50, 2.22)","1.06","0.02","0.08","-0.68","6.6347","1.05","0.47","0","0","0","0","0","0"
"Iodixanol","Dry mouth","Dry mouth","口干","Gastrointestinal disorders","胃肠系统疾病","7","7","2262","76341","19827869","2269","76348","19906479","0.8","0.38","1.69","0.80 (0.38, 1.69)","0.8","0.33","-0.31","-1.07","8.7024","0.82","0.36","0","0","0","0","0","0"
"Iodixanol","RENAL IMPAIRMENT","RENAL IMPAIRMENT","肾功能损害","Renal and urinary disorders","肾脏及泌尿系统疾病","7","7","2262","78932","19825278","2269","78939","19906479","0.78","0.37","1.63","0.78 (0.37, 1.63)","0.78","0.45","-0.36","-1.12","8.9977","0.79","0.35","0","0","0","0","0","0"
"Iodixanol","Abdominal distension","Abdominal distension","腹胀","Gastrointestinal disorders","胃肠系统疾病","7","7","2262","97974","19806236","2269","97981","19906479","0.63","0.3","1.31","0.63 (0.30, 1.31)","0.63","1.56","-0.67","-1.43","11.1682","0.64","0.29","0","0","0","0","0","0"
"Iodixanol","Cerebrovascular accident","Cerebrovascular accident","脑血管意外","Nervous system disorders","各类神经系统疾病","7","7","2262","163255","19740955","2269","163262","19906479","0.37","0.18","0.79","0.37 (0.18, 0.79)","0.38","7.3","-1.41","-2.17","18.6091","0.39","0.17","0","0","0","0","0","0"
"Iodixanol","Muscle spasms","Muscle spasms","肌痉挛","Musculoskeletal and connective tissue disorders","各种肌肉骨骼及结缔组织疾病","7","7","2262","174533","19729677","2269","174540","19906479","0.35","0.17","0.73","0.35 (0.17, 0.73)","0.35","8.43","-1.51","-2.26","19.8946","0.37","0.16","0","0","0","0","0","0"
"Iodixanol","FATIGUE","FATIGUE","疲劳","General disorders and administration site conditions","全身性疾病及给药部位各种反应","7","7","2262","734570","19169640","2269","734577","19906479","0.08","0.04","0.17","0.08 (0.04, 0.17)","0.08","73.02","-3.58","-4.34","83.7293","0.09","0.04","0","0","0","0","0","0"
"Iodixanol","Kounis syndrome","Kounis syndrome","过敏性冠状动脉痉挛综合征","Cardiac disorders","心脏器官疾病","6","6","2263","2052","19902158","2269","2058","19906479","25.72","11.53","57.37","25.72 (11.53, 57.37)","25.65","141.73","4.68","3.86","0.2346","8.85","3.78","1","1","1","1","1","1"
"Iodixanol","Generalised erythema","Generalised erythema",,,,"6","6","2263","5684","19898526","2269","5690","19906479","9.28","4.16","20.69","9.28 (4.16, 20.69)","9.26","44.17","3.21","2.39","0.6486","5.66","2.42","1","1","1","1","1","1"
"Iodixanol","Blindness transient","Blindness transient","一过性失明","Eye disorders","眼器官疾病","6","6","2263","7013","19897197","2269","7019","19906479","7.52","3.37","16.77","7.52 (3.37, 16.77)","7.51","33.81","2.91","2.09","0.8","5","2.14","1","1","1","1","1","1"
"Iodixanol","Troponin increased","Troponin increased","肌钙蛋白升高","Investigations","各类检查","6","6","2263","7040","19897170","2269","7046","19906479","7.49","3.36","16.7","7.49 (3.36, 16.70)","7.48","33.64","2.9","2.08","0.8031","4.99","2.13","1","1","1","1","1","1"
"Iodixanol","Scratch","Scratch","抓伤","Injury, poisoning and procedural complications","各类损伤、中毒及操作并发症","6","6","2263","9593","19894617","2269","9599","19906479","5.5","2.47","12.26","5.50 (2.47, 12.26)","5.49","22.01","2.46","1.64","1.0941","4.08","1.74","1","1","1","0","1","0"
"Iodixanol","Retching","Retching","干呕","Gastrointestinal disorders","胃肠系统疾病","6","6","2263","20210","19884000","2269","20216","19906479","2.61","1.17","5.81","2.61 (1.17, 5.81)","2.6","5.93","1.38","0.56","2.3043","2.32","0.99","1","1","1","0","1","0"
"Iodixanol","Altered state of consciousness","Altered state of consciousness","意识状态改变","Nervous system disorders","各类神经系统疾病","6","6","2263","20276","19883934","2269","20282","19906479","2.6","1.17","5.79","2.60 (1.17, 5.79)","2.6","5.89","1.38","0.56","2.3118","2.31","0.99","1","1","1","0","1","0"
"Iodixanol","STEVENS-JOHNSON SYNDROME","STEVENS-JOHNSON SYNDROME","Stevens-Johnson综合征","Skin and subcutaneous tissue disorders","皮肤及皮下组织类疾病","6","6","2263","21373","19882837","2269","21379","19906479","2.47","1.11","5.5","2.47 (1.11, 5.50)","2.46","5.22","1.3","0.48","2.4368","2.21","0.95","1","1","1","0","1","0"
"Iodixanol","Encephalopathy","Encephalopathy","脑病","Nervous system disorders","各类神经系统疾病","6","6","2263","23117","19881093","2269","23123","19906479","2.28","1.02","5.08","2.28 (1.02, 5.08)","2.28","4.3","1.19","0.37","2.6356","2.07","0.89","1","1","1","0","1","0"
"Iodixanol","Feeling cold","Feeling cold","感到寒冷","General disorders and administration site conditions","全身性疾病及给药部位各种反应","6","6","2263","26638","19877572","2269","26644","19906479","1.98","0.89","4.41","1.98 (0.89, 4.41)","1.98","2.9","0.98","0.16","3.037","1.84","0.79","0","0","1","0","0","0"
"Iodixanol","Thrombocytopenia","Thrombocytopenia","血小板减少症","Blood and lymphatic system disorders","血液及淋巴系统疾病","6","6","2263","105536","19798674","2269","105542","19906479","0.5","0.22","1.11","0.50 (0.22, 1.11)","0.5","3.04","-1","-1.82","12.03","0.52","0.22","0","0","0","0","0","0"
"Iodixanol","Abdominal discomfort","Abdominal discomfort","腹部不适","Gastrointestinal disorders","胃肠系统疾病","6","6","2263","155500","19748710","2269","155506","19906479","0.34","0.15","0.75","0.34 (0.15, 0.75)","0.34","7.82","-1.56","-2.38","17.725","0.36","0.15","0","0","0","0","0","0"
"Iodixanol","Abdominal pain upper","Abdominal pain upper","上腹痛","Gastrointestinal disorders","胃肠系统疾病","6","6","2263","193647","19710563","2269","193653","19906479","0.27","0.12","0.6","0.27 (0.12, 0.60)","0.27","11.82","-1.88","-2.7","22.0731","0.29","0.12","0","0","0","0","0","0"
"Iodixanol","Pneumonia","Pneumonia","感染性肺炎","Infections and infestations","感染及侵染类疾病","6","6","2263","305341","19598869","2269","305347","19906479","0.17","0.08","0.38","0.17 (0.08, 0.38)","0.17","24.21","-2.54","-3.35","34.8044","0.18","0.08","0","0","0","0","0","0"
"Iodixanol","Macule","Macule","斑疹","Skin and subcutaneous tissue disorders","皮肤及皮下组织类疾病","5","5","2264","2651","19901559","2269","2656","19906479","16.58","6.89","39.9","16.58 (6.89, 39.90)","16.55","72.9","4.05","3.15","0.3027","6.85","2.78","1","1","1","1","1","1"
"Iodixanol","Tongue oedema","Tongue oedema","舌水肿","Gastrointestinal disorders","胃肠系统疾病","5","5","2264","3663","19900547","2269","3668","19906479","12","4.99","28.87","12.00 (4.99, 28.87)","11.97","50.23","3.58","2.68","0.4181","5.99","2.43","1","1","1","1","1","1"
"Iodixanol","Localised oedema","Localised oedema","局部水肿","General disorders and administration site conditions","全身性疾病及给药部位各种反应","5","5","2264","4452","19899758","2269","4457","19906479","9.87","4.1","23.75","9.87 (4.10, 23.75)","9.85","39.73","3.3","2.4","0.508","5.46","2.22","1","1","1","1","1","1"
"Iodixanol","Periorbital oedema","Periorbital oedema","眼眶周围水肿","Eye disorders","眼器官疾病","5","5","2264","4910","19899300","2269","4915","19906479","8.95","3.72","21.53","8.95 (3.72, 21.53)","8.93","35.2","3.16","2.26","0.5602","5.19","2.11","1","1","1","1","1","1"
"Iodixanol","Heart rate abnormal","Heart rate abnormal","心率异常","Investigations","各类检查","5","5","2264","5213","19898997","2269","5218","19906479","8.43","3.5","20.28","8.43 (3.50, 20.28)","8.41","32.64","3.07","2.18","0.5948","5.02","2.04","1","1","1","1","1","1"
"Iodixanol","Hypertonia","Hypertonia","肌张力亢进","Nervous system disorders","各类神经系统疾病","5","5","2264","5597","19898613","2269","5602","19906479","7.85","3.26","18.89","7.85 (3.26, 18.89)","7.84","29.8","2.97","2.07","0.6385","4.83","1.96","1","1","1","0","1","0"
"Iodixanol","OLIGURIA","OLIGURIA","少尿","Renal and urinary disorders","肾脏及泌尿系统疾病","5","5","2264","5938","19898272","2269","5943","19906479","7.4","3.08","17.8","7.40 (3.08, 17.80)","7.39","27.59","2.88","1.99","0.6774","4.67","1.9","1","1","1","0","1","0"
"Iodixanol","RESPIRATORY RATE INCREASED","RESPIRATORY RATE INCREASED","呼吸频率升高","Investigations","各类检查","5","5","2264","8516","19895694","2269","8521","19906479","5.16","2.14","12.41","5.16 (2.14, 12.41)","5.15","16.72","2.36","1.47","0.9712","3.74","1.52","1","1","1","0","1","0"
"Iodixanol","SALIVARY HYPERSECRETION","SALIVARY HYPERSECRETION","唾液分泌过多","Gastrointestinal disorders","胃肠系统疾病","5","5","2264","9490","19894720","2269","9495","19906479","4.63","1.92","11.14","4.63 (1.92, 11.14)","4.62","14.19","2.21","1.31","1.0823","3.48","1.41","1","1","1","0","1","0"
"Iodixanol","Ocular discomfort","Ocular discomfort","眼睛不适","Eye disorders","眼器官疾病","5","5","2264","9810","19894400","2269","9815","19906479","4.48","1.86","10.77","4.48 (1.86, 10.77)","4.47","13.47","2.16","1.26","1.1187","3.4","1.38","1","1","1","0","1","0"
"Iodixanol","Sinus tachycardia","Sinus tachycardia","窦性心动过速","Cardiac disorders","心脏器官疾病","5","5","2264","13658","19890552","2269","13663","19906479","3.22","1.34","7.74","3.22 (1.34, 7.74)","3.21","7.62","1.68","0.79","1.5573","2.67","1.09","1","1","1","0","1","0"
"Iodixanol","Toxic epidermal necrolysis","Toxic epidermal necrolysis","中毒性表皮坏死松解症","Skin and subcutaneous tissue disorders","皮肤及皮下组织类疾病","5","5","2264","14202","19890008","2269","14207","19906479","3.09","1.29","7.44","3.09 (1.29, 7.44)","3.09","7.06","1.63","0.73","1.6194","2.6","1.05","1","1","1","0","1","0"
"Iodixanol","Fluid overload","Fluid overload",,,,"5","5","2264","14572","19889638","2269","14577","19906479","3.01","1.25","7.25","3.01 (1.25, 7.25)","3.01","6.71","1.59","0.69","1.6615","2.54","1.03","1","1","1","0","1","0"
"Iodixanol","BODY TEMPERATURE INCREASED","BODY TEMPERATURE INCREASED","体温升高","Investigations","各类检查","5","5","2264","19537","19884673","2269","19542","19906479","2.25","0.93","5.41","2.25 (0.93, 5.41)","2.25","3.45","1.17","0.27","2.2275","2.02","0.82","0","0","1","0","0","0"
"Iodixanol","Diplopia","Diplopia","复视","Eye disorders","眼器官疾病","5","5","2264","24494","19879716","2269","24499","19906479","1.79","0.75","4.31","1.79 (0.75, 4.31)","1.79","1.75","0.84","-0.06","2.7925","1.67","0.68","0","0","0","0","0","0"
"Iodixanol","Mental status changes","Mental status changes","精神状态改变","Psychiatric disorders","精神病类","5","5","2264","26777","19877433","2269","26782","19906479","1.64","0.68","3.94","1.64 (0.68, 3.94)","1.64","1.24","0.71","-0.18","3.0527","1.55","0.63","0","0","0","0","0","0"
"Iodixanol","Epilepsy","Epilepsy","癫痫","Nervous system disorders","各类神经系统疾病","5","5","2264","28563","19875647","2269","28568","19906479","1.54","0.64","3.7","1.54 (0.64, 3.70)","1.54","0.94","0.62","-0.28","3.2563","1.46","0.59","0","0","0","0","0","0"
"Iodixanol","White blood cell count increased","White blood cell count increased","白细胞计数升高","Investigations","各类检查","5","5","2264","37137","19867073","2269","37142","19906479","1.18","0.49","2.84","1.18 (0.49, 2.84)","1.18","0.14","0.24","-0.66","4.2336","1.16","0.47","0","0","0","0","0","0"
"Iodixanol","PRODUCTIVE COUGH","PRODUCTIVE COUGH","排痰性咳嗽","Respiratory, thoracic and mediastinal disorders","呼吸系统、胸及纵隔疾病","5","5","2264","43932","19860278","2269","43937","19906479","1","0.42","2.4","1.00 (0.42, 2.40)","1","0","-0","-0.9","5.0081","1","0.41","0","0","0","0","0","0"
"Iodixanol","Skin discolouration","Skin discolouration","皮肤变色","Skin and subcutaneous tissue disorders","皮肤及皮下组织类疾病","5","5","2264","43776","19860434","2269","43781","19906479","1","0.42","2.41","1.00 (0.42, 2.41)","1","0","0","-0.89","4.9903","1","0.41","0","0","0","0","0","0"
"Iodixanol","Arrhythmia","Arrhythmia","心律失常","Cardiac disorders","心脏器官疾病","5","5","2264","45650","19858560","2269","45655","19906479","0.96","0.4","2.31","0.96 (0.40, 2.31)","0.96","0.01","-0.06","-0.95","5.2039","0.96","0.39","0","0","0","0","0","0"
"Iodixanol","Eye irritation","Eye irritation","眼刺激","Eye disorders","眼器官疾病","5","5","2264","50517","19853693","2269","50522","19906479","0.87","0.36","2.09","0.87 (0.36, 2.09)","0.87","0.1","-0.2","-1.1","5.7586","0.88","0.36","0","0","0","0","0","0"
"Iodixanol","Hyponatraemia","Hyponatraemia","低钠血症","Metabolism and nutrition disorders","代谢及营养类疾病","5","5","2264","53598","19850612","2269","53603","19906479","0.82","0.34","1.97","0.82 (0.34, 1.97)","0.82","0.2","-0.29","-1.18","6.1098","0.83","0.34","0","0","0","0","0","0"
"Iodixanol","Agitation","Agitation","激越","Psychiatric disorders","精神病类","5","5","2264","70748","19833462","2269","70753","19906479","0.62","0.26","1.49","0.62 (0.26, 1.49)","0.62","1.17","-0.69","-1.59","8.0646","0.64","0.26","0","0","0","0","0","0"
"Iodixanol","CARDIAC FAILURE","CARDIAC FAILURE","心力衰竭","Cardiac disorders","心脏器官疾病","5","5","2264","76563","19827647","2269","76568","19906479","0.57","0.24","1.38","0.57 (0.24, 1.38)","0.57","1.6","-0.8","-1.7","8.7274","0.6","0.24","0","0","0","0","0","0"
"Iodixanol","ASTHMA","ASTHMA","哮喘","Respiratory, thoracic and mediastinal disorders","呼吸系统、胸及纵隔疾病","5","5","2264","103153","19801057","2269","103158","19906479","0.42","0.18","1.02","0.42 (0.18, 1.02)","0.43","3.91","-1.23","-2.13","11.7583","0.45","0.18","0","0","0","0","0","0"
"Iodixanol","SEPSIS","SEPSIS","脓毒症","Infections and infestations","感染及侵染类疾病","5","5","2264","106364","19797846","2269","106369","19906479","0.41","0.17","0.99","0.41 (0.17, 0.99)","0.41","4.21","-1.28","-2.17","12.1243","0.44","0.18","0","0","0","0","0","0"
"Iodixanol","Dry skin","Dry skin","皮肤干燥","Skin and subcutaneous tissue disorders","皮肤及皮下组织类疾病","5","5","2264","122603","19781607","2269","122608","19906479","0.36","0.15","0.86","0.36 (0.15, 0.86)","0.36","5.8","-1.48","-2.38","13.9752","0.38","0.15","0","0","0","0","0","0"
"Iodixanol","Product quality issue","Product quality issue","产品质量问题","Product issues","产品问题","5","5","2264","130188","19774022","2269","130193","19906479","0.34","0.14","0.81","0.34 (0.14, 0.81)","0.34","6.57","-1.57","-2.46","14.8398","0.36","0.15","0","0","0","0","0","0"
"Iodixanol","Feeling abnormal","Feeling abnormal","感受异常","General disorders and administration site conditions","全身性疾病及给药部位各种反应","5","5","2264","231446","19672764","2269","231451","19906479","0.19","0.08","0.45","0.19 (0.08, 0.45)","0.19","17.53","-2.4","-3.29","26.3815","0.2","0.08","0","0","0","0","0","0"
"Iodixanol","Arthralgia","Arthralgia","关节痛","Musculoskeletal and connective tissue disorders","各种肌肉骨骼及结缔组织疾病","5","5","2264","389854","19514356","2269","389859","19906479","0.11","0.05","0.27","0.11 (0.05, 0.27)","0.11","35.7","-3.15","-4.05","44.4373","0.12","0.05","0","0","0","0","0","0"
"Iodixanol","Iodine overload","Iodine overload","碘超负荷","Metabolism and nutrition disorders","代谢及营养类疾病","4","4","2265","24","19904186","2269","28","19906479","1464.62","507.77","4224.57","1,464.62 (507.77, 4,224.57)","1462.04","5005.86","10.29","9.21","0.0032","8.94","3.38","1","1","1","1","1","1"
"Iodixanol","Skin temperature increased","Skin temperature increased","皮肤温度增高","Investigations","各类检查","4","4","2265","47","19904163","2269","51","19906479","747.89","269.23","2077.53","747.89 (269.23, 2,077.53)","746.57","2744.71","9.43","8.38","0.0058","8.9","3.36","1","1","1","1","1","1"
"Iodixanol","Blood brain barrier defect","Blood brain barrier defect","血脑屏障功能障碍","Nervous system disorders","各类神经系统疾病","4","4","2265","140","19904070","2269","144","19906479","251.08","92.85","678.93","251.08 (92.85, 678.93)","250.64","966.94","7.93","6.91","0.0164","8.71","3.29","1","1","1","1","1","1"
"Iodixanol","Foaming at mouth","Foaming at mouth","口吐白沫","General disorders and administration site conditions","全身性疾病及给药部位各种反应","4","4","2265","1929","19902281","2269","1933","19906479","18.22","6.83","48.64","18.22 (6.83, 48.64)","18.19","64.85","4.18","3.18","0.2203","6.25","2.36","1","1","1","1","1","1"
"Iodixanol","Coma scale abnormal","Coma scale abnormal","昏迷评分异常","Investigations","各类检查","4","4","2265","2690","19901520","2269","2694","19906479","13.07","4.9","34.87","13.07 (4.90, 34.87)","13.04","44.42","3.7","2.7","0.3071","5.58","2.11","1","1","1","1","1","1"
"Iodixanol","Stridor","Stridor","喘鸣","Respiratory, thoracic and mediastinal disorders","呼吸系统、胸及纵隔疾病","4","4","2265","2810","19901400","2269","2814","19906479","12.51","4.69","33.38","12.51 (4.69, 33.38)","12.49","42.21","3.64","2.64","0.3207","5.48","2.07","1","1","1","1","1","1"
"Iodixanol","Dermatitis exfoliative generalised","Dermatitis exfoliative generalised","全身剥脱性皮炎","Skin and subcutaneous tissue disorders","皮肤及皮下组织类疾病","4","4","2265","3106","19901104","2269","3110","19906479","11.32","4.24","30.19","11.32 (4.24, 30.19)","11.3","37.5","3.5","2.49","0.3545","5.27","1.99","1","1","1","0","1","0"
"Iodixanol","Conjunctival hyperaemia","Conjunctival hyperaemia","结膜充血","Eye disorders","眼器官疾病","4","4","2265","3407","19900803","2269","3411","19906479","10.32","3.87","27.52","10.32 (3.87, 27.52)","10.3","33.55","3.36","2.36","0.3888","5.06","1.91","1","1","1","0","1","0"
"Iodixanol","Rash vesicular","Rash vesicular","水泡疹","Skin and subcutaneous tissue disorders","皮肤及皮下组织类疾病","4","4","2265","4528","19899682","2269","4532","19906479","7.76","2.91","20.71","7.76 (2.91, 20.71)","7.75","23.5","2.95","1.95","0.5166","4.43","1.67","1","1","1","0","1","0"
"Iodixanol","Breath sounds abnormal","Breath sounds abnormal","呼吸音异常","Investigations","各类检查","4","4","2265","4577","19899633","2269","4581","19906479","7.68","2.88","20.48","7.68 (2.88, 20.48)","7.67","23.17","2.94","1.94","0.5222","4.4","1.66","1","1","1","0","1","0"
"Iodixanol","FAECAL INCONTINENCE","FAECAL INCONTINENCE",,,,"4","4","2265","4823","19899387","2269","4827","19906479","7.29","2.73","19.44","7.29 (2.73, 19.44)","7.28","21.64","2.86","1.86","0.5502","4.28","1.62","1","1","1","0","1","0"
"Iodixanol","Hyperthermia","Hyperthermia","体温过高","General disorders and administration site conditions","全身性疾病及给药部位各种反应","4","4","2265","7190","19897020","2269","7194","19906479","4.89","1.83","13.04","4.89 (1.83, 13.04)","4.88","12.34","2.29","1.29","0.82","3.41","1.29","1","1","1","0","1","0"
"Iodixanol","PROCEDURAL COMPLICATION","PROCEDURAL COMPLICATION","操作并发症","Injury, poisoning and procedural complications","各类损伤、中毒及操作并发症","4","4","2265","7448","19896762","2269","7452","19906479","4.72","1.77","12.58","4.72 (1.77, 12.58)","4.71","11.69","2.24","1.23","0.8494","3.33","1.26","1","1","1","0","1","0"
"Iodixanol","Apnoea","Apnoea","呼吸暂停","Respiratory, thoracic and mediastinal disorders","呼吸系统、胸及纵隔疾病","4","4","2265","7542","19896668","2269","7546","19906479","4.66","1.75","12.43","4.66 (1.75, 12.43)","4.65","11.47","2.22","1.22","0.8601","3.31","1.25","1","1","1","0","1","0"
"Iodixanol","Rhinitis","Rhinitis","鼻炎","Infections and infestations","感染及侵染类疾病","4","4","2265","7613","19896597","2269","7617","19906479","4.62","1.73","12.31","4.62 (1.73, 12.31)","4.61","11.3","2.2","1.2","0.8682","3.29","1.24","1","1","1","0","1","0"
"Iodixanol","Pharyngeal swelling","Pharyngeal swelling","咽部肿胀","Respiratory, thoracic and mediastinal disorders","呼吸系统、胸及纵隔疾病","4","4","2265","8810","19895400","2269","8814","19906479","3.99","1.5","10.64","3.99 (1.50, 10.64)","3.98","8.94","1.99","0.99","1.0046","2.99","1.13","1","1","1","0","1","0"
"Iodixanol","Subarachnoid haemorrhage","Subarachnoid haemorrhage","蛛网膜下腔出血","Nervous system disorders","各类神经系统疾病","4","4","2265","9753","19894457","2269","9757","19906479","3.6","1.35","9.61","3.60 (1.35, 9.61)","3.6","7.5","1.85","0.85","1.1121","2.79","1.05","1","1","1","0","1","0"
"Iodixanol","Head discomfort","Head discomfort","头部不适","Nervous system disorders","各类神经系统疾病","4","4","2265","16534","19887676","2269","16538","19906479","2.12","0.8","5.67","2.12 (0.80, 5.67)","2.12","2.38","1.09","0.08","1.8851","1.89","0.71","0","0","1","0","0","0"
"Iodixanol","Dystonia","Dystonia","肌张力障碍","Nervous system disorders","各类神经系统疾病","4","4","2265","18700","19885510","2269","18704","19906479","1.88","0.7","5.01","1.88 (0.70, 5.01)","1.88","1.64","0.91","-0.09","2.1319","1.71","0.65","0","0","0","0","0","0"
"Iodixanol","Blood pressure abnormal","Blood pressure abnormal","血压异常","Investigations","各类检查","4","4","2265","18708","19885502","2269","18712","19906479","1.88","0.7","5.01","1.88 (0.70, 5.01)","1.88","1.64","0.91","-0.09","2.1328","1.71","0.65","0","0","0","0","0","0"
"Iodixanol","Dermatitis","Dermatitis","皮炎","Skin and subcutaneous tissue disorders","皮肤及皮下组织类疾病","4","4","2265","19222","19884988","2269","19226","19906479","1.83","0.68","4.87","1.83 (0.68, 4.87)","1.83","1.49","0.87","-0.13","2.1914","1.67","0.63","0","0","0","0","0","0"
"Iodixanol","PANCREATITIS ACUTE","PANCREATITIS ACUTE","急性胰腺炎","Gastrointestinal disorders","胃肠系统疾病","4","4","2265","21077","19883133","2269","21081","19906479","1.67","0.62","4.44","1.67 (0.62, 4.44)","1.66","1.06","0.74","-0.27","2.4029","1.55","0.59","0","0","0","0","0","0"
"Iodixanol","Haematoma","Haematoma","血肿","Vascular disorders","血管与淋巴管类疾病","4","4","2265","25022","19879188","2269","25026","19906479","1.4","0.53","3.74","1.40 (0.53, 3.74)","1.4","0.46","0.49","-0.51","2.8525","1.34","0.51","0","0","0","0","0","0"
"Iodixanol","Respiratory disorder","Respiratory disorder","呼吸系统疾病","Respiratory, thoracic and mediastinal disorders","呼吸系统、胸及纵隔疾病","4","4","2265","28280","19875930","2269","28284","19906479","1.24","0.47","3.31","1.24 (0.47, 3.31)","1.24","0.19","0.31","-0.69","3.2239","1.21","0.46","0","0","0","0","0","0"
"Iodixanol","Movement disorder","Movement disorder","运动失调","Nervous system disorders","各类神经系统疾病","4","4","2265","30805","19873405","2269","30809","19906479","1.14","0.43","3.04","1.14 (0.43, 3.04)","1.14","0.07","0.19","-0.81","3.5117","1.12","0.42","0","0","0","0","0","0"
"Iodixanol","Eczema","Eczema","湿疹","Skin and subcutaneous tissue disorders","皮肤及皮下组织类疾病","4","4","2265","43932","19860278","2269","43936","19906479","0.8","0.3","2.13","0.80 (0.30, 2.13)","0.8","0.2","-0.32","-1.33","5.008","0.82","0.31","0","0","0","0","0","0"
"Iodixanol","INFLAMMATION","INFLAMMATION","炎症","General disorders and administration site conditions","全身性疾病及给药部位各种反应","4","4","2265","47808","19856402","2269","47812","19906479","0.73","0.28","1.96","0.73 (0.28, 1.96)","0.73","0.39","-0.45","-1.45","5.4498","0.76","0.29","0","0","0","0","0","0"
"Iodixanol","NECK PAIN","NECK PAIN","颈痛","Musculoskeletal and connective tissue disorders","各种肌肉骨骼及结缔组织疾病","4","4","2265","53297","19850913","2269","53301","19906479","0.66","0.25","1.75","0.66 (0.25, 1.75)","0.66","0.71","-0.6","-1.6","6.0754","0.68","0.26","0","0","0","0","0","0"
"Iodixanol","INFUSION RELATED REACTION","INFUSION RELATED REACTION","输液相关反应","Injury, poisoning and procedural complications","各类损伤、中毒及操作并发症","4","4","2265","59852","19844358","2269","59856","19906479","0.59","0.22","1.56","0.59 (0.22, 1.56)","0.59","1.17","-0.77","-1.77","6.8226","0.61","0.23","0","0","0","0","0","0"
"Iodixanol","Injection site swelling","Injection site swelling","注射部位肿胀","General disorders and administration site conditions","全身性疾病及给药部位各种反应","4","4","2265","71255","19832955","2269","71259","19906479","0.49","0.18","1.31","0.49 (0.18, 1.31)","0.49","2.1","-1.02","-2.02","8.1223","0.52","0.2","0","0","0","0","0","0"
"Iodixanol","Dysgeusia","Dysgeusia","味觉倒错","Nervous system disorders","各类神经系统疾病","4","4","2265","72123","19832087","2269","72127","19906479","0.49","0.18","1.3","0.49 (0.18, 1.30)","0.49","2.18","-1.04","-2.04","8.2213","0.52","0.19","0","0","0","0","0","0"
"Iodixanol","Hot flush","Hot flush","潮热","Vascular disorders","血管与淋巴管类疾病","4","4","2265","72276","19831934","2269","72280","19906479","0.48","0.18","1.29","0.48 (0.18, 1.29)","0.49","2.19","-1.04","-2.04","8.2387","0.51","0.19","0","0","0","0","0","0"
"Iodixanol","Platelet count decreased","Platelet count decreased","血小板计数降低","Investigations","各类检查","4","4","2265","101450","19802760","2269","101454","19906479","0.34","0.13","0.92","0.34 (0.13, 0.92)","0.35","4.97","-1.53","-2.53","11.564","0.37","0.14","0","0","0","0","0","0"
"Iodixanol","Memory impairment","Memory impairment","记忆受损","Nervous system disorders","各类神经系统疾病","4","4","2265","131283","19772927","2269","131287","19906479","0.27","0.1","0.71","0.27 (0.10, 0.71)","0.27","8.09","-1.9","-2.9","14.9645","0.29","0.11","0","0","0","0","0","0"
"Iodixanol","Overdose","Overdose","用药过量","Injury, poisoning and procedural complications","各类损伤、中毒及操作并发症","4","4","2265","208251","19695959","2269","208255","19906479","0.17","0.06","0.45","0.17 (0.06, 0.45)","0.17","16.59","-2.57","-3.57","23.7375","0.19","0.07","0","0","0","0","0","0"
"Iodixanol","Rash scarlatiniform","Rash scarlatiniform","猩红热样皮疹","Skin and subcutaneous tissue disorders","皮肤及皮下组织类疾病","3","3","2266","211","19903999","2269","214","19906479","124.89","39.93","390.64","124.89 (39.93, 390.64)","124.72","363.04","6.94","5.78","0.0244","6.67","2.26","1","1","1","1","1","1"
"Iodixanol","Sepsis syndrome","Sepsis syndrome","脓毒症综合征","Infections and infestations","感染及侵染类疾病","3","3","2266","497","19903713","2269","500","19906479","53.02","17.03","165.08","53.02 (17.03, 165.08)","52.95","152","5.72","4.56","0.057","6.28","2.13","1","1","1","1","1","1"
"Iodixanol","AURICULAR SWELLING","AURICULAR SWELLING","耳肿胀","Ear and labyrinth disorders","耳及迷路类疾病","3","3","2266","595","19903615","2269","598","19906479","44.29","14.23","137.81","44.29 (14.23, 137.81)","44.23","126.13","5.46","4.3","0.0682","6.16","2.09","1","1","1","1","1","1"
"Iodixanol","Parotid gland enlargement","Parotid gland enlargement","腮腺增大","Gastrointestinal disorders","胃肠系统疾病","3","3","2266","623","19903587","2269","626","19906479","42.3","13.59","131.6","42.30 (13.59, 131.60)","42.24","120.22","5.39","4.24","0.0714","6.13","2.07","1","1","1","1","1","1"
"Iodixanol","Symmetrical drug-related intertriginous and flexural exanthema","Symmetrical drug-related intertriginous and flexural exanthema","对称性药物相关性擦烂疹和弯曲疹","Skin and subcutaneous tissue disorders","皮肤及皮下组织类疾病","3","3","2266","733","19903477","2269","736","19906479","35.95","11.56","111.81","35.95 (11.56, 111.81)","35.9","101.38","5.16","4","0.0839","5.99","2.03","1","1","1","1","1","1"
"Iodixanol","ELECTROMECHANICAL DISSOCIATION","ELECTROMECHANICAL DISSOCIATION",,,,"3","3","2266","828","19903382","2269","831","19906479","31.82","10.24","98.95","31.82 (10.24, 98.95)","31.78","89.13","4.99","3.83","0.0947","5.89","1.99","1","1","1","0","1","0"
"Iodixanol","PROCEDURAL HYPOTENSION","PROCEDURAL HYPOTENSION","操作性低血压","Injury, poisoning and procedural complications","各类损伤、中毒及操作并发症","3","3","2266","838","19903372","2269","841","19906479","31.44","10.11","97.77","31.44 (10.11, 97.77)","31.4","88","4.97","3.81","0.0959","5.87","1.99","1","1","1","0","1","0"
"Iodixanol","Oedema mucosal","Oedema mucosal","黏膜水肿","General disorders and administration site conditions","全身性疾病及给药部位各种反应","3","3","2266","1017","19903193","2269","1020","19906479","25.91","8.34","80.53","25.91 (8.34, 80.53)","25.88","71.54","4.69","3.53","0.1163","5.68","1.92","1","1","1","0","1","0"
"Iodixanol","Sialoadenitis","Sialoadenitis","涎腺炎","Infections and infestations","感染及侵染类疾病","3","3","2266","1263","19902947","2269","1266","19906479","20.86","6.71","64.82","20.86 (6.71, 64.82)","20.84","56.52","4.38","3.22","0.1443","5.43","1.84","1","1","1","0","1","0"
"Iodixanol","NODAL RHYTHM","NODAL RHYTHM","结性心律","Cardiac disorders","心脏器官疾病","3","3","2266","1418","19902792","2269","1421","19906479","18.58","5.98","57.73","18.58 (5.98, 57.73)","18.56","49.74","4.21","3.05","0.162","5.29","1.79","1","1","1","0","1","0"
"Iodixanol","HEPATORENAL SYNDROME","HEPATORENAL SYNDROME","肝肾综合征","Hepatobiliary disorders","肝胆系统疾病","3","3","2266","1626","19902584","2269","1629","19906479","16.21","5.22","50.34","16.21 (5.22, 50.34)","16.18","42.66","4.01","2.86","0.1857","5.1","1.73","1","1","1","0","1","0"
"Iodixanol","Disorganised speech","Disorganised speech","胡言乱语","Psychiatric disorders","精神病类","3","3","2266","1656","19902554","2269","1659","19906479","15.91","5.12","49.42","15.91 (5.12, 49.42)","15.89","41.79","3.99","2.83","0.1891","5.08","1.72","1","1","1","0","1","0"
"Iodixanol","Pulse abnormal","Pulse abnormal","脉搏异常","Investigations","各类检查","3","3","2266","2302","19901908","2269","2305","19906479","11.45","3.69","35.54","11.45 (3.69, 35.54)","11.43","28.52","3.51","2.36","0.2627","4.59","1.55","1","1","1","0","1","0"
"Iodixanol","Eye oedema","Eye oedema","眼睛水肿","Eye disorders","眼器官疾病","3","3","2266","2332","19901878","2269","2335","19906479","11.3","3.64","35.08","11.30 (3.64, 35.08)","11.29","28.09","3.49","2.34","0.2662","4.57","1.55","1","1","1","0","1","0"
"Iodixanol","Suffocation feeling","Suffocation feeling","窒息感","Respiratory, thoracic and mediastinal disorders","呼吸系统、胸及纵隔疾病","3","3","2266","2383","19901827","2269","2386","19906479","11.06","3.56","34.33","11.06 (3.56, 34.33)","11.04","27.37","3.46","2.31","0.272","4.53","1.54","1","1","1","0","1","0"
"Iodixanol","Compartment syndrome","Compartment syndrome","骨筋膜室综合征","Musculoskeletal and connective tissue disorders","各种肌肉骨骼及结缔组织疾病","3","3","2266","2512","19901698","2269","2515","19906479","10.49","3.38","32.57","10.49 (3.38, 32.57)","10.48","25.69","3.39","2.23","0.2867","4.45","1.51","1","1","1","0","1","0"
"Iodixanol","Skin hypertrophy","Skin hypertrophy","皮肤肥厚","Skin and subcutaneous tissue disorders","皮肤及皮下组织类疾病","3","3","2266","2647","19901563","2269","2650","19906479","9.95","3.21","30.91","9.95 (3.21, 30.91)","9.94","24.1","3.31","2.16","0.3021","4.36","1.48","1","1","1","0","1","0"
"Iodixanol","Type I hypersensitivity","Type I hypersensitivity","I型超敏反应","Immune system disorders","免疫系统疾病","3","3","2266","3144","19901066","2269","3147","19906479","8.38","2.7","26.02","8.38 (2.70, 26.02)","8.37","19.45","3.06","1.91","0.3587","4.08","1.38","1","1","1","0","1","0"
"Iodixanol","Tongue discolouration","Tongue discolouration","舌变色","Gastrointestinal disorders","胃肠系统疾病","3","3","2266","4248","19899962","2269","4251","19906479","6.2","2","19.25","6.20 (2.00, 19.25)","6.2","13.06","2.63","1.47","0.4845","3.55","1.2","1","1","1","0","1","0"
"Iodixanol","Ischaemia","Ischaemia","缺血","Vascular disorders","血管与淋巴管类疾病","3","3","2266","4496","19899714","2269","4499","19906479","5.86","1.89","18.19","5.86 (1.89, 18.19)","5.85","12.07","2.55","1.39","0.5128","3.46","1.17","1","1","1","0","1","0"
"Iodixanol","Choking sensation","Choking sensation","呛噎感","Respiratory, thoracic and mediastinal disorders","呼吸系统、胸及纵隔疾病","3","3","2266","5237","19898973","2269","5240","19906479","5.03","1.62","15.61","5.03 (1.62, 15.61)","5.03","9.67","2.33","1.17","0.5973","3.19","1.08","1","1","1","0","1","0"
"Iodixanol","Rales","Rales","啰音","Respiratory, thoracic and mediastinal disorders","呼吸系统、胸及纵隔疾病","3","3","2266","5502","19898708","2269","5505","19906479","4.79","1.54","14.86","4.79 (1.54, 14.86)","4.78","8.97","2.26","1.1","0.6275","3.1","1.05","1","1","1","0","1","0"
"Iodixanol","Swelling of eyelid","Swelling of eyelid","眼睑肿胀","Eye disorders","眼器官疾病","3","3","2266","5518","19898692","2269","5521","19906479","4.77","1.54","14.82","4.77 (1.54, 14.82)","4.77","8.93","2.25","1.1","0.6293","3.1","1.05","1","1","1","0","1","0"
"Iodixanol","Odynophagia","Odynophagia","吞咽痛","Gastrointestinal disorders","胃肠系统疾病","3","3","2266","5551","19898659","2269","5554","19906479","4.75","1.53","14.73","4.75 (1.53, 14.73)","4.74","8.85","2.24","1.09","0.6331","3.09","1.05","1","1","1","0","1","0"
"Iodixanol","Ecchymosis","Ecchymosis","瘀斑","Skin and subcutaneous tissue disorders","皮肤及皮下组织类疾病","3","3","2266","6642","19897568","2269","6645","19906479","3.97","1.28","12.31","3.97 (1.28, 12.31)","3.96","6.64","1.99","0.83","0.7574","2.78","0.94","1","1","1","0","1","0"
"Iodixanol","Haemodynamic instability","Haemodynamic instability","血液动力学不稳定","Vascular disorders","血管与淋巴管类疾病","3","3","2266","6968","19897242","2269","6971","19906479","3.78","1.22","11.73","3.78 (1.22, 11.73)","3.78","6.12","1.92","0.76","0.7946","2.7","0.92","1","1","1","0","1","0"
"Iodixanol","Miosis","Miosis","瞳孔缩小","Eye disorders","眼器官疾病","3","3","2266","7545","19896665","2269","7548","19906479","3.49","1.12","10.84","3.49 (1.12, 10.84)","3.49","5.32","1.8","0.65","0.8603","2.57","0.87","1","1","1","0","1","0"
"Iodixanol","Nasal discomfort","Nasal discomfort","鼻部不适","Respiratory, thoracic and mediastinal disorders","呼吸系统、胸及纵隔疾病","3","3","2266","7641","19896569","2269","7644","19906479","3.45","1.11","10.7","3.45 (1.11, 10.70)","3.44","5.2","1.78","0.63","0.8713","2.55","0.86","1","1","1","0","1","0"
"Iodixanol","RENAL FAILURE CHRONIC","RENAL FAILURE CHRONIC",,,,"3","3","2266","7847","19896363","2269","7850","19906479","3.36","1.08","10.42","3.36 (1.08, 10.42)","3.35","4.96","1.75","0.59","0.8948","2.51","0.85","1","1","1","0","1","0"
"Iodixanol","Skin plaque","Skin plaque","皮肤斑块","Skin and subcutaneous tissue disorders","皮肤及皮下组织类疾病","3","3","2266","8013","19896197","2269","8016","19906479","3.29","1.06","10.2","3.29 (1.06, 10.20)","3.28","4.77","1.72","0.56","0.9137","2.48","0.84","1","1","1","0","1","0"
"Iodixanol","Oropharyngeal discomfort","Oropharyngeal discomfort","口咽不适感","Respiratory, thoracic and mediastinal disorders","呼吸系统、胸及纵隔疾病","3","3","2266","8291","19895919","2269","8294","19906479","3.18","1.02","9.86","3.18 (1.02, 9.86)","3.17","4.47","1.67","0.51","0.9454","2.42","0.82","1","1","1","0","1","0"
"Iodixanol","Urine output decreased","Urine output decreased","尿排出量降低","Investigations","各类检查","3","3","2266","8435","19895775","2269","8438","19906479","3.12","1.01","9.69","3.12 (1.01, 9.69)","3.12","4.32","1.64","0.49","0.9618","2.39","0.81","1","1","1","0","1","0"
"Iodixanol","SINUS BRADYCARDIA","SINUS BRADYCARDIA","窦性心动过缓","Cardiac disorders","心脏器官疾病","3","3","2266","9315","19894895","2269","9318","19906479","2.83","0.91","8.78","2.83 (0.91, 8.78)","2.83","3.54","1.5","0.34","1.0621","2.24","0.76","0","0","1","0","0","0"
"Iodixanol","GRAND MAL CONVULSION","GRAND MAL CONVULSION",,,,"3","3","2266","9344","19894866","2269","9347","19906479","2.82","0.91","8.75","2.82 (0.91, 8.75)","2.82","3.51","1.49","0.34","1.0654","2.24","0.76","0","0","1","0","0","0"
"Iodixanol","Temperature intolerance","Temperature intolerance","温度变化不耐受","General disorders and administration site conditions","全身性疾病及给药部位各种反应","3","3","2266","9655","19894555","2269","9658","19906479","2.73","0.88","8.47","2.73 (0.88, 8.47)","2.73","3.28","1.45","0.29","1.1008","2.19","0.74","0","0","1","0","0","0"
"Iodixanol","Ventricular extrasystoles","Ventricular extrasystoles","室性期外收缩","Cardiac disorders","心脏器官疾病","3","3","2266","10083","19894127","2269","10086","19906479","2.61","0.84","8.11","2.61 (0.84, 8.11)","2.61","2.98","1.38","0.23","1.1496","2.12","0.72","0","0","1","0","0","0"
"Iodixanol","Obstructive airways disorder","Obstructive airways disorder","阻塞性气道疾病","Respiratory, thoracic and mediastinal disorders","呼吸系统、胸及纵隔疾病","3","3","2266","10157","19894053","2269","10160","19906479","2.59","0.84","8.05","2.59 (0.84, 8.05)","2.59","2.93","1.37","0.22","1.1581","2.11","0.71","0","0","1","0","0","0"
"Iodixanol","MICTURITION URGENCY","MICTURITION URGENCY","尿急","Renal and urinary disorders","肾脏及泌尿系统疾病","3","3","2266","10707","19893503","2269","10710","19906479","2.46","0.79","7.63","2.46 (0.79, 7.63)","2.46","2.59","1.3","0.14","1.2208","2.03","0.69","0","0","1","0","0","0"
"Iodixanol","SECRETION DISCHARGE","SECRETION DISCHARGE","分泌性排出物","General disorders and administration site conditions","全身性疾病及给药部位各种反应","3","3","2266","11345","19892865","2269","11348","19906479","2.32","0.75","7.2","2.32 (0.75, 7.20)","2.32","2.25","1.21","0.06","1.2935","1.95","0.66","0","0","1","0","0","0"
"Iodixanol","GENERALISED OEDEMA","GENERALISED OEDEMA","全身性水肿","General disorders and administration site conditions","全身性疾病及给药部位各种反应","3","3","2266","11601","19892609","2269","11604","19906479","2.27","0.73","7.05","2.27 (0.73, 7.05)","2.27","2.13","1.18","0.03","1.3227","1.92","0.65","0","0","1","0","0","0"
"Iodixanol","NO THERAPEUTIC RESPONSE","NO THERAPEUTIC RESPONSE",,,,"3","3","2266","12209","19892001","2269","12212","19906479","2.16","0.7","6.69","2.16 (0.70, 6.69)","2.16","1.86","1.11","-0.05","1.392","1.85","0.63","0","0","0","0","0","0"
"Iodixanol","MYDRIASIS","MYDRIASIS","瞳孔散大","Eye disorders","眼器官疾病","3","3","2266","12244","19891966","2269","12247","19906479","2.15","0.69","6.68","2.15 (0.69, 6.68)","2.15","1.84","1.1","-0.05","1.3959","1.85","0.63","0","0","0","0","0","0"
"Iodixanol","Pulmonary congestion","Pulmonary congestion","肺淤血","Respiratory, thoracic and mediastinal disorders","呼吸系统、胸及纵隔疾病","3","3","2266","12682","19891528","2269","12685","19906479","2.08","0.67","6.44","2.08 (0.67, 6.44)","2.08","1.67","1.05","-0.1","1.4459","1.8","0.61","0","0","0","0","0","0"
"Iodixanol","Aphonia","Aphonia","失声","Respiratory, thoracic and mediastinal disorders","呼吸系统、胸及纵隔疾病","3","3","2266","13241","19890969","2269","13244","19906479","1.99","0.64","6.17","1.99 (0.64, 6.17)","1.99","1.47","0.99","-0.16","1.5096","1.74","0.59","0","0","0","0","0","0"
"Iodixanol","Coronary artery occlusion","Coronary artery occlusion","冠状动脉闭塞","Cardiac disorders","心脏器官疾病","3","3","2266","13468","19890742","2269","13471","19906479","1.96","0.63","6.07","1.96 (0.63, 6.07)","1.95","1.4","0.97","-0.19","1.5355","1.72","0.58","0","0","0","0","0","0"
"Iodixanol","Pneumothorax","Pneumothorax","气胸","Respiratory, thoracic and mediastinal disorders","呼吸系统、胸及纵隔疾病","3","3","2266","15102","19889108","2269","15105","19906479","1.74","0.56","5.41","1.74 (0.56, 5.41)","1.74","0.95","0.8","-0.35","1.7217","1.58","0.53","0","0","0","0","0","0"
"Iodixanol","Blood potassium increased","Blood potassium increased","血钾升高","Investigations","各类检查","3","3","2266","15470","19888740","2269","15473","19906479","1.7","0.55","5.28","1.70 (0.55, 5.28)","1.7","0.87","0.77","-0.39","1.7637","1.55","0.52","0","0","0","0","0","0"
"Iodixanol","Muscle tightness","Muscle tightness","肌紧张","Musculoskeletal and connective tissue disorders","各种肌肉骨骼及结缔组织疾病","3","3","2266","15459","19888751","2269","15462","19906479","1.7","0.55","5.29","1.70 (0.55, 5.29)","1.7","0.87","0.77","-0.39","1.7624","1.55","0.52","0","0","0","0","0","0"
"Iodixanol","Neurotoxicity","Neurotoxicity","神经毒性","Nervous system disorders","各类神经系统疾病","3","3","2266","16118","19888092","2269","16121","19906479","1.63","0.53","5.07","1.63 (0.53, 5.07)","1.63","0.74","0.71","-0.45","1.8375","1.5","0.51","0","0","0","0","0","0"
"Iodixanol","Musculoskeletal discomfort","Musculoskeletal discomfort","肌肉骨骼不适","Musculoskeletal and connective tissue disorders","各种肌肉骨骼及结缔组织疾病","3","3","2266","16389","19887821","2269","16392","19906479","1.61","0.52","4.99","1.61 (0.52, 4.99)","1.61","0.69","0.68","-0.47","1.8684","1.48","0.5","0","0","0","0","0","0"
"Iodixanol","Acute respiratory distress syndrome","Acute respiratory distress syndrome","急性呼吸窘迫综合征","Respiratory, thoracic and mediastinal disorders","呼吸系统、胸及纵隔疾病","3","3","2266","16861","19887349","2269","16864","19906479","1.56","0.5","4.85","1.56 (0.50, 4.85)","1.56","0.6","0.64","-0.51","1.9222","1.44","0.49","0","0","0","0","0","0"
"Iodixanol","Conjunctivitis","Conjunctivitis","结膜炎","Infections and infestations","感染及侵染类疾病","3","3","2266","17228","19886982","2269","17231","19906479","1.53","0.49","4.74","1.53 (0.49, 4.74)","1.53","0.55","0.61","-0.54","1.964","1.42","0.48","0","0","0","0","0","0"
"Iodixanol","LEUKOCYTOSIS","LEUKOCYTOSIS","白细胞增多症","Blood and lymphatic system disorders","血液及淋巴系统疾病","3","3","2266","17242","19886968","2269","17245","19906479","1.53","0.49","4.74","1.53 (0.49, 4.74)","1.53","0.54","0.61","-0.55","1.9656","1.42","0.48","0","0","0","0","0","0"
"Iodixanol","MULTI-ORGAN FAILURE","MULTI-ORGAN FAILURE",,,,"3","3","2266","17605","19886605","2269","17608","19906479","1.5","0.48","4.64","1.50 (0.48, 4.64)","1.49","0.49","0.58","-0.58","2.007","1.4","0.47","0","0","0","0","0","0"
"Iodixanol","Acute respiratory failure","Acute respiratory failure","急性呼吸衰竭","Respiratory, thoracic and mediastinal disorders","呼吸系统、胸及纵隔疾病","3","3","2266","18150","19886060","2269","18153","19906479","1.45","0.47","4.5","1.45 (0.47, 4.50)","1.45","0.42","0.54","-0.62","2.0691","1.36","0.46","0","0","0","0","0","0"
"Iodixanol","Multiple organ dysfunction syndrome","Multiple organ dysfunction syndrome","多器官功能不全综合征","General disorders and administration site conditions","全身性疾病及给药部位各种反应","3","3","2266","25340","19878870","2269","25343","19906479","1.04","0.33","3.22","1.04 (0.33, 3.22)","1.04","0","0.05","-1.1","2.8887","1.03","0.35","0","0","0","0","0","0"
"Iodixanol","Skin lesion","Skin lesion","皮肤病损","Skin and subcutaneous tissue disorders","皮肤及皮下组织类疾病","3","3","2266","25576","19878634","2269","25579","19906479","1.03","0.33","3.19","1.03 (0.33, 3.19)","1.03","0","0.04","-1.11","2.9156","1.02","0.35","0","0","0","0","0","0"
"Iodixanol","Dysstasia","Dysstasia","起立困难","Nervous system disorders","各类神经系统疾病","3","3","2266","28109","19876101","2269","28112","19906479","0.94","0.3","2.91","0.94 (0.30, 2.91)","0.94","0.01","-0.1","-1.25","3.2043","0.94","0.32","0","0","0","0","0","0"
"Iodixanol","VISUAL ACUITY REDUCED","VISUAL ACUITY REDUCED","视力减退","Eye disorders","眼器官疾病","3","3","2266","32549","19871661","2269","32552","19906479","0.81","0.26","2.51","0.81 (0.26, 2.51)","0.81","0.14","-0.31","-1.46","3.7104","0.83","0.28","0","0","0","0","0","0"
"Iodixanol","Liver disorder","Liver disorder","肝脏疾病","Hepatobiliary disorders","肝胆系统疾病","3","3","2266","41754","19862456","2269","41757","19906479","0.63","0.2","1.95","0.63 (0.20, 1.95)","0.63","0.65","-0.67","-1.82","4.7596","0.67","0.23","0","0","0","0","0","0"
"Iodixanol","Eye pain","Eye pain","眼痛","Eye disorders","眼器官疾病","3","3","2266","51820","19852390","2269","51823","19906479","0.51","0.16","1.57","0.51 (0.16, 1.57)","0.51","1.43","-0.98","-2.13","5.9069","0.55","0.18","0","0","0","0","0","0"
"Iodixanol","Irritability","Irritability","易激惹","Psychiatric disorders","精神病类","3","3","2266","57830","19846380","2269","57833","19906479","0.45","0.15","1.41","0.45 (0.15, 1.41)","0.46","1.96","-1.14","-2.29","6.592","0.49","0.17","0","0","0","0","0","0"
"Iodixanol","PLEURAL EFFUSION","PLEURAL EFFUSION","胸腔积液","Respiratory, thoracic and mediastinal disorders","呼吸系统、胸及纵隔疾病","3","3","2266","58504","19845706","2269","58507","19906479","0.45","0.14","1.39","0.45 (0.14, 1.39)","0.45","2.02","-1.15","-2.31","6.6688","0.49","0.17","0","0","0","0","0","0"
"Iodixanol","Rhinorrhoea","Rhinorrhoea","流涕","Respiratory, thoracic and mediastinal disorders","呼吸系统、胸及纵隔疾病","3","3","2266","60738","19843472","2269","60741","19906479","0.43","0.14","1.34","0.43 (0.14, 1.34)","0.43","2.23","-1.21","-2.36","6.9234","0.47","0.16","0","0","0","0","0","0"
"Iodixanol","Mobility decreased","Mobility decreased","活动度降低","Musculoskeletal and connective tissue disorders","各种肌肉骨骼及结缔组织疾病","3","3","2266","66569","19837641","2269","66572","19906479","0.39","0.13","1.22","0.39 (0.13, 1.22)","0.4","2.78","-1.34","-2.49","7.5881","0.43","0.15","0","0","0","0","0","0"
"Iodixanol","Chronic kidney disease","Chronic kidney disease","慢性肾脏疾病","Renal and urinary disorders","肾脏及泌尿系统疾病","3","3","2266","73313","19830897","2269","73316","19906479","0.36","0.12","1.11","0.36 (0.12, 1.11)","0.36","3.45","-1.48","-2.63","8.3568","0.4","0.13","0","0","0","0","0","0"
"Iodixanol","Gastrooesophageal reflux disease","Gastrooesophageal reflux disease","胃食管反流病","Gastrointestinal disorders","胃肠系统疾病","3","3","2266","75155","19829055","2269","75158","19906479","0.35","0.11","1.08","0.35 (0.11, 1.08)","0.35","3.63","-1.51","-2.67","8.5667","0.39","0.13","0","0","0","0","0","0"
"Iodixanol","Foetal exposure during pregnancy","Foetal exposure during pregnancy","妊娠过程中胎儿暴露","Injury, poisoning and procedural complications","各类损伤、中毒及操作并发症","3","3","2266","76799","19827411","2269","76802","19906479","0.34","0.11","1.06","0.34 (0.11, 1.06)","0.34","3.8","-1.54","-2.7","8.7541","0.38","0.13","0","0","0","0","0","0"
"Iodixanol","INFLUENZA LIKE ILLNESS","INFLUENZA LIKE ILLNESS","流感样疾病","General disorders and administration site conditions","全身性疾病及给药部位各种反应","3","3","2266","79345","19824865","2269","79348","19906479","0.33","0.11","1.03","0.33 (0.11, 1.03)","0.33","4.06","-1.59","-2.75","9.0443","0.37","0.12","0","0","0","0","0","0"
"Iodixanol","Gastrointestinal disorder","Gastrointestinal disorder","胃肠疾病","Gastrointestinal disorders","胃肠系统疾病","3","3","2266","80921","19823289","2269","80924","19906479","0.32","0.1","1.01","0.32 (0.10, 1.01)","0.33","4.22","-1.62","-2.78","9.224","0.36","0.12","0","0","0","0","0","0"
"Iodixanol","CARDIAC DISORDER","CARDIAC DISORDER","心脏疾病","Cardiac disorders","心脏器官疾病","3","3","2266","89880","19814330","2269","89883","19906479","0.29","0.09","0.91","0.29 (0.09, 0.91)","0.29","5.15","-1.77","-2.93","10.2451","0.33","0.11","0","0","0","0","0","0"
"Iodixanol","Dyspepsia","Dyspepsia","消化不良","Gastrointestinal disorders","胃肠系统疾病","3","3","2266","92490","19811720","2269","92493","19906479","0.28","0.09","0.88","0.28 (0.09, 0.88)","0.28","5.42","-1.81","-2.97","10.5426","0.32","0.11","0","0","0","0","0","0"
"Iodixanol","General physical health deterioration","General physical health deterioration","全身状况恶化","General disorders and administration site conditions","全身性疾病及给药部位各种反应","3","3","2266","106890","19797320","2269","106893","19906479","0.25","0.08","0.76","0.25 (0.08, 0.76)","0.25","6.96","-2.02","-3.18","12.184","0.28","0.09","0","0","0","0","0","0"
"Iodixanol","Myalgia","Myalgia","肌痛","Musculoskeletal and connective tissue disorders","各种肌肉骨骼及结缔组织疾病","3","3","2266","162027","19742183","2269","162030","19906479","0.16","0.05","0.5","0.16 (0.05, 0.50)","0.16","13.06","-2.62","-3.78","18.4687","0.18","0.06","0","0","0","0","0","0"
"Iohexol","URTICARIA","URTICARIA","荨麻疹","Skin and subcutaneous tissue disorders","皮肤及皮下组织类疾病","995","995","5448","155039","19744997","6443","156034","19906479","23.26","21.74","24.89","23.26 (21.74, 24.89)","19.82","17809.3","4.3","4.23","50.5025","19.52","11.57","1","1","1","1","1","1"
"Iohexol","Pruritus","Pruritus","瘙痒","Skin and subcutaneous tissue disorders","皮肤及皮下组织类疾病","826","826","5617","349036","19551000","6443","349862","19906479","8.24","7.66","8.86","8.24 (7.66, 8.86)","7.31","4568.15","2.87","2.79","113.2375","7.27","4.31","1","1","1","1","1","1"
"Iohexol","Dyspnoea","Dyspnoea","呼吸困难","Respiratory, thoracic and mediastinal disorders","呼吸系统、胸及纵隔疾病","723","723","5720","536031","19364005","6443","536754","19906479","4.57","4.23","4.93","4.57 (4.23, 4.93)","4.17","1785.33","2.06","1.98","173.7277","4.15","2.46","1","1","1","1","1","1"
"Iohexol","Sneezing","Sneezing","喷嚏","Respiratory, thoracic and mediastinal disorders","呼吸系统、胸及纵隔疾病","559","559","5884","20612","19879424","6443","21171","19906479","91.63","83.92","100.04","91.63 (83.92, 100.04)","83.76","44553.13","6.35","6.26","6.8523","76.1","45.02","1","1","1","1","1","1"
"Iohexol","Erythema","Erythema","红斑","Skin and subcutaneous tissue disorders","皮肤及皮下组织类疾病","525","525","5918","194807","19705229","6443","195332","19906479","8.97","8.21","9.81","8.97 (8.21, 9.81)","8.32","3407.4","3.05","2.96","63.2218","8.25","4.88","1","1","1","1","1","1"
"Iohexol","NAUSEA","NAUSEA","恶心","Gastrointestinal disorders","胃肠系统疾病","420","420","6023","746675","19153361","6443","747095","19906479","1.79","1.62","1.97","1.79 (1.62, 1.97)","1.74","136.48","0.8","0.7","241.8074","1.74","1.03","1","0","1","0","0","0"
"Iohexol","VOMITING","VOMITING","呕吐","Gastrointestinal disorders","胃肠系统疾病","400","400","6043","442669","19457367","6443","443069","19906479","2.91","2.63","3.22","2.91 (2.63, 3.22)","2.79","469.73","1.48","1.38","143.4052","2.78","1.64","1","1","1","0","1","0"
"Iohexol","RASH","RASH","皮疹","Skin and subcutaneous tissue disorders","皮肤及皮下组织类疾病","332","332","6111","405655","19494381","6443","405987","19906479","2.61","2.34","2.92","2.61 (2.34, 2.92)","2.53","312.7","1.34","1.22","131.4032","2.52","1.49","1","1","1","0","1","0"
"Iohexol","Chills","Chills","寒战","General disorders and administration site conditions","全身性疾病及给药部位各种反应","304","304","6139","111905","19788131","6443","112209","19906479","8.76","7.8","9.83","8.76 (7.80, 9.83)","8.39","1984.78","3.07","2.95","36.318","8.27","4.87","1","1","1","1","1","1"
"Iohexol","Contrast media reaction","Contrast media reaction","造影剂反应","Immune system disorders","免疫系统疾病","280","280","6163","1978","19898058","6443","2258","19906479","457.04","402.28","519.25","457.04 (402.28, 519.25)","437.22","106762.37","8.58","8.45","0.7308","227.89","134.22","1","1","1","1","1","1"
"Iohexol","COUGH","COUGH","咳嗽","Respiratory, thoracic and mediastinal disorders","呼吸系统、胸及纵隔疾病","278","278","6165","263769","19636267","6443","264047","19906479","3.36","2.98","3.79","3.36 (2.98, 3.79)","3.26","439.74","1.7","1.58","85.4624","3.24","1.91","1","1","1","0","1","0"
"Iohexol","ANAPHYLACTIC REACTION","ANAPHYLACTIC REACTION","速发严重过敏反应","Immune system disorders","免疫系统疾病","241","241","6202","51170","19848866","6443","51411","19906479","15.07","13.25","17.15","15.07 (13.25, 17.15)","14.55","3033.93","3.86","3.72","16.6399","14.09","8.29","1","1","1","1","1","1"
"Iohexol","Throat irritation","Throat irritation","咽喉刺激","Respiratory, thoracic and mediastinal disorders","呼吸系统、胸及纵隔疾病","238","238","6205","41926","19858110","6443","42164","19906479","18.17","15.96","20.69","18.17 (15.96, 20.69)","17.53","3697.34","4.12","3.99","13.6469","16.86","9.91","1","1","1","1","1","1"
"Iohexol","Chest discomfort","Chest discomfort","胸部不适","General disorders and administration site conditions","全身性疾病及给药部位各种反应","235","235","6208","96125","19803911","6443","96360","19906479","7.8","6.85","8.89","7.80 (6.85, 8.89)","7.55","1338.8","2.91","2.78","31.1882","7.43","4.37","1","1","1","1","1","1"
"Iohexol","Hypersensitivity","Hypersensitivity","超敏反应","Immune system disorders","免疫系统疾病","228","228","6215","174096","19725940","6443","174324","19906479","4.16","3.64","4.74","4.16 (3.64, 4.74)","4.04","526.54","2.01","1.88","56.4223","4.01","2.36","1","1","1","1","1","1"
"Iohexol","Hypotension","Hypotension","低血压","Vascular disorders","血管与淋巴管类疾病","224","224","6219","190178","19709858","6443","190402","19906479","3.73","3.27","4.27","3.73 (3.27, 4.27)","3.64","432.1","1.86","1.73","61.6262","3.61","2.12","1","1","1","1","1","1"
"Iohexol","Contrast media allergy","Contrast media allergy","造影剂过敏","Immune system disorders","免疫系统疾病","211","211","6232","1378","19898658","6443","1589","19906479","488.91","422.07","566.34","488.91 (422.07, 566.34)","472.93","86179.28","8.68","8.53","0.5143","208.52","122.44","1","1","1","1","1","1"
"Iohexol","THROAT TIGHTNESS","THROAT TIGHTNESS","咽喉缩紧感","Respiratory, thoracic and mediastinal disorders","呼吸系统、胸及纵隔疾病","210","210","6233","25472","19874564","6443","25682","19906479","26.29","22.9","30.18","26.29 (22.90, 30.18)","25.46","4901.6","4.66","4.52","8.3123","23.89","14.03","1","1","1","1","1","1"
"Iohexol","DIZZINESS","DIZZINESS","头晕","Nervous system disorders","各类神经系统疾病","206","206","6237","473329","19426707","6443","473535","19906479","1.36","1.18","1.56","1.36 (1.18, 1.56)","1.34","18.59","0.43","0.28","153.266","1.34","0.79","1","0","1","0","0","0"
"Iohexol","PYREXIA","PYREXIA","发热","General disorders and administration site conditions","全身性疾病及给药部位各种反应","171","171","6272","328901","19571135","6443","329072","19906479","1.62","1.39","1.89","1.62 (1.39, 1.89)","1.61","39.72","0.68","0.53","106.5086","1.6","0.94","1","0","1","0","0","0"
"Iohexol","ANAPHYLACTIC SHOCK","ANAPHYLACTIC SHOCK","过敏性休克","Immune system disorders","免疫系统疾病","166","166","6277","23941","19876095","6443","24107","19906479","21.96","18.81","25.63","21.96 (18.81, 25.63)","21.42","3212.39","4.41","4.25","7.8026","20.05","11.74","1","1","1","1","1","1"
"Iohexol","Blood pressure decreased","Blood pressure decreased","血压降低","Investigations","各类检查","166","166","6277","63113","19836923","6443","63279","19906479","8.31","7.12","9.7","8.31 (7.12, 9.70)","8.12","1037.55","3.02","2.86","20.4811","7.94","4.64","1","1","1","1","1","1"
"Iohexol","Acute kidney injury","Acute kidney injury","急性肾损伤","Renal and urinary disorders","肾脏及泌尿系统疾病","166","166","6277","185595","19714441","6443","185761","19906479","2.81","2.41","3.28","2.81 (2.41, 3.28)","2.76","188.26","1.47","1.31","60.124","2.75","1.61","1","1","1","0","1","0"
"Iohexol","Loss of consciousness","Loss of consciousness","意识丧失","Nervous system disorders","各类神经系统疾病","158","158","6285","122237","19777799","6443","122395","19906479","4.07","3.47","4.76","4.07 (3.47, 4.76)","3.99","356.09","2","1.83","39.6148","3.95","2.31","1","1","1","1","1","1"
"Iohexol","HEADACHE","HEADACHE","头痛","Nervous system disorders","各类神经系统疾病","158","158","6285","594699","19305337","6443","594857","19906479","0.82","0.7","0.96","0.82 (0.70, 0.96)","0.82","6.39","-0.29","-0.45","192.5335","0.82","0.48","0","0","0","0","0","0"
"Iohexol","Extravasation","Extravasation","外渗","General disorders and administration site conditions","全身性疾病及给药部位各种反应","148","148","6295","3818","19896218","6443","3966","19906479","122.52","103.77","144.65","122.52 (103.77, 144.65)","119.73","16777.91","6.85","6.68","1.2836","83.26","48.64","1","1","1","1","1","1"
"Iohexol","Dysphagia","Dysphagia","吞咽困难","Gastrointestinal disorders","胃肠系统疾病","127","127","6316","89497","19810539","6443","89624","19906479","4.45","3.73","5.31","4.45 (3.73, 5.31)","4.38","332.63","2.13","1.95","29.008","4.32","2.52","1","1","1","1","1","1"
"Iohexol","Hyperhidrosis","Hyperhidrosis","多汗","Skin and subcutaneous tissue disorders","皮肤及皮下组织类疾病","127","127","6316","123328","19776708","6443","123455","19906479","3.22","2.7","3.84","3.22 (2.70, 3.84)","3.18","190.85","1.67","1.49","39.9579","3.15","1.84","1","1","1","0","1","0"
"Iohexol","Malaise","Malaise","难受","General disorders and administration site conditions","全身性疾病及给药部位各种反应","124","124","6319","420006","19480030","6443","420130","19906479","0.91","0.76","1.09","0.91 (0.76, 1.09)","0.91","1.08","-0.13","-0.31","135.9807","0.91","0.53","0","0","0","0","0","0"
"Iohexol","Tremor","Tremor","震颤","Nervous system disorders","各类神经系统疾病","121","121","6322","158994","19741042","6443","159115","19906479","2.38","1.99","2.84","2.38 (1.99, 2.84)","2.35","94.58","1.23","1.05","51.4997","2.34","1.36","1","1","1","0","1","0"
"Iohexol","FLUSHING","FLUSHING","潮红","Vascular disorders","血管与淋巴管类疾病","119","119","6324","98088","19801948","6443","98207","19906479","3.8","3.17","4.55","3.80 (3.17, 4.55)","3.75","240.56","1.9","1.72","31.786","3.7","2.15","1","1","1","1","1","1"
"Iohexol","No adverse event","No adverse event","无不良事件","General disorders and administration site conditions","全身性疾病及给药部位各种反应","114","114","6329","166056","19733980","6443","166170","19906479","2.14","1.78","2.58","2.14 (1.78, 2.58)","2.12","68.01","1.08","0.89","53.7832","2.11","1.23","1","1","1","0","1","0"
"Iohexol","OXYGEN SATURATION DECREASED","OXYGEN SATURATION DECREASED","血氧饱和度降低","Investigations","各类检查","111","111","6332","52254","19847782","6443","52365","19906479","6.66","5.52","8.03","6.66 (5.52, 8.03)","6.56","523.46","2.71","2.52","16.9486","6.39","3.71","1","1","1","1","1","1"
"Iohexol","Nasal congestion","Nasal congestion","鼻充血","Respiratory, thoracic and mediastinal disorders","呼吸系统、胸及纵隔疾病","109","109","6334","54857","19845179","6443","54966","19906479","6.23","5.15","7.52","6.23 (5.15, 7.52)","6.14","469.07","2.62","2.42","17.7905","5.99","3.48","1","1","1","1","1","1"
"Iohexol","SWELLING FACE","SWELLING FACE","面部肿胀","General disorders and administration site conditions","全身性疾病及给药部位各种反应","104","104","6339","61743","19838293","6443","61847","19906479","5.27","4.34","6.4","5.27 (4.34, 6.40)","5.2","353.55","2.38","2.18","20.0176","5.09","2.95","1","1","1","1","1","1"
"Iohexol","CHEST PAIN","CHEST PAIN","胸痛","General disorders and administration site conditions","全身性疾病及给药部位各种反应","104","104","6339","177594","19722442","6443","177698","19906479","1.82","1.5","2.21","1.82 (1.50, 2.21)","1.81","37.92","0.85","0.66","57.5144","1.8","1.04","1","0","1","0","0","0"
"Iohexol","DYSPHONIA","DYSPHONIA","发声困难","Respiratory, thoracic and mediastinal disorders","呼吸系统、胸及纵隔疾病","100","100","6343","55311","19844725","6443","55411","19906479","5.66","4.64","6.89","5.66 (4.64, 6.89)","5.58","376.69","2.48","2.28","17.9345","5.45","3.16","1","1","1","1","1","1"
"Iohexol","Cardio-respiratory arrest","Cardio-respiratory arrest","心脏呼吸骤停","Cardiac disorders","心脏器官疾病","97","97","6346","40441","19859595","6443","40538","19906479","7.51","6.14","9.18","7.51 (6.14, 9.18)","7.41","537.5","2.89","2.68","13.1207","7.16","4.15","1","1","1","1","1","1"
"Iohexol","Tachycardia","Tachycardia","心动过速","Cardiac disorders","心脏器官疾病","97","97","6346","84494","19815542","6443","84591","19906479","3.58","2.93","4.38","3.58 (2.93, 4.38)","3.55","177.85","1.82","1.62","27.379","3.5","2.03","1","1","1","1","1","1"
"Iohexol","Cardiac arrest","Cardiac arrest","心脏停搏","Cardiac disorders","心脏器官疾病","96","96","6347","79468","19820568","6443","79564","19906479","3.77","3.08","4.62","3.77 (3.08, 4.62)","3.73","192.46","1.9","1.69","25.752","3.68","2.13","1","1","1","1","1","1"
"Iohexol","Anaphylactoid reaction","Anaphylactoid reaction","类过敏反应","Immune system disorders","免疫系统疾病","93","93","6350","3870","19896166","6443","3963","19906479","75.3","61.21","92.62","75.30 (61.21, 92.62)","74.22","6561.63","6.18","5.97","1.2827","52.45","30.34","1","1","1","1","1","1"
"Iohexol","EYE SWELLING","EYE SWELLING","眼肿","Eye disorders","眼器官疾病","90","90","6353","35149","19864887","6443","35239","19906479","8.01","6.5","9.86","8.01 (6.50, 9.86)","7.91","542.72","2.98","2.77","11.4056","7.6","4.39","1","1","1","1","1","1"
"Iohexol","Eye pruritus","Eye pruritus","眼睛瘙痒","Eye disorders","眼器官疾病","86","86","6357","30213","19869823","6443","30299","19906479","8.9","7.19","11.01","8.90 (7.19, 11.01)","8.79","593.08","3.13","2.92","9.8067","8.39","4.84","1","1","1","1","1","1"
"Iohexol","Cyanosis","Cyanosis","发绀","Vascular disorders","血管与淋巴管类疾病","77","77","6366","15070","19884966","6443","15147","19906479","15.96","12.74","19.99","15.96 (12.74, 19.99)","15.78","1061.43","3.97","3.74","4.9025","14.35","8.25","1","1","1","1","1","1"
"Iohexol","Unresponsive to stimuli","Unresponsive to stimuli","刺激反应消失","Nervous system disorders","各类神经系统疾病","75","75","6368","24303","19875733","6443","24378","19906479","9.63","7.67","12.1","9.63 (7.67, 12.10)","9.53","571.68","3.25","3.02","7.8903","9","5.17","1","1","1","1","1","1"
"Iohexol","Feeling hot","Feeling hot","感觉热","General disorders and administration site conditions","全身性疾病及给药部位各种反应","75","75","6368","58805","19841231","6443","58880","19906479","3.97","3.16","4.99","3.97 (3.16, 4.99)","3.94","164.76","1.98","1.74","19.0573","3.86","2.22","1","1","1","1","1","1"
"Iohexol","Pain","Pain","疼痛","General disorders and administration site conditions","全身性疾病及给药部位各种反应","75","75","6368","584682","19315354","6443","584757","19906479","0.39","0.31","0.49","0.39 (0.31, 0.49)","0.4","71.1","-1.34","-1.57","189.2645","0.4","0.23","0","0","0","0","0","0"
"Iohexol","WHEEZING","WHEEZING","哮鸣","Respiratory, thoracic and mediastinal disorders","呼吸系统、胸及纵隔疾病","74","74","6369","54162","19845874","6443","54236","19906479","4.26","3.38","5.35","4.26 (3.38, 5.35)","4.22","182.06","2.08","1.84","17.5542","4.13","2.37","1","1","1","1","1","1"
"Iohexol","BLOOD PRESSURE INCREASED","BLOOD PRESSURE INCREASED","血压升高","Investigations","各类检查","74","74","6369","145788","19754248","6443","145862","19906479","1.57","1.25","1.98","1.57 (1.25, 1.98)","1.57","15.32","0.65","0.41","47.2102","1.56","0.9","1","0","1","0","0","0"
"Iohexol","Lip swelling","Lip swelling","唇部肿胀","Gastrointestinal disorders","胃肠系统疾病","72","72","6371","31510","19868526","6443","31582","19906479","7.13","5.65","8.99","7.13 (5.65, 8.99)","7.06","374.08","2.82","2.58","10.2219","6.76","3.88","1","1","1","1","1","1"
"Iohexol","Seizure","Seizure","痫性发作","Nervous system disorders","各类神经系统疾病","72","72","6371","106770","19793266","6443","106842","19906479","2.1","1.66","2.64","2.10 (1.66, 2.64)","2.08","40.72","1.06","0.82","34.5809","2.07","1.19","1","1","1","0","1","0"
"Iohexol","BACK PAIN","BACK PAIN","背痛","Musculoskeletal and connective tissue disorders","各种肌肉骨骼及结缔组织疾病","71","71","6372","221854","19678182","6443","221925","19906479","0.99","0.78","1.25","0.99 (0.78, 1.25)","0.99","0.01","-0.02","-0.26","71.829","0.99","0.57","0","0","0","0","0","0"
"Iohexol","Asthenia","Asthenia","虚弱","General disorders and administration site conditions","全身性疾病及给药部位各种反应","71","71","6372","358349","19541687","6443","358420","19906479","0.61","0.48","0.77","0.61 (0.48, 0.77)","0.61","17.79","-0.71","-0.95","116.0075","0.61","0.35","0","0","0","0","0","0"
"Iohexol","Angioedema","Angioedema","血管性水肿","Skin and subcutaneous tissue disorders","皮肤及皮下组织类疾病","70","70","6373","41768","19858268","6443","41838","19906479","5.22","4.13","6.61","5.22 (4.13, 6.61)","5.18","235.97","2.37","2.13","13.5414","5.02","2.88","1","1","1","1","1","1"
"Iohexol","FATIGUE","FATIGUE","疲劳","General disorders and administration site conditions","全身性疾病及给药部位各种反应","70","70","6373","734507","19165529","6443","734577","19906479","0.29","0.23","0.36","0.29 (0.23, 0.36)","0.29","122.94","-1.76","-2","237.7557","0.3","0.17","0","0","0","0","0","0"
"Iohexol","HEART RATE INCREASED","HEART RATE INCREASED","心率升高","Investigations","各类检查","68","68","6375","94071","19805965","6443","94139","19906479","2.25","1.77","2.85","2.25 (1.77, 2.85)","2.23","46.46","1.16","0.91","30.4694","2.21","1.27","1","1","1","0","1","0"
"Iohexol","PARAESTHESIA ORAL","PARAESTHESIA ORAL","口部异常感觉","Gastrointestinal disorders","胃肠系统疾病","67","67","6376","13520","19886516","6443","13587","19906479","15.46","12.14","19.67","15.46 (12.14, 19.67)","15.31","892.08","3.93","3.68","4.3976","13.78","7.89","1","1","1","1","1","1"
"Iohexol","Pallor","Pallor","苍白","Vascular disorders","血管与淋巴管类疾病","67","67","6376","26216","19873820","6443","26283","19906479","7.97","6.26","10.14","7.97 (6.26, 10.14)","7.89","402.86","2.98","2.73","8.5068","7.49","4.29","1","1","1","1","1","1"
"Iohexol","Swelling","Swelling","肿胀","General disorders and administration site conditions","全身性疾病及给药部位各种反应","67","67","6376","86199","19813837","6443","86266","19906479","2.42","1.9","3.07","2.42 (1.90, 3.07)","2.4","54.95","1.26","1.02","27.9212","2.37","1.36","1","1","1","0","1","0"
"Iohexol","Feeling abnormal","Feeling abnormal","感受异常","General disorders and administration site conditions","全身性疾病及给药部位各种反应","67","67","6376","231384","19668652","6443","231451","19906479","0.89","0.7","1.14","0.89 (0.70, 1.14)","0.89","0.85","-0.16","-0.41","74.9122","0.9","0.51","0","0","0","0","0","0"
"Iohexol","Swollen tongue","Swollen tongue","肿舌","Gastrointestinal disorders","胃肠系统疾病","65","65","6378","29707","19870329","6443","29772","19906479","6.82","5.34","8.71","6.82 (5.34, 8.71)","6.76","318.67","2.75","2.5","9.6361","6.46","3.7","1","1","1","1","1","1"
"Iohexol","Shock","Shock","休克","Vascular disorders","血管与淋巴管类疾病","64","64","6379","21452","19878584","6443","21516","19906479","9.3","7.27","11.9","9.30 (7.27, 11.90)","9.21","467.79","3.2","2.95","6.9639","8.64","4.94","1","1","1","1","1","1"
"Iohexol","Rash erythematous","Rash erythematous","红色皮疹","Skin and subcutaneous tissue disorders","皮肤及皮下组织类疾病","64","64","6379","43011","19857025","6443","43075","19906479","4.63","3.62","5.93","4.63 (3.62, 5.93)","4.6","180.18","2.2","1.95","13.9418","4.47","2.55","1","1","1","1","1","1"
"Iohexol","OCULAR HYPERAEMIA","OCULAR HYPERAEMIA","眼充血","Eye disorders","眼器官疾病","60","60","6383","43430","19856606","6443","43490","19906479","4.3","3.33","5.54","4.30 (3.33, 5.54)","4.27","150.21","2.09","1.83","14.0761","4.15","2.37","1","1","1","1","1","1"
"Iohexol","Eyelid oedema","Eyelid oedema","眼睑水肿","Eye disorders","眼器官疾病","59","59","6384","11321","19888715","6443","11380","19906479","16.24","12.56","20.99","16.24 (12.56, 20.99)","16.1","831.51","4","3.74","3.6833","14.22","8.1","1","1","1","1","1","1"
"Iohexol","Tachypnoea","Tachypnoea","呼吸急促","Respiratory, thoracic and mediastinal disorders","呼吸系统、胸及纵隔疾病","59","59","6384","12784","19887252","6443","12843","19906479","14.38","11.12","18.59","14.38 (11.12, 18.59)","14.25","724.28","3.83","3.56","4.1568","12.78","7.28","1","1","1","1","1","1"
"Iohexol","Palpitations","Palpitations","心悸","Cardiac disorders","心脏器官疾病","59","59","6384","111186","19788850","6443","111245","19906479","1.64","1.27","2.13","1.64 (1.27, 2.13)","1.64","14.77","0.71","0.45","36.0059","1.63","0.93","1","0","1","0","0","0"
"Iohexol","Hypoaesthesia","Hypoaesthesia","感觉减退","Nervous system disorders","各类神经系统疾病","59","59","6384","142795","19757241","6443","142854","19906479","1.28","0.99","1.65","1.28 (0.99, 1.65)","1.28","3.55","0.35","0.09","46.2366","1.27","0.73","0","0","1","0","0","0"
"Iohexol","Off label use","Off label use","超说明书使用","Injury, poisoning and procedural complications","各类损伤、中毒及操作并发症","59","59","6384","806439","19093597","6443","806498","19906479","0.22","0.17","0.28","0.22 (0.17, 0.28)","0.23","163.02","-2.15","-2.41","261.0339","0.23","0.13","0","0","0","0","0","0"
"Iohexol","Pharyngeal oedema","Pharyngeal oedema","咽部水肿","Respiratory, thoracic and mediastinal disorders","呼吸系统、胸及纵隔疾病","58","58","6385","15184","19884852","6443","15242","19906479","11.9","9.18","15.41","11.90 (9.18, 15.41)","11.8","571.46","3.56","3.29","4.9333","10.77","6.13","1","1","1","1","1","1"
"Iohexol","Abdominal pain","Abdominal pain","腹痛","Gastrointestinal disorders","胃肠系统疾病","57","57","6386","220061","19679975","6443","220118","19906479","0.8","0.61","1.04","0.80 (0.61, 1.04)","0.8","2.88","-0.32","-0.59","71.2442","0.8","0.46","0","0","0","0","0","0"
"Iohexol","RESPIRATORY DISTRESS","RESPIRATORY DISTRESS","呼吸窘迫","Respiratory, thoracic and mediastinal disorders","呼吸系统、胸及纵隔疾病","56","56","6387","26354","19873682","6443","26410","19906479","6.61","5.08","8.6","6.61 (5.08, 8.60)","6.56","263.85","2.71","2.44","8.548","6.24","3.55","1","1","1","1","1","1"
"Iohexol","Lacrimation increased","Lacrimation increased","流泪增加","Eye disorders","眼器官疾病","56","56","6387","27920","19872116","6443","27976","19906479","6.24","4.8","8.12","6.24 (4.80, 8.12)","6.19","243.81","2.63","2.36","9.0548","5.91","3.36","1","1","1","1","1","1"
"Iohexol","HYPERTENSION","HYPERTENSION","高血压","Vascular disorders","血管与淋巴管类疾病","56","56","6387","200650","19699386","6443","200706","19906479","0.86","0.66","1.12","0.86 (0.66, 1.12)","0.86","1.25","-0.21","-0.48","64.9612","0.86","0.49","0","0","0","0","0","0"
"Iohexol","Laryngeal oedema","Laryngeal oedema","喉水肿","Respiratory, thoracic and mediastinal disorders","呼吸系统、胸及纵隔疾病","55","55","6388","5820","19894216","6443","5875","19906479","29.43","22.54","38.42","29.43 (22.54, 38.42)","29.19","1483.65","4.85","4.58","1.9015","23.11","13.13","1","1","1","1","1","1"
"Iohexol","Syncope","Syncope","晕厥","Nervous system disorders","各类神经系统疾病","52","52","6391","95586","19804450","6443","95638","19906479","1.69","1.28","2.21","1.69 (1.28, 2.21)","1.68","14.38","0.75","0.47","30.9545","1.67","0.95","1","0","1","0","0","0"
"Iohexol","Blister","Blister","水疱","Skin and subcutaneous tissue disorders","皮肤及皮下组织类疾病","49","49","6394","51878","19848158","6443","51927","19906479","2.93","2.21","3.88","2.93 (2.21, 3.88)","2.92","61.85","1.54","1.26","16.8069","2.86","1.62","1","1","1","0","1","0"
"Iohexol","Nephropathy toxic","Nephropathy toxic","中毒性肾病","Renal and urinary disorders","肾脏及泌尿系统疾病","48","48","6395","10356","19889680","6443","10404","19906479","14.42","10.85","19.16","14.42 (10.85, 19.16)","14.32","592.08","3.83","3.54","3.3674","12.54","7.08","1","1","1","1","1","1"
"Iohexol","CONFUSIONAL STATE","CONFUSIONAL STATE","意识模糊状态","Psychiatric disorders","精神病类","47","47","6396","153750","19746286","6443","153797","19906479","0.94","0.71","1.26","0.94 (0.71, 1.26)","0.94","0.16","-0.08","-0.38","49.7785","0.94","0.53","0","0","0","0","0","0"
"Iohexol","Diarrhoea","Diarrhoea","腹泻","Gastrointestinal disorders","胃肠系统疾病","47","47","6396","605626","19294410","6443","605673","19906479","0.23","0.18","0.31","0.23 (0.18, 0.31)","0.24","116.9","-2.06","-2.35","196.0342","0.24","0.14","0","0","0","0","0","0"
"Iohexol","Contrast encephalopathy","Contrast encephalopathy","造影剂脑病","Injury, poisoning and procedural complications","各类损伤、中毒及操作并发症","46","46","6397","184","19899852","6443","230","19906479","777.7","562.46","1075.31","777.70 (562.46, 1,075.31)","772.16","28342.16","9.27","8.94","0.0744","80.95","45.6","1","1","1","1","1","1"
"Iohexol","Bronchospasm","Bronchospasm","支气管痉挛","Respiratory, thoracic and mediastinal disorders","呼吸系统、胸及纵隔疾病","46","46","6397","13676","19886360","6443","13722","19906479","10.46","7.82","13.98","10.46 (7.82, 13.98)","10.39","389.27","3.37","3.08","4.4413","9.41","5.3","1","1","1","1","1","1"
"Iohexol","Depressed level of consciousness","Depressed level of consciousness","意识水平下降","Nervous system disorders","各类神经系统疾病","45","45","6398","37363","19862673","6443","37408","19906479","3.74","2.79","5.01","3.74 (2.79, 5.01)","3.72","89.56","1.89","1.59","12.1076","3.61","2.03","1","1","1","1","1","1"
"Iohexol","Blood creatinine increased","Blood creatinine increased","血肌酐升高","Investigations","各类检查","45","45","6398","62566","19837470","6443","62611","19906479","2.23","1.66","2.99","2.23 (1.66, 2.99)","2.22","30.3","1.15","0.85","20.2649","2.19","1.23","1","1","1","0","1","0"
"Iohexol","Burning sensation","Burning sensation","烧灼感","Nervous system disorders","各类神经系统疾病","45","45","6398","66648","19833388","6443","66693","19906479","2.09","1.56","2.81","2.09 (1.56, 2.81)","2.09","25.49","1.06","0.76","21.5861","2.06","1.16","1","1","1","0","1","0"
"Iohexol","Sensation of foreign body","Sensation of foreign body","异物感","General disorders and administration site conditions","全身性疾病及给药部位各种反应","44","44","6399","7760","19892276","6443","7804","19906479","17.63","13.09","23.73","17.63 (13.09, 23.73)","17.51","681.48","4.12","3.82","2.5259","14.71","8.26","1","1","1","1","1","1"
"Iohexol","Respiratory arrest","Respiratory arrest","呼吸停止","Respiratory, thoracic and mediastinal disorders","呼吸系统、胸及纵隔疾病","44","44","6399","26936","19873100","6443","26980","19906479","5.07","3.77","6.83","5.07 (3.77, 6.83)","5.05","142.67","2.33","2.03","8.7324","4.82","2.71","1","1","1","1","1","1"
"Iohexol","Urinary incontinence","Urinary incontinence","尿失禁","Renal and urinary disorders","肾脏及泌尿系统疾病","44","44","6399","28343","19871693","6443","28387","19906479","4.82","3.58","6.49","4.82 (3.58, 6.49)","4.79","132.13","2.26","1.96","9.1878","4.59","2.58","1","1","1","1","1","1"
"Iohexol","PRURITUS GENERALISED","PRURITUS GENERALISED",,,,"43","43","6400","21545","19878491","6443","21588","19906479","6.2","4.59","8.37","6.20 (4.59, 8.37)","6.16","185.87","2.62","2.32","6.9872","5.81","3.26","1","1","1","1","1","1"
"Iohexol","Paraesthesia","Paraesthesia","皮肤异常感觉","Nervous system disorders","各类神经系统疾病","43","43","6400","150824","19749212","6443","150867","19906479","0.88","0.65","1.19","0.88 (0.65, 1.19)","0.88","0.7","-0.18","-0.49","48.8301","0.88","0.49","0","0","0","0","0","0"
"Iohexol","Pharyngeal swelling","Pharyngeal swelling","咽部肿胀","Respiratory, thoracic and mediastinal disorders","呼吸系统、胸及纵隔疾病","42","42","6401","8772","19891264","6443","8814","19906479","14.88","10.98","20.17","14.88 (10.98, 20.17)","14.79","537.61","3.88","3.57","2.8528","12.68","7.11","1","1","1","1","1","1"
"Iohexol","Face oedema","Face oedema","面部水肿","General disorders and administration site conditions","全身性疾病及给药部位各种反应","42","42","6401","16225","19883811","6443","16267","19906479","8.04","5.93","10.9","8.04 (5.93, 10.90)","8","256.6","3","2.69","5.265","7.37","4.13","1","1","1","1","1","1"
"Iohexol","ANAPHYLACTOID SHOCK","ANAPHYLACTOID SHOCK","类过敏性休克","Immune system disorders","免疫系统疾病","41","41","6402","420","19899616","6443","461","19906479","303.43","219.98","418.55","303.43 (219.98, 418.55)","301.51","11188.12","8.1","7.77","0.1492","63.92","35.78","1","1","1","1","1","1"
"Iohexol","Rash pruritic","Rash pruritic","瘙痒性皮疹","Skin and subcutaneous tissue disorders","皮肤及皮下组织类疾病","41","41","6402","50819","19849217","6443","50860","19906479","2.5","1.84","3.4","2.50 (1.84, 3.40)","2.49","36.68","1.32","1","16.4615","2.45","1.37","1","1","1","0","1","0"
"Iohexol","Injection site extravasation","Injection site extravasation","注射部位外渗","General disorders and administration site conditions","全身性疾病及给药部位各种反应","40","40","6403","12117","19887919","6443","12157","19906479","10.25","7.51","14","10.25 (7.51, 14.00)","10.2","330.87","3.35","3.03","3.9348","9.13","5.11","1","1","1","1","1","1"
"Iohexol","Oedema","Oedema","水肿","General disorders and administration site conditions","全身性疾病及给药部位各种反应","40","40","6403","51007","19849029","6443","51047","19906479","2.43","1.78","3.32","2.43 (1.78, 3.32)","2.42","33.46","1.28","0.96","16.522","2.38","1.33","1","1","1","0","1","0"
"Iohexol","Injection site pain","Injection site pain","注射部位痛","General disorders and administration site conditions","全身性疾病及给药部位各种反应","40","40","6403","284691","19615345","6443","284731","19906479","0.43","0.32","0.59","0.43 (0.32, 0.59)","0.43","29.96","-1.2","-1.52","92.157","0.44","0.24","0","0","0","0","0","0"
"Iohexol","Infusion site extravasation","Infusion site extravasation","输液部位渗出","General disorders and administration site conditions","全身性疾病及给药部位各种反应","39","39","6404","5907","19894129","6443","5946","19906479","20.51","14.96","28.13","20.51 (14.96, 28.13)","20.39","714.7","4.34","4.02","1.9245","16.29","9.09","1","1","1","1","1","1"
"Iohexol","Cold sweat","Cold sweat","冷汗","Skin and subcutaneous tissue disorders","皮肤及皮下组织类疾病","39","39","6404","16910","19883126","6443","16949","19906479","7.16","5.22","9.81","7.16 (5.22, 9.81)","7.12","204.99","2.83","2.51","5.4858","6.6","3.68","1","1","1","1","1","1"
"Iohexol","Papule","Papule","丘疹","Skin and subcutaneous tissue disorders","皮肤及皮下组织类疾病","38","38","6405","6474","19893562","6443","6512","19906479","18.23","13.24","25.1","18.23 (13.24, 25.10)","18.13","611.61","4.17","3.85","2.1077","14.76","8.23","1","1","1","1","1","1"
"Iohexol","Muscular weakness","Muscular weakness","肌无力","Musculoskeletal and connective tissue disorders","各种肌肉骨骼及结缔组织疾病","38","38","6405","107952","19792084","6443","107990","19906479","1.09","0.79","1.5","1.09 (0.79, 1.50)","1.09","0.27","0.12","-0.2","34.9524","1.09","0.61","0","0","0","0","0","0"
"Iohexol","Drug ineffective","Drug ineffective","药物无效","General disorders and administration site conditions","全身性疾病及给药部位各种反应","38","38","6405","1245141","18654895","6443","1245179","19906479","0.09","0.06","0.12","0.09 (0.06, 0.12)","0.09","352.78","-3.41","-3.73","403.019","0.1","0.05","0","0","0","0","0","0"
"Iohexol","Peripheral swelling","Peripheral swelling","外周肿胀","General disorders and administration site conditions","全身性疾病及给药部位各种反应","37","37","6406","143127","19756909","6443","143164","19906479","0.8","0.58","1.1","0.80 (0.58, 1.10)","0.8","1.9","-0.32","-0.65","46.337","0.8","0.45","0","0","0","0","0","0"
"Iohexol","Generalised erythema","Generalised erythema",,,,"36","36","6407","5654","19894382","6443","5690","19906479","19.77","14.23","27.46","19.77 (14.23, 27.46)","19.67","633.95","4.29","3.95","1.8416","15.59","8.66","1","1","1","1","1","1"
"Iohexol","VENTRICULAR FIBRILLATION","VENTRICULAR FIBRILLATION","室颤","Cardiac disorders","心脏器官疾病","36","36","6407","10568","19889468","6443","10604","19906479","10.57","7.62","14.68","10.57 (7.62, 14.68)","10.52","309.31","3.39","3.06","3.4321","9.28","5.16","1","1","1","1","1","1"
"Iohexol","Aphasia","Aphasia","失语","Nervous system disorders","各类神经系统疾病","35","35","6408","28862","19871174","6443","28897","19906479","3.76","2.7","5.24","3.76 (2.70, 5.24)","3.75","70.45","1.9","1.56","9.3529","3.6","2","1","1","1","1","1","1"
"Iohexol","Myalgia","Myalgia","肌痛","Musculoskeletal and connective tissue disorders","各种肌肉骨骼及结缔组织疾病","35","35","6408","161995","19738041","6443","162030","19906479","0.67","0.48","0.93","0.67 (0.48, 0.93)","0.67","5.85","-0.58","-0.92","52.4432","0.67","0.37","0","0","0","0","0","0"
"Iohexol","Bradycardia","Bradycardia","心动过缓","Cardiac disorders","心脏器官疾病","34","34","6409","51008","19849028","6443","51042","19906479","2.06","1.47","2.89","2.06 (1.47, 2.89)","2.06","18.55","1.04","0.7","16.5204","2.03","1.12","1","1","1","0","1","0"
"Iohexol","Rhinorrhoea","Rhinorrhoea","流涕","Respiratory, thoracic and mediastinal disorders","呼吸系统、胸及纵隔疾病","34","34","6409","60707","19839329","6443","60741","19906479","1.73","1.24","2.43","1.73 (1.24, 2.43)","1.73","10.5","0.79","0.45","19.6596","1.71","0.95","1","0","1","0","0","0"
"Iohexol","Dysphoria","Dysphoria","烦躁不安","Psychiatric disorders","精神病类","33","33","6410","4895","19895141","6443","4928","19906479","20.92","14.85","29.49","20.92 (14.85, 29.49)","20.82","618.7","4.37","4.02","1.595","15.99","8.83","1","1","1","1","1","1"
"Iohexol","Rash maculo-papular","Rash maculo-papular","斑丘疹","Skin and subcutaneous tissue disorders","皮肤及皮下组织类疾病","32","32","6411","20909","19879127","6443","20941","19906479","4.75","3.35","6.72","4.75 (3.35, 6.72)","4.73","93.99","2.24","1.88","6.7778","4.47","2.46","1","1","1","1","1","1"
"Iohexol","RENAL FAILURE","RENAL FAILURE","肾衰","Renal and urinary disorders","肾脏及泌尿系统疾病","32","32","6411","129152","19770884","6443","129184","19906479","0.76","0.54","1.08","0.76 (0.54, 1.08)","0.77","2.32","-0.39","-0.74","41.8121","0.77","0.42","0","0","0","0","0","0"
"Iohexol","Vision blurred","Vision blurred","视物模糊","Eye disorders","眼器官疾病","32","32","6411","129537","19770499","6443","129569","19906479","0.76","0.54","1.08","0.76 (0.54, 1.08)","0.76","2.37","-0.39","-0.74","41.9368","0.77","0.42","0","0","0","0","0","0"
"Iohexol","Death","Death","死亡","General disorders and administration site conditions","全身性疾病及给药部位各种反应","32","32","6411","812768","19087268","6443","812800","19906479","0.12","0.08","0.17","0.12 (0.08, 0.17)","0.12","211.67","-3.04","-3.39","263.0737","0.12","0.07","0","0","0","0","0","0"
"Iohexol","Blood pressure immeasurable","Blood pressure immeasurable","血压不可测","Investigations","各类检查","30","30","6413","1450","19898586","6443","1480","19906479","64.2","44.68","92.23","64.20 (44.68, 92.23)","63.9","1820.03","5.97","5.6","0.479","31.15","17.09","1","1","1","1","1","1"
"Iohexol","Somnolence","Somnolence","嗜睡","Nervous system disorders","各类神经系统疾病","29","29","6414","191344","19708692","6443","191373","19906479","0.47","0.32","0.67","0.47 (0.32, 0.67)","0.47","17.69","-1.09","-1.47","61.9404","0.47","0.26","0","0","0","0","0","0"
"Iohexol","Drug eruption","Drug eruption","药疹","Skin and subcutaneous tissue disorders","皮肤及皮下组织类疾病","28","28","6415","16421","19883615","6443","16449","19906479","5.29","3.65","7.66","5.29 (3.65, 7.66)","5.27","96.69","2.39","2.02","5.3239","4.89","2.67","1","1","1","1","1","1"
"Iohexol","POST PROCEDURAL COMPLICATION","POST PROCEDURAL COMPLICATION","操作后并发症","Injury, poisoning and procedural complications","各类损伤、中毒及操作并发症","28","28","6415","18595","19881441","6443","18623","19906479","4.67","3.22","6.77","4.67 (3.22, 6.77)","4.65","80.2","2.22","1.84","6.0276","4.37","2.38","1","1","1","1","1","1"
"Iohexol","Heart rate decreased","Heart rate decreased","心率降低","Investigations","各类检查","28","28","6415","33776","19866260","6443","33804","19906479","2.57","1.77","3.72","2.57 (1.77, 3.72)","2.56","26.65","1.36","0.98","10.9411","2.49","1.36","1","1","1","0","1","0"
"Iohexol","Discomfort","Discomfort","不适","General disorders and administration site conditions","全身性疾病及给药部位各种反应","28","28","6415","55127","19844909","6443","55155","19906479","1.57","1.08","2.28","1.57 (1.08, 2.28)","1.57","5.79","0.65","0.27","17.8517","1.55","0.85","1","0","1","0","0","0"
"Iohexol","Pulse absent","Pulse absent","脉搏消失","Investigations","各类检查","27","27","6416","4595","19895441","6443","4622","19906479","18.22","12.47","26.62","18.22 (12.47, 26.62)","18.15","435.05","4.17","3.79","1.496","13.78","7.49","1","1","1","1","1","1"
"Iohexol","RASH GENERALISED","RASH GENERALISED",,,,"27","27","6416","25808","19874228","6443","25835","19906479","3.24","2.22","4.73","3.24 (2.22, 4.73)","3.23","41.61","1.69","1.31","8.3618","3.1","1.69","1","1","1","0","1","0"
"Iohexol","PULMONARY OEDEMA","PULMONARY OEDEMA","肺水肿","Respiratory, thoracic and mediastinal disorders","呼吸系统、胸及纵隔疾病","27","27","6416","43022","19857014","6443","43049","19906479","1.94","1.33","2.83","1.94 (1.33, 2.83)","1.94","12.28","0.95","0.57","13.9334","1.91","1.04","1","0","1","0","0","0"
"Iohexol","Agitation","Agitation","激越","Psychiatric disorders","精神病类","27","27","6416","70726","19829310","6443","70753","19906479","1.18","0.81","1.72","1.18 (0.81, 1.72)","1.18","0.74","0.24","-0.15","22.9002","1.18","0.64","0","0","0","0","0","0"
"Iohexol","Sepsis","Sepsis","脓毒症","Infections and infestations","感染及侵染类疾病","27","27","6416","106342","19793694","6443","106369","19906479","0.78","0.54","1.14","0.78 (0.54, 1.14)","0.78","1.61","-0.35","-0.74","34.4278","0.79","0.43","0","0","0","0","0","0"
"Iohexol","Pain in extremity","Pain in extremity","肢体疼痛","Musculoskeletal and connective tissue disorders","各种肌肉骨骼及结缔组织疾病","27","27","6416","282147","19617889","6443","282174","19906479","0.29","0.2","0.43","0.29 (0.20, 0.43)","0.3","45.98","-1.76","-2.14","91.3294","0.3","0.16","0","0","0","0","0","0"
"Iohexol","Renal tubular necrosis","Renal tubular necrosis","肾小管坏死","Renal and urinary disorders","肾脏及泌尿系统疾病","26","26","6417","9341","19890695","6443","9367","19906479","8.63","5.87","12.69","8.63 (5.87, 12.69)","8.6","174.14","3.1","2.71","3.0318","7.5","4.07","1","1","1","1","1","1"
"Iohexol","Hypoaesthesia oral","Hypoaesthesia oral","口腔感觉减退","Gastrointestinal disorders","胃肠系统疾病","26","26","6417","14355","19885681","6443","14381","19906479","5.61","3.82","8.25","5.61 (3.82, 8.25)","5.59","97.99","2.48","2.09","4.6546","5.14","2.79","1","1","1","1","1","1"
"Iohexol","Disorientation","Disorientation","定向力障碍","Psychiatric disorders","精神病类","26","26","6417","38246","19861790","6443","38272","19906479","2.1","1.43","3.09","2.10 (1.43, 3.09)","2.1","14.99","1.07","0.68","12.3872","2.06","1.11","1","1","1","0","1","0"
"Iohexol","MUSCLE SPASMS","MUSCLE SPASMS","肌痉挛","Musculoskeletal and connective tissue disorders","各种肌肉骨骼及结缔组织疾病","26","26","6417","174514","19725522","6443","174540","19906479","0.46","0.31","0.67","0.46 (0.31, 0.67)","0.46","16.61","-1.12","-1.51","56.4922","0.46","0.25","0","0","0","0","0","0"
"Iohexol","Retching","Retching","干呕","Gastrointestinal disorders","胃肠系统疾病","25","25","6418","20191","19879845","6443","20216","19906479","3.84","2.59","5.68","3.84 (2.59, 5.68)","3.82","52.13","1.93","1.53","6.5432","3.62","1.96","1","1","1","0","1","0"
"Iohexol","COMA","COMA","昏迷","Nervous system disorders","各类神经系统疾病","25","25","6418","45291","19854745","6443","45316","19906479","1.71","1.15","2.53","1.71 (1.15, 2.53)","1.7","7.3","0.77","0.37","14.6671","1.68","0.91","1","0","1","0","0","0"
"Iohexol","Anxiety","Anxiety","焦虑","Psychiatric disorders","精神病类","25","25","6418","272938","19627098","6443","272963","19906479","0.28","0.19","0.41","0.28 (0.19, 0.41)","0.28","46.07","-1.82","-2.22","88.3482","0.29","0.16","0","0","0","0","0","0"
"Iohexol","Oropharyngeal discomfort","Oropharyngeal discomfort","口咽不适感","Respiratory, thoracic and mediastinal disorders","呼吸系统、胸及纵隔疾病","24","24","6419","8270","19891766","6443","8294","19906479","8.99","6.02","13.44","8.99 (6.02, 13.44)","8.96","169.38","3.16","2.75","2.6845","7.69","4.14","1","1","1","1","1","1"
"Iohexol","Altered state of consciousness","Altered state of consciousness","意识状态改变","Nervous system disorders","各类神经系统疾病","24","24","6419","20258","19879778","6443","20282","19906479","3.67","2.46","5.48","3.67 (2.46, 5.48)","3.66","46.37","1.87","1.46","6.5645","3.47","1.87","1","1","1","0","1","0"
"Iohexol","FEELING COLD","FEELING COLD","感到寒冷","General disorders and administration site conditions","全身性疾病及给药部位各种反应","24","24","6419","26620","19873416","6443","26644","19906479","2.79","1.87","4.17","2.79 (1.87, 4.17)","2.78","27.46","1.48","1.07","8.6237","2.69","1.45","1","1","1","0","1","0"
"Iohexol","Skin reaction","Skin reaction","皮肤反应","Skin and subcutaneous tissue disorders","皮肤及皮下组织类疾病","23","23","6420","13232","19886804","6443","13255","19906479","5.38","3.57","8.11","5.38 (3.57, 8.11)","5.37","81.68","2.42","2","4.2902","4.91","2.63","1","1","1","1","1","1"
"Iohexol","CIRCULATORY COLLAPSE","CIRCULATORY COLLAPSE","循环性虚脱","Vascular disorders","血管与淋巴管类疾病","23","23","6420","16385","19883651","6443","16408","19906479","4.35","2.89","6.55","4.35 (2.89, 6.55)","4.34","58.99","2.11","1.7","5.3107","4.04","2.17","1","1","1","1","1","1"
"Iohexol","CONVULSION","CONVULSION",,,,"23","23","6420","57195","19842841","6443","57218","19906479","1.24","0.83","1.87","1.24 (0.83, 1.87)","1.24","1.09","0.31","-0.11","18.5194","1.24","0.66","0","0","0","0","0","0"
"Iohexol","Dry throat","Dry throat","咽干","Respiratory, thoracic and mediastinal disorders","呼吸系统、胸及纵隔疾病","22","22","6421","9555","19890481","6443","9577","19906479","7.13","4.69","10.85","7.13 (4.69, 10.85)","7.11","115.34","2.83","2.4","3.0997","6.25","3.34","1","1","1","1","1","1"
"Iohexol","Ventricular tachycardia","Ventricular tachycardia","室性心动过速","Cardiac disorders","心脏器官疾病","22","22","6421","15833","19884203","6443","15855","19906479","4.3","2.83","6.54","4.30 (2.83, 6.54)","4.29","55.51","2.1","1.67","5.1317","4","2.13","1","1","1","1","1","1"
"Iohexol","Restlessness","Restlessness","躁动","Psychiatric disorders","精神病类","22","22","6421","35063","19864973","6443","35085","19906479","1.94","1.28","2.95","1.94 (1.28, 2.95)","1.94","10","0.95","0.53","11.3557","1.9","1.01","1","0","1","0","0","0"
"Iohexol","Neck pain","Neck pain","颈痛","Musculoskeletal and connective tissue disorders","各种肌肉骨骼及结缔组织疾病","22","22","6421","53279","19846757","6443","53301","19906479","1.28","0.84","1.94","1.28 (0.84, 1.94)","1.28","1.31","0.35","-0.08","17.2516","1.27","0.68","0","0","0","0","0","0"
"Iohexol","Atrial fibrillation","Atrial fibrillation","房颤","Cardiac disorders","心脏器官疾病","22","22","6421","92973","19807063","6443","92995","19906479","0.73","0.48","1.11","0.73 (0.48, 1.11)","0.73","2.19","-0.45","-0.88","30.0991","0.74","0.39","0","0","0","0","0","0"
"Iohexol","Condition aggravated","Condition aggravated","病情恶化","General disorders and administration site conditions","全身性疾病及给药部位各种反应","22","22","6421","281643","19618393","6443","281665","19906479","0.24","0.16","0.36","0.24 (0.16, 0.36)","0.24","53.24","-2.05","-2.48","91.1647","0.25","0.13","0","0","0","0","0","0"
"Iohexol","Oral pruritus","Oral pruritus","口腔瘙痒","Gastrointestinal disorders","胃肠系统疾病","21","21","6422","2131","19897905","6443","2152","19906479","30.53","19.85","46.96","30.53 (19.85, 46.96)","30.44","592.1","4.91","4.47","0.6965","17.97","9.55","1","1","1","1","1","1"
"Iohexol","Abdominal discomfort","Abdominal discomfort","腹部不适","Gastrointestinal disorders","胃肠系统疾病","21","21","6422","155485","19744551","6443","155506","19906479","0.42","0.27","0.64","0.42 (0.27, 0.64)","0.42","17.23","-1.26","-1.7","50.3316","0.42","0.22","0","0","0","0","0","0"
"Iohexol","Stridor","Stridor","喘鸣","Respiratory, thoracic and mediastinal disorders","呼吸系统、胸及纵隔疾病","20","20","6423","2794","19897242","6443","2814","19906479","22.17","14.27","34.45","22.17 (14.27, 34.45)","22.11","400.28","4.46","4.01","0.9108","14.53","7.68","1","1","1","1","1","1"
"Iohexol","ERYTHEMA MULTIFORME","ERYTHEMA MULTIFORME","多形性红斑","Skin and subcutaneous tissue disorders","皮肤及皮下组织类疾病","20","20","6423","8868","19891168","6443","8888","19906479","6.98","4.5","10.84","6.98 (4.50, 10.84)","6.97","102","2.8","2.35","2.8767","6.07","3.21","1","1","1","1","1","1"
"Iohexol","Temperature intolerance","Temperature intolerance","温度变化不耐受","General disorders and administration site conditions","全身性疾病及给药部位各种反应","20","20","6423","9638","19890398","6443","9658","19906479","6.43","4.14","9.97","6.43 (4.14, 9.97)","6.41","91.16","2.68","2.23","3.1259","5.65","2.99","1","1","1","1","1","1"
"Iohexol","Drug reaction with eosinophilia and systemic symptoms","Drug reaction with eosinophilia and systemic symptoms","药物反应伴嗜酸粒细胞增多和全身性症状","Skin and subcutaneous tissue disorders","皮肤及皮下组织类疾病","20","20","6423","23911","19876125","6443","23931","19906479","2.59","1.67","4.02","2.59 (1.67, 4.02)","2.58","19.42","1.37","0.92","7.7456","2.49","1.31","1","1","1","0","1","0"
"Iohexol","Respiratory disorder","Respiratory disorder","呼吸系统疾病","Respiratory, thoracic and mediastinal disorders","呼吸系统、胸及纵隔疾病","20","20","6423","28264","19871772","6443","28284","19906479","2.19","1.41","3.4","2.19 (1.41, 3.40)","2.19","12.87","1.13","0.68","9.1545","2.12","1.12","1","1","1","0","1","0"
"Iohexol","Respiratory failure","Respiratory failure","呼吸衰竭","Respiratory, thoracic and mediastinal disorders","呼吸系统、胸及纵隔疾病","20","20","6423","70091","19829945","6443","70111","19906479","0.88","0.57","1.37","0.88 (0.57, 1.37)","0.88","0.32","-0.18","-0.63","22.6924","0.88","0.47","0","0","0","0","0","0"
"Iohexol","Arthralgia","Arthralgia","关节痛","Musculoskeletal and connective tissue disorders","各种肌肉骨骼及结缔组织疾病","20","20","6423","389839","19510197","6443","389859","19906479","0.16","0.1","0.24","0.16 (0.10, 0.24)","0.16","91.17","-2.66","-3.11","126.1831","0.16","0.09","0","0","0","0","0","0"
"Iohexol","MENINGITIS CHEMICAL","MENINGITIS CHEMICAL","化学性脑膜炎","Injury, poisoning and procedural complications","各类损伤、中毒及操作并发症","19","19","6424","194","19899842","6443","213","19906479","303.39","189.28","486.29","303.39 (189.28, 486.29)","302.49","5200.22","8.11","7.63","0.0689","34.27","18.02","1","1","1","1","1","1"
"Iohexol","Meningitis fungal","Meningitis fungal","真菌性脑膜炎","Infections and infestations","感染及侵染类疾病","19","19","6424","205","19899831","6443","224","19906479","287.11","179.32","459.68","287.11 (179.32, 459.68)","286.26","4943","8.03","7.55","0.0725","34.06","17.91","1","1","1","1","1","1"
"Iohexol","PULSE ABNORMAL","PULSE ABNORMAL","脉搏异常","Investigations","各类检查","19","19","6424","2286","19897750","6443","2305","19906479","25.74","16.38","40.46","25.74 (16.38, 40.46)","25.67","446.83","4.67","4.21","0.746","15.65","8.23","1","1","1","1","1","1"
"Iohexol","Eye irritation","Eye irritation","眼刺激","Eye disorders","眼器官疾病","19","19","6424","50503","19849533","6443","50522","19906479","1.16","0.74","1.82","1.16 (0.74, 1.82)","1.16","0.43","0.22","-0.24","16.3521","1.16","0.61","0","0","0","0","0","0"
"Iohexol","Oropharyngeal pain","Oropharyngeal pain","口咽疼痛","Respiratory, thoracic and mediastinal disorders","呼吸系统、胸及纵隔疾病","19","19","6424","88107","19811929","6443","88126","19906479","0.67","0.42","1.04","0.67 (0.42, 1.04)","0.67","3.19","-0.59","-1.05","28.5232","0.67","0.35","0","0","0","0","0","0"
"Iohexol","Abdominal distension","Abdominal distension","腹胀","Gastrointestinal disorders","胃肠系统疾病","19","19","6424","97962","19802074","6443","97981","19906479","0.6","0.38","0.94","0.60 (0.38, 0.94)","0.6","5.12","-0.74","-1.2","31.7129","0.61","0.32","0","0","0","0","0","0"
"Iohexol","Dehydration","Dehydration","脱水","Metabolism and nutrition disorders","代谢及营养类疾病","19","19","6424","127611","19772425","6443","127630","19906479","0.46","0.29","0.72","0.46 (0.29, 0.72)","0.46","12.13","-1.12","-1.58","41.3092","0.47","0.25","0","0","0","0","0","0"
"Iohexol","Air embolism","Air embolism","空气栓塞","Vascular disorders","血管与淋巴管类疾病","18","18","6425","437","19899599","6443","455","19906479","127.57","79.57","204.53","127.57 (79.57, 204.53)","127.22","2164.98","6.93","6.45","0.1473","28.58","14.94","1","1","1","1","1","1"
"Iohexol","Eosinophilia","Eosinophilia","嗜酸性粒细胞增多症","Blood and lymphatic system disorders","血液及淋巴系统疾病","18","18","6425","16372","19883664","6443","16390","19906479","3.4","2.14","5.41","3.40 (2.14, 5.41)","3.4","30.42","1.76","1.29","5.3048","3.19","1.67","1","1","1","0","1","0"
"Iohexol","DELIRIUM","DELIRIUM","谵妄","Psychiatric disorders","精神病类","18","18","6425","32561","19867475","6443","32579","19906479","1.71","1.08","2.72","1.71 (1.08, 2.72)","1.71","5.28","0.77","0.3","10.5446","1.68","0.88","1","0","1","0","0","0"
"Iohexol","Rash macular","Rash macular","斑状皮疹","Skin and subcutaneous tissue disorders","皮肤及皮下组织类疾病","18","18","6425","32977","19867059","6443","32995","19906479","1.69","1.06","2.68","1.69 (1.06, 2.68)","1.69","5.03","0.75","0.28","10.6793","1.65","0.86","1","0","1","0","0","0"
"Iohexol","Hypoxia","Hypoxia","缺氧","Respiratory, thoracic and mediastinal disorders","呼吸系统、胸及纵隔疾病","18","18","6425","33165","19866871","6443","33183","19906479","1.68","1.06","2.67","1.68 (1.06, 2.67)","1.68","4.92","0.74","0.27","10.7401","1.65","0.86","1","0","1","0","0","0"
"Iohexol","Skin exfoliation","Skin exfoliation","皮肤剥脱","Skin and subcutaneous tissue disorders","皮肤及皮下组织类疾病","18","18","6425","77861","19822175","6443","77879","19906479","0.71","0.45","1.13","0.71 (0.45, 1.13)","0.71","2.07","-0.49","-0.96","25.2066","0.72","0.38","0","0","0","0","0","0"
"Iohexol","Abdominal pain upper","Abdominal pain upper","上腹痛","Gastrointestinal disorders","胃肠系统疾病","18","18","6425","193635","19706401","6443","193653","19906479","0.29","0.18","0.45","0.29 (0.18, 0.45)","0.29","32.17","-1.8","-2.27","62.6784","0.29","0.15","0","0","0","0","0","0"
"Iohexol","Aneurysm ruptured","Aneurysm ruptured","动脉瘤破裂","Vascular disorders","血管与淋巴管类疾病","17","17","6426","852","19899184","6443","869","19906479","61.79","38.21","99.93","61.79 (38.21, 99.93)","61.63","994.15","5.92","5.43","0.2813","22.4","11.63","1","1","1","1","1","1"
"Iohexol","Nasal pruritus","Nasal pruritus","鼻瘙痒","Respiratory, thoracic and mediastinal disorders","呼吸系统、胸及纵隔疾病","17","17","6426","1143","19898893","6443","1160","19906479","46.06","28.51","74.39","46.06 (28.51, 74.39)","45.94","736.4","5.5","5.01","0.3754","19.99","10.38","1","1","1","1","1","1"
"Iohexol","Conjunctival hyperaemia","Conjunctival hyperaemia","结膜充血","Eye disorders","眼器官疾病","17","17","6426","3394","19896642","6443","3411","19906479","15.51","9.62","24.99","15.51 (9.62, 24.99)","15.47","228.99","3.94","3.46","1.104","10.91","5.66","1","1","1","1","1","1"
"Iohexol","Respiratory rate increased","Respiratory rate increased","呼吸频率升高","Investigations","各类检查","17","17","6426","8504","19891532","6443","8521","19906479","6.19","3.84","9.97","6.19 (3.84, 9.97)","6.17","73.6","2.62","2.14","2.7579","5.37","2.79","1","1","1","1","1","1"
"Iohexol","Obstructive airways disorder","Obstructive airways disorder","阻塞性气道疾病","Respiratory, thoracic and mediastinal disorders","呼吸系统、胸及纵隔疾病","17","17","6426","10143","19889893","6443","10160","19906479","5.19","3.22","8.35","5.19 (3.22, 8.35)","5.18","57.22","2.37","1.88","3.2884","4.62","2.4","1","1","1","1","1","1"
"Iohexol","Fall","Fall","跌倒","Injury, poisoning and procedural complications","各类损伤、中毒及操作并发症","17","17","6426","316050","19583986","6443","316067","19906479","0.16","0.1","0.26","0.16 (0.10, 0.26)","0.17","72.3","-2.59","-3.07","102.2993","0.17","0.09","0","0","0","0","0","0"
"Iohexol","Hyperpyrexia","Hyperpyrexia","高热","General disorders and administration site conditions","全身性疾病及给药部位各种反应","16","16","6427","3835","19896201","6443","3851","19906479","12.92","7.9","21.12","12.92 (7.90, 21.12)","12.89","174.72","3.68","3.18","1.2464","9.45","4.87","1","1","1","1","1","1"
"Iohexol","Blindness transient","Blindness transient","一过性失明","Eye disorders","眼器官疾病","16","16","6427","7003","19893033","6443","7019","19906479","7.07","4.33","11.56","7.07 (4.33, 11.56)","7.06","83.01","2.82","2.31","2.2718","5.95","3.07","1","1","1","1","1","1"
"Iohexol","Hyperthermia","Hyperthermia","体温过高","General disorders and administration site conditions","全身性疾病及给药部位各种反应","16","16","6427","7178","19892858","6443","7194","19906479","6.9","4.22","11.27","6.90 (4.22, 11.27)","6.88","80.33","2.78","2.28","2.3284","5.83","3.01","1","1","1","1","1","1"
"Iohexol","Apnoea","Apnoea","呼吸暂停","Respiratory, thoracic and mediastinal disorders","呼吸系统、胸及纵隔疾病","16","16","6427","7530","19892506","6443","7546","19906479","6.58","4.02","10.75","6.58 (4.02, 10.75)","6.56","75.31","2.71","2.21","2.4424","5.61","2.89","1","1","1","1","1","1"
"Iohexol","Anal incontinence","Anal incontinence","肛门失禁","Gastrointestinal disorders","胃肠系统疾病","16","16","6427","8216","19891820","6443","8232","19906479","6.03","3.69","9.85","6.03 (3.69, 9.85)","6.01","66.8","2.59","2.09","2.6644","5.21","2.69","1","1","1","1","1","1"
"Iohexol","Dermatitis allergic","Dermatitis allergic","过敏性皮炎","Skin and subcutaneous tissue disorders","皮肤及皮下组织类疾病","16","16","6427","11554","19888482","6443","11570","19906479","4.29","2.62","7","4.29 (2.62, 7.00)","4.28","40.14","2.1","1.59","3.7448","3.89","2","1","1","1","1","1","1"
"Iohexol","Presyncope","Presyncope","晕厥前期","Nervous system disorders","各类神经系统疾病","16","16","6427","22782","19877254","6443","22798","19906479","2.17","1.33","3.55","2.17 (1.33, 3.55)","2.17","10.09","1.12","0.62","7.3789","2.09","1.08","1","1","1","0","1","0"
"Iohexol","Gait inability","Gait inability","步态无力","General disorders and administration site conditions","全身性疾病及给药部位各种反应","16","16","6427","30263","19869773","6443","30279","19906479","1.63","1","2.67","1.63 (1.00, 2.67)","1.63","3.93","0.71","0.21","9.8002","1.6","0.83","0","0","1","0","0","0"
"Iohexol","Skin discolouration","Skin discolouration","皮肤变色","Skin and subcutaneous tissue disorders","皮肤及皮下组织类疾病","16","16","6427","43765","19856271","6443","43781","19906479","1.13","0.69","1.84","1.13 (0.69, 1.84)","1.13","0.24","0.18","-0.33","14.1703","1.12","0.58","0","0","0","0","0","0"
"Iohexol","Speech disorder","Speech disorder","言语障碍","Nervous system disorders","各类神经系统疾病","16","16","6427","50156","19849880","6443","50172","19906479","0.99","0.6","1.61","0.99 (0.60, 1.61)","0.99","0","-0.02","-0.52","16.2388","0.99","0.51","0","0","0","0","0","0"
"Iohexol","Oedema peripheral","Oedema peripheral","外周水肿","General disorders and administration site conditions","全身性疾病及给药部位各种反应","16","16","6427","117744","19782292","6443","117760","19906479","0.42","0.26","0.68","0.42 (0.26, 0.68)","0.42","12.91","-1.25","-1.75","38.1146","0.43","0.22","0","0","0","0","0","0"
"Iohexol","Myocardial infarction","Myocardial infarction","心肌梗死","Cardiac disorders","心脏器官疾病","16","16","6427","170468","19729568","6443","170484","19906479","0.29","0.18","0.47","0.29 (0.18, 0.47)","0.29","28.07","-1.79","-2.29","55.1794","0.3","0.15","0","0","0","0","0","0"
"Iohexol","DRUG HYPERSENSITIVITY","DRUG HYPERSENSITIVITY","药物性超敏反应","Immune system disorders","免疫系统疾病","16","16","6427","184161","19715875","6443","184177","19906479","0.27","0.16","0.44","0.27 (0.16, 0.44)","0.27","32.21","-1.9","-2.4","59.6114","0.27","0.14","0","0","0","0","0","0"
"Iohexol","Resuscitation","Resuscitation","复苏","Surgical and medical procedures","各种手术及医疗操作","15","15","6428","1605","19898431","6443","1620","19906479","28.93","17.39","48.13","28.93 (17.39, 48.13)","28.87","399.8","4.84","4.32","0.5243","15.13","7.73","1","1","1","1","1","1"
"Iohexol","Compartment syndrome","Compartment syndrome","骨筋膜室综合征","Musculoskeletal and connective tissue disorders","各种肌肉骨骼及结缔组织疾病","15","15","6428","2500","19897536","6443","2515","19906479","18.57","11.17","30.87","18.57 (11.17, 30.87)","18.53","247.33","4.2","3.69","0.814","11.8","6.03","1","1","1","1","1","1"
"Iohexol","Lip oedema","Lip oedema","唇部水肿","Gastrointestinal disorders","胃肠系统疾病","15","15","6428","4018","19896018","6443","4033","19906479","11.56","6.96","19.2","11.56 (6.96, 19.20)","11.53","143.75","3.52","3","1.3053","8.59","4.39","1","1","1","1","1","1"
"Iohexol","Brain oedema","Brain oedema","脑水肿","Nervous system disorders","各类神经系统疾病","15","15","6428","11984","19888052","6443","11999","19906479","3.87","2.33","6.43","3.87 (2.33, 6.43)","3.87","31.85","1.95","1.43","3.8836","3.54","1.81","1","1","1","0","1","0"
"Iohexol","Cardiogenic shock","Cardiogenic shock","心源性休克","Cardiac disorders","心脏器官疾病","15","15","6428","13389","19886647","6443","13404","19906479","3.47","2.09","5.75","3.47 (2.09, 5.75)","3.46","26.23","1.79","1.27","4.3384","3.2","1.64","1","1","1","0","1","0"
"Iohexol","Product administration error","Product administration error","产品给用错误","Injury, poisoning and procedural complications","各类损伤、中毒及操作并发症","15","15","6428","18422","19881614","6443","18437","19906479","2.52","1.52","4.18","2.52 (1.52, 4.18)","2.51","13.69","1.33","0.81","5.9674","2.4","1.22","1","1","1","0","1","0"
"Iohexol","BODY TEMPERATURE INCREASED","BODY TEMPERATURE INCREASED","体温升高","Investigations","各类检查","15","15","6428","19527","19880509","6443","19542","19906479","2.38","1.43","3.94","2.38 (1.43, 3.94)","2.37","11.91","1.25","0.73","6.325","2.27","1.16","1","1","1","0","1","0"
"Iohexol","STEVENS-JOHNSON SYNDROME","STEVENS-JOHNSON SYNDROME","Stevens-Johnson综合征","Skin and subcutaneous tissue disorders","皮肤及皮下组织类疾病","15","15","6428","21364","19878672","6443","21379","19906479","2.17","1.31","3.6","2.17 (1.31, 3.60)","2.17","9.45","1.12","0.6","6.9196","2.09","1.07","1","1","1","0","1","0"
"Iohexol","PANCREATITIS","PANCREATITIS","胰腺炎","Gastrointestinal disorders","胃肠系统疾病","15","15","6428","50317","19849719","6443","50332","19906479","0.92","0.55","1.53","0.92 (0.55, 1.53)","0.92","0.1","-0.12","-0.64","16.2906","0.92","0.47","0","0","0","0","0","0"
"Iohexol","INFUSION RELATED REACTION","INFUSION RELATED REACTION","输液相关反应","Injury, poisoning and procedural complications","各类损伤、中毒及操作并发症","15","15","6428","59841","19840195","6443","59856","19906479","0.77","0.47","1.28","0.77 (0.47, 1.28)","0.77","0.99","-0.37","-0.89","19.3732","0.78","0.4","0","0","0","0","0","0"
"Iohexol","Skin burning sensation","Skin burning sensation","皮肤烧灼感","Skin and subcutaneous tissue disorders","皮肤及皮下组织类疾病","15","15","6428","67696","19832340","6443","67711","19906479","0.68","0.41","1.13","0.68 (0.41, 1.13)","0.68","2.19","-0.55","-1.06","21.9156","0.69","0.35","0","0","0","0","0","0"
"Iohexol","Dry mouth","Dry mouth","口干","Gastrointestinal disorders","胃肠系统疾病","15","15","6428","76333","19823703","6443","76348","19906479","0.61","0.37","1.01","0.61 (0.37, 1.01)","0.61","3.83","-0.72","-1.24","24.7111","0.61","0.31","0","0","0","0","0","0"
"Iohexol","Product quality issue","Product quality issue","产品质量问题","Product issues","产品问题","15","15","6428","130178","19769858","6443","130193","19906479","0.35","0.21","0.59","0.35 (0.21, 0.59)","0.36","17.6","-1.49","-2.01","42.1387","0.36","0.19","0","0","0","0","0","0"
"Iohexol","Tongue pruritus","Tongue pruritus","舌痒","Gastrointestinal disorders","胃肠系统疾病","14","14","6429","747","19899289","6443","761","19906479","58.01","34.17","98.48","58.01 (34.17, 98.48)","57.89","768.28","5.83","5.29","0.2463","19.43","9.83","1","1","1","1","1","1"
"Iohexol","Nasal obstruction","Nasal obstruction","鼻塞","Respiratory, thoracic and mediastinal disorders","呼吸系统、胸及纵隔疾病","14","14","6429","1622","19898414","6443","1636","19906479","26.71","15.78","45.24","26.71 (15.78, 45.24)","26.66","342.82","4.72","4.19","0.5295","14.08","7.13","1","1","1","1","1","1"
"Iohexol","Foaming at mouth","Foaming at mouth","口吐白沫","General disorders and administration site conditions","全身性疾病及给药部位各种反应","14","14","6429","1919","19898117","6443","1933","19906479","22.58","13.34","38.22","22.58 (13.34, 38.22)","22.53","286.02","4.48","3.95","0.6256","12.88","6.52","1","1","1","1","1","1"
"Iohexol","Eye movement disorder","Eye movement disorder","眼动障碍","Eye disorders","眼器官疾病","14","14","6429","6533","19893503","6443","6547","19906479","6.63","3.92","11.21","6.63 (3.92, 11.21)","6.62","66.66","2.72","2.19","2.119","5.54","2.8","1","1","1","1","1","1"
"Iohexol","ACUTE GENERALISED EXANTHEMATOUS PUSTULOSIS","ACUTE GENERALISED EXANTHEMATOUS PUSTULOSIS","急性泛发性发疹性脓疱病","Skin and subcutaneous tissue disorders","皮肤及皮下组织类疾病","14","14","6429","7273","19892763","6443","7287","19906479","5.96","3.52","10.07","5.96 (3.52, 10.07)","5.95","57.5","2.57","2.03","2.3585","5.07","2.57","1","1","1","1","1","1"
"Iohexol","PROCEDURAL COMPLICATION","PROCEDURAL COMPLICATION","操作并发症","Injury, poisoning and procedural complications","各类损伤、中毒及操作并发症","14","14","6429","7438","19892598","6443","7452","19906479","5.82","3.45","9.84","5.82 (3.45, 9.84)","5.81","55.71","2.54","2","2.4119","4.98","2.52","1","1","1","1","1","1"
"Iohexol","PETECHIAE","PETECHIAE","瘀点","Skin and subcutaneous tissue disorders","皮肤及皮下组织类疾病","14","14","6429","9802","19890234","6443","9816","19906479","4.42","2.61","7.47","4.42 (2.61, 7.47)","4.41","36.9","2.14","1.6","3.1771","3.94","2","1","1","1","1","1","1"
"Iohexol","Disseminated intravascular coagulation","Disseminated intravascular coagulation","弥散性血管内凝血","Blood and lymphatic system disorders","血液及淋巴系统疾病","14","14","6429","13628","19886408","6443","13642","19906479","3.18","1.88","5.37","3.18 (1.88, 5.37)","3.17","20.83","1.66","1.13","4.4154","2.95","1.49","1","1","1","0","1","0"
"Iohexol","Muscle tightness","Muscle tightness","肌紧张","Musculoskeletal and connective tissue disorders","各种肌肉骨骼及结缔组织疾病","14","14","6429","15448","19884588","6443","15462","19906479","2.8","1.66","4.74","2.80 (1.66, 4.74)","2.8","16.19","1.48","0.95","5.0045","2.63","1.33","1","1","1","0","1","0"
"Iohexol","Dysarthria","Dysarthria","构音不良","Nervous system disorders","各类神经系统疾病","14","14","6429","35921","19864115","6443","35935","19906479","1.2","0.71","2.03","1.20 (0.71, 2.03)","1.2","0.48","0.27","-0.27","11.6308","1.2","0.6","0","0","0","0","0","0"
"Iohexol","Infection","Infection","感染","Infections and infestations","感染及侵染类疾病","14","14","6429","134720","19765316","6443","134734","19906479","0.32","0.19","0.54","0.32 (0.19, 0.54)","0.32","20.25","-1.64","-2.17","43.6085","0.33","0.17","0","0","0","0","0","0"
"Iohexol","Hypoxic-ischaemic encephalopathy","Hypoxic-ischaemic encephalopathy","缺氧缺血性脑病","Nervous system disorders","各类神经系统疾病","13","13","6430","2476","19897560","6443","2489","19906479","16.25","9.42","28.04","16.25 (9.42, 28.04)","16.22","184.67","4.01","3.46","0.8056","10.34","5.18","1","1","1","1","1","1"
"Iohexol","NEPHROPATHY","NEPHROPATHY","肾病","Renal and urinary disorders","肾脏及泌尿系统疾病","13","13","6430","8981","19891055","6443","8994","19906479","4.48","2.6","7.72","4.48 (2.60, 7.72)","4.47","34.99","2.16","1.6","2.911","3.96","1.98","1","1","1","0","1","0"
"Iohexol","Aspiration","Aspiration","误吸","Respiratory, thoracic and mediastinal disorders","呼吸系统、胸及纵隔疾病","13","13","6430","10187","19889849","6443","10200","19906479","3.95","2.29","6.8","3.95 (2.29, 6.80)","3.94","28.52","1.98","1.42","3.3014","3.55","1.78","1","1","1","0","1","0"
"Iohexol","Peripheral coldness","Peripheral coldness","四肢发冷","Vascular disorders","血管与淋巴管类疾病","13","13","6430","13137","19886899","6443","13150","19906479","3.06","1.78","5.28","3.06 (1.78, 5.28)","3.06","17.98","1.61","1.06","4.2562","2.84","1.42","1","1","1","0","1","0"
"Iohexol","Encephalopathy","Encephalopathy","脑病","Nervous system disorders","各类神经系统疾病","13","13","6430","23110","19876926","6443","23123","19906479","1.74","1.01","3","1.74 (1.01, 3.00)","1.74","4.07","0.8","0.24","7.4841","1.69","0.85","1","0","1","0","0","0"
"Iohexol","DYSKINESIA","DYSKINESIA","运动障碍","Nervous system disorders","各类神经系统疾病","13","13","6430","38565","19861471","6443","38578","19906479","1.04","0.6","1.79","1.04 (0.60, 1.79)","1.04","0.02","0.06","-0.5","12.4863","1.04","0.52","0","0","0","0","0","0"
"Iohexol","Lethargy","Lethargy","倦怠","Nervous system disorders","各类神经系统疾病","13","13","6430","55155","19844881","6443","55168","19906479","0.73","0.42","1.25","0.73 (0.42, 1.25)","0.73","1.32","-0.46","-1.01","17.8559","0.74","0.37","0","0","0","0","0","0"
"Iohexol","Vertigo","Vertigo","眩晕","Ear and labyrinth disorders","耳及迷路类疾病","13","13","6430","58195","19841841","6443","58208","19906479","0.69","0.4","1.19","0.69 (0.40, 1.19)","0.69","1.82","-0.54","-1.09","18.8398","0.7","0.35","0","0","0","0","0","0"
"Iohexol","INJECTION SITE SWELLING","INJECTION SITE SWELLING","注射部位肿胀","General disorders and administration site conditions","全身性疾病及给药部位各种反应","13","13","6430","71246","19828790","6443","71259","19906479","0.56","0.33","0.97","0.56 (0.33, 0.97)","0.56","4.41","-0.83","-1.38","23.0639","0.57","0.29","0","0","0","0","0","0"
"Iohexol","Dysgeusia","Dysgeusia","味觉倒错","Nervous system disorders","各类神经系统疾病","13","13","6430","72114","19827922","6443","72127","19906479","0.56","0.32","0.96","0.56 (0.32, 0.96)","0.56","4.6","-0.84","-1.4","23.3449","0.57","0.28","0","0","0","0","0","0"
"Iohexol","Pulmonary embolism","Pulmonary embolism","肺栓塞","Respiratory, thoracic and mediastinal disorders","呼吸系统、胸及纵隔疾病","13","13","6430","91420","19808616","6443","91433","19906479","0.44","0.25","0.75","0.44 (0.25, 0.75)","0.44","9.35","-1.19","-1.74","29.5935","0.45","0.22","0","0","0","0","0","0"
"Iohexol","Blindness cortical","Blindness cortical","皮质盲","Eye disorders","眼器官疾病","12","12","6431","455","19899581","6443","467","19906479","81.61","45.98","144.85","81.61 (45.98, 144.85)","81.46","929.16","6.31","5.73","0.1512","19.2","9.49","1","1","1","1","1","1"
"Iohexol","Meningitis bacterial","Meningitis bacterial","细菌性脑膜炎","Infections and infestations","感染及侵染类疾病","12","12","6431","1345","19898691","6443","1357","19906479","27.61","15.63","48.76","27.61 (15.63, 48.76)","27.56","304.42","4.77","4.19","0.4392","13.31","6.58","1","1","1","1","1","1"
"Iohexol","Acute pulmonary oedema","Acute pulmonary oedema","急性肺水肿","Respiratory, thoracic and mediastinal disorders","呼吸系统、胸及纵隔疾病","12","12","6431","5407","19894629","6443","5419","19906479","6.87","3.89","12.1","6.87 (3.89, 12.10)","6.85","59.89","2.77","2.2","1.7539","5.55","2.74","1","1","1","1","1","1"
"Iohexol","Mouth swelling","Mouth swelling","口肿胀","Gastrointestinal disorders","胃肠系统疾病","12","12","6431","5414","19894622","6443","5426","19906479","6.86","3.89","12.09","6.86 (3.89, 12.09)","6.85","59.79","2.77","2.19","1.7562","5.54","2.74","1","1","1","1","1","1"
"Iohexol","Pneumothorax","Pneumothorax","气胸","Respiratory, thoracic and mediastinal disorders","呼吸系统、胸及纵隔疾病","12","12","6431","15093","19884943","6443","15105","19906479","2.46","1.4","4.33","2.46 (1.40, 4.33)","2.46","10.35","1.3","0.72","4.8889","2.32","1.15","1","1","1","0","1","0"
"Iohexol","ACUTE RESPIRATORY FAILURE","ACUTE RESPIRATORY FAILURE","急性呼吸衰竭","Respiratory, thoracic and mediastinal disorders","呼吸系统、胸及纵隔疾病","12","12","6431","18141","19881895","6443","18153","19906479","2.05","1.16","3.6","2.05 (1.16, 3.60)","2.04","6.39","1.03","0.45","5.8755","1.96","0.97","1","1","1","0","1","0"
"Iohexol","Haemoptysis","Haemoptysis","咯血","Respiratory, thoracic and mediastinal disorders","呼吸系统、胸及纵隔疾病","12","12","6431","26622","19873414","6443","26634","19906479","1.39","0.79","2.45","1.39 (0.79, 2.45)","1.39","1.33","0.48","-0.1","8.6205","1.37","0.68","0","0","0","0","0","0"
"Iohexol","Septic shock","Septic shock","感染性休克","Infections and infestations","感染及侵染类疾病","12","12","6431","40768","19859268","6443","40780","19906479","0.91","0.52","1.6","0.91 (0.52, 1.60)","0.91","0.11","-0.14","-0.72","13.199","0.91","0.45","0","0","0","0","0","0"
"Iohexol","Musculoskeletal stiffness","Musculoskeletal stiffness","肌肉骨骼僵硬","Musculoskeletal and connective tissue disorders","各种肌肉骨骼及结缔组织疾病","12","12","6431","82373","19817663","6443","82385","19906479","0.45","0.25","0.79","0.45 (0.25, 0.79)","0.45","8.1","-1.15","-1.73","26.665","0.46","0.23","0","0","0","0","0","0"
"Iohexol","PLATELET COUNT DECREASED","PLATELET COUNT DECREASED","血小板计数降低","Investigations","各类检查","12","12","6431","101442","19798594","6443","101454","19906479","0.36","0.21","0.64","0.36 (0.21, 0.64)","0.37","13.29","-1.45","-2.03","32.837","0.37","0.19","0","0","0","0","0","0"
"Iohexol","Laryngeal discomfort","Laryngeal discomfort","喉部不适","Respiratory, thoracic and mediastinal disorders","呼吸系统、胸及纵隔疾病","11","11","6432","589","19899447","6443","600","19906479","57.78","31.81","104.96","57.78 (31.81, 104.96)","57.68","601.48","5.82","5.21","0.1942","16.57","8.07","1","1","1","1","1","1"
"Iohexol","Amaurosis","Amaurosis","黑朦","Eye disorders","眼器官疾病","11","11","6432","771","19899265","6443","782","19906479","44.14","24.33","80.08","44.14 (24.33, 80.08)","44.07","456.48","5.44","4.83","0.2531","15.27","7.44","1","1","1","1","1","1"
"Iohexol","Disorganised speech","Disorganised speech","胡言乱语","Psychiatric disorders","精神病类","11","11","6432","1648","19898388","6443","1659","19906479","20.65","11.41","37.38","20.65 (11.41, 37.38)","20.62","203.96","4.36","3.75","0.537","11.09","5.4","1","1","1","1","1","1"
"Iohexol","Hypopnoea","Hypopnoea","呼吸不足","Respiratory, thoracic and mediastinal disorders","呼吸系统、胸及纵隔疾病","11","11","6432","3256","19896780","6443","3267","19906479","10.45","5.78","18.9","10.45 (5.78, 18.90)","10.43","93.53","3.38","2.77","1.0574","7.38","3.6","1","1","1","1","1","1"
"Iohexol","Meningitis","Meningitis","脑膜炎","Infections and infestations","感染及侵染类疾病","11","11","6432","6319","19893717","6443","6330","19906479","5.38","2.98","9.73","5.38 (2.98, 9.73)","5.38","39.13","2.42","1.82","2.0488","4.51","2.2","1","1","1","1","1","1"
"Iohexol","Rash pustular","Rash pustular","脓疱疹","Infections and infestations","感染及侵染类疾病","11","11","6432","7065","19892971","6443","7076","19906479","4.82","2.66","8.7","4.82 (2.66, 8.70)","4.81","33.15","2.26","1.66","2.2902","4.12","2.01","1","1","1","1","1","1"
"Iohexol","Toxic skin eruption","Toxic skin eruption","中毒性皮疹","Skin and subcutaneous tissue disorders","皮肤及皮下组织类疾病","11","11","6432","9657","19890379","6443","9668","19906479","3.52","1.95","6.37","3.52 (1.95, 6.37)","3.52","19.81","1.81","1.21","3.1292","3.17","1.54","1","1","1","0","1","0"
"Iohexol","Hyperthyroidism","Hyperthyroidism","甲状腺功能亢进症","Endocrine disorders","内分泌系统疾病","11","11","6432","13559","19886477","6443","13570","19906479","2.51","1.39","4.53","2.51 (1.39, 4.53)","2.51","9.95","1.32","0.72","4.3921","2.35","1.15","1","1","1","0","1","0"
"Iohexol","Incorrect route of product administration","Incorrect route of product administration","产品给用途径不当","Injury, poisoning and procedural complications","各类损伤、中毒及操作并发症","11","11","6432","15231","19884805","6443","15242","19906479","2.23","1.24","4.03","2.23 (1.24, 4.03)","2.23","7.47","1.16","0.55","4.9333","2.12","1.03","1","1","1","0","1","0"
"Iohexol","BLOOD UREA INCREASED","BLOOD UREA INCREASED","血尿素升高","Investigations","各类检查","11","11","6432","16444","19883592","6443","16455","19906479","2.07","1.14","3.74","2.07 (1.14, 3.74)","2.07","6.05","1.05","0.44","5.3259","1.97","0.96","1","1","1","0","1","0"
"Iohexol","Multiple organ dysfunction syndrome","Multiple organ dysfunction syndrome","多器官功能不全综合征","General disorders and administration site conditions","全身性疾病及给药部位各种反应","11","11","6432","25332","19874704","6443","25343","19906479","1.34","0.74","2.42","1.34 (0.74, 2.42)","1.34","0.96","0.42","-0.18","8.2026","1.32","0.64","0","0","0","0","0","0"
"Iohexol","Mental status changes","Mental status changes","精神状态改变","Psychiatric disorders","精神病类","11","11","6432","26771","19873265","6443","26782","19906479","1.27","0.7","2.29","1.27 (0.70, 2.29)","1.27","0.63","0.34","-0.26","8.6684","1.25","0.61","0","0","0","0","0","0"
"Iohexol","Hyperkalaemia","Hyperkalaemia","高钾血症","Metabolism and nutrition disorders","代谢及营养类疾病","11","11","6432","33186","19866850","6443","33197","19906479","1.02","0.57","1.85","1.02 (0.57, 1.85)","1.02","0.01","0.03","-0.57","10.7447","1.02","0.5","0","0","0","0","0","0"
"Iohexol","ARRHYTHMIA","ARRHYTHMIA","心律失常","Cardiac disorders","心脏器官疾病","11","11","6432","45644","19854392","6443","45655","19906479","0.74","0.41","1.34","0.74 (0.41, 1.34)","0.74","0.97","-0.43","-1.03","14.7769","0.75","0.37","0","0","0","0","0","0"
"Iohexol","Eye pain","Eye pain","眼痛","Eye disorders","眼器官疾病","11","11","6432","51812","19848224","6443","51823","19906479","0.66","0.36","1.18","0.66 (0.36, 1.18)","0.66","1.99","-0.61","-1.21","16.7732","0.67","0.32","0","0","0","0","0","0"
"Iohexol","Cardiac failure","Cardiac failure","心力衰竭","Cardiac disorders","心脏器官疾病","11","11","6432","76557","19823479","6443","76568","19906479","0.44","0.25","0.8","0.44 (0.25, 0.80)","0.44","7.7","-1.17","-1.78","24.7823","0.45","0.22","0","0","0","0","0","0"
"Iohexol","Gait disturbance","Gait disturbance","步态障碍","General disorders and administration site conditions","全身性疾病及给药部位各种反应","11","11","6432","183561","19716475","6443","183572","19906479","0.18","0.1","0.33","0.18 (0.10, 0.33)","0.19","39.83","-2.43","-3.04","59.4155","0.19","0.09","0","0","0","0","0","0"
"Iohexol","Injection site oedema","Injection site oedema","注射部位水肿","General disorders and administration site conditions","全身性疾病及给药部位各种反应","10","10","6433","1629","19898407","6443","1639","19906479","18.99","10.19","35.37","18.99 (10.19, 35.37)","18.96","169.11","4.24","3.6","0.5305","10.19","4.88","1","1","1","1","1","1"
"Iohexol","Choking sensation","Choking sensation","呛噎感","Respiratory, thoracic and mediastinal disorders","呼吸系统、胸及纵隔疾病","10","10","6433","5230","19894806","6443","5240","19906479","5.91","3.18","11","5.91 (3.18, 11.00)","5.91","40.68","2.56","1.93","1.696","4.78","2.29","1","1","1","1","1","1"
"Iohexol","Dialysis","Dialysis","透析","Surgical and medical procedures","各种手术及医疗操作","10","10","6433","13641","19886395","6443","13651","19906479","2.27","1.22","4.21","2.27 (1.22, 4.21)","2.26","7.06","1.18","0.55","4.4183","2.13","1.02","1","1","1","0","1","0"
"Iohexol","Pneumonia aspiration","Pneumonia aspiration","感染性吸入性肺炎","Infections and infestations","感染及侵染类疾病","10","10","6433","23547","19876489","6443","23557","19906479","1.31","0.71","2.44","1.31 (0.71, 2.44)","1.31","0.74","0.39","-0.24","7.6245","1.29","0.62","0","0","0","0","0","0"
"Iohexol","ACUTE MYOCARDIAL INFARCTION","ACUTE MYOCARDIAL INFARCTION","急性心肌梗死","Cardiac disorders","心脏器官疾病","10","10","6433","28815","19871221","6443","28825","19906479","1.07","0.58","1.99","1.07 (0.58, 1.99)","1.07","0.05","0.1","-0.53","9.3296","1.07","0.51","0","0","0","0","0","0"
"Iohexol","Eye disorder","Eye disorder","眼部疾病","Eye disorders","眼器官疾病","10","10","6433","31023","19869013","6443","31033","19906479","1","0.54","1.85","1.00 (0.54, 1.85)","1","0","-0.01","-0.64","10.0442","1","0.48","0","0","0","0","0","0"
"Iohexol","White blood cell count increased","White blood cell count increased","白细胞计数升高","Investigations","各类检查","10","10","6433","37132","19862904","6443","37142","19906479","0.83","0.45","1.55","0.83 (0.45, 1.55)","0.83","0.34","-0.27","-0.9","12.0215","0.84","0.4","0","0","0","0","0","0"
"Iohexol","MENTAL DISORDER","MENTAL DISORDER","精神障碍","Psychiatric disorders","精神病类","10","10","6433","41739","19858297","6443","41749","19906479","0.74","0.4","1.38","0.74 (0.40, 1.38)","0.74","0.92","-0.43","-1.07","13.5126","0.75","0.36","0","0","0","0","0","0"
"Iohexol","Hypoglycaemia","Hypoglycaemia","低血糖","Metabolism and nutrition disorders","代谢及营养类疾病","10","10","6433","46301","19853735","6443","46311","19906479","0.67","0.36","1.24","0.67 (0.36, 1.24)","0.67","1.67","-0.58","-1.22","14.9892","0.68","0.32","0","0","0","0","0","0"
"Iohexol","Pleural effusion","Pleural effusion","胸腔积液","Respiratory, thoracic and mediastinal disorders","呼吸系统、胸及纵隔疾病","10","10","6433","58497","19841539","6443","58507","19906479","0.53","0.28","0.98","0.53 (0.28, 0.98)","0.53","4.23","-0.92","-1.55","18.9366","0.54","0.26","0","0","0","0","0","0"
"Iohexol","Amnesia","Amnesia","失忆症","Nervous system disorders","各类神经系统疾病","10","10","6433","62420","19837616","6443","62430","19906479","0.49","0.27","0.92","0.49 (0.27, 0.92)","0.49","5.17","-1.01","-1.65","20.2063","0.51","0.24","0","0","0","0","0","0"
"Iohexol","Accidental exposure to product","Accidental exposure to product","意外暴露于产品","Injury, poisoning and procedural complications","各类损伤、中毒及操作并发症","10","10","6433","90816","19809220","6443","90826","19906479","0.34","0.18","0.63","0.34 (0.18, 0.63)","0.34","12.86","-1.56","-2.19","29.3971","0.35","0.17","0","0","0","0","0","0"
"Iohexol","Haemoglobin decreased","Haemoglobin decreased","血红蛋白降低","Investigations","各类检查","10","10","6433","98700","19801336","6443","98710","19906479","0.31","0.17","0.58","0.31 (0.17, 0.58)","0.31","15.16","-1.68","-2.31","31.9488","0.32","0.16","0","0","0","0","0","0"
"Iohexol","Livedo reticularis","Livedo reticularis","网状青斑","Skin and subcutaneous tissue disorders","皮肤及皮下组织类疾病","9","9","6434","1973","19898063","6443","1982","19906479","14.11","7.33","27.17","14.11 (7.33, 27.17)","14.09","108.95","3.81","3.14","0.6415","8.32","3.91","1","1","1","1","1","1"
"Iohexol","Periorbital swelling","Periorbital swelling","眶周肿","Eye disorders","眼器官疾病","9","9","6434","4957","19895079","6443","4966","19906479","5.61","2.92","10.8","5.61 (2.92, 10.80)","5.61","34.02","2.49","1.82","1.6073","4.51","2.12","1","1","1","1","1","1"
"Iohexol","Erythema of eyelid","Erythema of eyelid","眼睑红斑","Eye disorders","眼器官疾病","9","9","6434","5012","19895024","6443","5021","19906479","5.55","2.89","10.68","5.55 (2.89, 10.68)","5.55","33.49","2.47","1.8","1.6251","4.47","2.1","1","1","1","1","1","1"
"Iohexol","Rales","Rales","啰音","Respiratory, thoracic and mediastinal disorders","呼吸系统、胸及纵隔疾病","9","9","6434","5496","19894540","6443","5505","19906479","5.06","2.63","9.74","5.06 (2.63, 9.74)","5.06","29.26","2.34","1.67","1.7818","4.16","1.96","1","1","1","0","1","0"
"Iohexol","Swelling of eyelid","Swelling of eyelid","眼睑肿胀","Eye disorders","眼器官疾病","9","9","6434","5512","19894524","6443","5521","19906479","5.05","2.62","9.71","5.05 (2.62, 9.71)","5.04","29.13","2.33","1.66","1.7869","4.15","1.95","1","1","1","0","1","0"
"Iohexol","Tongue disorder","Tongue disorder","舌病","Gastrointestinal disorders","胃肠系统疾病","9","9","6434","7011","19893025","6443","7020","19906479","3.97","2.06","7.63","3.97 (2.06, 7.63)","3.96","19.94","1.99","1.32","2.2721","3.43","1.61","1","1","1","0","1","0"
"Iohexol","HAEMODIALYSIS","HAEMODIALYSIS","血液透析","Surgical and medical procedures","各种手术及医疗操作","9","9","6434","8385","19891651","6443","8394","19906479","3.32","1.73","6.38","3.32 (1.73, 6.38)","3.32","14.54","1.73","1.06","2.7168","2.95","1.39","1","1","1","0","1","0"
"Iohexol","INCONTINENCE","INCONTINENCE","失禁","Renal and urinary disorders","肾脏及泌尿系统疾病","9","9","6434","10133","19889903","6443","10142","19906479","2.75","1.43","5.28","2.75 (1.43, 5.28)","2.74","9.97","1.46","0.79","3.2826","2.51","1.18","1","1","1","0","1","0"
"Iohexol","Hypertensive crisis","Hypertensive crisis","高血压危象","Vascular disorders","血管与淋巴管类疾病","9","9","6434","10637","19889399","6443","10646","19906479","2.62","1.36","5.03","2.62 (1.36, 5.03)","2.61","8.96","1.39","0.72","3.4457","2.41","1.13","1","1","1","0","1","0"
"Iohexol","MYDRIASIS","MYDRIASIS","瞳孔散大","Eye disorders","眼器官疾病","9","9","6434","12238","19887798","6443","12247","19906479","2.27","1.18","4.37","2.27 (1.18, 4.37)","2.27","6.4","1.18","0.52","3.9639","2.13","1","1","1","1","0","1","0"
"Iohexol","Toxic epidermal necrolysis","Toxic epidermal necrolysis","中毒性表皮坏死松解症","Skin and subcutaneous tissue disorders","皮肤及皮下组织类疾病","9","9","6434","14198","19885838","6443","14207","19906479","1.96","1.02","3.77","1.96 (1.02, 3.77)","1.96","4.22","0.97","0.3","4.5983","1.86","0.88","1","0","1","0","0","0"
"Iohexol","Hemiparesis","Hemiparesis","单侧轻瘫","Nervous system disorders","各类神经系统疾病","9","9","6434","16333","19883703","6443","16342","19906479","1.7","0.89","3.27","1.70 (0.89, 3.27)","1.7","2.61","0.77","0.1","5.2893","1.64","0.77","0","0","1","0","0","0"
"Iohexol","Acute respiratory distress syndrome","Acute respiratory distress syndrome","急性呼吸窘迫综合征","Respiratory, thoracic and mediastinal disorders","呼吸系统、胸及纵隔疾病","9","9","6434","16855","19883181","6443","16864","19906479","1.65","0.86","3.17","1.65 (0.86, 3.17)","1.65","2.3","0.72","0.05","5.4583","1.59","0.75","0","0","1","0","0","0"
"Iohexol","Choking","Choking","呛噎","Respiratory, thoracic and mediastinal disorders","呼吸系统、胸及纵隔疾病","9","9","6434","18467","19881569","6443","18476","19906479","1.51","0.78","2.9","1.51 (0.78, 2.90)","1.51","1.53","0.59","-0.08","5.98","1.47","0.69","0","0","0","0","0","0"
"Iohexol","Pancreatitis acute","Pancreatitis acute","急性胰腺炎","Gastrointestinal disorders","胃肠系统疾病","9","9","6434","21072","19878964","6443","21081","19906479","1.32","0.69","2.54","1.32 (0.69, 2.54)","1.32","0.7","0.4","-0.27","6.8231","1.3","0.61","0","0","0","0","0","0"
"Iohexol","Deafness","Deafness","耳聋","Ear and labyrinth disorders","耳及迷路类疾病","9","9","6434","24788","19875248","6443","24797","19906479","1.12","0.58","2.16","1.12 (0.58, 2.16)","1.12","0.12","0.17","-0.5","8.0259","1.11","0.52","0","0","0","0","0","0"
"Iohexol","Asthma","Asthma","哮喘","Respiratory, thoracic and mediastinal disorders","呼吸系统、胸及纵隔疾病","9","9","6434","103149","19796887","6443","103158","19906479","0.27","0.14","0.52","0.27 (0.14, 0.52)","0.27","17.91","-1.89","-2.56","33.3885","0.28","0.13","0","0","0","0","0","0"
"Iohexol","GENERAL PHYSICAL HEALTH DETERIORATION","GENERAL PHYSICAL HEALTH DETERIORATION","全身状况恶化","General disorders and administration site conditions","全身性疾病及给药部位各种反应","9","9","6434","106884","19793152","6443","106893","19906479","0.26","0.13","0.5","0.26 (0.13, 0.50)","0.26","19.05","-1.94","-2.61","34.5974","0.27","0.13","0","0","0","0","0","0"
"Iohexol","INJECTION SITE ERYTHEMA","INJECTION SITE ERYTHEMA","注射部位红斑","General disorders and administration site conditions","全身性疾病及给药部位各种反应","9","9","6434","117136","19782900","6443","117145","19906479","0.24","0.12","0.45","0.24 (0.12, 0.45)","0.24","22.19","-2.07","-2.74","37.9156","0.25","0.12","0","0","0","0","0","0"
"Iohexol","Drug interaction","Drug interaction","药物相互作用","General disorders and administration site conditions","全身性疾病及给药部位各种反应","9","9","6434","150321","19749715","6443","150330","19906479","0.18","0.1","0.35","0.18 (0.10, 0.35)","0.18","32.58","-2.43","-3.1","48.6563","0.19","0.09","0","0","0","0","0","0"
"Iohexol","Blood glucose increased","Blood glucose increased","血葡萄糖升高","Investigations","各类检查","9","9","6434","182170","19717866","6443","182179","19906479","0.15","0.08","0.29","0.15 (0.08, 0.29)","0.15","42.74","-2.71","-3.38","58.9647","0.16","0.08","0","0","0","0","0","0"
"Iohexol","Pharyngeal paraesthesia","Pharyngeal paraesthesia","咽异常感觉","Respiratory, thoracic and mediastinal disorders","呼吸系统、胸及纵隔疾病","8","8","6435","1417","19898619","6443","1425","19906479","17.46","8.71","34.99","17.46 (8.71, 34.99)","17.44","123.27","4.12","3.41","0.4612","8.84","4.05","1","1","1","1","1","1"
"Iohexol","INDURATION","INDURATION","硬结","General disorders and administration site conditions","全身性疾病及给药部位各种反应","8","8","6435","1723","19898313","6443","1731","19906479","14.36","7.17","28.77","14.36 (7.17, 28.77)","14.34","98.83","3.84","3.13","0.5603","8.02","3.67","1","1","1","1","1","1"
"Iohexol","Type IV hypersensitivity reaction","Type IV hypersensitivity reaction","IV型超敏反应","Immune system disorders","免疫系统疾病","8","8","6435","2578","19897458","6443","2586","19906479","9.6","4.79","19.22","9.60 (4.79, 19.22)","9.58","61.33","3.26","2.55","0.837","6.36","2.91","1","1","1","1","1","1"
"Iohexol","Laryngospasm","Laryngospasm","喉痉挛","Respiratory, thoracic and mediastinal disorders","呼吸系统、胸及纵隔疾病","8","8","6435","2600","19897436","6443","2608","19906479","9.51","4.75","19.05","9.51 (4.75, 19.05)","9.5","60.69","3.24","2.54","0.8441","6.32","2.9","1","1","1","1","1","1"
"Iohexol","Throat clearing","Throat clearing","清嗓","Respiratory, thoracic and mediastinal disorders","呼吸系统、胸及纵隔疾病","8","8","6435","3404","19896632","6443","3412","19906479","7.27","3.63","14.55","7.27 (3.63, 14.55)","7.26","43.08","2.86","2.15","1.1043","5.3","2.43","1","1","1","1","1","1"
"Iohexol","Tongue oedema","Tongue oedema","舌水肿","Gastrointestinal disorders","胃肠系统疾病","8","8","6435","3660","19896376","6443","3668","19906479","6.76","3.38","13.53","6.76 (3.38, 13.53)","6.75","39.12","2.75","2.04","1.1872","5.04","2.31","1","1","1","1","1","1"
"Iohexol","SKIN TIGHTNESS","SKIN TIGHTNESS","皮肤紧缩感","Skin and subcutaneous tissue disorders","皮肤及皮下组织类疾病","8","8","6435","4474","19895562","6443","4482","19906479","5.53","2.76","11.07","5.53 (2.76, 11.07)","5.52","29.58","2.46","1.76","1.4507","4.36","2","1","1","1","1","1","1"
"Iohexol","PERIORBITAL OEDEMA","PERIORBITAL OEDEMA","眼眶周围水肿","Eye disorders","眼器官疾病","8","8","6435","4907","19895129","6443","4915","19906479","5.04","2.52","10.09","5.04 (2.52, 10.09)","5.04","25.84","2.33","1.62","1.5908","4.07","1.86","1","1","1","0","1","0"
"Iohexol","GRAND MAL CONVULSION","GRAND MAL CONVULSION",,,,"8","8","6435","9339","19890697","6443","9347","19906479","2.65","1.32","5.3","2.65 (1.32, 5.30)","2.65","8.19","1.4","0.7","3.0253","2.41","1.1","1","1","1","0","1","0"
"Iohexol","Hypothermia","Hypothermia","体温过低","General disorders and administration site conditions","全身性疾病及给药部位各种反应","8","8","6435","9680","19890356","6443","9688","19906479","2.55","1.28","5.11","2.55 (1.28, 5.11)","2.55","7.55","1.35","0.64","3.1357","2.34","1.07","1","1","1","0","1","0"
"Iohexol","RESPIRATORY DEPRESSION","RESPIRATORY DEPRESSION","呼吸抑制","Respiratory, thoracic and mediastinal disorders","呼吸系统、胸及纵隔疾病","8","8","6435","11592","19888444","6443","11600","19906479","2.13","1.07","4.27","2.13 (1.07, 4.27)","2.13","4.81","1.09","0.38","3.7545","2","0.92","1","1","1","0","1","0"
"Iohexol","Oral discomfort","Oral discomfort","口腔不适","Gastrointestinal disorders","胃肠系统疾病","8","8","6435","13256","19886780","6443","13264","19906479","1.87","0.93","3.73","1.87 (0.93, 3.73)","1.86","3.2","0.9","0.19","4.2931","1.77","0.81","0","0","1","0","0","0"
"Iohexol","SINUS TACHYCARDIA","SINUS TACHYCARDIA","窦性心动过速","Cardiac disorders","心脏器官疾病","8","8","6435","13655","19886381","6443","13663","19906479","1.81","0.9","3.62","1.81 (0.90, 3.62)","1.81","2.9","0.86","0.15","4.4222","1.73","0.79","0","0","1","0","0","0"
"Iohexol","Thirst","Thirst","口渴","General disorders and administration site conditions","全身性疾病及给药部位各种反应","8","8","6435","16896","19883140","6443","16904","19906479","1.46","0.73","2.93","1.46 (0.73, 2.93)","1.46","1.17","0.55","-0.16","5.4712","1.42","0.65","0","0","0","0","0","0"
"Iohexol","MULTI-ORGAN FAILURE","MULTI-ORGAN FAILURE",,,,"8","8","6435","17600","19882436","6443","17608","19906479","1.4","0.7","2.81","1.40 (0.70, 2.81)","1.4","0.93","0.49","-0.22","5.6991","1.37","0.63","0","0","0","0","0","0"
"Iohexol","Blood pressure systolic increased","Blood pressure systolic increased","收缩压升高","Investigations","各类检查","8","8","6435","18582","19881454","6443","18590","19906479","1.33","0.66","2.66","1.33 (0.66, 2.66)","1.33","0.65","0.41","-0.3","6.0169","1.3","0.6","0","0","0","0","0","0"
"Iohexol","Rash papular","Rash papular","丘疹样皮疹","Skin and subcutaneous tissue disorders","皮肤及皮下组织类疾病","8","8","6435","21562","19878474","6443","21570","19906479","1.15","0.57","2.29","1.15 (0.57, 2.29)","1.15","0.15","0.2","-0.51","6.9814","1.14","0.52","0","0","0","0","0","0"
"Iohexol","BLOOD PRESSURE FLUCTUATION","BLOOD PRESSURE FLUCTUATION","血压波动","Vascular disorders","血管与淋巴管类疾病","8","8","6435","22981","19877055","6443","22989","19906479","1.08","0.54","2.15","1.08 (0.54, 2.15)","1.08","0.04","0.1","-0.6","7.4407","1.07","0.49","0","0","0","0","0","0"
"Iohexol","Haematemesis","Haematemesis","呕血","Gastrointestinal disorders","胃肠系统疾病","8","8","6435","24285","19875751","6443","24293","19906479","1.02","0.51","2.04","1.02 (0.51, 2.04)","1.02","0","0.02","-0.68","7.8628","1.02","0.47","0","0","0","0","0","0"
"Iohexol","Dysstasia","Dysstasia","起立困难","Nervous system disorders","各类神经系统疾病","8","8","6435","28104","19871932","6443","28112","19906479","0.88","0.44","1.76","0.88 (0.44, 1.76)","0.88","0.13","-0.19","-0.89","9.0988","0.89","0.41","0","0","0","0","0","0"
"Iohexol","Metabolic acidosis","Metabolic acidosis","代谢性酸中毒","Metabolism and nutrition disorders","代谢及营养类疾病","8","8","6435","29799","19870237","6443","29807","19906479","0.83","0.41","1.66","0.83 (0.41, 1.66)","0.83","0.28","-0.27","-0.98","9.6474","0.84","0.38","0","0","0","0","0","0"
"Iohexol","Urinary retention","Urinary retention","尿潴留","Renal and urinary disorders","肾脏及泌尿系统疾病","8","8","6435","31638","19868398","6443","31646","19906479","0.78","0.39","1.56","0.78 (0.39, 1.56)","0.78","0.49","-0.36","-1.06","10.2427","0.79","0.36","0","0","0","0","0","0"
"Iohexol","Blindness","Blindness","失明","Eye disorders","眼器官疾病","8","8","6435","38440","19861596","6443","38448","19906479","0.64","0.32","1.29","0.64 (0.32, 1.29)","0.64","1.59","-0.64","-1.35","12.4442","0.66","0.3","0","0","0","0","0","0"
"Iohexol","Cognitive disorder","Cognitive disorder","认知障碍","Nervous system disorders","各类神经系统疾病","8","8","6435","43823","19856213","6443","43831","19906479","0.56","0.28","1.13","0.56 (0.28, 1.13)","0.56","2.7","-0.83","-1.53","14.1865","0.58","0.27","0","0","0","0","0","0"
"Iohexol","Dry eye","Dry eye","干眼","Eye disorders","眼器官疾病","8","8","6435","44236","19855800","6443","44244","19906479","0.56","0.28","1.12","0.56 (0.28, 1.12)","0.56","2.8","-0.84","-1.55","14.3202","0.57","0.26","0","0","0","0","0","0"
"Iohexol","Eczema","Eczema","湿疹","Skin and subcutaneous tissue disorders","皮肤及皮下组织类疾病","8","8","6435","43928","19856108","6443","43936","19906479","0.56","0.28","1.12","0.56 (0.28, 1.12)","0.56","2.73","-0.83","-1.54","14.2205","0.58","0.26","0","0","0","0","0","0"
"Iohexol","Aggression","Aggression","攻击性","Psychiatric disorders","精神病类","8","8","6435","48225","19851811","6443","48233","19906479","0.51","0.26","1.02","0.51 (0.26, 1.02)","0.51","3.72","-0.96","-1.67","15.6113","0.53","0.24","0","0","0","0","0","0"
"Iohexol","Device malfunction","Device malfunction","器械功能故障","Product issues","产品问题","8","8","6435","61217","19838819","6443","61225","19906479","0.4","0.2","0.81","0.40 (0.20, 0.81)","0.4","7.07","-1.31","-2.02","19.8163","0.42","0.19","0","0","0","0","0","0"
"Iohexol","Hot flush","Hot flush","潮热","Vascular disorders","血管与淋巴管类疾病","8","8","6435","72272","19827764","6443","72280","19906479","0.34","0.17","0.68","0.34 (0.17, 0.68)","0.34","10.17","-1.55","-2.26","23.3944","0.36","0.16","0","0","0","0","0","0"
"Iohexol","RENAL IMPAIRMENT","RENAL IMPAIRMENT","肾功能损害","Renal and urinary disorders","肾脏及泌尿系统疾病","8","8","6435","78931","19821105","6443","78939","19906479","0.31","0.16","0.62","0.31 (0.16, 0.62)","0.31","12.11","-1.68","-2.38","25.5497","0.33","0.15","0","0","0","0","0","0"
"Iohexol","Thrombocytopenia","Thrombocytopenia","血小板减少症","Blood and lymphatic system disorders","血液及淋巴系统疾病","8","8","6435","105534","19794502","6443","105542","19906479","0.23","0.12","0.47","0.23 (0.12, 0.47)","0.23","20.15","-2.09","-2.8","34.1601","0.25","0.11","0","0","0","0","0","0"
"Iohexol","Overdose","Overdose","用药过量","Injury, poisoning and procedural complications","各类损伤、中毒及操作并发症","8","8","6435","208247","19691789","6443","208255","19906479","0.12","0.06","0.24","0.12 (0.06, 0.24)","0.12","52.92","-3.07","-3.78","67.4045","0.13","0.06","0","0","0","0","0","0"
"Iohexol","Pneumonia","Pneumonia","感染性肺炎","Infections and infestations","感染及侵染类疾病","8","8","6435","305339","19594697","6443","305347","19906479","0.08","0.04","0.16","0.08 (0.04, 0.16)","0.08","84.81","-3.63","-4.33","98.8297","0.09","0.04","0","0","0","0","0","0"
"Iohexol","Inappropriate release of product for distribution","Inappropriate release of product for distribution","产品被不当分发配送","Product issues","产品问题","7","7","6436","38","19899998","6443","45","19906479","569.58","254.26","1275.92","569.58 (254.26, 1,275.92)","568.96","3351.37","8.91","8.09","0.0146","14.58","6.48","1","1","1","1","1","1"
"Iohexol","Product with quality issue administered","Product with quality issue administered","给用了有质量问题的产品","Injury, poisoning and procedural complications","各类损伤、中毒及操作并发症","7","7","6436","212","19899824","6443","219","19906479","102.09","48.06","216.85","102.09 (48.06, 216.85)","101.98","677.58","6.63","5.86","0.0709","13.14","5.84","1","1","1","1","1","1"
"Iohexol","Respiratory tract oedema","Respiratory tract oedema","呼吸道水肿","Respiratory, thoracic and mediastinal disorders","呼吸系统、胸及纵隔疾病","7","7","6436","673","19899363","6443","680","19906479","32.16","15.27","67.75","32.16 (15.27, 67.75)","32.13","208.93","4.99","4.23","0.2201","10.42","4.63","1","1","1","1","1","1"
"Iohexol","Gaze palsy","Gaze palsy","凝视麻痹","Eye disorders","眼器官疾病","7","7","6436","1613","19898423","6443","1620","19906479","13.42","6.38","28.2","13.42 (6.38, 28.20)","13.4","80.01","3.74","2.98","0.5243","7.32","3.26","1","1","1","1","1","1"
"Iohexol","Hyperaemia","Hyperaemia","充血","Vascular disorders","血管与淋巴管类疾病","7","7","6436","1868","19898168","6443","1875","19906479","11.59","5.51","24.35","11.59 (5.51, 24.35)","11.57","67.38","3.53","2.77","0.6069","6.78","3.01","1","1","1","1","1","1"
"Iohexol","Vomiting projectile","Vomiting projectile","喷射样呕吐","Gastrointestinal disorders","胃肠系统疾病","7","7","6436","2639","19897397","6443","2646","19906479","8.2","3.9","17.23","8.20 (3.90, 17.23)","8.19","44.09","3.03","2.27","0.8564","5.53","2.46","1","1","1","1","1","1"
"Iohexol","Ear pruritus","Ear pruritus","耳瘙痒","Ear and labyrinth disorders","耳及迷路类疾病","7","7","6436","3184","19896852","6443","3191","19906479","6.8","3.24","14.27","6.80 (3.24, 14.27)","6.79","34.49","2.76","2","1.0328","4.89","2.18","1","1","1","1","1","1"
"Iohexol","Electrocardiogram ST segment elevation","Electrocardiogram ST segment elevation","心电图ST段抬高","Investigations","各类检查","7","7","6436","3209","19896827","6443","3216","19906479","6.74","3.21","14.16","6.74 (3.21, 14.16)","6.74","34.13","2.75","1.99","1.0409","4.87","2.16","1","1","1","1","1","1"
"Iohexol","Pulseless electrical activity","Pulseless electrical activity","无脉性电活动","Cardiac disorders","心脏器官疾病","7","7","6436","3901","19896135","6443","3908","19906479","5.55","2.64","11.65","5.55 (2.64, 11.65)","5.54","26.02","2.47","1.71","1.2649","4.25","1.89","1","1","1","0","1","0"
"Iohexol","Breath sounds abnormal","Breath sounds abnormal","呼吸音异常","Investigations","各类检查","7","7","6436","4574","19895462","6443","4581","19906479","4.73","2.25","9.93","4.73 (2.25, 9.93)","4.73","20.54","2.24","1.48","1.4827","3.78","1.68","1","1","1","0","1","0"
"Iohexol","Panic reaction","Panic reaction","惊恐反应","Psychiatric disorders","精神病类","7","7","6436","6889","19893147","6443","6896","19906479","3.14","1.5","6.59","3.14 (1.50, 6.59)","3.14","10.19","1.65","0.89","2.232","2.75","1.22","1","1","1","0","1","0"
"Iohexol","Ear discomfort","Ear discomfort","耳部不适","Ear and labyrinth disorders","耳及迷路类疾病","7","7","6436","9738","19890298","6443","9745","19906479","2.22","1.06","4.66","2.22 (1.06, 4.66)","2.22","4.69","1.15","0.39","3.1541","2.05","0.91","1","1","1","0","1","0"
"Iohexol","Muscle rigidity","Muscle rigidity","肌肉强直","Musculoskeletal and connective tissue disorders","各种肌肉骨骼及结缔组织疾病","7","7","6436","11344","19888692","6443","11351","19906479","1.91","0.91","4","1.91 (0.91, 4.00)","1.91","3.01","0.93","0.17","3.6739","1.8","0.8","0","0","1","0","0","0"
"Iohexol","Coagulopathy","Coagulopathy","凝血障碍","Blood and lymphatic system disorders","血液及淋巴系统疾病","7","7","6436","15914","19884122","6443","15921","19906479","1.36","0.65","2.85","1.36 (0.65, 2.85)","1.36","0.66","0.44","-0.31","5.153","1.33","0.59","0","0","0","0","0","0"
"Iohexol","Head discomfort","Head discomfort","头部不适","Nervous system disorders","各类神经系统疾病","7","7","6436","16531","19883505","6443","16538","19906479","1.31","0.62","2.75","1.31 (0.62, 2.75)","1.31","0.51","0.39","-0.37","5.3527","1.28","0.57","0","0","0","0","0","0"
"Iohexol","PHARMACEUTICAL PRODUCT COMPLAINT","PHARMACEUTICAL PRODUCT COMPLAINT",,,,"7","7","6436","26044","19873992","6443","26051","19906479","0.83","0.4","1.74","0.83 (0.40, 1.74)","0.83","0.24","-0.27","-1.02","8.4318","0.84","0.37","0","0","0","0","0","0"
"Iohexol","HEPATIC FUNCTION ABNORMAL","HEPATIC FUNCTION ABNORMAL","肝功能异常","Hepatobiliary disorders","肝胆系统疾病","7","7","6436","34806","19865230","6443","34813","19906479","0.62","0.3","1.3","0.62 (0.30, 1.30)","0.62","1.62","-0.69","-1.44","11.2677","0.64","0.28","0","0","0","0","0","0"
"Iohexol","Panic attack","Panic attack","惊恐发作","Psychiatric disorders","精神病类","7","7","6436","34909","19865127","6443","34916","19906479","0.62","0.29","1.3","0.62 (0.29, 1.30)","0.62","1.64","-0.69","-1.45","11.301","0.64","0.28","0","0","0","0","0","0"
"Iohexol","DYSURIA","DYSURIA","排尿困难","Renal and urinary disorders","肾脏及泌尿系统疾病","7","7","6436","35284","19864752","6443","35291","19906479","0.61","0.29","1.29","0.61 (0.29, 1.29)","0.61","1.72","-0.71","-1.46","11.4224","0.63","0.28","0","0","0","0","0","0"
"Iohexol","Abortion spontaneous","Abortion spontaneous","自发流产","Pregnancy, puerperium and perinatal conditions","妊娠期、产褥期及围产期状况","7","7","6436","38502","19861534","6443","38509","19906479","0.56","0.27","1.18","0.56 (0.27, 1.18)","0.56","2.4","-0.83","-1.59","12.464","0.58","0.26","0","0","0","0","0","0"
"Iohexol","HYPOKALAEMIA","HYPOKALAEMIA","低钾血症","Metabolism and nutrition disorders","代谢及营养类疾病","7","7","6436","43585","19856451","6443","43592","19906479","0.5","0.24","1.04","0.50 (0.24, 1.04)","0.5","3.59","-1.01","-1.77","14.1091","0.51","0.23","0","0","0","0","0","0"
"Iohexol","TINNITUS","TINNITUS","耳鸣","Ear and labyrinth disorders","耳及迷路类疾病","7","7","6436","43857","19856179","6443","43864","19906479","0.49","0.23","1.03","0.49 (0.23, 1.03)","0.49","3.66","-1.02","-1.78","14.1972","0.51","0.23","0","0","0","0","0","0"
"Iohexol","Hyponatraemia","Hyponatraemia","低钠血症","Metabolism and nutrition disorders","代谢及营养类疾病","7","7","6436","53596","19846440","6443","53603","19906479","0.4","0.19","0.85","0.40 (0.19, 0.85)","0.4","6.19","-1.31","-2.07","17.3493","0.42","0.19","0","0","0","0","0","0"
"Iohexol","Epistaxis","Epistaxis","鼻衄","Respiratory, thoracic and mediastinal disorders","呼吸系统、胸及纵隔疾病","7","7","6436","71399","19828637","6443","71406","19906479","0.3","0.14","0.63","0.30 (0.14, 0.63)","0.3","11.28","-1.72","-2.48","23.1115","0.32","0.14","0","0","0","0","0","0"
"Iohexol","Haemorrhage","Haemorrhage","出血","Vascular disorders","血管与淋巴管类疾病","7","7","6436","98897","19801139","6443","98904","19906479","0.22","0.1","0.46","0.22 (0.10, 0.46)","0.22","19.65","-2.19","-2.95","32.0116","0.23","0.1","0","0","0","0","0","0"
"Iohexol","Visual impairment","Visual impairment","视觉损害","Eye disorders","眼器官疾病","7","7","6436","115659","19784377","6443","115666","19906479","0.19","0.09","0.39","0.19 (0.09, 0.39)","0.19","24.9","-2.42","-3.18","37.4369","0.2","0.09","0","0","0","0","0","0"
"Iohexol","Anaemia","Anaemia","贫血","Blood and lymphatic system disorders","血液及淋巴系统疾病","7","7","6436","182775","19717261","6443","182782","19906479","0.12","0.06","0.25","0.12 (0.06, 0.25)","0.12","46.43","-3.08","-3.84","59.1599","0.13","0.06","0","0","0","0","0","0"
"Iohexol","Inadvertent injection air bubble","Inadvertent injection air bubble","不慎注入气泡","Injury, poisoning and procedural complications","各类损伤、中毒及操作并发症","6","6","6437","90","19899946","6443","96","19906479","206.1","90.16","471.13","206.10 (90.16, 471.13)","205.91","1147.02","7.59","6.75","0.0311","12.24","5.23","1","1","1","1","1","1"
"Iohexol","Larynx irritation","Larynx irritation","喉刺激","Respiratory, thoracic and mediastinal disorders","呼吸系统、胸及纵隔疾病","6","6","6437","213","19899823","6443","219","19906479","87.08","38.67","196.09","87.08 (38.67, 196.09)","87","496.12","6.4","5.58","0.0709","11.39","4.87","1","1","1","1","1","1"
"Iohexol","Conjunctival oedema","Conjunctival oedema","结膜水肿","Eye disorders","眼器官疾病","6","6","6437","973","19899063","6443","979","19906479","19.06","8.54","42.55","19.06 (8.54, 42.55)","19.05","101.97","4.24","3.42","0.3169","7.96","3.4","1","1","1","1","1","1"
"Iohexol","Ear swelling","Ear swelling","耳肿","Ear and labyrinth disorders","耳及迷路类疾病","6","6","6437","1978","19898058","6443","1984","19906479","9.38","4.21","20.9","9.38 (4.21, 20.90)","9.37","44.72","3.22","2.41","0.6421","5.69","2.43","1","1","1","1","1","1"
"Iohexol","Kounis syndrome","Kounis syndrome","过敏性冠状动脉痉挛综合征","Cardiac disorders","心脏器官疾病","6","6","6437","2052","19897984","6443","2058","19906479","9.04","4.05","20.15","9.04 (4.05, 20.15)","9.03","42.73","3.17","2.35","0.6661","5.57","2.38","1","1","1","1","1","1"
"Iohexol","Respiratory rate decreased","Respiratory rate decreased","呼吸频率降低","Investigations","各类检查","6","6","6437","3024","19897012","6443","3030","19906479","6.13","2.75","13.67","6.13 (2.75, 13.67)","6.13","25.7","2.61","1.8","0.9807","4.39","1.88","1","1","1","0","1","0"
"Iohexol","MENINGITIS ASEPTIC","MENINGITIS ASEPTIC","无菌性脑膜炎","Infections and infestations","感染及侵染类疾病","6","6","6437","4200","19895836","6443","4206","19906479","4.42","1.98","9.84","4.42 (1.98, 9.84)","4.41","15.81","2.14","1.32","1.3613","3.49","1.49","1","1","1","0","1","0"
"Iohexol","Localised oedema","Localised oedema","局部水肿","General disorders and administration site conditions","全身性疾病及给药部位各种反应","6","6","6437","4451","19895585","6443","4457","19906479","4.17","1.87","9.28","4.17 (1.87, 9.28)","4.16","14.41","2.06","1.24","1.4426","3.35","1.43","1","1","1","0","1","0"
"Iohexol","Faecal incontinence","Faecal incontinence",,,,"6","6","6437","4821","19895215","6443","4827","19906479","3.85","1.73","8.57","3.85 (1.73, 8.57)","3.84","12.61","1.94","1.12","1.5623","3.15","1.35","1","1","1","0","1","0"
"Iohexol","HEART RATE ABNORMAL","HEART RATE ABNORMAL","心率异常","Investigations","各类检查","6","6","6437","5212","19894824","6443","5218","19906479","3.56","1.6","7.93","3.56 (1.60, 7.93)","3.56","11.01","1.83","1.01","1.6889","2.97","1.27","1","1","1","0","1","0"
"Iohexol","Odynophagia","Odynophagia","吞咽痛","Gastrointestinal disorders","胃肠系统疾病","6","6","6437","5548","19894488","6443","5554","19906479","3.34","1.5","7.45","3.34 (1.50, 7.45)","3.34","9.83","1.74","0.92","1.7976","2.83","1.21","1","1","1","0","1","0"
"Iohexol","Occupational exposure to product","Occupational exposure to product","职业性暴露于产品","Injury, poisoning and procedural complications","各类损伤、中毒及操作并发症","6","6","6437","6251","19893785","6443","6257","19906479","2.97","1.33","6.61","2.97 (1.33, 6.61)","2.96","7.81","1.57","0.75","2.0252","2.57","1.1","1","1","1","0","1","0"
"Iohexol","Dermatitis bullous","Dermatitis bullous","大疱性皮炎","Skin and subcutaneous tissue disorders","皮肤及皮下组织类疾病","6","6","6437","6849","19893187","6443","6855","19906479","2.71","1.22","6.03","2.71 (1.22, 6.03)","2.71","6.45","1.44","0.62","2.2187","2.39","1.02","1","1","1","0","1","0"
"Iohexol","Sensory loss","Sensory loss","感知觉缺失","Nervous system disorders","各类神经系统疾病","6","6","6437","7671","19892365","6443","7677","19906479","2.42","1.09","5.38","2.42 (1.09, 5.38)","2.42","4.98","1.27","0.45","2.4848","2.18","0.93","1","1","1","0","1","0"
"Iohexol","Acute coronary syndrome","Acute coronary syndrome","急性冠脉综合征","Cardiac disorders","心脏器官疾病","6","6","6437","8131","19891905","6443","8137","19906479","2.28","1.02","5.08","2.28 (1.02, 5.08)","2.28","4.31","1.19","0.37","2.6336","2.07","0.89","1","1","1","0","1","0"
"Iohexol","ANURIA","ANURIA","无尿","Renal and urinary disorders","肾脏及泌尿系统疾病","6","6","6437","8342","19891694","6443","8348","19906479","2.22","1","4.95","2.22 (1.00, 4.95)","2.22","4.03","1.15","0.33","2.7019","2.03","0.87","0","1","1","0","0","0"
"Iohexol","HYPOTONIA","HYPOTONIA","张力减低","Nervous system disorders","各类神经系统疾病","6","6","6437","9603","19890433","6443","9609","19906479","1.93","0.87","4.3","1.93 (0.87, 4.30)","1.93","2.69","0.95","0.13","3.1101","1.8","0.77","0","0","1","0","0","0"
"Iohexol","SCRATCH","SCRATCH","抓伤","Injury, poisoning and procedural complications","各类损伤、中毒及操作并发症","6","6","6437","9593","19890443","6443","9599","19906479","1.93","0.87","4.3","1.93 (0.87, 4.30)","1.93","2.7","0.95","0.13","3.1068","1.8","0.77","0","0","1","0","0","0"
"Iohexol","No therapeutic response","No therapeutic response",,,,"6","6","6437","12206","19887830","6443","12212","19906479","1.52","0.68","3.38","1.52 (0.68, 3.38)","1.52","1.06","0.6","-0.21","3.9526","1.46","0.62","0","0","0","0","0","0"
"Iohexol","Aphonia","Aphonia","失声","Respiratory, thoracic and mediastinal disorders","呼吸系统、胸及纵隔疾病","6","6","6437","13238","19886798","6443","13244","19906479","1.4","0.63","3.12","1.40 (0.63, 3.12)","1.4","0.69","0.49","-0.33","4.2866","1.36","0.58","0","0","0","0","0","0"
"Iohexol","Paralysis","Paralysis","瘫痪","Nervous system disorders","各类神经系统疾病","6","6","6437","13755","19886281","6443","13761","19906479","1.35","0.61","3","1.35 (0.61, 3.00)","1.35","0.54","0.43","-0.39","4.4539","1.31","0.56","0","0","0","0","0","0"
"Iohexol","Generalised tonic-clonic seizure","Generalised tonic-clonic seizure","全身强直阵挛性癫痫发作","Nervous system disorders","各类神经系统疾病","6","6","6437","15310","19884726","6443","15316","19906479","1.21","0.54","2.7","1.21 (0.54, 2.70)","1.21","0.22","0.28","-0.54","4.9572","1.19","0.51","0","0","0","0","0","0"
"Iohexol","Conjunctivitis","Conjunctivitis","结膜炎","Infections and infestations","感染及侵染类疾病","6","6","6437","17225","19882811","6443","17231","19906479","1.08","0.48","2.4","1.08 (0.48, 2.40)","1.08","0.03","0.11","-0.71","5.577","1.07","0.46","0","0","0","0","0","0"
"Iohexol","Ear pain","Ear pain","耳痛","Ear and labyrinth disorders","耳及迷路类疾病","6","6","6437","18396","19881640","6443","18402","19906479","1.01","0.45","2.24","1.01 (0.45, 2.24)","1.01","0","0.01","-0.81","5.9561","1.01","0.43","0","0","0","0","0","0"
"Iohexol","Cerebral infarction","Cerebral infarction","脑部梗死","Nervous system disorders","各类神经系统疾病","6","6","6437","23547","19876489","6443","23553","19906479","0.79","0.35","1.75","0.79 (0.35, 1.75)","0.79","0.35","-0.35","-1.16","7.6232","0.8","0.34","0","0","0","0","0","0"
"Iohexol","Diplopia","Diplopia","复视","Eye disorders","眼器官疾病","6","6","6437","24493","19875543","6443","24499","19906479","0.76","0.34","1.68","0.76 (0.34, 1.68)","0.76","0.47","-0.4","-1.22","7.9294","0.77","0.33","0","0","0","0","0","0"
"Iohexol","Epilepsy","Epilepsy","癫痫","Nervous system disorders","各类神经系统疾病","6","6","6437","28562","19871474","6443","28568","19906479","0.65","0.29","1.44","0.65 (0.29, 1.44)","0.65","1.14","-0.62","-1.44","9.2464","0.67","0.29","0","0","0","0","0","0"
"Iohexol","Haematuria","Haematuria","血尿症","Renal and urinary disorders","肾脏及泌尿系统疾病","6","6","6437","32938","19867098","6443","32944","19906479","0.56","0.25","1.25","0.56 (0.25, 1.25)","0.56","2.04","-0.83","-1.65","10.6628","0.58","0.25","0","0","0","0","0","0"
"Iohexol","INCORRECT ROUTE OF DRUG ADMINISTRATION","INCORRECT ROUTE OF DRUG ADMINISTRATION",,,,"6","6","6437","35670","19864366","6443","35676","19906479","0.52","0.23","1.16","0.52 (0.23, 1.16)","0.52","2.67","-0.94","-1.76","11.547","0.54","0.23","0","0","0","0","0","0"
"Iohexol","Abnormal behaviour","Abnormal behaviour","异常行为","Psychiatric disorders","精神病类","6","6","6437","38514","19861522","6443","38520","19906479","0.48","0.22","1.07","0.48 (0.22, 1.07)","0.48","3.36","-1.06","-1.87","12.4675","0.5","0.21","0","0","0","0","0","0"
"Iohexol","RHABDOMYOLYSIS","RHABDOMYOLYSIS","横纹肌溶解","Musculoskeletal and connective tissue disorders","各种肌肉骨骼及结缔组织疾病","6","6","6437","39489","19860547","6443","39495","19906479","0.47","0.21","1.04","0.47 (0.21, 1.04)","0.47","3.61","-1.09","-1.91","12.7831","0.49","0.21","0","0","0","0","0","0"
"Iohexol","Nervousness","Nervousness","神经紧张不安","Psychiatric disorders","精神病类","6","6","6437","50724","19849312","6443","50730","19906479","0.36","0.16","0.81","0.36 (0.16, 0.81)","0.37","6.63","-1.45","-2.27","16.4194","0.38","0.16","0","0","0","0","0","0"
"Iohexol","Device issue","Device issue","装置问题","Product issues","产品问题","6","6","6437","80689","19819347","6443","80695","19906479","0.23","0.1","0.51","0.23 (0.10, 0.51)","0.23","15.56","-2.12","-2.94","26.118","0.24","0.1","0","0","0","0","0","0"
"Iohexol","Balance disorder","Balance disorder","平衡障碍","Nervous system disorders","各类神经系统疾病","6","6","6437","82558","19817478","6443","82564","19906479","0.22","0.1","0.5","0.22 (0.10, 0.50)","0.22","16.14","-2.16","-2.97","26.723","0.24","0.1","0","0","0","0","0","0"
"Iohexol","Cardiac disorder","Cardiac disorder","心脏疾病","Cardiac disorders","心脏器官疾病","6","6","6437","89877","19810159","6443","89883","19906479","0.21","0.09","0.46","0.21 (0.09, 0.46)","0.21","18.42","-2.28","-3.09","29.0918","0.22","0.09","0","0","0","0","0","0"
"Iohexol","Decreased appetite","Decreased appetite","食欲减退","Metabolism and nutrition disorders","代谢及营养类疾病","6","6","6437","218624","19681412","6443","218630","19906479","0.08","0.04","0.19","0.08 (0.04, 0.19)","0.08","59.95","-3.56","-4.38","70.7625","0.09","0.04","0","0","0","0","0","0"
"Iohexol","Intravascular gas","Intravascular gas","血管内气体","Vascular disorders","血管与淋巴管类疾病","5","5","6438","3","19900033","6443","8","19906479","5151.71","1230.89","21561.71","5,151.71 (1,230.89, 21,561.71)","5147.71","9648.22","10.92","9.45","0.0026","10.94","4.44","1","1","1","1","1","1"
"Iohexol","Product administered from unauthorised provider","Product administered from unauthorised provider","施用了来自未获批提供商的产品","Injury, poisoning and procedural complications","各类损伤、中毒及操作并发症","5","5","6438","68","19899968","6443","73","19906479","227.28","91.62","563.8","227.28 (91.62, 563.80)","227.11","1048.46","7.73","6.8","0.0236","10.5","4.27","1","1","1","1","1","1"
"Iohexol","Oxygen saturation immeasurable","Oxygen saturation immeasurable","氧饱和度不可测","Investigations","各类检查","5","5","6438","95","19899941","6443","100","19906479","162.68","66.17","400","162.68 (66.17, 400.00)","162.56","762.69","7.27","6.35","0.0324","10.33","4.2","1","1","1","1","1","1"
"Iohexol","Laryngeal obstruction","Laryngeal obstruction","喉阻塞","Respiratory, thoracic and mediastinal disorders","呼吸系统、胸及纵隔疾病","5","5","6438","167","19899869","6443","172","19906479","92.54","38.01","225.34","92.54 (38.01, 225.34)","92.47","439.28","6.49","5.58","0.0557","9.9","4.02","1","1","1","1","1","1"
"Iohexol","Urticaria papular","Urticaria papular","丘疹性荨麻疹","Skin and subcutaneous tissue disorders","皮肤及皮下组织类疾病","5","5","6438","241","19899795","6443","246","19906479","64.13","26.44","155.53","64.13 (26.44, 155.53)","64.08","304.17","5.97","5.07","0.0796","9.49","3.85","1","1","1","1","1","1"
"Iohexol","Anal sphincter atony","Anal sphincter atony","肛门括约肌张力缺乏","Gastrointestinal disorders","胃肠系统疾病","5","5","6438","416","19899620","6443","421","19906479","37.15","15.38","89.76","37.15 (15.38, 89.76)","37.12","173.67","5.2","4.3","0.1363","8.64","3.51","1","1","1","1","1","1"
"Iohexol","Incorrect product formulation administered","Incorrect product formulation administered","所用产品配方有误","Injury, poisoning and procedural complications","各类损伤、中毒及操作并发症","5","5","6438","767","19899269","6443","772","19906479","20.15","8.36","48.56","20.15 (8.36, 48.56)","20.13","90.34","4.32","3.43","0.2499","7.33","2.98","1","1","1","1","1","1"
"Iohexol","Oedema mucosal","Oedema mucosal","黏膜水肿","General disorders and administration site conditions","全身性疾病及给药部位各种反应","5","5","6438","1015","19899021","6443","1020","19906479","15.23","6.32","36.67","15.23 (6.32, 36.67)","15.21","66.08","3.92","3.02","0.3301","6.63","2.69","1","1","1","1","1","1"
"Iohexol","Hyporesponsive to stimuli","Hyporesponsive to stimuli","对刺激物低反应","Nervous system disorders","各类神经系统疾病","5","5","6438","1046","19898990","6443","1051","19906479","14.77","6.13","35.58","14.77 (6.13, 35.58)","14.76","63.86","3.88","2.98","0.3402","6.55","2.66","1","1","1","1","1","1"
"Iohexol","Moaning","Moaning","呻吟","General disorders and administration site conditions","全身性疾病及给药部位各种反应","5","5","6438","1071","19898965","6443","1076","19906479","14.43","5.99","34.75","14.43 (5.99, 34.75)","14.42","62.16","3.84","2.95","0.3483","6.48","2.63","1","1","1","1","1","1"
"Iohexol","Lip discolouration","Lip discolouration","唇变色","Gastrointestinal disorders","胃肠系统疾病","5","5","6438","1189","19898847","6443","1194","19906479","13","5.4","31.3","13.00 (5.40, 31.30)","12.99","55.1","3.69","2.8","0.3865","6.2","2.52","1","1","1","1","1","1"
"Iohexol","Henoch-Schonlein purpura","Henoch-Schonlein purpura","过敏性紫癜","Skin and subcutaneous tissue disorders","皮肤及皮下组织类疾病","5","5","6438","1986","19898050","6443","1991","19906479","7.78","3.23","18.72","7.78 (3.23, 18.72)","7.78","29.45","2.96","2.06","0.6444","4.81","1.95","1","1","1","0","1","0"
"Iohexol","Fear of death","Fear of death","死亡恐惧","Psychiatric disorders","精神病类","5","5","6438","2120","19897916","6443","2125","19906479","7.29","3.03","17.54","7.29 (3.03, 17.54)","7.28","27.05","2.86","1.97","0.6878","4.63","1.88","1","1","1","0","1","0"
"Iohexol","Eye oedema","Eye oedema","眼睛水肿","Eye disorders","眼器官疾病","5","5","6438","2330","19897706","6443","2335","19906479","6.63","2.76","15.96","6.63 (2.76, 15.96)","6.63","23.85","2.73","1.83","0.7558","4.38","1.78","1","1","1","0","1","0"
"Iohexol","Yawning","Yawning","打呵欠","Respiratory, thoracic and mediastinal disorders","呼吸系统、胸及纵隔疾病","5","5","6438","2570","19897466","6443","2575","19906479","6.01","2.5","14.46","6.01 (2.50, 14.46)","6.01","20.84","2.58","1.69","0.8334","4.12","1.68","1","1","1","0","1","0"
"Iohexol","Hypoventilation","Hypoventilation","通气不足","Respiratory, thoracic and mediastinal disorders","呼吸系统、胸及纵隔疾病","5","5","6438","3167","19896869","6443","3172","19906479","4.88","2.03","11.73","4.88 (2.03, 11.73)","4.88","15.38","2.28","1.39","1.0267","3.6","1.46","1","1","1","0","1","0"
"Iohexol","Product contamination","Product contamination","产品污染","Product issues","产品问题","5","5","6438","3223","19896813","6443","3228","19906479","4.79","1.99","11.53","4.79 (1.99, 11.53)","4.79","14.98","2.26","1.36","1.0448","3.56","1.45","1","1","1","0","1","0"
"Iohexol","ARTERIOSPASM CORONARY","ARTERIOSPASM CORONARY","冠状动脉痉挛","Cardiac disorders","心脏器官疾病","5","5","6438","3758","19896278","6443","3763","19906479","4.11","1.71","9.89","4.11 (1.71, 9.89)","4.11","11.75","2.04","1.14","1.2179","3.2","1.3","1","1","1","0","1","0"
"Iohexol","Blood pressure systolic decreased","Blood pressure systolic decreased","收缩压降低","Investigations","各类检查","5","5","6438","4313","19895723","6443","4318","19906479","3.58","1.49","8.61","3.58 (1.49, 8.61)","3.58","9.29","1.84","0.94","1.3976","2.9","1.18","1","1","1","0","1","0"
"Iohexol","Trismus","Trismus","牙关紧闭","Musculoskeletal and connective tissue disorders","各种肌肉骨骼及结缔组织疾病","5","5","6438","4899","19895137","6443","4904","19906479","3.15","1.31","7.58","3.15 (1.31, 7.58)","3.15","7.34","1.66","0.76","1.5872","2.64","1.07","1","1","1","0","1","0"
"Iohexol","Phlebitis","Phlebitis","静脉炎","Vascular disorders","血管与淋巴管类疾病","5","5","6438","4954","19895082","6443","4959","19906479","3.12","1.3","7.5","3.12 (1.30, 7.50)","3.12","7.19","1.64","0.74","1.605","2.61","1.06","1","1","1","0","1","0"
"Iohexol","Increased upper airway secretion","Increased upper airway secretion","上呼吸道分泌物增多","Respiratory, thoracic and mediastinal disorders","呼吸系统、胸及纵隔疾病","5","5","6438","5029","19895007","6443","5034","19906479","3.07","1.28","7.39","3.07 (1.28, 7.39)","3.07","6.98","1.62","0.72","1.6293","2.58","1.05","1","1","1","0","1","0"
"Iohexol","Skin warm","Skin warm","皮肤发热","Skin and subcutaneous tissue disorders","皮肤及皮下组织类疾病","5","5","6438","5547","19894489","6443","5552","19906479","2.79","1.16","6.7","2.79 (1.16, 6.70)","2.78","5.71","1.48","0.58","1.797","2.39","0.97","1","1","1","0","1","0"
"Iohexol","Cardiac failure acute","Cardiac failure acute","急性心力衰竭","Cardiac disorders","心脏器官疾病","5","5","6438","6282","19893754","6443","6287","19906479","2.46","1.02","5.91","2.46 (1.02, 5.91)","2.46","4.32","1.3","0.4","2.0349","2.17","0.88","1","1","1","0","1","0"
"Iohexol","Atrioventricular block complete","Atrioventricular block complete","完全性房室传导阻滞","Cardiac disorders","心脏器官疾病","5","5","6438","6375","19893661","6443","6380","19906479","2.42","1.01","5.83","2.42 (1.01, 5.83)","2.42","4.17","1.28","0.38","2.065","2.14","0.87","1","1","1","0","1","0"
"Iohexol","Drooling","Drooling","流涎","Nervous system disorders","各类神经系统疾病","5","5","6438","6499","19893537","6443","6504","19906479","2.38","0.99","5.72","2.38 (0.99, 5.72)","2.38","3.98","1.25","0.35","2.1051","2.11","0.86","0","0","1","0","0","0"
"Iohexol","Ecchymosis","Ecchymosis","瘀斑","Skin and subcutaneous tissue disorders","皮肤及皮下组织类疾病","5","5","6438","6640","19893396","6443","6645","19906479","2.33","0.97","5.59","2.33 (0.97, 5.59)","2.33","3.78","1.22","0.32","2.1507","2.07","0.84","0","0","1","0","0","0"
"Iohexol","Nasal discomfort","Nasal discomfort","鼻部不适","Respiratory, thoracic and mediastinal disorders","呼吸系统、胸及纵隔疾病","5","5","6438","7639","19892397","6443","7644","19906479","2.02","0.84","4.86","2.02 (0.84, 4.86)","2.02","2.58","1.02","0.12","2.4741","1.85","0.75","0","0","1","0","0","0"
"Iohexol","Asphyxia","Asphyxia","窒息","Respiratory, thoracic and mediastinal disorders","呼吸系统、胸及纵隔疾病","5","5","6438","7820","19892216","6443","7825","19906479","1.98","0.82","4.75","1.98 (0.82, 4.75)","1.97","2.41","0.98","0.09","2.5327","1.81","0.74","0","0","1","0","0","0"
"Iohexol","Urine output decreased","Urine output decreased","尿排出量降低","Investigations","各类检查","5","5","6438","8433","19891603","6443","8438","19906479","1.83","0.76","4.4","1.83 (0.76, 4.40)","1.83","1.89","0.87","-0.02","2.7311","1.7","0.69","0","0","0","0","0","0"
"Iohexol","Haemolytic anaemia","Haemolytic anaemia","溶血性贫血","Blood and lymphatic system disorders","血液及淋巴系统疾病","5","5","6438","8536","19891500","6443","8541","19906479","1.81","0.75","4.35","1.81 (0.75, 4.35)","1.81","1.81","0.85","-0.04","2.7644","1.68","0.68","0","0","0","0","0","0"
"Iohexol","Supraventricular tachycardia","Supraventricular tachycardia","室上性心动过速","Cardiac disorders","心脏器官疾病","5","5","6438","9229","19890807","6443","9234","19906479","1.67","0.7","4.02","1.67 (0.70, 4.02)","1.67","1.35","0.74","-0.15","2.9887","1.58","0.64","0","0","0","0","0","0"
"Iohexol","Salivary hypersecretion","Salivary hypersecretion","唾液分泌过多","Gastrointestinal disorders","胃肠系统疾病","5","5","6438","9490","19890546","6443","9495","19906479","1.63","0.68","3.91","1.63 (0.68, 3.91)","1.63","1.21","0.7","-0.19","3.0732","1.54","0.63","0","0","0","0","0","0"
"Iohexol","STATUS EPILEPTICUS","STATUS EPILEPTICUS","癫痫持续状态","Nervous system disorders","各类神经系统疾病","5","5","6438","10679","19889357","6443","10684","19906479","1.45","0.6","3.48","1.45 (0.60, 3.48)","1.45","0.69","0.53","-0.36","3.458","1.39","0.56","0","0","0","0","0","0"
"Iohexol","Hepatic cytolysis","Hepatic cytolysis","肝细胞溶解","Hepatobiliary disorders","肝胆系统疾病","5","5","6438","10722","19889314","6443","10727","19906479","1.44","0.6","3.46","1.44 (0.60, 3.46)","1.44","0.67","0.53","-0.37","3.4719","1.38","0.56","0","0","0","0","0","0"
"Iohexol","MICTURITION URGENCY","MICTURITION URGENCY","尿急","Renal and urinary disorders","肾脏及泌尿系统疾病","5","5","6438","10705","19889331","6443","10710","19906479","1.44","0.6","3.47","1.44 (0.60, 3.47)","1.44","0.68","0.53","-0.37","3.4664","1.39","0.56","0","0","0","0","0","0"
"Iohexol","Bacteraemia","Bacteraemia","菌血症","Infections and infestations","感染及侵染类疾病","5","5","6438","11079","19888957","6443","11084","19906479","1.39","0.58","3.35","1.39 (0.58, 3.35)","1.39","0.56","0.48","-0.42","3.5875","1.35","0.55","0","0","0","0","0","0"
"Iohexol","Sinus congestion","Sinus congestion","鼻窦充血","Respiratory, thoracic and mediastinal disorders","呼吸系统、胸及纵隔疾病","5","5","6438","12882","19887154","6443","12887","19906479","1.2","0.5","2.88","1.20 (0.50, 2.88)","1.2","0.16","0.26","-0.63","4.1711","1.18","0.48","0","0","0","0","0","0"
"Iohexol","Psychomotor hyperactivity","Psychomotor hyperactivity","精神运动功能亢进","Nervous system disorders","各类神经系统疾病","5","5","6438","16014","19884022","6443","16019","19906479","0.96","0.4","2.32","0.96 (0.40, 2.32)","0.96","0.01","-0.05","-0.95","5.1848","0.97","0.39","0","0","0","0","0","0"
"Iohexol","Local swelling","Local swelling",,,,"5","5","6438","17425","19882611","6443","17430","19906479","0.89","0.37","2.13","0.89 (0.37, 2.13)","0.89","0.07","-0.17","-1.07","5.6415","0.9","0.36","0","0","0","0","0","0"
"Iohexol","TUBULOINTERSTITIAL NEPHRITIS","TUBULOINTERSTITIAL NEPHRITIS","小管间质性肾炎","Renal and urinary disorders","肾脏及泌尿系统疾病","5","5","6438","17720","19882316","6443","17725","19906479","0.87","0.36","2.09","0.87 (0.36, 2.09)","0.87","0.09","-0.2","-1.09","5.7369","0.88","0.36","0","0","0","0","0","0"
"Iohexol","Transaminases increased","Transaminases increased","转氨酶升高","Investigations","各类检查","5","5","6438","21103","19878933","6443","21108","19906479","0.73","0.3","1.76","0.73 (0.30, 1.76)","0.73","0.49","-0.45","-1.35","6.8319","0.75","0.3","0","0","0","0","0","0"
"Iohexol","Muscle twitching","Muscle twitching","肌肉抽搐","Musculoskeletal and connective tissue disorders","各种肌肉骨骼及结缔组织疾病","5","5","6438","22154","19877882","6443","22159","19906479","0.7","0.29","1.67","0.70 (0.29, 1.67)","0.7","0.66","-0.52","-1.42","7.1721","0.72","0.29","0","0","0","0","0","0"
"Iohexol","CARDIOVASCULAR DISORDER","CARDIOVASCULAR DISORDER","心血管疾病","Cardiac disorders","心脏器官疾病","5","5","6438","24749","19875287","6443","24754","19906479","0.62","0.26","1.5","0.62 (0.26, 1.50)","0.62","1.13","-0.68","-1.58","8.012","0.65","0.26","0","0","0","0","0","0"
"Iohexol","Fear","Fear","恐惧","Psychiatric disorders","精神病类","5","5","6438","26268","19873768","6443","26273","19906479","0.59","0.24","1.41","0.59 (0.24, 1.41)","0.59","1.45","-0.77","-1.66","8.5036","0.61","0.25","0","0","0","0","0","0"
"Iohexol","Hypothyroidism","Hypothyroidism","甲状腺功能减退症","Endocrine disorders","内分泌系统疾病","5","5","6438","29840","19870196","6443","29845","19906479","0.52","0.22","1.24","0.52 (0.22, 1.24)","0.52","2.25","-0.95","-1.84","9.6597","0.54","0.22","0","0","0","0","0","0"
"Iohexol","Expired product administered","Expired product administered","给用了过期产品","Injury, poisoning and procedural complications","各类损伤、中毒及操作并发症","5","5","6438","31602","19868434","6443","31607","19906479","0.49","0.2","1.17","0.49 (0.20, 1.17)","0.49","2.68","-1.03","-1.93","10.23","0.51","0.21","0","0","0","0","0","0"
"Iohexol","Staphylococcal infection","Staphylococcal infection","葡萄球菌感染","Infections and infestations","感染及侵染类疾病","5","5","6438","31786","19868250","6443","31791","19906479","0.49","0.2","1.17","0.49 (0.20, 1.17)","0.49","2.72","-1.04","-1.94","10.2896","0.51","0.21","0","0","0","0","0","0"
"Iohexol","Productive cough","Productive cough","排痰性咳嗽","Respiratory, thoracic and mediastinal disorders","呼吸系统、胸及纵隔疾病","5","5","6438","43932","19856104","6443","43937","19906479","0.35","0.15","0.84","0.35 (0.15, 0.84)","0.35","5.99","-1.51","-2.4","14.2208","0.37","0.15","0","0","0","0","0","0"
"Iohexol","MEDICATION ERROR","MEDICATION ERROR","用药错误","Injury, poisoning and procedural complications","各类损伤、中毒及操作并发症","5","5","6438","52315","19847721","6443","52320","19906479","0.29","0.12","0.71","0.29 (0.12, 0.71)","0.3","8.44","-1.76","-2.65","16.9341","0.32","0.13","0","0","0","0","0","0"
"Iohexol","Irritability","Irritability","易激惹","Psychiatric disorders","精神病类","5","5","6438","57828","19842208","6443","57833","19906479","0.27","0.11","0.64","0.27 (0.11, 0.64)","0.27","10.09","-1.9","-2.8","18.7184","0.29","0.12","0","0","0","0","0","0"
"Iohexol","Alanine aminotransferase increased","Alanine aminotransferase increased","丙氨酸氨基转移酶升高","Investigations","各类检查","5","5","6438","58779","19841257","6443","58784","19906479","0.26","0.11","0.63","0.26 (0.11, 0.63)","0.26","10.37","-1.93","-2.82","19.0262","0.28","0.11","0","0","0","0","0","0"
"Iohexol","Sleep disorder","Sleep disorder","睡眠障碍","Psychiatric disorders","精神病类","5","5","6438","65270","19834766","6443","65275","19906479","0.24","0.1","0.57","0.24 (0.10, 0.57)","0.24","12.35","-2.08","-2.97","21.1271","0.25","0.1","0","0","0","0","0","0"
"Iohexol","Injection site reaction","Injection site reaction","注射部位反应","General disorders and administration site conditions","全身性疾病及给药部位各种反应","5","5","6438","64918","19835118","6443","64923","19906479","0.24","0.1","0.57","0.24 (0.10, 0.57)","0.24","12.25","-2.07","-2.97","21.0132","0.26","0.1","0","0","0","0","0","0"
"Iohexol","Acne","Acne","痤疮","Skin and subcutaneous tissue disorders","皮肤及皮下组织类疾病","5","5","6438","73338","19826698","6443","73343","19906479","0.21","0.09","0.5","0.21 (0.09, 0.50)","0.21","14.85","-2.25","-3.14","23.7384","0.23","0.09","0","0","0","0","0","0"
"Iohexol","Thrombosis","Thrombosis","血栓形成","Vascular disorders","血管与淋巴管类疾病","5","5","6438","76937","19823099","6443","76942","19906479","0.2","0.08","0.48","0.20 (0.08, 0.48)","0.2","15.97","-2.32","-3.21","24.9033","0.22","0.09","0","0","0","0","0","0"
"Iohexol","GASTROINTESTINAL HAEMORRHAGE","GASTROINTESTINAL HAEMORRHAGE","胃肠出血","Gastrointestinal disorders","胃肠系统疾病","5","5","6438","81300","19818736","6443","81305","19906479","0.19","0.08","0.46","0.19 (0.08, 0.46)","0.19","17.34","-2.4","-3.29","26.3155","0.21","0.08","0","0","0","0","0","0"
"Iohexol","Cardiac failure congestive","Cardiac failure congestive","充血性心力衰竭","Cardiac disorders","心脏器官疾病","5","5","6438","79365","19820671","6443","79370","19906479","0.19","0.08","0.47","0.19 (0.08, 0.47)","0.19","16.73","-2.36","-3.26","25.6892","0.21","0.09","0","0","0","0","0","0"
"Iohexol","Joint swelling","Joint swelling","关节肿胀","Musculoskeletal and connective tissue disorders","各种肌肉骨骼及结缔组织疾病","5","5","6438","111201","19788835","6443","111206","19906479","0.14","0.06","0.33","0.14 (0.06, 0.33)","0.14","26.85","-2.85","-3.74","35.9933","0.15","0.06","0","0","0","0","0","0"
"Iohexol","DRY SKIN","DRY SKIN","皮肤干燥","Skin and subcutaneous tissue disorders","皮肤及皮下组织类疾病","5","5","6438","122603","19777433","6443","122608","19906479","0.13","0.05","0.3","0.13 (0.05, 0.30)","0.13","30.51","-2.99","-3.88","39.6837","0.14","0.06","0","0","0","0","0","0"
"Iohexol","Urinary tract infection","Urinary tract infection","尿路感染","Infections and infestations","感染及侵染类疾病","5","5","6438","161697","19738339","6443","161702","19906479","0.09","0.04","0.23","0.09 (0.04, 0.23)","0.1","43.18","-3.39","-4.28","52.337","0.1","0.04","0","0","0","0","0","0"
"Iohexol","RADIAL PULSE ABNORMAL","RADIAL PULSE ABNORMAL","桡动脉脉搏异常","Investigations","各类检查","4","4","6439","117","19899919","6443","121","19906479","105.66","38.99","286.33","105.66 (38.99, 286.33)","105.59","400.72","6.67","5.66","0.0392","8.35","3.15","1","1","1","1","1","1"
"Iohexol","PULSE PRESSURE DECREASED","PULSE PRESSURE DECREASED","脉压降低","Investigations","各类检查","4","4","6439","502","19899534","6443","506","19906479","24.63","9.2","65.89","24.63 (9.20, 65.89)","24.61","89.89","4.61","3.61","0.1638","6.78","2.56","1","1","1","1","1","1"
"Iohexol","Neurogenic shock","Neurogenic shock","神经源性休克","Vascular disorders","血管与淋巴管类疾病","4","4","6439","507","19899529","6443","511","19906479","24.38","9.11","65.24","24.38 (9.11, 65.24)","24.37","88.94","4.6","3.59","0.1654","6.76","2.56","1","1","1","1","1","1"
"Iohexol","Radioisotope scan abnormal","Radioisotope scan abnormal","放射性同位素扫描异常","Investigations","各类检查","4","4","6439","560","19899476","6443","564","19906479","22.07","8.25","59.04","22.07 (8.25, 59.04)","22.06","79.86","4.45","3.45","0.1825","6.59","2.49","1","1","1","1","1","1"
"Iohexol","Lip pruritus","Lip pruritus","口唇瘙痒","Gastrointestinal disorders","胃肠系统疾病","4","4","6439","768","19899268","6443","772","19906479","16.1","6.02","43.01","16.10 (6.02, 43.01)","16.09","56.3","4","3","0.2499","6","2.27","1","1","1","1","1","1"
"Iohexol","Documented hypersensitivity to administered product","Documented hypersensitivity to administered product","（患者）对所给产品有记录在案的超敏性","Injury, poisoning and procedural complications","各类损伤、中毒及操作并发症","4","4","6439","779","19899257","6443","783","19906479","15.87","5.94","42.4","15.87 (5.94, 42.40)","15.86","55.41","3.98","2.98","0.2534","5.97","2.26","1","1","1","1","1","1"
"Iohexol","Skin test positive","Skin test positive","皮肤试验阳性","Investigations","各类检查","4","4","6439","881","19899155","6443","885","19906479","14.03","5.25","37.48","14.03 (5.25, 37.48)","14.02","48.16","3.8","2.8","0.2864","5.72","2.16","1","1","1","1","1","1"
"Iohexol","Venous injury","Venous injury","静脉损伤","Injury, poisoning and procedural complications","各类损伤、中毒及操作并发症","4","4","6439","888","19899148","6443","892","19906479","13.92","5.21","37.18","13.92 (5.21, 37.18)","13.91","47.73","3.79","2.79","0.2887","5.71","2.16","1","1","1","1","1","1"
"Iohexol","Amaurosis fugax","Amaurosis fugax","一过性黑朦","Eye disorders","眼器官疾病","4","4","6439","917","19899119","6443","921","19906479","13.48","5.05","36.01","13.48 (5.05, 36.01)","13.47","45.99","3.75","2.74","0.2981","5.64","2.13","1","1","1","1","1","1"
"Iohexol","Suspected transmission of an infectious agent via product","Suspected transmission of an infectious agent via product","感染性病原体疑似通过产品传播","Infections and infestations","感染及侵染类疾病","4","4","6439","1136","19898900","6443","1140","19906479","10.88","4.08","29.05","10.88 (4.08, 29.05)","10.88","35.75","3.44","2.44","0.369","5.18","1.96","1","1","1","0","1","0"
"Iohexol","Sialoadenitis","Sialoadenitis","涎腺炎","Infections and infestations","感染及侵染类疾病","4","4","6439","1262","19898774","6443","1266","19906479","9.8","3.67","26.15","9.80 (3.67, 26.15)","9.79","31.47","3.29","2.29","0.4098","4.95","1.87","1","1","1","0","1","0"
"Iohexol","NUCLEAR MAGNETIC RESONANCE IMAGING BRAIN ABNORMAL","NUCLEAR MAGNETIC RESONANCE IMAGING BRAIN ABNORMAL",,,,"4","4","6439","1468","19898568","6443","1472","19906479","8.42","3.16","22.47","8.42 (3.16, 22.47)","8.42","26.07","3.07","2.07","0.4764","4.61","1.74","1","1","1","0","1","0"
"Iohexol","Oxygen therapy","Oxygen therapy","氧治疗","Surgical and medical procedures","各种手术及医疗操作","4","4","6439","1520","19898516","6443","1524","19906479","8.13","3.05","21.7","8.13 (3.05, 21.70)","8.13","24.94","3.02","2.02","0.4933","4.53","1.71","1","1","1","0","1","0"
"Iohexol","CONVERSION DISORDER","CONVERSION DISORDER","转变障碍","Psychiatric disorders","精神病类","4","4","6439","1886","19898150","6443","1890","19906479","6.55","2.46","17.49","6.55 (2.46, 17.49)","6.55","18.78","2.71","1.71","0.6117","4.05","1.53","1","1","1","0","1","0"
"Iohexol","COMPUTERISED TOMOGRAM ABNORMAL","COMPUTERISED TOMOGRAM ABNORMAL","计算机断层成像异常","Investigations","各类检查","4","4","6439","2221","19897815","6443","2225","19906479","5.57","2.09","14.85","5.57 (2.09, 14.85)","5.56","14.94","2.47","1.47","0.7202","3.69","1.39","1","1","1","0","1","0"
"Iohexol","Suffocation feeling","Suffocation feeling","窒息感","Respiratory, thoracic and mediastinal disorders","呼吸系统、胸及纵隔疾病","4","4","6439","2382","19897654","6443","2386","19906479","5.19","1.95","13.84","5.19 (1.95, 13.84)","5.19","13.5","2.37","1.37","0.7723","3.54","1.34","1","1","1","0","1","0"
"Iohexol","Renal tubular disorder","Renal tubular disorder","肾小管疾病","Renal and urinary disorders","肾脏及泌尿系统疾病","4","4","6439","2748","19897288","6443","2752","19906479","4.5","1.69","12","4.50 (1.69, 12.00)","4.5","10.86","2.17","1.17","0.8907","3.24","1.22","1","1","1","0","1","0"
"Iohexol","Type I hypersensitivity","Type I hypersensitivity","I型超敏反应","Immune system disorders","免疫系统疾病","4","4","6439","3143","19896893","6443","3147","19906479","3.93","1.47","10.49","3.93 (1.47, 10.49)","3.93","8.73","1.97","0.97","1.0186","2.96","1.12","1","1","1","0","1","0"
"Iohexol","Asthmatic crisis","Asthmatic crisis","哮喘危象","Respiratory, thoracic and mediastinal disorders","呼吸系统、胸及纵隔疾病","4","4","6439","3498","19896538","6443","3502","19906479","3.53","1.32","9.42","3.53 (1.32, 9.42)","3.53","7.25","1.82","0.82","1.1335","2.75","1.04","1","1","1","0","1","0"
"Iohexol","Respiratory acidosis","Respiratory acidosis","呼吸性酸中毒","Respiratory, thoracic and mediastinal disorders","呼吸系统、胸及纵隔疾病","4","4","6439","3735","19896301","6443","3739","19906479","3.31","1.24","8.82","3.31 (1.24, 8.82)","3.31","6.43","1.72","0.72","1.2102","2.63","0.99","1","1","1","0","1","0"
"Iohexol","Staphylococcal sepsis","Staphylococcal sepsis","葡萄球菌脓毒症","Infections and infestations","感染及侵染类疾病","4","4","6439","4789","19895247","6443","4793","19906479","2.58","0.97","6.88","2.58 (0.97, 6.88)","2.58","3.87","1.37","0.37","1.5513","2.19","0.83","0","0","1","0","0","0"
"Iohexol","DERMATITIS EXFOLIATIVE","DERMATITIS EXFOLIATIVE","剥脱性皮炎","Skin and subcutaneous tissue disorders","皮肤及皮下组织类疾病","4","4","6439","4914","19895122","6443","4918","19906479","2.52","0.94","6.71","2.52 (0.94, 6.71)","2.51","3.65","1.33","0.33","1.5918","2.15","0.81","0","0","1","0","0","0"
"Iohexol","Product label confusion","Product label confusion","产品标签混淆","Injury, poisoning and procedural complications","各类损伤、中毒及操作并发症","4","4","6439","5369","19894667","6443","5373","19906479","2.3","0.86","6.14","2.30 (0.86, 6.14)","2.3","2.94","1.2","0.2","1.739","2.01","0.76","0","0","1","0","0","0"
"Iohexol","Hypertonia","Hypertonia","肌张力亢进","Nervous system disorders","各类神经系统疾病","4","4","6439","5598","19894438","6443","5602","19906479","2.21","0.83","5.89","2.21 (0.83, 5.89)","2.21","2.64","1.14","0.14","1.8132","1.95","0.74","0","0","1","0","0","0"
"Iohexol","Injection site vesicles","Injection site vesicles","注射部位囊泡","General disorders and administration site conditions","全身性疾病及给药部位各种反应","4","4","6439","5607","19894429","6443","5611","19906479","2.2","0.83","5.88","2.20 (0.83, 5.88)","2.2","2.63","1.14","0.14","1.8161","1.94","0.73","0","0","1","0","0","0"
"Iohexol","Hypovolaemia","Hypovolaemia","低血容量","Metabolism and nutrition disorders","代谢及营养类疾病","4","4","6439","5638","19894398","6443","5642","19906479","2.19","0.82","5.84","2.19 (0.82, 5.84)","2.19","2.59","1.13","0.13","1.8261","1.93","0.73","0","0","1","0","0","0"
"Iohexol","Wrong product administered","Wrong product administered","给予的产品有误","Injury, poisoning and procedural complications","各类损伤、中毒及操作并发症","4","4","6439","6136","19893900","6443","6140","19906479","2.01","0.76","5.37","2.01 (0.76, 5.37)","2.01","2.04","1.01","0.01","1.9873","1.81","0.68","0","0","1","0","0","0"
"Iohexol","DEFAECATION URGENCY","DEFAECATION URGENCY","紧急排便感","Gastrointestinal disorders","胃肠系统疾病","4","4","6439","6509","19893527","6443","6513","19906479","1.9","0.71","5.06","1.90 (0.71, 5.06)","1.9","1.7","0.92","-0.08","2.108","1.73","0.65","0","0","0","0","0","0"
"Iohexol","Acidosis","Acidosis","酸中毒","Metabolism and nutrition disorders","代谢及营养类疾病","4","4","6439","7372","19892664","6443","7376","19906479","1.68","0.63","4.47","1.68 (0.63, 4.47)","1.68","1.09","0.74","-0.26","2.3873","1.56","0.59","0","0","0","0","0","0"
"Iohexol","HAEMOLYSIS","HAEMOLYSIS","溶血症","Blood and lymphatic system disorders","血液及淋巴系统疾病","4","4","6439","7345","19892691","6443","7349","19906479","1.68","0.63","4.49","1.68 (0.63, 4.49)","1.68","1.11","0.75","-0.25","2.3786","1.56","0.59","0","0","0","0","0","0"
"Iohexol","EOSINOPHIL COUNT INCREASED","EOSINOPHIL COUNT INCREASED","嗜酸粒细胞计数增多","Investigations","各类检查","4","4","6439","7828","19892208","6443","7832","19906479","1.58","0.59","4.21","1.58 (0.59, 4.21)","1.58","0.85","0.66","-0.34","2.5349","1.48","0.56","0","0","0","0","0","0"
"Iohexol","Posterior reversible encephalopathy syndrome","Posterior reversible encephalopathy syndrome","可逆性后部脑病综合征","Nervous system disorders","各类神经系统疾病","4","4","6439","8856","19891180","6443","8860","19906479","1.4","0.52","3.72","1.40 (0.52, 3.72)","1.4","0.45","0.48","-0.52","2.8677","1.34","0.5","0","0","0","0","0","0"
"Iohexol","Tenderness","Tenderness","触痛","General disorders and administration site conditions","全身性疾病及给药部位各种反应","4","4","6439","9947","19890089","6443","9951","19906479","1.24","0.47","3.31","1.24 (0.47, 3.31)","1.24","0.19","0.31","-0.69","3.2208","1.21","0.46","0","0","0","0","0","0"
"Iohexol","Brain fog","Brain fog","脑雾","Nervous system disorders","各类神经系统疾病","4","4","6439","11961","19888075","6443","11965","19906479","1.03","0.39","2.75","1.03 (0.39, 2.75)","1.03","0","0.05","-0.95","3.8726","1.03","0.39","0","0","0","0","0","0"
"Iohexol","Drug level increased","Drug level increased","药物水平升高","Investigations","各类检查","4","4","6439","15843","19884193","6443","15847","19906479","0.78","0.29","2.08","0.78 (0.29, 2.08)","0.78","0.25","-0.36","-1.36","5.1291","0.8","0.3","0","0","0","0","0","0"
"Iohexol","Leukocytosis","Leukocytosis","白细胞增多症","Blood and lymphatic system disorders","血液及淋巴系统疾病","4","4","6439","17241","19882795","6443","17245","19906479","0.72","0.27","1.91","0.72 (0.27, 1.91)","0.72","0.45","-0.48","-1.48","5.5816","0.74","0.28","0","0","0","0","0","0"
"Iohexol","Sinus disorder","Sinus disorder","鼻窦疾病","Respiratory, thoracic and mediastinal disorders","呼吸系统、胸及纵隔疾病","4","4","6439","18797","19881239","6443","18801","19906479","0.66","0.25","1.75","0.66 (0.25, 1.75)","0.66","0.72","-0.61","-1.61","6.0852","0.68","0.26","0","0","0","0","0","0"
"Iohexol","MELAENA","MELAENA","黑便","Gastrointestinal disorders","胃肠系统疾病","4","4","6439","21169","19878867","6443","21173","19906479","0.58","0.22","1.55","0.58 (0.22, 1.55)","0.58","1.19","-0.78","-1.78","6.8529","0.61","0.23","0","0","0","0","0","0"
"Iohexol","Abdominal pain lower","Abdominal pain lower","下腹痛","Gastrointestinal disorders","胃肠系统疾病","4","4","6439","24156","19875880","6443","24160","19906479","0.51","0.19","1.36","0.51 (0.19, 1.36)","0.51","1.87","-0.97","-1.97","7.8197","0.54","0.2","0","0","0","0","0","0"
"Iohexol","Haematoma","Haematoma","血肿","Vascular disorders","血管与淋巴管类疾病","4","4","6439","25022","19875014","6443","25026","19906479","0.49","0.19","1.32","0.49 (0.19, 1.32)","0.49","2.08","-1.02","-2.02","8.1","0.52","0.2","0","0","0","0","0","0"
"Iohexol","Blood bilirubin increased","Blood bilirubin increased","血胆红素升高","Investigations","各类检查","4","4","6439","26015","19874021","6443","26019","19906479","0.47","0.18","1.26","0.47 (0.18, 1.26)","0.47","2.33","-1.07","-2.07","8.4214","0.5","0.19","0","0","0","0","0","0"
"Iohexol","Angina pectoris","Angina pectoris","心绞痛","Cardiac disorders","心脏器官疾病","4","4","6439","27848","19872188","6443","27852","19906479","0.44","0.17","1.18","0.44 (0.17, 1.18)","0.44","2.79","-1.17","-2.17","9.0147","0.47","0.18","0","0","0","0","0","0"
"Iohexol","HEPATIC FAILURE","HEPATIC FAILURE","肝衰竭","Hepatobiliary disorders","肝胆系统疾病","4","4","6439","28801","19871235","6443","28805","19906479","0.43","0.16","1.14","0.43 (0.16, 1.14)","0.43","3.04","-1.22","-2.22","9.3231","0.46","0.17","0","0","0","0","0","0"
"Iohexol","Nervous system disorder","Nervous system disorder","神经系统病变","Nervous system disorders","各类神经系统疾病","4","4","6439","30113","19869923","6443","30117","19906479","0.41","0.15","1.09","0.41 (0.15, 1.09)","0.41","3.4","-1.29","-2.29","9.7478","0.44","0.17","0","0","0","0","0","0"
"Iohexol","C-reactive protein increased","C-reactive protein increased","C反应蛋白升高","Investigations","各类检查","4","4","6439","33748","19866288","6443","33752","19906479","0.37","0.14","0.97","0.37 (0.14, 0.97)","0.37","4.4","-1.45","-2.45","10.9243","0.39","0.15","0","0","0","0","0","0"
"Iohexol","Chronic obstructive pulmonary disease","Chronic obstructive pulmonary disease","慢性阻塞性肺疾病","Respiratory, thoracic and mediastinal disorders","呼吸系统、胸及纵隔疾病","4","4","6439","49773","19850263","6443","49777","19906479","0.25","0.09","0.66","0.25 (0.09, 0.66)","0.25","9.13","-2.01","-3.01","16.111","0.27","0.1","0","0","0","0","0","0"
"Iohexol","ASPARTATE AMINOTRANSFERASE INCREASED","ASPARTATE AMINOTRANSFERASE INCREASED","天门冬氨酸氨基转移酶升高","Investigations","各类检查","4","4","6439","50869","19849167","6443","50873","19906479","0.24","0.09","0.65","0.24 (0.09, 0.65)","0.24","9.46","-2.04","-3.04","16.4657","0.27","0.1","0","0","0","0","0","0"
"Iohexol","Disturbance in attention","Disturbance in attention","注意障碍","Nervous system disorders","各类神经系统疾病","4","4","6439","52036","19848000","6443","52040","19906479","0.24","0.09","0.63","0.24 (0.09, 0.63)","0.24","9.82","-2.07","-3.07","16.8434","0.26","0.1","0","0","0","0","0","0"
"Iohexol","Bone pain","Bone pain","骨痛","Musculoskeletal and connective tissue disorders","各种肌肉骨骼及结缔组织疾病","4","4","6439","55879","19844157","6443","55883","19906479","0.22","0.08","0.59","0.22 (0.08, 0.59)","0.22","11.01","-2.18","-3.18","18.0873","0.24","0.09","0","0","0","0","0","0"
"Iohexol","Exposure during pregnancy","Exposure during pregnancy","妊娠过程中暴露","Injury, poisoning and procedural complications","各类损伤、中毒及操作并发症","4","4","6439","57998","19842038","6443","58002","19906479","0.21","0.08","0.57","0.21 (0.08, 0.57)","0.21","11.66","-2.23","-3.23","18.7731","0.23","0.09","0","0","0","0","0","0"
"Iohexol","Chronic kidney disease","Chronic kidney disease","慢性肾脏疾病","Renal and urinary disorders","肾脏及泌尿系统疾病","4","4","6439","73312","19826724","6443","73316","19906479","0.17","0.06","0.45","0.17 (0.06, 0.45)","0.17","16.47","-2.57","-3.57","23.7297","0.19","0.07","0","0","0","0","0","0"
"Iohexol","Influenza like illness","Influenza like illness","流感样疾病","General disorders and administration site conditions","全身性疾病及给药部位各种反应","4","4","6439","79344","19820692","6443","79348","19906479","0.16","0.06","0.41","0.16 (0.06, 0.41)","0.16","18.38","-2.68","-3.68","25.682","0.17","0.06","0","0","0","0","0","0"
"Iohexol","Neuropathy peripheral","Neuropathy peripheral","周围神经病变","Nervous system disorders","各类神经系统疾病","4","4","6439","88711","19811325","6443","88715","19906479","0.14","0.05","0.37","0.14 (0.05, 0.37)","0.14","21.37","-2.84","-3.84","28.7138","0.15","0.06","0","0","0","0","0","0"
"Iohexol","Contusion","Contusion","挫伤","Injury, poisoning and procedural complications","各类损伤、中毒及操作并发症","4","4","6439","90758","19809278","6443","90762","19906479","0.14","0.05","0.36","0.14 (0.05, 0.36)","0.14","22.03","-2.88","-3.88","29.3763","0.15","0.06","0","0","0","0","0","0"
"Iohexol","Illness","Illness","患病","General disorders and administration site conditions","全身性疾病及给药部位各种反应","4","4","6439","89996","19810040","6443","90000","19906479","0.14","0.05","0.36","0.14 (0.05, 0.36)","0.14","21.78","-2.86","-3.86","29.1297","0.15","0.06","0","0","0","0","0","0"
"Iohexol","Adverse event","Adverse event","不良事件","General disorders and administration site conditions","全身性疾病及给药部位各种反应","4","4","6439","87285","19812751","6443","87289","19906479","0.14","0.05","0.38","0.14 (0.05, 0.38)","0.14","20.92","-2.82","-3.82","28.2523","0.16","0.06","0","0","0","0","0","0"
"Iohexol","Cerebrovascular accident","Cerebrovascular accident","脑血管意外","Nervous system disorders","各类神经系统疾病","4","4","6439","163258","19736778","6443","163262","19906479","0.08","0.03","0.2","0.08 (0.03, 0.20)","0.08","45.53","-3.72","-4.72","52.8419","0.08","0.03","0","0","0","0","0","0"
"Iohexol","Depression","Depression","抑郁","Psychiatric disorders","精神病类","4","4","6439","219258","19680778","6443","219262","19906479","0.06","0.02","0.15","0.06 (0.02, 0.15)","0.06","63.92","-4.15","-5.15","70.9671","0.06","0.02","0","0","0","0","0","0"
"Iohexol","Venous intravasation","Venous intravasation","静脉内渗","Injury, poisoning and procedural complications","各类损伤、中毒及操作并发症","3","3","6440","10","19900026","6443","13","19906479","927.02","255.06","3369.22","927.02 (255.06, 3,369.22)","926.59","2133.67","9.48","8.16","0.0042","6.94","2.35","1","1","1","1","1","1"
"Iohexol","Gingival pruritus","Gingival pruritus","牙龈瘙痒","Gastrointestinal disorders","胃肠系统疾病","3","3","6440","81","19899955","6443","84","19906479","114.45","36.14","362.4","114.45 (36.14, 362.40)","114.39","325.17","6.79","5.61","0.0272","6.64","2.25","1","1","1","1","1","1"
"Iohexol","Lacrimation disorder","Lacrimation disorder","流泪障碍","Eye disorders","眼器官疾病","3","3","6440","113","19899923","6443","116","19906479","82.04","26.06","258.26","82.04 (26.06, 258.26)","82","233.83","6.32","5.15","0.0375","6.51","2.2","1","1","1","1","1","1"
"Iohexol","Fixed drug eruption","Fixed drug eruption",,,,"3","3","6440","119","19899917","6443","122","19906479","77.9","24.76","245.05","77.90 (24.76, 245.05)","77.86","222.04","6.25","5.08","0.0395","6.49","2.2","1","1","1","1","1","1"
"Iohexol","BLOOD BRAIN BARRIER DEFECT","BLOOD BRAIN BARRIER DEFECT","血脑屏障功能障碍","Nervous system disorders","各类神经系统疾病","3","3","6440","141","19899895","6443","144","19906479","65.75","20.95","206.36","65.75 (20.95, 206.36)","65.72","187.21","6.01","4.84","0.0466","6.4","2.17","1","1","1","1","1","1"
"Iohexol","Iodine allergy","Iodine allergy","碘过敏","Immune system disorders","免疫系统疾病","3","3","6440","316","19899720","6443","319","19906479","29.34","9.41","91.47","29.34 (9.41, 91.47)","29.32","81.3","4.86","3.7","0.1032","5.8","1.96","1","1","1","0","1","0"
"Iohexol","Laryngeal pain","Laryngeal pain","喉部疼痛","Respiratory, thoracic and mediastinal disorders","呼吸系统、胸及纵隔疾病","3","3","6440","362","19899674","6443","365","19906479","25.61","8.22","79.79","25.61 (8.22, 79.79)","25.6","70.32","4.67","3.51","0.1181","5.66","1.92","1","1","1","0","1","0"
"Iohexol","Vein discolouration","Vein discolouration","静脉变色","Vascular disorders","血管与淋巴管类疾病","3","3","6440","447","19899589","6443","450","19906479","20.74","6.66","64.56","20.74 (6.66, 64.56)","20.73","55.96","4.36","3.21","0.1456","5.42","1.84","1","1","1","0","1","0"
"Iohexol","RETROGRADE AMNESIA","RETROGRADE AMNESIA","逆行性遗忘","Nervous system disorders","各类神经系统疾病","3","3","6440","473","19899563","6443","476","19906479","19.6","6.3","61","19.60 (6.30, 61.00)","19.59","52.59","4.28","3.12","0.1541","5.35","1.81","1","1","1","0","1","0"
"Iohexol","ORBITAL OEDEMA","ORBITAL OEDEMA","眼眶水肿","Eye disorders","眼器官疾病","3","3","6440","490","19899546","6443","493","19906479","18.92","6.08","58.88","18.92 (6.08, 58.88)","18.91","50.58","4.23","3.07","0.1596","5.31","1.8","1","1","1","0","1","0"
"Iohexol","Manufacturing product shipping issue","Manufacturing product shipping issue","生产产品运输问题","Product issues","产品问题","3","3","6440","502","19899534","6443","505","19906479","18.47","5.93","57.47","18.47 (5.93, 57.47)","18.46","49.24","4.2","3.04","0.1635","5.28","1.79","1","1","1","0","1","0"
"Iohexol","Tryptase increased","Tryptase increased","类胰蛋白酶增多","Investigations","各类检查","3","3","6440","649","19899387","6443","652","19906479","14.28","4.59","44.41","14.28 (4.59, 44.41)","14.28","36.87","3.83","2.67","0.211","4.92","1.67","1","1","1","0","1","0"
"Iohexol","URTICARIA GENERALISED","URTICARIA GENERALISED",,,,"3","3","6440","654","19899382","6443","657","19906479","14.17","4.56","44.07","14.17 (4.56, 44.07)","14.17","36.55","3.82","2.66","0.2126","4.91","1.66","1","1","1","0","1","0"
"Iohexol","ARACHNOIDITIS","ARACHNOIDITIS","蛛网膜炎","Nervous system disorders","各类神经系统疾病","3","3","6440","664","19899372","6443","667","19906479","13.96","4.49","43.41","13.96 (4.49, 43.41)","13.95","35.92","3.8","2.64","0.2159","4.89","1.66","1","1","1","0","1","0"
"Iohexol","Lip erosion","Lip erosion","嘴唇糜烂","Gastrointestinal disorders","胃肠系统疾病","3","3","6440","707","19899329","6443","710","19906479","13.11","4.22","40.76","13.11 (4.22, 40.76)","13.11","33.41","3.71","2.55","0.2298","4.8","1.62","1","1","1","0","1","0"
"Iohexol","CSF PROTEIN INCREASED","CSF PROTEIN INCREASED","脑脊液蛋白升高","Investigations","各类检查","3","3","6440","790","19899246","6443","793","19906479","11.73","3.78","36.47","11.73 (3.78, 36.47)","11.73","29.33","3.55","2.39","0.2567","4.63","1.57","1","1","1","0","1","0"
"Iohexol","Nuchal rigidity","Nuchal rigidity","颈强直","Musculoskeletal and connective tissue disorders","各种肌肉骨骼及结缔组织疾病","3","3","6440","868","19899168","6443","871","19906479","10.68","3.44","33.19","10.68 (3.44, 33.19)","10.67","26.22","3.41","2.25","0.2819","4.48","1.52","1","1","1","0","1","0"
"Iohexol","Vasospasm","Vasospasm","血管痉挛","Vascular disorders","血管与淋巴管类疾病","3","3","6440","877","19899159","6443","880","19906479","10.57","3.4","32.85","10.57 (3.40, 32.85)","10.57","25.89","3.4","2.24","0.2848","4.46","1.51","1","1","1","0","1","0"
"Iohexol","Aortic aneurysm rupture","Aortic aneurysm rupture","主动脉瘤破裂","Vascular disorders","血管与淋巴管类疾病","3","3","6440","953","19899083","6443","956","19906479","9.73","3.13","30.22","9.73 (3.13, 30.22)","9.72","23.4","3.28","2.12","0.3094","4.32","1.46","1","1","1","0","1","0"
"Iohexol","Skin oedema","Skin oedema","皮肤水肿","Skin and subcutaneous tissue disorders","皮肤及皮下组织类疾病","3","3","6440","967","19899069","6443","970","19906479","9.59","3.09","29.78","9.59 (3.09, 29.78)","9.58","22.99","3.26","2.1","0.314","4.3","1.46","1","1","1","0","1","0"
"Iohexol","HYPOPERFUSION","HYPOPERFUSION","灌注不足","Vascular disorders","血管与淋巴管类疾病","3","3","6440","1003","19899033","6443","1006","19906479","9.24","2.97","28.71","9.24 (2.97, 28.71)","9.24","21.97","3.2","2.05","0.3256","4.24","1.44","1","1","1","0","1","0"
"Iohexol","Thyrotoxic crisis","Thyrotoxic crisis","甲状腺毒危象","Endocrine disorders","内分泌系统疾病","3","3","6440","1040","19898996","6443","1043","19906479","8.91","2.87","27.69","8.91 (2.87, 27.69)","8.91","21.01","3.15","2","0.3376","4.18","1.41","1","1","1","0","1","0"
"Iohexol","IATROGENIC INJURY","IATROGENIC INJURY","医源性损伤","Injury, poisoning and procedural complications","各类损伤、中毒及操作并发症","3","3","6440","1269","19898767","6443","1272","19906479","7.3","2.35","22.69","7.30 (2.35, 22.69)","7.3","16.28","2.87","1.71","0.4117","3.84","1.3","1","1","1","0","1","0"
"Iohexol","Extradural haematoma","Extradural haematoma","硬膜外血肿","Injury, poisoning and procedural complications","各类损伤、中毒及操作并发症","3","3","6440","1275","19898761","6443","1278","19906479","7.27","2.34","22.58","7.27 (2.34, 22.58)","7.27","16.18","2.86","1.7","0.4136","3.83","1.3","1","1","1","0","1","0"
"Iohexol","Rhonchi","Rhonchi","干性啰音","Respiratory, thoracic and mediastinal disorders","呼吸系统、胸及纵隔疾病","3","3","6440","1317","19898719","6443","1320","19906479","7.04","2.27","21.86","7.04 (2.27, 21.86)","7.04","15.5","2.81","1.66","0.4272","3.77","1.28","1","1","1","0","1","0"
"Iohexol","TONIC CONVULSION","TONIC CONVULSION","强直性惊厥","Nervous system disorders","各类神经系统疾病","3","3","6440","1327","19898709","6443","1330","19906479","6.99","2.25","21.69","6.99 (2.25, 21.69)","6.98","15.34","2.8","1.64","0.4305","3.76","1.27","1","1","1","0","1","0"
"Iohexol","Injection related reaction","Injection related reaction","注射相关反应","Injury, poisoning and procedural complications","各类损伤、中毒及操作并发症","3","3","6440","1443","19898593","6443","1446","19906479","6.42","2.07","19.95","6.42 (2.07, 19.95)","6.42","13.7","2.68","1.52","0.468","3.62","1.22","1","1","1","0","1","0"
"Iohexol","Quadriparesis","Quadriparesis","四肢轻瘫","Nervous system disorders","各类神经系统疾病","3","3","6440","1548","19898488","6443","1551","19906479","5.99","1.93","18.59","5.99 (1.93, 18.59)","5.99","12.44","2.58","1.42","0.502","3.49","1.18","1","1","1","0","1","0"
"Iohexol","Vein rupture","Vein rupture","静脉破裂","Vascular disorders","血管与淋巴管类疾病","3","3","6440","1564","19898472","6443","1567","19906479","5.93","1.91","18.4","5.93 (1.91, 18.40)","5.92","12.26","2.56","1.41","0.5072","3.48","1.18","1","1","1","0","1","0"
"Iohexol","Coronary artery thrombosis","Coronary artery thrombosis","冠状动脉血栓形成","Cardiac disorders","心脏器官疾病","3","3","6440","1973","19898063","6443","1976","19906479","4.7","1.51","14.58","4.70 (1.51, 14.58)","4.7","8.72","2.23","1.07","0.6396","3.07","1.04","1","1","1","0","1","0"
"Iohexol","Hepatitis fulminant","Hepatitis fulminant","暴发性肝炎","Hepatobiliary disorders","肝胆系统疾病","3","3","6440","2826","19897210","6443","2829","19906479","3.28","1.06","10.18","3.28 (1.06, 10.18)","3.28","4.75","1.71","0.56","0.9156","2.47","0.84","1","1","1","0","1","0"
"Iohexol","Dysaesthesia","Dysaesthesia","感觉反应异常","Nervous system disorders","各类神经系统疾病","3","3","6440","2836","19897200","6443","2839","19906479","3.27","1.05","10.14","3.27 (1.05, 10.14)","3.27","4.72","1.71","0.55","0.9189","2.47","0.84","1","1","1","0","1","0"
"Iohexol","Skin erosion","Skin erosion","皮肤糜烂","Skin and subcutaneous tissue disorders","皮肤及皮下组织类疾病","3","3","6440","2973","19897063","6443","2976","19906479","3.12","1","9.67","3.12 (1.00, 9.67)","3.12","4.31","1.64","0.48","0.9632","2.39","0.81","0","1","1","0","0","0"
"Iohexol","ELECTROENCEPHALOGRAM ABNORMAL","ELECTROENCEPHALOGRAM ABNORMAL","脑电图异常","Investigations","各类检查","3","3","6440","3073","19896963","6443","3076","19906479","3.02","0.97","9.36","3.02 (0.97, 9.36)","3.02","4.04","1.59","0.44","0.9956","2.34","0.79","0","1","1","0","0","0"
"Iohexol","Orthopnoea","Orthopnoea","端坐呼吸","Respiratory, thoracic and mediastinal disorders","呼吸系统、胸及纵隔疾病","3","3","6440","3098","19896938","6443","3101","19906479","2.99","0.96","9.28","2.99 (0.96, 9.28)","2.99","3.97","1.58","0.42","1.0037","2.33","0.79","0","0","1","0","0","0"
"Iohexol","Posture abnormal","Posture abnormal","姿势异常","Musculoskeletal and connective tissue disorders","各种肌肉骨骼及结缔组织疾病","3","3","6440","3116","19896920","6443","3119","19906479","2.97","0.96","9.23","2.97 (0.96, 9.23)","2.97","3.93","1.57","0.42","1.0095","2.32","0.79","0","0","1","0","0","0"
"Iohexol","Embolic stroke","Embolic stroke","栓塞性卒中","Nervous system disorders","各类神经系统疾病","3","3","6440","3375","19896661","6443","3378","19906479","2.75","0.89","8.52","2.75 (0.89, 8.52)","2.75","3.33","1.46","0.3","1.0933","2.2","0.74","0","0","1","0","0","0"
"Iohexol","Glossitis","Glossitis","舌炎","Gastrointestinal disorders","胃肠系统疾病","3","3","6440","3382","19896654","6443","3385","19906479","2.74","0.88","8.5","2.74 (0.88, 8.50)","2.74","3.31","1.45","0.3","1.0956","2.19","0.74","0","0","1","0","0","0"
"Iohexol","Communication disorder","Communication disorder","交流障碍","Psychiatric disorders","精神病类","3","3","6440","3690","19896346","6443","3693","19906479","2.51","0.81","7.79","2.51 (0.81, 7.79)","2.51","2.73","1.33","0.17","1.1953","2.06","0.7","0","0","1","0","0","0"
"Iohexol","Arthritis bacterial","Arthritis bacterial","细菌性关节炎","Infections and infestations","感染及侵染类疾病","3","3","6440","3878","19896158","6443","3881","19906479","2.39","0.77","7.42","2.39 (0.77, 7.42)","2.39","2.42","1.26","0.1","1.2561","1.99","0.67","0","0","1","0","0","0"
"Iohexol","Product temperature excursion issue","Product temperature excursion issue","产品温度偏移问题","Product issues","产品问题","3","3","6440","4222","19895814","6443","4225","19906479","2.2","0.71","6.81","2.20 (0.71, 6.81)","2.19","1.95","1.13","-0.02","1.3675","1.87","0.63","0","0","0","0","0","0"
"Iohexol","Vulvovaginal pain","Vulvovaginal pain","外阴阴道疼痛","Reproductive system and breast disorders","生殖系统及乳腺疾病","3","3","6440","4507","19895529","6443","4510","19906479","2.06","0.66","6.38","2.06 (0.66, 6.38)","2.06","1.63","1.04","-0.12","1.4597","1.79","0.6","0","0","0","0","0","0"
"Iohexol","Rash vesicular","Rash vesicular","水泡疹","Skin and subcutaneous tissue disorders","皮肤及皮下组织类疾病","3","3","6440","4529","19895507","6443","4532","19906479","2.05","0.66","6.35","2.05 (0.66, 6.35)","2.05","1.6","1.03","-0.12","1.4668","1.78","0.6","0","0","0","0","0","0"
"Iohexol","HEPARIN-INDUCED THROMBOCYTOPENIA","HEPARIN-INDUCED THROMBOCYTOPENIA","肝素诱导性血小板减少症","Blood and lymphatic system disorders","血液及淋巴系统疾病","3","3","6440","4740","19895296","6443","4743","19906479","1.96","0.63","6.07","1.96 (0.63, 6.07)","1.95","1.4","0.97","-0.19","1.5351","1.72","0.58","0","0","0","0","0","0"
"Iohexol","Product colour issue","Product colour issue","产品颜色问题","Product issues","产品问题","3","3","6440","4728","19895308","6443","4731","19906479","1.96","0.63","6.08","1.96 (0.63, 6.08)","1.96","1.41","0.97","-0.19","1.5313","1.72","0.58","0","0","0","0","0","0"
"Iohexol","Vulvovaginal pruritus","Vulvovaginal pruritus","外阴阴道瘙痒","Reproductive system and breast disorders","生殖系统及乳腺疾病","3","3","6440","4780","19895256","6443","4783","19906479","1.94","0.62","6.02","1.94 (0.62, 6.02)","1.94","1.36","0.95","-0.2","1.5481","1.71","0.58","0","0","0","0","0","0"
"Iohexol","Skin necrosis","Skin necrosis","皮肤坏死","Skin and subcutaneous tissue disorders","皮肤及皮下组织类疾病","3","3","6440","4910","19895126","6443","4913","19906479","1.89","0.61","5.86","1.89 (0.61, 5.86)","1.89","1.25","0.92","-0.24","1.5902","1.67","0.57","0","0","0","0","0","0"
"Iohexol","CORONARY ARTERY STENOSIS","CORONARY ARTERY STENOSIS","冠状动脉狭窄","Cardiac disorders","心脏器官疾病","3","3","6440","4979","19895057","6443","4982","19906479","1.86","0.6","5.77","1.86 (0.60, 5.77)","1.86","1.19","0.9","-0.26","1.6125","1.66","0.56","0","0","0","0","0","0"
"Iohexol","Multiple use of single-use product","Multiple use of single-use product","一次性使用产品的多次使用","Injury, poisoning and procedural complications","各类损伤、中毒及操作并发症","3","3","6440","5197","19894839","6443","5200","19906479","1.78","0.57","5.53","1.78 (0.57, 5.53)","1.78","1.03","0.83","-0.32","1.6831","1.6","0.54","0","0","0","0","0","0"
"Iohexol","Necrosis","Necrosis","坏死","General disorders and administration site conditions","全身性疾病及给药部位各种反应","3","3","6440","5332","19894704","6443","5335","19906479","1.74","0.56","5.39","1.74 (0.56, 5.39)","1.74","0.94","0.8","-0.36","1.7267","1.57","0.53","0","0","0","0","0","0"
"Iohexol","Hyperventilation","Hyperventilation","换气过度","Respiratory, thoracic and mediastinal disorders","呼吸系统、胸及纵隔疾病","3","3","6440","5572","19894464","6443","5575","19906479","1.66","0.54","5.16","1.66 (0.54, 5.16)","1.66","0.79","0.73","-0.42","1.8044","1.52","0.51","0","0","0","0","0","0"
"Iohexol","Infusion site swelling","Infusion site swelling","输液部位肿胀","General disorders and administration site conditions","全身性疾病及给药部位各种反应","3","3","6440","5735","19894301","6443","5738","19906479","1.62","0.52","5.01","1.62 (0.52, 5.01)","1.62","0.7","0.69","-0.46","1.8572","1.48","0.5","0","0","0","0","0","0"
"Iohexol","Oliguria","Oliguria","少尿","Renal and urinary disorders","肾脏及泌尿系统疾病","3","3","6440","5940","19894096","6443","5943","19906479","1.56","0.5","4.84","1.56 (0.50, 4.84)","1.56","0.6","0.64","-0.51","1.9235","1.44","0.49","0","0","0","0","0","0"
"Iohexol","Photopsia","Photopsia","闪光幻觉","Eye disorders","眼器官疾病","3","3","6440","5962","19894074","6443","5965","19906479","1.55","0.5","4.82","1.55 (0.50, 4.82)","1.55","0.59","0.64","-0.52","1.9307","1.44","0.49","0","0","0","0","0","0"
"Iohexol","Incoherent","Incoherent","语无伦次","Nervous system disorders","各类神经系统疾病","3","3","6440","6252","19893784","6443","6255","19906479","1.48","0.48","4.6","1.48 (0.48, 4.60)","1.48","0.47","0.57","-0.59","2.0245","1.39","0.47","0","0","0","0","0","0"
"Iohexol","Respiration abnormal","Respiration abnormal","呼吸异常","Respiratory, thoracic and mediastinal disorders","呼吸系统、胸及纵隔疾病","3","3","6440","6392","19893644","6443","6395","19906479","1.45","0.47","4.5","1.45 (0.47, 4.50)","1.45","0.42","0.54","-0.62","2.0698","1.36","0.46","0","0","0","0","0","0"
"Iohexol","Haemodynamic instability","Haemodynamic instability","血液动力学不稳定","Vascular disorders","血管与淋巴管类疾病","3","3","6440","6968","19893068","6443","6971","19906479","1.33","0.43","4.13","1.33 (0.43, 4.13)","1.33","0.25","0.41","-0.74","2.2563","1.27","0.43","0","0","0","0","0","0"
"Iohexol","CEREBRAL DISORDER","CEREBRAL DISORDER","大脑疾病","Nervous system disorders","各类神经系统疾病","3","3","6440","7032","19893004","6443","7035","19906479","1.32","0.42","4.09","1.32 (0.42, 4.09)","1.32","0.23","0.4","-0.76","2.277","1.26","0.43","0","0","0","0","0","0"
"Iohexol","Troponin increased","Troponin increased","肌钙蛋白升高","Investigations","各类检查","3","3","6440","7043","19892993","6443","7046","19906479","1.32","0.42","4.08","1.32 (0.42, 4.08)","1.32","0.23","0.4","-0.76","2.2805","1.26","0.43","0","0","0","0","0","0"
"Iohexol","Skin swelling","Skin swelling","皮肤肿胀","Skin and subcutaneous tissue disorders","皮肤及皮下组织类疾病","3","3","6440","7781","19892255","6443","7784","19906479","1.19","0.38","3.69","1.19 (0.38, 3.69)","1.19","0.09","0.25","-0.9","2.5194","1.16","0.39","0","0","0","0","0","0"
"Iohexol","POLYURIA","POLYURIA","多尿","Renal and urinary disorders","肾脏及泌尿系统疾病","3","3","6440","7810","19892226","6443","7813","19906479","1.19","0.38","3.68","1.19 (0.38, 3.68)","1.19","0.09","0.25","-0.91","2.5288","1.16","0.39","0","0","0","0","0","0"
"Iohexol","Facial paralysis","Facial paralysis","面部瘫痪","Nervous system disorders","各类神经系统疾病","3","3","6440","7880","19892156","6443","7883","19906479","1.18","0.38","3.65","1.18 (0.38, 3.65)","1.18","0.08","0.23","-0.92","2.5514","1.15","0.39","0","0","0","0","0","0"
"Iohexol","Hemiplegia","Hemiplegia","偏瘫","Nervous system disorders","各类神经系统疾病","3","3","6440","7963","19892073","6443","7966","19906479","1.16","0.38","3.61","1.16 (0.38, 3.61)","1.16","0.07","0.22","-0.94","2.5783","1.14","0.39","0","0","0","0","0","0"
"Iohexol","Purpura","Purpura","紫癜","Skin and subcutaneous tissue disorders","皮肤及皮下组织类疾病","3","3","6440","8462","19891574","6443","8465","19906479","1.1","0.35","3.4","1.10 (0.35, 3.40)","1.09","0.02","0.13","-1.02","2.7398","1.08","0.37","0","0","0","0","0","0"
"Iohexol","BRAIN INJURY","BRAIN INJURY","脑损伤","Nervous system disorders","各类神经系统疾病","3","3","6440","9507","19890529","6443","9510","19906479","0.97","0.31","3.02","0.97 (0.31, 3.02)","0.97","0","-0.04","-1.19","3.078","0.98","0.33","0","0","0","0","0","0"
"Iohexol","Spinal pain","Spinal pain","脊柱疼痛","Musculoskeletal and connective tissue disorders","各种肌肉骨骼及结缔组织疾病","3","3","6440","11154","19888882","6443","11157","19906479","0.83","0.27","2.58","0.83 (0.27, 2.58)","0.83","0.1","-0.27","-1.42","3.6111","0.85","0.29","0","0","0","0","0","0"
"Iohexol","Acute hepatic failure","Acute hepatic failure","急性肝衰竭","Hepatobiliary disorders","肝胆系统疾病","3","3","6440","12773","19887263","6443","12776","19906479","0.73","0.23","2.25","0.73 (0.23, 2.25)","0.73","0.31","-0.46","-1.62","4.1351","0.76","0.26","0","0","0","0","0","0"
"Iohexol","Seasonal allergy","Seasonal allergy","季节性过敏","Immune system disorders","免疫系统疾病","3","3","6440","13205","19886831","6443","13208","19906479","0.7","0.23","2.18","0.70 (0.23, 2.18)","0.7","0.38","-0.51","-1.67","4.2749","0.73","0.25","0","0","0","0","0","0"
"Iohexol","CARDIOMYOPATHY","CARDIOMYOPATHY","心肌病","Cardiac disorders","心脏器官疾病","3","3","6440","14275","19885761","6443","14278","19906479","0.65","0.21","2.01","0.65 (0.21, 2.01)","0.65","0.57","-0.62","-1.78","4.6213","0.68","0.23","0","0","0","0","0","0"
"Iohexol","Blood potassium increased","Blood potassium increased","血钾升高","Investigations","各类检查","3","3","6440","15470","19884566","6443","15473","19906479","0.6","0.19","1.86","0.60 (0.19, 1.86)","0.6","0.81","-0.74","-1.89","5.008","0.64","0.22","0","0","0","0","0","0"
"Iohexol","Sensory disturbance","Sensory disturbance","感觉障碍","Nervous system disorders","各类神经系统疾病","3","3","6440","15524","19884512","6443","15527","19906479","0.6","0.19","1.85","0.60 (0.19, 1.85)","0.6","0.82","-0.74","-1.9","5.0255","0.63","0.21","0","0","0","0","0","0"
"Iohexol","Neurotoxicity","Neurotoxicity","神经毒性","Nervous system disorders","各类神经系统疾病","3","3","6440","16118","19883918","6443","16121","19906479","0.57","0.19","1.78","0.57 (0.19, 1.78)","0.57","0.94","-0.8","-1.95","5.2178","0.61","0.21","0","0","0","0","0","0"
"Iohexol","Hypocalcaemia","Hypocalcaemia","低钙血症","Metabolism and nutrition disorders","代谢及营养类疾病","3","3","6440","17839","19882197","6443","17842","19906479","0.52","0.17","1.61","0.52 (0.17, 1.61)","0.52","1.33","-0.94","-2.1","5.7748","0.56","0.19","0","0","0","0","0","0"
"Iohexol","Dystonia","Dystonia","肌张力障碍","Nervous system disorders","各类神经系统疾病","3","3","6440","18701","19881335","6443","18704","19906479","0.5","0.16","1.54","0.50 (0.16, 1.54)","0.5","1.54","-1.01","-2.17","6.0538","0.53","0.18","0","0","0","0","0","0"
"Iohexol","BLOOD PRESSURE ABNORMAL","BLOOD PRESSURE ABNORMAL","血压异常","Investigations","各类检查","3","3","6440","18709","19881327","6443","18712","19906479","0.5","0.16","1.54","0.50 (0.16, 1.54)","0.5","1.54","-1.01","-2.17","6.0564","0.53","0.18","0","0","0","0","0","0"
"Iohexol","Dermatitis","Dermatitis","皮炎","Skin and subcutaneous tissue disorders","皮肤及皮下组织类疾病","3","3","6440","19223","19880813","6443","19226","19906479","0.48","0.16","1.49","0.48 (0.16, 1.49)","0.48","1.67","-1.05","-2.21","6.2228","0.52","0.18","0","0","0","0","0","0"
"Iohexol","Liver injury","Liver injury","肝损伤","Hepatobiliary disorders","肝胆系统疾病","3","3","6440","21559","19878477","6443","21562","19906479","0.43","0.14","1.33","0.43 (0.14, 1.33)","0.43","2.27","-1.22","-2.37","6.9788","0.47","0.16","0","0","0","0","0","0"
"Iohexol","Heart rate irregular","Heart rate irregular","心率不规则","Investigations","各类检查","3","3","6440","21897","19878139","6443","21900","19906479","0.42","0.14","1.31","0.42 (0.14, 1.31)","0.42","2.36","-1.24","-2.4","7.0882","0.46","0.16","0","0","0","0","0","0"
"Iohexol","JAUNDICE","JAUNDICE","黄疸","Hepatobiliary disorders","肝胆系统疾病","3","3","6440","25956","19874080","6443","25959","19906479","0.36","0.11","1.11","0.36 (0.11, 1.11)","0.36","3.48","-1.49","-2.64","8.402","0.39","0.13","0","0","0","0","0","0"
"Iohexol","Ascites","Ascites","腹水","Gastrointestinal disorders","胃肠系统疾病","3","3","6440","27953","19872083","6443","27956","19906479","0.33","0.11","1.03","0.33 (0.11, 1.03)","0.33","4.05","-1.59","-2.75","9.0483","0.37","0.12","0","0","0","0","0","0"
"Iohexol","Injection site rash","Injection site rash","注射部位皮疹","General disorders and administration site conditions","全身性疾病及给药部位各种反应","3","3","6440","28290","19871746","6443","28293","19906479","0.33","0.11","1.01","0.33 (0.11, 1.01)","0.33","4.15","-1.61","-2.77","9.1574","0.36","0.12","0","0","0","0","0","0"
"Iohexol","BLOOD CREATINE PHOSPHOKINASE INCREASED","BLOOD CREATINE PHOSPHOKINASE INCREASED","血肌酸磷酸激酶升高","Investigations","各类检查","3","3","6440","28568","19871468","6443","28571","19906479","0.32","0.1","1.01","0.32 (0.10, 1.01)","0.32","4.23","-1.62","-2.78","9.2474","0.36","0.12","0","0","0","0","0","0"
"Iohexol","LACTIC ACIDOSIS","LACTIC ACIDOSIS","乳酸酸中毒","Metabolism and nutrition disorders","代谢及营养类疾病","3","3","6440","29926","19870110","6443","29929","19906479","0.31","0.1","0.96","0.31 (0.10, 0.96)","0.31","4.62","-1.69","-2.85","9.6869","0.34","0.12","0","0","0","0","0","0"
"Iohexol","DRUG EXPOSURE DURING PREGNANCY","DRUG EXPOSURE DURING PREGNANCY",,,,"3","3","6440","33995","19866041","6443","33998","19906479","0.27","0.09","0.84","0.27 (0.09, 0.84)","0.27","5.83","-1.87","-3.03","11.0039","0.3","0.1","0","0","0","0","0","0"
"Iohexol","Device breakage","Device breakage","器械破裂","Product issues","产品问题","3","3","6440","35260","19864776","6443","35263","19906479","0.26","0.08","0.81","0.26 (0.08, 0.81)","0.26","6.21","-1.93","-3.08","11.4133","0.29","0.1","0","0","0","0","0","0"
"Iohexol","Liver disorder","Liver disorder","肝脏疾病","Hepatobiliary disorders","肝胆系统疾病","3","3","6440","41754","19858282","6443","41757","19906479","0.22","0.07","0.69","0.22 (0.07, 0.69)","0.22","8.2","-2.17","-3.33","13.5152","0.25","0.08","0","0","0","0","0","0"
"Iohexol","Depressed mood","Depressed mood","心境抑郁","Psychiatric disorders","精神病类","3","3","6440","49756","19850280","6443","49759","19906479","0.19","0.06","0.58","0.19 (0.06, 0.58)","0.19","10.69","-2.42","-3.58","16.1052","0.21","0.07","0","0","0","0","0","0"
"Iohexol","INFLAMMATION","INFLAMMATION","炎症","General disorders and administration site conditions","全身性疾病及给药部位各种反应","3","3","6440","47809","19852227","6443","47812","19906479","0.19","0.06","0.6","0.19 (0.06, 0.60)","0.19","10.08","-2.37","-3.52","15.475","0.22","0.07","0","0","0","0","0","0"
"Iohexol","Fluid retention","Fluid retention","体液潴留","Metabolism and nutrition disorders","代谢及营养类疾病","3","3","6440","48489","19851547","6443","48492","19906479","0.19","0.06","0.59","0.19 (0.06, 0.59)","0.19","10.3","-2.39","-3.54","15.6951","0.22","0.07","0","0","0","0","0","0"
"Iohexol","INJECTION SITE PRURITUS","INJECTION SITE PRURITUS","注射部位瘙痒","General disorders and administration site conditions","全身性疾病及给药部位各种反应","3","3","6440","62853","19837183","6443","62856","19906479","0.15","0.05","0.46","0.15 (0.05, 0.46)","0.15","14.84","-2.76","-3.92","20.3442","0.17","0.06","0","0","0","0","0","0"
"Iohexol","Migraine","Migraine","偏头痛","Nervous system disorders","各类神经系统疾病","3","3","6440","89164","19810872","6443","89167","19906479","0.1","0.03","0.32","0.10 (0.03, 0.32)","0.1","23.28","-3.27","-4.42","28.8601","0.12","0.04","0","0","0","0","0","0"
"Iohexol","Constipation","Constipation","便秘","Gastrointestinal disorders","胃肠系统疾病","3","3","6440","202946","19697090","6443","202949","19906479","0.05","0.01","0.14","0.05 (0.01, 0.14)","0.05","60.46","-4.45","-5.61","65.6872","0.05","0.02","0","0","0","0","0","0"
"Iohexol","Alopecia","Alopecia","脱发","Skin and subcutaneous tissue disorders","皮肤及皮下组织类疾病","3","3","6440","185074","19714962","6443","185077","19906479","0.05","0.02","0.15","0.05 (0.02, 0.15)","0.05","54.58","-4.32","-5.47","59.9027","0.06","0.02","0","0","0","0","0","0"
"Iohexol","Insomnia","Insomnia","失眠","Psychiatric disorders","精神病类","3","3","6440","254711","19645325","6443","254714","19906479","0.04","0.01","0.11","0.04 (0.01, 0.11)","0.04","77.57","-4.78","-5.94","82.4416","0.04","0.01","0","0","0","0","0","0"
"Iohexol","Incorrect dose administered","Incorrect dose administered","给用了不正确的剂量","Injury, poisoning and procedural complications","各类损伤、中毒及操作并发症","3","3","6440","209826","19690210","6443","209829","19906479","0.04","0.01","0.14","0.04 (0.01, 0.14)","0.04","62.73","-4.5","-5.66","67.914","0.05","0.02","0","0","0","0","0","0"
"Iopamidol","Dyspnoea","Dyspnoea","呼吸困难","Respiratory, thoracic and mediastinal disorders","呼吸系统、胸及纵隔疾病","225","225","2572","536529","19367153","2797","536754","19906479","3.16","2.76","3.62","3.16 (2.76, 3.62)","2.98","304.94","1.58","1.44","75.4177","2.97","1.75","1","1","1","0","1","0"
"Iopamidol","Urticaria","Urticaria","荨麻疹","Skin and subcutaneous tissue disorders","皮肤及皮下组织类疾病","188","188","2609","155846","19747836","2797","156034","19906479","9.13","7.87","10.59","9.13 (7.87, 10.59)","8.58","1268.16","3.1","2.95","21.9239","8.41","4.93","1","1","1","1","1","1"
"Iopamidol","Anaphylactic reaction","Anaphylactic reaction","速发严重过敏反应","Immune system disorders","免疫系统疾病","178","178","2619","51233","19852449","2797","51411","19906479","26.34","22.62","30.66","26.34 (22.62, 30.66)","24.72","4048.42","4.62","4.47","7.2236","23.11","13.54","1","1","1","1","1","1"
"Iopamidol","Hypersensitivity","Hypersensitivity","超敏反应","Immune system disorders","免疫系统疾病","174","174","2623","174150","19729532","2797","174324","19906479","7.52","6.45","8.76","7.52 (6.45, 8.76)","7.11","920.76","2.83","2.67","24.4937","6.98","4.09","1","1","1","1","1","1"
"Iopamidol","ANAPHYLACTIC SHOCK","ANAPHYLACTIC SHOCK","过敏性休克","Immune system disorders","免疫系统疾病","168","168","2629","23939","19879743","2797","24107","19906479","53.07","45.38","62.06","53.07 (45.38, 62.06)","49.94","8010.75","5.63","5.47","3.3872","43.35","25.38","1","1","1","1","1","1"
"Iopamidol","CONTRAST MEDIA REACTION","CONTRAST MEDIA REACTION","造影剂反应","Immune system disorders","免疫系统疾病","154","154","2643","2104","19901578","2797","2258","19906479","551.14","465.91","651.97","551.14 (465.91, 651.97)","520.85","74462.65","8.92","8.75","0.3173","189.05","110.52","1","1","1","1","1","1"
"Iopamidol","PRURITUS","PRURITUS","瘙痒","Skin and subcutaneous tissue disorders","皮肤及皮下组织类疾病","152","152","2645","349710","19553972","2797","349862","19906479","3.21","2.73","3.78","3.21 (2.73, 3.78)","3.09","219.03","1.63","1.46","49.1581","3.07","1.79","1","1","1","0","1","0"
"Iopamidol","Vomiting","Vomiting","呕吐","Gastrointestinal disorders","胃肠系统疾病","145","145","2652","442924","19460758","2797","443069","19906479","2.4","2.03","2.84","2.40 (2.03, 2.84)","2.33","112.5","1.22","1.05","62.2543","2.32","1.35","1","1","1","0","1","0"
"Iopamidol","NAUSEA","NAUSEA","恶心","Gastrointestinal disorders","胃肠系统疾病","141","141","2656","746954","19156728","2797","747095","19906479","1.36","1.15","1.61","1.36 (1.15, 1.61)","1.34","12.85","0.43","0.25","104.9721","1.34","0.78","1","0","1","0","0","0"
"Iopamidol","No adverse event","No adverse event","无不良事件","General disorders and administration site conditions","全身性疾病及给药部位各种反应","122","122","2675","166048","19737634","2797","166170","19906479","5.42","4.52","6.5","5.42 (4.52, 6.50)","5.23","420.4","2.39","2.2","23.3481","5.14","2.99","1","1","1","1","1","1"
"Iopamidol","Cardio-respiratory arrest","Cardio-respiratory arrest","心脏呼吸骤停","Cardiac disorders","心脏器官疾病","87","87","2710","40451","19863231","2797","40538","19906479","15.76","12.73","19.52","15.76 (12.73, 19.52)","15.3","1163.08","3.93","3.71","5.6959","14.12","8.15","1","1","1","1","1","1"
"Iopamidol","Erythema","Erythema","红斑","Skin and subcutaneous tissue disorders","皮肤及皮下组织类疾病","81","81","2716","195251","19708431","2797","195332","19906479","3.01","2.41","3.76","3.01 (2.41, 3.76)","2.95","105.55","1.56","1.34","27.4455","2.92","1.68","1","1","1","0","1","0"
"Iopamidol","CARDIAC ARREST","CARDIAC ARREST","心脏停搏","Cardiac disorders","心脏器官疾病","79","79","2718","79485","19824197","2797","79564","19906479","7.25","5.8","9.07","7.25 (5.80, 9.07)","7.07","413.15","2.82","2.59","11.1793","6.81","3.92","1","1","1","1","1","1"
"Iopamidol","Anaphylactoid reaction","Anaphylactoid reaction","类过敏反应","Immune system disorders","免疫系统疾病","76","76","2721","3887","19899795","2797","3963","19906479","142.99","113.6","179.99","142.99 (113.60, 179.99)","139.14","10225.05","7.09","6.86","0.5568","72.39","41.62","1","1","1","1","1","1"
"Iopamidol","Loss of consciousness","Loss of consciousness","意识丧失","Nervous system disorders","各类神经系统疾病","73","73","2724","122322","19781360","2797","122395","19906479","4.33","3.43","5.47","4.33 (3.43, 5.47)","4.25","182.22","2.09","1.85","17.1974","4.15","2.38","1","1","1","1","1","1"
"Iopamidol","Acute kidney injury","Acute kidney injury","急性肾损伤","Renal and urinary disorders","肾脏及泌尿系统疾病","71","71","2726","185690","19717992","2797","185761","19906479","2.77","2.19","3.5","2.77 (2.19, 3.50)","2.72","77.98","1.44","1.2","26.1007","2.69","1.54","1","1","1","0","1","0"
"Iopamidol","BLOOD PRESSURE DECREASED","BLOOD PRESSURE DECREASED","血压降低","Investigations","各类检查","66","66","2731","63213","19840469","2797","63279","19906479","7.59","5.94","9.68","7.59 (5.94, 9.68)","7.43","368.04","2.89","2.64","8.8911","7.08","4.05","1","1","1","1","1","1"
"Iopamidol","Hypotension","Hypotension","低血压","Vascular disorders","血管与淋巴管类疾病","64","64","2733","190338","19713344","2797","190402","19906479","2.43","1.89","3.11","2.43 (1.89, 3.11)","2.39","52.37","1.26","1.01","26.7528","2.37","1.35","1","1","1","0","1","0"
"Iopamidol","Maternal exposure during pregnancy","Maternal exposure during pregnancy","孕产妇在妊娠过程中的暴露","Injury, poisoning and procedural complications","各类损伤、中毒及操作并发症","63","63","2734","80233","19823449","2797","80296","19906479","5.69","4.43","7.31","5.69 (4.43, 7.31)","5.59","238.07","2.48","2.23","11.2822","5.39","3.08","1","1","1","1","1","1"
"Iopamidol","DIZZINESS","DIZZINESS","头晕","Nervous system disorders","各类神经系统疾病","63","63","2734","473472","19430210","2797","473535","19906479","0.95","0.74","1.21","0.95 (0.74, 1.21)","0.95","0.19","-0.08","-0.33","66.535","0.95","0.54","0","0","0","0","0","0"
"Iopamidol","Extravasation","Extravasation","外渗","General disorders and administration site conditions","全身性疾病及给药部位各种反应","61","61","2736","3905","19899777","2797","3966","19906479","113.62","87.98","146.72","113.62 (87.98, 146.72)","111.16","6558.21","6.77","6.51","0.5573","58.17","33.19","1","1","1","1","1","1"
"Iopamidol","Throat tightness","Throat tightness","咽喉缩紧感","Respiratory, thoracic and mediastinal disorders","呼吸系统、胸及纵隔疾病","60","60","2737","25622","19878060","2797","25682","19906479","17.01","13.16","21.97","17.01 (13.16, 21.97)","16.66","882.52","4.06","3.79","3.6085","14.73","8.4","1","1","1","1","1","1"
"Iopamidol","COUGH","COUGH","咳嗽","Respiratory, thoracic and mediastinal disorders","呼吸系统、胸及纵隔疾病","59","59","2738","263988","19639694","2797","264047","19906479","1.6","1.24","2.07","1.60 (1.24, 2.07)","1.59","13.1","0.67","0.41","37.1005","1.58","0.9","1","0","1","0","0","0"
"Iopamidol","SNEEZING","SNEEZING","喷嚏","Respiratory, thoracic and mediastinal disorders","呼吸系统、胸及纵隔疾病","57","57","2740","21114","19882568","2797","21171","19906479","19.59","15.06","25.47","19.59 (15.06, 25.47)","19.21","982.38","4.26","3.99","2.9747","16.55","9.41","1","1","1","1","1","1"
"Iopamidol","CHEST DISCOMFORT","CHEST DISCOMFORT","胸部不适","General disorders and administration site conditions","全身性疾病及给药部位各种反应","56","56","2741","96304","19807378","2797","96360","19906479","4.2","3.22","5.48","4.20 (3.22, 5.48)","4.14","133.83","2.05","1.78","13.5393","4.02","2.29","1","1","1","1","1","1"
"Iopamidol","Flushing","Flushing","潮红","Vascular disorders","血管与淋巴管类疾病","52","52","2745","98155","19805527","2797","98207","19906479","3.82","2.91","5.03","3.82 (2.91, 5.03)","3.77","106.3","1.91","1.63","13.7988","3.67","2.08","1","1","1","1","1","1"
"Iopamidol","Rash","Rash","皮疹","Skin and subcutaneous tissue disorders","皮肤及皮下组织类疾病","52","52","2745","405935","19497747","2797","405987","19906479","0.91","0.69","1.2","0.91 (0.69, 1.20)","0.91","0.46","-0.13","-0.41","57.044","0.91","0.52","0","0","0","0","0","0"
"Iopamidol","Unresponsive to stimuli","Unresponsive to stimuli","刺激反应消失","Nervous system disorders","各类神经系统疾病","50","50","2747","24328","19879354","2797","24378","19906479","14.87","11.24","19.68","14.87 (11.24, 19.68)","14.63","634.16","3.87","3.58","3.4253","12.87","7.28","1","1","1","1","1","1"
"Iopamidol","Headache","Headache","头痛","Nervous system disorders","各类神经系统疾病","50","50","2747","594807","19308875","2797","594857","19906479","0.59","0.45","0.78","0.59 (0.45, 0.78)","0.6","13.91","-0.74","-1.03","83.5816","0.6","0.34","0","0","0","0","0","0"
"Iopamidol","Product physical issue","Product physical issue","产品的物理问题","Product issues","产品问题","49","49","2748","18604","19885078","2797","18653","19906479","19.06","14.36","25.29","19.06 (14.36, 25.29)","18.74","821.61","4.22","3.94","2.6209","15.86","8.96","1","1","1","1","1","1"
"Iopamidol","DEPRESSED LEVEL OF CONSCIOUSNESS","DEPRESSED LEVEL OF CONSCIOUSNESS","意识水平下降","Nervous system disorders","各类神经系统疾病","49","49","2748","37359","19866323","2797","37408","19906479","9.48","7.15","12.58","9.48 (7.15, 12.58)","9.33","364.8","3.22","2.93","5.2561","8.6","4.86","1","1","1","1","1","1"
"Iopamidol","Throat irritation","Throat irritation","咽喉刺激","Respiratory, thoracic and mediastinal disorders","呼吸系统、胸及纵隔疾病","49","49","2748","42115","19861567","2797","42164","19906479","8.41","6.34","11.16","8.41 (6.34, 11.16)","8.28","313.91","3.05","2.76","5.9243","7.71","4.35","1","1","1","1","1","1"
"Iopamidol","Nephropathy toxic","Nephropathy toxic","中毒性肾病","Renal and urinary disorders","肾脏及泌尿系统疾病","48","48","2749","10356","19893326","2797","10404","19906479","33.54","25.2","44.65","33.54 (25.20, 44.65)","32.98","1482.55","5.04","4.75","1.4618","24.72","13.96","1","1","1","1","1","1"
"Iopamidol","Contrast media allergy","Contrast media allergy","造影剂过敏","Immune system disorders","免疫系统疾病","45","45","2752","1544","19902138","2797","1589","19906479","210.77","156.34","284.16","210.77 (156.34, 284.16)","207.4","8982.12","7.66","7.35","0.2233","62.91","35.4","1","1","1","1","1","1"
"Iopamidol","Oxygen saturation decreased","Oxygen saturation decreased","血氧饱和度降低","Investigations","各类检查","45","45","2752","52320","19851362","2797","52365","19906479","6.2","4.62","8.33","6.20 (4.62, 8.33)","6.12","193.12","2.61","2.31","7.3576","5.79","3.26","1","1","1","1","1","1"
"Iopamidol","Chest pain","Chest pain","胸痛","General disorders and administration site conditions","全身性疾病及给药部位各种反应","45","45","2752","177653","19726029","2797","177698","19906479","1.82","1.35","2.44","1.82 (1.35, 2.44)","1.8","16.22","0.85","0.55","24.9678","1.79","1.01","1","0","1","0","0","0"
"Iopamidol","Hyperhidrosis","Hyperhidrosis","多汗","Skin and subcutaneous tissue disorders","皮肤及皮下组织类疾病","43","43","2754","123412","19780270","2797","123455","19906479","2.5","1.85","3.38","2.50 (1.85, 3.38)","2.48","38.18","1.31","1","17.3463","2.44","1.37","1","1","1","0","1","0"
"Iopamidol","CONVULSION","CONVULSION",,,,"42","42","2755","57176","19846506","2797","57218","19906479","5.29","3.9","7.18","5.29 (3.90, 7.18)","5.23","143.89","2.39","2.07","8.0395","4.98","2.79","1","1","1","1","1","1"
"Iopamidol","Contrast encephalopathy","Contrast encephalopathy","造影剂脑病","Injury, poisoning and procedural complications","各类损伤、中毒及操作并发症","40","40","2757","190","19903492","2797","230","19906479","1519.84","1078.53","2141.73","1,519.84 (1,078.53, 2,141.73)","1498.12","49437.69","10.27","9.92","0.0323","76.08","42.53","1","1","1","1","1","1"
"Iopamidol","Respiratory arrest","Respiratory arrest","呼吸停止","Respiratory, thoracic and mediastinal disorders","呼吸系统、胸及纵隔疾病","40","40","2757","26940","19876742","2797","26980","19906479","10.7","7.83","14.63","10.70 (7.83, 14.63)","10.57","346.37","3.4","3.08","3.7909","9.44","5.28","1","1","1","1","1","1"
"Iopamidol","Tremor","Tremor","震颤","Nervous system disorders","各类神经系统疾病","38","38","2759","159077","19744605","2797","159115","19906479","1.71","1.24","2.35","1.71 (1.24, 2.35)","1.7","11.04","0.77","0.44","22.3568","1.68","0.94","1","0","1","0","0","0"
"Iopamidol","Feeling abnormal","Feeling abnormal","感受异常","General disorders and administration site conditions","全身性疾病及给药部位各种反应","38","38","2759","231413","19672269","2797","231451","19906479","1.17","0.85","1.61","1.17 (0.85, 1.61)","1.17","0.93","0.22","-0.1","32.5205","1.17","0.65","0","0","0","0","0","0"
"Iopamidol","Asthenia","Asthenia","虚弱","General disorders and administration site conditions","全身性疾病及给药部位各种反应","37","37","2760","358383","19545299","2797","358420","19906479","0.73","0.53","1.01","0.73 (0.53, 1.01)","0.73","3.61","-0.44","-0.78","50.3605","0.74","0.41","0","0","0","0","0","0"
"Iopamidol","CHILLS","CHILLS","寒战","General disorders and administration site conditions","全身性疾病及给药部位各种反应","35","35","2762","112174","19791508","2797","112209","19906479","2.24","1.6","3.12","2.24 (1.60, 3.12)","2.22","23.6","1.15","0.81","15.7662","2.18","1.21","1","1","1","0","1","0"
"Iopamidol","Blood pressure increased","Blood pressure increased","血压升高","Investigations","各类检查","35","35","2762","145827","19757855","2797","145862","19906479","1.72","1.23","2.4","1.72 (1.23, 2.40)","1.71","10.34","0.77","0.43","20.4946","1.69","0.94","1","0","1","0","0","0"
"Iopamidol","Cyanosis","Cyanosis","发绀","Vascular disorders","血管与淋巴管类疾病","34","34","2763","15113","19888569","2797","15147","19906479","16.19","11.54","22.72","16.19 (11.54, 22.72)","16.01","477.73","4","3.65","2.1283","13.13","7.26","1","1","1","1","1","1"
"Iopamidol","Feeling hot","Feeling hot","感觉热","General disorders and administration site conditions","全身性疾病及给药部位各种反应","32","32","2765","58848","19844834","2797","58880","19906479","3.9","2.75","5.53","3.90 (2.75, 5.53)","3.87","68.26","1.95","1.6","8.2731","3.7","2.04","1","1","1","1","1","1"
"Iopamidol","PHARYNGEAL OEDEMA","PHARYNGEAL OEDEMA","咽部水肿","Respiratory, thoracic and mediastinal disorders","呼吸系统、胸及纵隔疾病","30","30","2767","15212","19888470","2797","15242","19906479","14.18","9.89","20.32","14.18 (9.89, 20.32)","14.03","362.72","3.81","3.44","2.1416","11.55","6.33","1","1","1","1","1","1"
"Iopamidol","Shock","Shock","休克","Vascular disorders","血管与淋巴管类疾病","30","30","2767","21486","19882196","2797","21516","19906479","10.03","7","14.38","10.03 (7.00, 14.38)","9.94","241.02","3.31","2.94","3.0231","8.66","4.75","1","1","1","1","1","1"
"Iopamidol","Pyrexia","Pyrexia","发热","General disorders and administration site conditions","全身性疾病及给药部位各种反应","30","30","2767","329042","19574640","2797","329072","19906479","0.64","0.45","0.92","0.64 (0.45, 0.92)","0.65","5.8","-0.62","-0.99","46.2369","0.65","0.36","0","0","0","0","0","0"
"Iopamidol","Malaise","Malaise","难受","General disorders and administration site conditions","全身性疾病及给药部位各种反应","29","29","2768","420101","19483581","2797","420130","19906479","0.49","0.34","0.7","0.49 (0.34, 0.70)","0.49","15.61","-1.03","-1.4","59.0312","0.5","0.27","0","0","0","0","0","0"
"Iopamidol","Off label use","Off label use","超说明书使用","Injury, poisoning and procedural complications","各类损伤、中毒及操作并发症","29","29","2768","806469","19097213","2797","806498","19906479","0.25","0.17","0.36","0.25 (0.17, 0.36)","0.26","65.4","-1.97","-2.34","113.3186","0.26","0.14","0","0","0","0","0","0"
"Iopamidol","Drug ineffective","Drug ineffective","药物无效","General disorders and administration site conditions","全身性疾病及给药部位各种反应","29","29","2768","1245150","18658532","2797","1245179","19906479","0.16","0.11","0.23","0.16 (0.11, 0.23)","0.17","129.91","-2.59","-2.97","174.9564","0.17","0.09","0","0","0","0","0","0"
"Iopamidol","APHASIA","APHASIA","失语","Nervous system disorders","各类神经系统疾病","28","28","2769","28869","19874813","2797","28897","19906479","6.96","4.8","10.1","6.96 (4.80, 10.10)","6.9","141.38","2.79","2.41","4.0602","6.25","3.41","1","1","1","1","1","1"
"Iopamidol","Wheezing","Wheezing","哮鸣","Respiratory, thoracic and mediastinal disorders","呼吸系统、胸及纵隔疾病","28","28","2769","54208","19849474","2797","54236","19906479","3.7","2.55","5.37","3.70 (2.55, 5.37)","3.68","54.66","1.88","1.5","7.6205","3.51","1.91","1","1","1","0","1","0"
"Iopamidol","PULSE ABSENT","PULSE ABSENT","脉搏消失","Investigations","各类检查","27","27","2770","4595","19899087","2797","4622","19906479","42.21","28.86","61.73","42.21 (28.86, 61.73)","41.81","1069.58","5.38","4.99","0.6494","23.93","13.01","1","1","1","1","1","1"
"Iopamidol","Tachycardia","Tachycardia","心动过速","Cardiac disorders","心脏器官疾病","27","27","2770","84564","19819118","2797","84591","19906479","2.28","1.56","3.34","2.28 (1.56, 3.34)","2.27","19.3","1.18","0.8","11.8856","2.22","1.21","1","1","1","0","1","0"
"Iopamidol","Swelling face","Swelling face","面部肿胀","General disorders and administration site conditions","全身性疾病及给药部位各种反应","26","26","2771","61821","19841861","2797","61847","19906479","3.01","2.05","4.43","3.01 (2.05, 4.43)","2.99","34.59","1.58","1.19","8.6899","2.88","1.56","1","1","1","0","1","0"
"Iopamidol","POOR QUALITY DRUG ADMINISTERED","POOR QUALITY DRUG ADMINISTERED",,,,"25","25","2772","6415","19897267","2797","6440","19906479","27.97","18.85","41.5","27.97 (18.85, 41.50)","27.73","641.91","4.79","4.39","0.9049","18.15","9.81","1","1","1","1","1","1"
"Iopamidol","RESPIRATORY DISTRESS","RESPIRATORY DISTRESS","呼吸窘迫","Respiratory, thoracic and mediastinal disorders","呼吸系统、胸及纵隔疾病","25","25","2772","26385","19877297","2797","26410","19906479","6.79","4.58","10.07","6.79 (4.58, 10.07)","6.74","122.32","2.75","2.35","3.7108","6.06","3.27","1","1","1","1","1","1"
"Iopamidol","Heart rate increased","Heart rate increased","心率升高","Investigations","各类检查","24","24","2773","94115","19809567","2797","94139","19906479","1.82","1.22","2.72","1.82 (1.22, 2.72)","1.81","8.82","0.86","0.45","13.2272","1.78","0.96","1","0","1","0","0","0"
"Iopamidol","Hypoaesthesia","Hypoaesthesia","感觉减退","Nervous system disorders","各类神经系统疾病","24","24","2773","142830","19760852","2797","142854","19906479","1.2","0.8","1.79","1.20 (0.80, 1.79)","1.2","0.77","0.26","-0.15","20.072","1.19","0.64","0","0","0","0","0","0"
"Iopamidol","Electrocardiogram ST segment elevation","Electrocardiogram ST segment elevation","心电图ST段抬高","Investigations","各类检查","23","23","2774","3193","19900489","2797","3216","19906479","51.68","34.23","78.01","51.68 (34.23, 78.01)","51.26","1125.48","5.67","5.25","0.4519","24.69","13.24","1","1","1","1","1","1"
"Iopamidol","Contraindicated product administered","Contraindicated product administered","给予了禁忌产品","Injury, poisoning and procedural complications","各类损伤、中毒及操作并发症","23","23","2774","25433","19878249","2797","25456","19906479","6.48","4.3","9.77","6.48 (4.30, 9.77)","6.44","105.63","2.68","2.27","3.5767","5.76","3.09","1","1","1","1","1","1"
"Iopamidol","HYPERTENSION","HYPERTENSION","高血压","Vascular disorders","血管与淋巴管类疾病","23","23","2774","200683","19702999","2797","200706","19906479","0.81","0.54","1.23","0.81 (0.54, 1.23)","0.82","0.97","-0.29","-0.71","28.2006","0.82","0.44","0","0","0","0","0","0"
"Iopamidol","Wrong drug administered","Wrong drug administered",,,,"22","22","2775","8886","19894796","2797","8908","19906479","17.75","11.66","27.02","17.75 (11.66, 27.02)","17.62","344.15","4.14","3.71","1.2516","12.85","6.86","1","1","1","1","1","1"
"Iopamidol","ANGIOEDEMA","ANGIOEDEMA","血管性水肿","Skin and subcutaneous tissue disorders","皮肤及皮下组织类疾病","22","22","2775","41816","19861866","2797","41838","19906479","3.77","2.48","5.73","3.77 (2.48, 5.73)","3.74","44.31","1.9","1.48","5.8785","3.53","1.88","1","1","1","0","1","0"
"Iopamidol","INFUSION SITE EXTRAVASATION","INFUSION SITE EXTRAVASATION","输液部位渗出","General disorders and administration site conditions","全身性疾病及给药部位各种反应","21","21","2776","5925","19897757","2797","5946","19906479","25.4","16.52","39.06","25.40 (16.52, 39.06)","25.22","486.91","4.65","4.21","0.8355","16.1","8.56","1","1","1","1","1","1"
"Iopamidol","Dysphagia","Dysphagia","吞咽困难","Gastrointestinal disorders","胃肠系统疾病","21","21","2776","89603","19814079","2797","89624","19906479","1.67","1.09","2.57","1.67 (1.09, 2.57)","1.67","5.64","0.74","0.3","12.5928","1.64","0.87","1","0","1","0","0","0"
"Iopamidol","Seizure","Seizure","痫性发作","Nervous system disorders","各类神经系统疾病","21","21","2776","106821","19796861","2797","106842","19906479","1.4","0.91","2.15","1.40 (0.91, 2.15)","1.4","2.4","0.48","0.05","15.0121","1.39","0.74","0","0","1","0","0","0"
"Iopamidol","RENAL FAILURE","RENAL FAILURE","肾衰","Renal and urinary disorders","肾脏及泌尿系统疾病","21","21","2776","129163","19774519","2797","129184","19906479","1.16","0.75","1.78","1.16 (0.75, 1.78)","1.16","0.45","0.21","-0.23","18.1513","1.15","0.61","0","0","0","0","0","0"
"Iopamidol","Confusional state","Confusional state","意识模糊状态","Psychiatric disorders","精神病类","21","21","2776","153776","19749906","2797","153797","19906479","0.97","0.63","1.49","0.97 (0.63, 1.49)","0.97","0.02","-0.04","-0.48","21.6096","0.97","0.52","0","0","0","0","0","0"
"Iopamidol","Incorrect route of drug administration","Incorrect route of drug administration",,,,"20","20","2777","35656","19868026","2797","35676","19906479","4.01","2.58","6.23","4.01 (2.58, 6.23)","3.99","44.9","2","1.55","5.0127","3.72","1.97","1","1","1","0","1","0"
"Iopamidol","BRADYCARDIA","BRADYCARDIA","心动过缓","Cardiac disorders","心脏器官疾病","20","20","2777","51022","19852660","2797","51042","19906479","2.8","1.8","4.35","2.80 (1.80, 4.35)","2.79","23.01","1.48","1.03","7.1718","2.67","1.41","1","1","1","0","1","0"
"Iopamidol","BLOOD CREATININE INCREASED","BLOOD CREATININE INCREASED","血肌酐升高","Investigations","各类检查","20","20","2777","62591","19841091","2797","62611","19906479","2.28","1.47","3.54","2.28 (1.47, 3.54)","2.27","14.31","1.18","0.74","8.7973","2.2","1.17","1","1","1","0","1","0"
"Iopamidol","Abdominal pain","Abdominal pain","腹痛","Gastrointestinal disorders","胃肠系统疾病","20","20","2777","220098","19683584","2797","220118","19906479","0.64","0.41","1","0.64 (0.41, 1.00)","0.65","3.91","-0.63","-1.08","30.9281","0.65","0.34","0","0","0","0","0","0"
"Iopamidol","Presyncope","Presyncope","晕厥前期","Nervous system disorders","各类神经系统疾病","19","19","2778","22779","19880903","2797","22798","19906479","5.97","3.8","9.37","5.97 (3.80, 9.37)","5.94","78","2.57","2.11","3.2033","5.27","2.77","1","1","1","1","1","1"
"Iopamidol","Urinary incontinence","Urinary incontinence","尿失禁","Renal and urinary disorders","肾脏及泌尿系统疾病","19","19","2778","28368","19875314","2797","28387","19906479","4.79","3.05","7.53","4.79 (3.05, 7.53)","4.77","56.59","2.25","1.79","3.9886","4.34","2.28","1","1","1","1","1","1"
"Iopamidol","Syncope","Syncope","晕厥","Nervous system disorders","各类神经系统疾病","19","19","2778","95619","19808063","2797","95638","19906479","1.42","0.9","2.22","1.42 (0.90, 2.22)","1.41","2.31","0.5","0.04","13.4378","1.4","0.74","0","0","1","0","0","0"
"Iopamidol","Anxiety","Anxiety","焦虑","Psychiatric disorders","精神病类","19","19","2778","272944","19630738","2797","272963","19906479","0.49","0.31","0.77","0.49 (0.31, 0.77)","0.5","9.9","-1.01","-1.47","38.3532","0.5","0.26","0","0","0","0","0","0"
"Iopamidol","NEUROTOXICITY","NEUROTOXICITY","神经毒性","Nervous system disorders","各类神经系统疾病","18","18","2779","16103","19887579","2797","16121","19906479","8","5.03","12.72","8.00 (5.03, 12.72)","7.95","109.41","2.99","2.52","2.2651","6.69","3.5","1","1","1","1","1","1"
"Iopamidol","EYE SWELLING","EYE SWELLING","眼肿","Eye disorders","眼器官疾病","18","18","2779","35221","19868461","2797","35239","19906479","3.65","2.3","5.81","3.65 (2.30, 5.81)","3.64","34.45","1.86","1.39","4.9513","3.39","1.77","1","1","1","0","1","0"
"Iopamidol","Respiratory failure","Respiratory failure","呼吸衰竭","Respiratory, thoracic and mediastinal disorders","呼吸系统、胸及纵隔疾病","18","18","2779","70093","19833589","2797","70111","19906479","1.83","1.15","2.91","1.83 (1.15, 2.91)","1.83","6.77","0.87","0.4","9.8511","1.79","0.93","1","0","1","0","0","0"
"Iopamidol","Paraesthesia","Paraesthesia","皮肤异常感觉","Nervous system disorders","各类神经系统疾病","18","18","2779","150849","19752833","2797","150867","19906479","0.85","0.53","1.35","0.85 (0.53, 1.35)","0.85","0.49","-0.24","-0.71","21.1979","0.85","0.45","0","0","0","0","0","0"
"Iopamidol","Somnolence","Somnolence","嗜睡","Nervous system disorders","各类神经系统疾病","18","18","2779","191355","19712327","2797","191373","19906479","0.67","0.42","1.06","0.67 (0.42, 1.06)","0.67","2.97","-0.58","-1.05","26.8892","0.68","0.35","0","0","0","0","0","0"
"Iopamidol","Ventricular fibrillation","Ventricular fibrillation","室颤","Cardiac disorders","心脏器官疾病","17","17","2780","10587","19893095","2797","10604","19906479","11.49","7.13","18.52","11.49 (7.13, 18.52)","11.43","161.57","3.51","3.03","1.4899","8.79","4.57","1","1","1","1","1","1"
"Iopamidol","Ventricular tachycardia","Ventricular tachycardia","室性心动过速","Cardiac disorders","心脏器官疾病","17","17","2780","15838","19887844","2797","15855","19906479","7.68","4.77","12.37","7.68 (4.77, 12.37)","7.64","98.05","2.93","2.45","2.2277","6.42","3.33","1","1","1","1","1","1"
"Iopamidol","CEREBRAL INFARCTION","CEREBRAL INFARCTION","脑部梗死","Nervous system disorders","各类神经系统疾病","17","17","2780","23536","19880146","2797","23553","19906479","5.17","3.21","8.32","5.17 (3.21, 8.32)","5.14","56.71","2.36","1.87","3.3094","4.59","2.38","1","1","1","1","1","1"
"Iopamidol","Pallor","Pallor","苍白","Vascular disorders","血管与淋巴管类疾病","17","17","2780","26266","19877416","2797","26283","19906479","4.63","2.87","7.46","4.63 (2.87, 7.46)","4.61","48.02","2.2","1.72","3.6929","4.17","2.17","1","1","1","1","1","1"
"Iopamidol","HYPOXIA","HYPOXIA","缺氧","Respiratory, thoracic and mediastinal disorders","呼吸系统、胸及纵隔疾病","17","17","2780","33166","19870516","2797","33183","19906479","3.66","2.27","5.9","3.66 (2.27, 5.90)","3.65","32.71","1.87","1.38","4.6624","3.39","1.76","1","1","1","0","1","0"
"Iopamidol","Heart rate decreased","Heart rate decreased","心率降低","Investigations","各类检查","17","17","2780","33787","19869895","2797","33804","19906479","3.6","2.23","5.79","3.60 (2.23, 5.79)","3.58","31.65","1.84","1.35","4.7497","3.33","1.73","1","1","1","0","1","0"
"Iopamidol","DYSPHONIA","DYSPHONIA","发声困难","Respiratory, thoracic and mediastinal disorders","呼吸系统、胸及纵隔疾病","17","17","2780","55394","19848288","2797","55411","19906479","2.19","1.36","3.53","2.19 (1.36, 3.53)","2.18","10.94","1.13","0.64","7.7856","2.11","1.1","1","1","1","0","1","0"
"Iopamidol","AGITATION","AGITATION","激越","Psychiatric disorders","精神病类","17","17","2780","70736","19832946","2797","70753","19906479","1.71","1.06","2.76","1.71 (1.06, 2.76)","1.71","5.03","0.77","0.29","9.9413","1.68","0.87","1","0","1","0","0","0"
"Iopamidol","PALPITATIONS","PALPITATIONS","心悸","Cardiac disorders","心脏器官疾病","17","17","2780","111228","19792454","2797","111245","19906479","1.09","0.68","1.75","1.09 (0.68, 1.75)","1.09","0.12","0.12","-0.37","15.6307","1.08","0.56","0","0","0","0","0","0"
"Iopamidol","PAIN IN EXTREMITY","PAIN IN EXTREMITY","肢体疼痛","Musculoskeletal and connective tissue disorders","各种肌肉骨骼及结缔组织疾病","17","17","2780","282157","19621525","2797","282174","19906479","0.43","0.26","0.69","0.43 (0.26, 0.69)","0.43","13.12","-1.22","-1.71","39.6474","0.44","0.23","0","0","0","0","0","0"
"Iopamidol","Kounis syndrome","Kounis syndrome","过敏性冠状动脉痉挛综合征","Cardiac disorders","心脏器官疾病","16","16","2781","2042","19901640","2797","2058","19906479","56.07","34.24","91.83","56.07 (34.24, 91.83)","55.76","853.81","5.79","5.29","0.2892","20.91","10.77","1","1","1","1","1","1"
"Iopamidol","Brain oedema","Brain oedema","脑水肿","Nervous system disorders","各类神经系统疾病","16","16","2781","11983","19891699","2797","11999","19906479","9.55","5.84","15.62","9.55 (5.84, 15.62)","9.5","121.62","3.25","2.74","1.6859","7.55","3.89","1","1","1","1","1","1"
"Iopamidol","INJECTION SITE EXTRAVASATION","INJECTION SITE EXTRAVASATION","注射部位外渗","General disorders and administration site conditions","全身性疾病及给药部位各种反应","16","16","2781","12141","19891541","2797","12157","19906479","9.43","5.76","15.41","9.43 (5.76, 15.41)","9.38","119.67","3.23","2.73","1.7081","7.47","3.85","1","1","1","1","1","1"
"Iopamidol","Product quality issue","Product quality issue","产品质量问题","Product issues","产品问题","16","16","2781","130177","19773505","2797","130193","19906479","0.87","0.53","1.43","0.87 (0.53, 1.43)","0.87","0.29","-0.19","-0.69","18.293","0.88","0.45","0","0","0","0","0","0"
"Iopamidol","Pain","Pain","疼痛","General disorders and administration site conditions","全身性疾病及给药部位各种反应","16","16","2781","584741","19318941","2797","584757","19906479","0.19","0.12","0.31","0.19 (0.12, 0.31)","0.19","54.9","-2.36","-2.86","82.1625","0.2","0.1","0","0","0","0","0","0"
"Iopamidol","Sialoadenitis","Sialoadenitis","涎腺炎","Infections and infestations","感染及侵染类疾病","15","15","2782","1251","19902431","2797","1266","19906479","85.78","51.49","142.91","85.78 (51.49, 142.91)","85.32","1235.31","6.4","5.88","0.1779","22.87","11.68","1","1","1","1","1","1"
"Iopamidol","Procedural complication","Procedural complication","操作并发症","Injury, poisoning and procedural complications","各类损伤、中毒及操作并发症","15","15","2782","7437","19896245","2797","7452","19906479","14.42","8.68","23.97","14.42 (8.68, 23.97)","14.35","186.03","3.84","3.32","1.0471","10.02","5.12","1","1","1","1","1","1"
"Iopamidol","BRONCHOSPASM","BRONCHOSPASM","支气管痉挛","Respiratory, thoracic and mediastinal disorders","呼吸系统、胸及纵隔疾病","15","15","2782","13707","19889975","2797","13722","19906479","7.82","4.71","13","7.82 (4.71, 13.00)","7.79","88.7","2.96","2.44","1.928","6.38","3.26","1","1","1","1","1","1"
"Iopamidol","HYPOAESTHESIA ORAL","HYPOAESTHESIA ORAL","口腔感觉减退","Gastrointestinal disorders","胃肠系统疾病","15","15","2782","14366","19889316","2797","14381","19906479","7.46","4.49","12.4","7.46 (4.49, 12.40)","7.43","83.44","2.89","2.37","2.0206","6.15","3.14","1","1","1","1","1","1"
"Iopamidol","Hemiparesis","Hemiparesis","单侧轻瘫","Nervous system disorders","各类神经系统疾病","15","15","2782","16327","19887355","2797","16342","19906479","6.57","3.95","10.91","6.57 (3.95, 10.91)","6.54","70.35","2.71","2.19","2.2962","5.54","2.83","1","1","1","1","1","1"
"Iopamidol","Post procedural complication","Post procedural complication","操作后并发症","Injury, poisoning and procedural complications","各类损伤、中毒及操作并发症","15","15","2782","18608","19885074","2797","18623","19906479","5.76","3.47","9.57","5.76 (3.47, 9.57)","5.74","58.67","2.52","2","2.6167","4.97","2.54","1","1","1","1","1","1"
"Iopamidol","Lacrimation increased","Lacrimation increased","流泪增加","Eye disorders","眼器官疾病","15","15","2782","27961","19875721","2797","27976","19906479","3.83","2.31","6.37","3.83 (2.31, 6.37)","3.82","31.22","1.93","1.41","3.9308","3.5","1.79","1","1","1","0","1","0"
"Iopamidol","Swollen tongue","Swollen tongue","肿舌","Gastrointestinal disorders","胃肠系统疾病","15","15","2782","29757","19873925","2797","29772","19906479","3.6","2.17","5.98","3.60 (2.17, 5.98)","3.59","28.02","1.84","1.32","4.1832","3.31","1.69","1","1","1","0","1","0"
"Iopamidol","Drug administration error","Drug administration error",,,,"15","15","2782","30676","19873006","2797","30691","19906479","3.49","2.1","5.8","3.49 (2.10, 5.80)","3.48","26.53","1.8","1.28","4.3123","3.22","1.65","1","1","1","0","1","0"
"Iopamidol","DISORIENTATION","DISORIENTATION","定向力障碍","Psychiatric disorders","精神病类","15","15","2782","38257","19865425","2797","38272","19906479","2.8","1.69","4.65","2.80 (1.69, 4.65)","2.79","17.25","1.48","0.96","5.3775","2.64","1.35","1","1","1","0","1","0"
"Iopamidol","Accidental exposure to product","Accidental exposure to product","意外暴露于产品","Injury, poisoning and procedural complications","各类损伤、中毒及操作并发症","14","14","2783","90812","19812870","2797","90826","19906479","1.1","0.65","1.86","1.10 (0.65, 1.86)","1.1","0.12","0.13","-0.4","12.7617","1.09","0.55","0","0","0","0","0","0"
"Iopamidol","Atrial fibrillation","Atrial fibrillation","房颤","Cardiac disorders","心脏器官疾病","14","14","2783","92981","19810701","2797","92995","19906479","1.07","0.63","1.81","1.07 (0.63, 1.81)","1.07","0.07","0.1","-0.44","13.0665","1.07","0.54","0","0","0","0","0","0"
"Iopamidol","Diarrhoea","Diarrhoea","腹泻","Gastrointestinal disorders","胃肠系统疾病","14","14","2783","605659","19298023","2797","605673","19906479","0.16","0.09","0.27","0.16 (0.09, 0.27)","0.16","61.28","-2.6","-3.14","85.1013","0.17","0.09","0","0","0","0","0","0"
"Iopamidol","BLOOD PRESSURE IMMEASURABLE","BLOOD PRESSURE IMMEASURABLE","血压不可测","Investigations","各类检查","13","13","2784","1467","19902215","2797","1480","19906479","63.35","36.65","109.5","63.35 (36.65, 109.50)","63.06","787.07","5.97","5.41","0.208","19.07","9.55","1","1","1","1","1","1"
"Iopamidol","COMPARTMENT SYNDROME","COMPARTMENT SYNDROME","骨筋膜室综合征","Musculoskeletal and connective tissue disorders","各种肌肉骨骼及结缔组织疾病","13","13","2784","2502","19901180","2797","2515","19906479","37.14","21.51","64.14","37.14 (21.51, 64.14)","36.97","452.72","5.2","4.64","0.3534","15.82","7.92","1","1","1","1","1","1"
"Iopamidol","Laryngeal oedema","Laryngeal oedema","喉水肿","Respiratory, thoracic and mediastinal disorders","呼吸系统、胸及纵隔疾病","13","13","2784","5862","19897820","2797","5875","19906479","15.85","9.19","27.35","15.85 (9.19, 27.35)","15.78","179.63","3.98","3.42","0.8255","10.18","5.1","1","1","1","1","1","1"
"Iopamidol","Toxic skin eruption","Toxic skin eruption","中毒性皮疹","Skin and subcutaneous tissue disorders","皮肤及皮下组织类疾病","13","13","2784","9655","19894027","2797","9668","19906479","9.62","5.58","16.6","9.62 (5.58, 16.60)","9.58","99.83","3.26","2.7","1.3584","7.26","3.64","1","1","1","1","1","1"
"Iopamidol","ALTERED STATE OF CONSCIOUSNESS","ALTERED STATE OF CONSCIOUSNESS","意识状态改变","Nervous system disorders","各类神经系统疾病","13","13","2784","20269","19883413","2797","20282","19906479","4.58","2.66","7.9","4.58 (2.66, 7.90)","4.56","36.19","2.19","1.63","2.8498","4.03","2.02","1","1","1","1","1","1"
"Iopamidol","Stevens-Johnson syndrome","Stevens-Johnson syndrome","Stevens-Johnson综合征","Skin and subcutaneous tissue disorders","皮肤及皮下组织类疾病","13","13","2784","21366","19882316","2797","21379","19906479","4.35","2.52","7.49","4.35 (2.52, 7.49)","4.33","33.3","2.11","1.56","3.0039","3.85","1.93","1","1","1","0","1","0"
"Iopamidol","Pulmonary oedema","Pulmonary oedema","肺水肿","Respiratory, thoracic and mediastinal disorders","呼吸系统、胸及纵隔疾病","13","13","2784","43036","19860646","2797","43049","19906479","2.15","1.25","3.72","2.15 (1.25, 3.72)","2.15","8.01","1.1","0.55","6.0487","2.06","1.03","1","1","1","0","1","0"
"Iopamidol","RENAL IMPAIRMENT","RENAL IMPAIRMENT","肾功能损害","Renal and urinary disorders","肾脏及泌尿系统疾病","13","13","2784","78926","19824756","2797","78939","19906479","1.17","0.68","2.02","1.17 (0.68, 2.02)","1.17","0.33","0.23","-0.33","11.0915","1.16","0.58","0","0","0","0","0","0"
"Iopamidol","Muscular weakness","Muscular weakness","肌无力","Musculoskeletal and connective tissue disorders","各种肌肉骨骼及结缔组织疾病","13","13","2784","107977","19795705","2797","107990","19906479","0.86","0.5","1.48","0.86 (0.50, 1.48)","0.86","0.31","-0.22","-0.78","15.1734","0.86","0.43","0","0","0","0","0","0"
"Iopamidol","Product deposit","Product deposit","产品沉积","Product issues","产品问题","12","12","2785","1424","19902258","2797","1436","19906479","60.22","34.08","106.42","60.22 (34.08, 106.42)","59.97","690.04","5.89","5.31","0.2018","17.81","8.81","1","1","1","1","1","1"
"Iopamidol","FOAMING AT MOUTH","FOAMING AT MOUTH","口吐白沫","General disorders and administration site conditions","全身性疾病及给药部位各种反应","12","12","2785","1921","19901761","2797","1933","19906479","44.64","25.28","78.84","44.64 (25.28, 78.84)","44.45","506.58","5.47","4.89","0.2716","16.2","8.01","1","1","1","1","1","1"
"Iopamidol","HYPOXIC-ISCHAEMIC ENCEPHALOPATHY","HYPOXIC-ISCHAEMIC ENCEPHALOPATHY","缺氧缺血性脑病","Nervous system disorders","各类神经系统疾病","12","12","2785","2477","19901205","2797","2489","19906479","34.62","19.61","61.12","34.62 (19.61, 61.12)","34.47","388.21","5.1","4.52","0.3497","14.71","7.27","1","1","1","1","1","1"
"Iopamidol","Hemiplegia","Hemiplegia","偏瘫","Nervous system disorders","各类神经系统疾病","12","12","2785","7954","19895728","2797","7966","19906479","10.78","6.11","19.01","10.78 (6.11, 19.01)","10.74","105.83","3.42","2.84","1.1193","7.72","3.82","1","1","1","1","1","1"
"Iopamidol","Acute respiratory failure","Acute respiratory failure","急性呼吸衰竭","Respiratory, thoracic and mediastinal disorders","呼吸系统、胸及纵隔疾病","12","12","2785","18141","19885541","2797","18153","19906479","4.72","2.68","8.33","4.72 (2.68, 8.33)","4.71","35.04","2.23","1.66","2.5506","4.1","2.03","1","1","1","1","1","1"
"Iopamidol","INJECTION SITE PAIN","INJECTION SITE PAIN","注射部位痛","General disorders and administration site conditions","全身性疾病及给药部位各种反应","12","12","2785","284719","19618963","2797","284731","19906479","0.3","0.17","0.52","0.30 (0.17, 0.52)","0.3","19.89","-1.74","-2.32","40.0067","0.31","0.15","0","0","0","0","0","0"
"Iopamidol","Pneumonia","Pneumonia","感染性肺炎","Infections and infestations","感染及侵染类疾病","12","12","2785","305335","19598347","2797","305347","19906479","0.28","0.16","0.49","0.28 (0.16, 0.49)","0.28","22.61","-1.84","-2.42","42.9034","0.29","0.14","0","0","0","0","0","0"
"Iopamidol","COLD SWEAT","COLD SWEAT","冷汗","Skin and subcutaneous tissue disorders","皮肤及皮下组织类疾病","11","11","2786","16938","19886744","2797","16949","19906479","4.64","2.56","8.38","4.64 (2.56, 8.38)","4.62","31.22","2.21","1.6","2.3815","3.99","1.95","1","1","1","0","1","0"
"Iopamidol","Eye pruritus","Eye pruritus","眼睛瘙痒","Eye disorders","眼器官疾病","11","11","2786","30288","19873394","2797","30299","19906479","2.59","1.43","4.68","2.59 (1.43, 4.68)","2.58","10.7","1.37","0.77","4.2572","2.42","1.18","1","1","1","0","1","0"
"Iopamidol","Amnesia","Amnesia","失忆症","Nervous system disorders","各类神经系统疾病","11","11","2786","62419","19841263","2797","62430","19906479","1.26","0.69","2.27","1.26 (0.69, 2.27)","1.25","0.57","0.33","-0.28","8.7719","1.24","0.6","0","0","0","0","0","0"
"Iopamidol","DRUG HYPERSENSITIVITY","DRUG HYPERSENSITIVITY","药物性超敏反应","Immune system disorders","免疫系统疾病","11","11","2786","184166","19719516","2797","184177","19906479","0.42","0.23","0.76","0.42 (0.23, 0.76)","0.43","8.64","-1.23","-1.84","25.8782","0.44","0.21","0","0","0","0","0","0"
"Iopamidol","Back pain","Back pain","背痛","Musculoskeletal and connective tissue disorders","各种肌肉骨骼及结缔组织疾病","11","11","2786","221914","19681768","2797","221925","19906479","0.35","0.19","0.63","0.35 (0.19, 0.63)","0.35","13.21","-1.5","-2.11","31.182","0.36","0.18","0","0","0","0","0","0"
"Iopamidol","ARTERIOSPASM CORONARY","ARTERIOSPASM CORONARY","冠状动脉痉挛","Cardiac disorders","心脏器官疾病","10","10","2787","3753","19899929","2797","3763","19906479","19.03","10.22","35.43","19.03 (10.22, 35.43)","18.96","169.72","4.24","3.61","0.5287","10.21","4.89","1","1","1","1","1","1"
"Iopamidol","PULSELESS ELECTRICAL ACTIVITY","PULSELESS ELECTRICAL ACTIVITY","无脉性电活动","Cardiac disorders","心脏器官疾病","10","10","2787","3898","19899784","2797","3908","19906479","18.32","9.84","34.11","18.32 (9.84, 34.11)","18.26","162.72","4.19","3.55","0.5491","10.01","4.8","1","1","1","1","1","1"
"Iopamidol","Wrong product administered","Wrong product administered","给予的产品有误","Injury, poisoning and procedural complications","各类损伤、中毒及操作并发症","10","10","2787","6130","19897552","2797","6140","19906479","11.65","6.26","21.68","11.65 (6.26, 21.68)","11.61","96.82","3.53","2.9","0.8627","7.71","3.69","1","1","1","1","1","1"
"Iopamidol","ANURIA","ANURIA","无尿","Renal and urinary disorders","肾脏及泌尿系统疾病","10","10","2787","8338","19895344","2797","8348","19906479","8.56","4.6","15.94","8.56 (4.60, 15.94)","8.53","66.47","3.09","2.46","1.173","6.28","3.01","1","1","1","1","1","1"
"Iopamidol","Incorrect route of product administration","Incorrect route of product administration","产品给用途径不当","Injury, poisoning and procedural complications","各类损伤、中毒及操作并发症","10","10","2787","15232","19888450","2797","15242","19906479","4.68","2.52","8.72","4.68 (2.52, 8.72)","4.67","28.86","2.22","1.59","2.1416","3.97","1.9","1","1","1","0","1","0"
"Iopamidol","HAEMATEMESIS","HAEMATEMESIS","呕血","Gastrointestinal disorders","胃肠系统疾病","10","10","2787","24283","19879399","2797","24293","19906479","2.94","1.58","5.47","2.94 (1.58, 5.47)","2.93","12.73","1.55","0.92","3.4133","2.68","1.29","1","1","1","0","1","0"
"Iopamidol","Lip swelling","Lip swelling","唇部肿胀","Gastrointestinal disorders","胃肠系统疾病","10","10","2787","31572","19872110","2797","31582","19906479","2.26","1.21","4.2","2.26 (1.21, 4.20)","2.25","6.98","1.17","0.54","4.4375","2.13","1.02","1","1","1","0","1","0"
"Iopamidol","Restlessness","Restlessness","躁动","Psychiatric disorders","精神病类","10","10","2787","35075","19868607","2797","35085","19906479","2.03","1.09","3.78","2.03 (1.09, 3.78)","2.03","5.22","1.02","0.39","4.9297","1.93","0.93","1","1","1","0","1","0"
"Iopamidol","Coma","Coma","昏迷","Nervous system disorders","各类神经系统疾病","10","10","2787","45306","19858376","2797","45316","19906479","1.57","0.85","2.93","1.57 (0.85, 2.93)","1.57","2.08","0.65","0.02","6.3672","1.53","0.73","0","0","1","0","0","0"
"Iopamidol","SPEECH DISORDER","SPEECH DISORDER","言语障碍","Nervous system disorders","各类神经系统疾病","10","10","2787","50162","19853520","2797","50172","19906479","1.42","0.76","2.64","1.42 (0.76, 2.64)","1.42","1.24","0.5","-0.13","7.0495","1.39","0.67","0","0","0","0","0","0"
"Iopamidol","Burning sensation","Burning sensation","烧灼感","Nervous system disorders","各类神经系统疾病","10","10","2787","66683","19836999","2797","66693","19906479","1.07","0.57","1.99","1.07 (0.57, 1.99)","1.07","0.04","0.09","-0.54","9.3708","1.06","0.51","0","0","0","0","0","0"
"Iopamidol","SWELLING","SWELLING","肿胀","General disorders and administration site conditions","全身性疾病及给药部位各种反应","10","10","2787","86256","19817426","2797","86266","19906479","0.82","0.44","1.53","0.82 (0.44, 1.53)","0.82","0.37","-0.28","-0.91","12.121","0.83","0.4","0","0","0","0","0","0"
"Iopamidol","Cerebrovascular accident","Cerebrovascular accident","脑血管意外","Nervous system disorders","各类神经系统疾病","10","10","2787","163252","19740430","2797","163262","19906479","0.43","0.23","0.81","0.43 (0.23, 0.81)","0.44","7.36","-1.2","-1.83","22.9395","0.45","0.21","0","0","0","0","0","0"
"Iopamidol","Myocardial infarction","Myocardial infarction","心肌梗死","Cardiac disorders","心脏器官疾病","10","10","2787","170474","19733208","2797","170484","19906479","0.42","0.22","0.77","0.42 (0.22, 0.77)","0.42","8.2","-1.26","-1.89","23.9542","0.43","0.21","0","0","0","0","0","0"
"Iopamidol","Acute pulmonary oedema","Acute pulmonary oedema","急性肺水肿","Respiratory, thoracic and mediastinal disorders","呼吸系统、胸及纵隔疾病","9","9","2788","5410","19898272","2797","5419","19906479","11.87","6.17","22.86","11.87 (6.17, 22.86)","11.84","89.18","3.56","2.89","0.7614","7.53","3.54","1","1","1","1","1","1"
"Iopamidol","Liquid product physical issue","Liquid product physical issue","液体产品物理问题","Product issues","产品问题","9","9","2788","6316","19897366","2797","6325","19906479","10.17","5.28","19.57","10.17 (5.28, 19.57)","10.14","74.07","3.34","2.67","0.8887","6.84","3.21","1","1","1","1","1","1"
"Iopamidol","Meningitis","Meningitis","脑膜炎","Infections and infestations","感染及侵染类疾病","9","9","2788","6321","19897361","2797","6330","19906479","10.16","5.28","19.56","10.16 (5.28, 19.56)","10.13","74","3.34","2.67","0.8894","6.84","3.21","1","1","1","1","1","1"
"Iopamidol","Peripheral coldness","Peripheral coldness","四肢发冷","Vascular disorders","血管与淋巴管类疾病","9","9","2788","13141","19890541","2797","13150","19906479","4.89","2.54","9.4","4.89 (2.54, 9.40)","4.87","27.71","2.28","1.62","1.8477","4.05","1.9","1","1","1","0","1","0"
"Iopamidol","ACUTE RESPIRATORY DISTRESS SYNDROME","ACUTE RESPIRATORY DISTRESS SYNDROME","急性呼吸窘迫综合征","Respiratory, thoracic and mediastinal disorders","呼吸系统、胸及纵隔疾病","9","9","2788","16855","19886827","2797","16864","19906479","3.81","1.98","7.33","3.81 (1.98, 7.33)","3.8","18.57","1.93","1.26","2.3695","3.31","1.55","1","1","1","0","1","0"
"Iopamidol","RASH GENERALISED","RASH GENERALISED",,,,"9","9","2788","25826","19877856","2797","25835","19906479","2.48","1.29","4.78","2.48 (1.29, 4.78)","2.48","7.96","1.31","0.64","3.63","2.3","1.08","1","1","1","0","1","0"
"Iopamidol","ACUTE MYOCARDIAL INFARCTION","ACUTE MYOCARDIAL INFARCTION","急性心肌梗死","Cardiac disorders","心脏器官疾病","9","9","2788","28816","19874866","2797","28825","19906479","2.23","1.16","4.28","2.23 (1.16, 4.28)","2.22","6.06","1.15","0.48","4.0501","2.09","0.98","1","1","1","0","1","0"
"Iopamidol","Rhabdomyolysis","Rhabdomyolysis","横纹肌溶解","Musculoskeletal and connective tissue disorders","各种肌肉骨骼及结缔组织疾病","9","9","2788","39486","19864196","2797","39495","19906479","1.62","0.84","3.12","1.62 (0.84, 3.12)","1.62","2.15","0.7","0.03","5.5493","1.57","0.74","0","0","1","0","0","0"
"Iopamidol","Blister","Blister","水疱","Skin and subcutaneous tissue disorders","皮肤及皮下组织类疾病","9","9","2788","51918","19851764","2797","51927","19906479","1.23","0.64","2.37","1.23 (0.64, 2.37)","1.23","0.4","0.3","-0.37","7.2961","1.22","0.57","0","0","0","0","0","0"
"Iopamidol","MEDICATION ERROR","MEDICATION ERROR","用药错误","Injury, poisoning and procedural complications","各类损伤、中毒及操作并发症","9","9","2788","52311","19851371","2797","52320","19906479","1.23","0.64","2.36","1.23 (0.64, 2.36)","1.22","0.37","0.29","-0.38","7.3513","1.21","0.57","0","0","0","0","0","0"
"Iopamidol","Lethargy","Lethargy","倦怠","Nervous system disorders","各类神经系统疾病","9","9","2788","55159","19848523","2797","55168","19906479","1.16","0.6","2.24","1.16 (0.60, 2.24)","1.16","0.2","0.22","-0.45","7.7515","1.15","0.54","0","0","0","0","0","0"
"Iopamidol","OEDEMA PERIPHERAL","OEDEMA PERIPHERAL","外周水肿","General disorders and administration site conditions","全身性疾病及给药部位各种反应","9","9","2788","117751","19785931","2797","117760","19906479","0.54","0.28","1.04","0.54 (0.28, 1.04)","0.54","3.46","-0.88","-1.55","16.5461","0.56","0.26","0","0","0","0","0","0"
"Iopamidol","Vision blurred","Vision blurred","视物模糊","Eye disorders","眼器官疾病","9","9","2788","129560","19774122","2797","129569","19906479","0.49","0.26","0.95","0.49 (0.26, 0.95)","0.49","4.69","-1.02","-1.68","18.2054","0.51","0.24","0","0","0","0","0","0"
"Iopamidol","ORAL PRURITUS","ORAL PRURITUS","口腔瘙痒","Gastrointestinal disorders","胃肠系统疾病","8","8","2789","2144","19901538","2797","2152","19906479","26.63","13.28","53.36","26.63 (13.28, 53.36)","26.55","196.01","4.73","4.02","0.3024","10.59","4.85","1","1","1","1","1","1"
"Iopamidol","Occupational exposure to product","Occupational exposure to product","职业性暴露于产品","Injury, poisoning and procedural complications","各类损伤、中毒及操作并发症","8","8","2789","6249","19897433","2797","6257","19906479","9.13","4.56","18.29","9.13 (4.56, 18.29)","9.11","57.7","3.19","2.48","0.8792","6.16","2.82","1","1","1","1","1","1"
"Iopamidol","Refusal of treatment by patient","Refusal of treatment by patient","患者拒绝治疗","Social circumstances","社会环境","8","8","2789","6402","19897280","2797","6410","19906479","8.91","4.45","17.85","8.91 (4.45, 17.85)","8.89","55.99","3.15","2.44","0.9006","6.07","2.78","1","1","1","1","1","1"
"Iopamidol","Torsade de pointes","Torsade de pointes","尖端扭转型室速","Cardiac disorders","心脏器官疾病","8","8","2789","7423","19896259","2797","7431","19906479","7.69","3.84","15.39","7.69 (3.84, 15.39)","7.67","46.36","2.94","2.23","1.0441","5.5","2.52","1","1","1","1","1","1"
"Iopamidol","HAEMODIALYSIS","HAEMODIALYSIS","血液透析","Surgical and medical procedures","各种手术及医疗操作","8","8","2789","8386","19895296","2797","8394","19906479","6.81","3.4","13.63","6.81 (3.40, 13.63)","6.79","39.47","2.76","2.05","1.1794","5.06","2.32","1","1","1","1","1","1"
"Iopamidol","EYELID OEDEMA","EYELID OEDEMA","眼睑水肿","Eye disorders","眼器官疾病","8","8","2789","11372","19892310","2797","11380","19906479","5.02","2.51","10.05","5.02 (2.51, 10.05)","5.01","25.64","2.32","1.61","1.599","4.05","1.86","1","1","1","0","1","0"
"Iopamidol","CARDIOGENIC SHOCK","CARDIOGENIC SHOCK","心源性休克","Cardiac disorders","心脏器官疾病","8","8","2789","13396","19890286","2797","13404","19906479","4.26","2.13","8.53","4.26 (2.13, 8.53)","4.25","19.88","2.09","1.38","1.8834","3.57","1.63","1","1","1","0","1","0"
"Iopamidol","Paraesthesia oral","Paraesthesia oral","口部异常感觉","Gastrointestinal disorders","胃肠系统疾病","8","8","2789","13579","19890103","2797","13587","19906479","4.2","2.1","8.41","4.20 (2.10, 8.41)","4.19","19.45","2.07","1.36","1.9091","3.53","1.62","1","1","1","0","1","0"
"Iopamidol","Tubulointerstitial nephritis","Tubulointerstitial nephritis","小管间质性肾炎","Renal and urinary disorders","肾脏及泌尿系统疾病","8","8","2789","17717","19885965","2797","17725","19906479","3.22","1.61","6.45","3.22 (1.61, 6.45)","3.21","12.2","1.68","0.98","2.4905","2.84","1.3","1","1","1","0","1","0"
"Iopamidol","BLOOD PRESSURE SYSTOLIC INCREASED","BLOOD PRESSURE SYSTOLIC INCREASED","收缩压升高","Investigations","各类检查","8","8","2789","18582","19885100","2797","18590","19906479","3.07","1.53","6.15","3.07 (1.53, 6.15)","3.06","11.13","1.61","0.91","2.612","2.73","1.25","1","1","1","0","1","0"
"Iopamidol","Encephalopathy","Encephalopathy","脑病","Nervous system disorders","各类神经系统疾病","8","8","2789","23115","19880567","2797","23123","19906479","2.47","1.23","4.94","2.47 (1.23, 4.94)","2.46","6.96","1.3","0.59","3.2489","2.27","1.04","1","1","1","0","1","0"
"Iopamidol","PNEUMONIA ASPIRATION","PNEUMONIA ASPIRATION","感染性吸入性肺炎","Infections and infestations","感染及侵染类疾病","8","8","2789","23549","19880133","2797","23557","19906479","2.42","1.21","4.85","2.42 (1.21, 4.85)","2.42","6.65","1.27","0.56","3.3099","2.23","1.02","1","1","1","0","1","0"
"Iopamidol","Mental status changes","Mental status changes","精神状态改变","Psychiatric disorders","精神病类","8","8","2789","26774","19876908","2797","26782","19906479","2.13","1.06","4.26","2.13 (1.06, 4.26)","2.13","4.78","1.09","0.38","3.7631","1.99","0.91","1","1","1","0","1","0"
"Iopamidol","Skin discolouration","Skin discolouration","皮肤变色","Skin and subcutaneous tissue disorders","皮肤及皮下组织类疾病","8","8","2789","43773","19859909","2797","43781","19906479","1.3","0.65","2.61","1.30 (0.65, 2.61)","1.3","0.56","0.38","-0.33","6.1515","1.28","0.59","0","0","0","0","0","0"
"Iopamidol","Nasal congestion","Nasal congestion","鼻充血","Respiratory, thoracic and mediastinal disorders","呼吸系统、胸及纵隔疾病","8","8","2789","54958","19848724","2797","54966","19906479","1.04","0.52","2.07","1.04 (0.52, 2.07)","1.04","0.01","0.05","-0.66","7.7231","1.03","0.47","0","0","0","0","0","0"
"Iopamidol","Discomfort","Discomfort","不适","General disorders and administration site conditions","全身性疾病及给药部位各种反应","8","8","2789","55147","19848535","2797","55155","19906479","1.03","0.52","2.07","1.03 (0.52, 2.07)","1.03","0.01","0.05","-0.66","7.7497","1.03","0.47","0","0","0","0","0","0"
"Iopamidol","Infusion related reaction","Infusion related reaction","输液相关反应","Injury, poisoning and procedural complications","各类损伤、中毒及操作并发症","8","8","2789","59848","19843834","2797","59856","19906479","0.95","0.48","1.9","0.95 (0.48, 1.90)","0.95","0.02","-0.07","-0.78","8.4102","0.95","0.44","0","0","0","0","0","0"
"Iopamidol","ARTHRITIS","ARTHRITIS","关节炎","Musculoskeletal and connective tissue disorders","各种肌肉骨骼及结缔组织疾病","8","8","2789","74559","19829123","2797","74567","19906479","0.76","0.38","1.53","0.76 (0.38, 1.53)","0.76","0.59","-0.39","-1.1","10.4772","0.77","0.35","0","0","0","0","0","0"
"Iopamidol","Oropharyngeal pain","Oropharyngeal pain","口咽疼痛","Respiratory, thoracic and mediastinal disorders","呼吸系统、胸及纵隔疾病","8","8","2789","88118","19815564","2797","88126","19906479","0.65","0.32","1.29","0.65 (0.32, 1.29)","0.65","1.56","-0.63","-1.34","12.3823","0.66","0.3","0","0","0","0","0","0"
"Iopamidol","Sepsis","Sepsis","脓毒症","Infections and infestations","感染及侵染类疾病","8","8","2789","106361","19797321","2797","106369","19906479","0.53","0.27","1.07","0.53 (0.27, 1.07)","0.54","3.25","-0.9","-1.61","14.9456","0.55","0.25","0","0","0","0","0","0"
"Iopamidol","VISUAL IMPAIRMENT","VISUAL IMPAIRMENT","视觉损害","Eye disorders","眼器官疾病","8","8","2789","115658","19788024","2797","115666","19906479","0.49","0.25","0.98","0.49 (0.25, 0.98)","0.49","4.21","-1.02","-1.73","16.2519","0.51","0.23","0","0","0","0","0","0"
"Iopamidol","Hepatic artery stenosis","Hepatic artery stenosis","肝动脉狭窄","Hepatobiliary disorders","肝胆系统疾病","7","7","2790","121","19903561","2797","128","19906479","412.7","192.46","884.99","412.70 (192.46, 884.99)","411.67","2710.92","8.6","7.83","0.018","14.48","6.44","1","1","1","1","1","1"
"Iopamidol","Documented hypersensitivity to administered product","Documented hypersensitivity to administered product","（患者）对所给产品有记录在案的超敏性","Injury, poisoning and procedural complications","各类损伤、中毒及操作并发症","7","7","2790","776","19902906","2797","783","19906479","64.35","30.55","135.56","64.35 (30.55, 135.56)","64.19","431.57","5.99","5.23","0.11","12.29","5.47","1","1","1","1","1","1"
"Iopamidol","MENINGITIS BACTERIAL","MENINGITIS BACTERIAL","细菌性脑膜炎","Infections and infestations","感染及侵染类疾病","7","7","2790","1350","19902332","2797","1357","19906479","36.99","17.58","77.81","36.99 (17.58, 77.81)","36.9","243.23","5.2","4.44","0.1907","10.86","4.83","1","1","1","1","1","1"
"Iopamidol","STRIDOR","STRIDOR","喘鸣","Respiratory, thoracic and mediastinal disorders","呼吸系统、胸及纵隔疾病","7","7","2790","2807","19900875","2797","2814","19906479","17.79","8.46","37.38","17.79 (8.46, 37.38)","17.75","110.36","4.15","3.39","0.3954","8.38","3.72","1","1","1","1","1","1"
"Iopamidol","Oliguria","Oliguria","少尿","Renal and urinary disorders","肾脏及泌尿系统疾病","7","7","2790","5936","19897746","2797","5943","19906479","8.41","4","17.67","8.41 (4.00, 17.67)","8.39","45.54","3.07","2.31","0.835","5.62","2.5","1","1","1","1","1","1"
"Iopamidol","Sensation of foreign body","Sensation of foreign body","异物感","General disorders and administration site conditions","全身性疾病及给药部位各种反应","7","7","2790","7797","19895885","2797","7804","19906479","6.4","3.05","13.45","6.40 (3.05, 13.45)","6.39","31.8","2.67","1.92","1.0965","4.7","2.09","1","1","1","1","1","1"
"Iopamidol","Product container issue","Product container issue","产品容器问题","Product issues","产品问题","7","7","2790","7809","19895873","2797","7816","19906479","6.39","3.04","13.43","6.39 (3.04, 13.43)","6.38","31.73","2.67","1.91","1.0982","4.69","2.09","1","1","1","1","1","1"
"Iopamidol","Respiratory rate increased","Respiratory rate increased","呼吸频率升高","Investigations","各类检查","7","7","2790","8514","19895168","2797","8521","19906479","5.86","2.79","12.31","5.86 (2.79, 12.31)","5.85","28.14","2.55","1.79","1.1973","4.42","1.96","1","1","1","0","1","0"
"Iopamidol","Renal tubular necrosis","Renal tubular necrosis","肾小管坏死","Renal and urinary disorders","肾脏及泌尿系统疾病","7","7","2790","9360","19894322","2797","9367","19906479","5.33","2.54","11.2","5.33 (2.54, 11.20)","5.32","24.56","2.41","1.65","1.3161","4.13","1.84","1","1","1","0","1","0"
"Iopamidol","Disseminated intravascular coagulation","Disseminated intravascular coagulation","弥散性血管内凝血","Blood and lymphatic system disorders","血液及淋巴系统疾病","7","7","2790","13635","19890047","2797","13642","19906479","3.66","1.74","7.69","3.66 (1.74, 7.69)","3.65","13.49","1.87","1.11","1.9168","3.1","1.38","1","1","1","0","1","0"
"Iopamidol","DIALYSIS","DIALYSIS","透析","Surgical and medical procedures","各种手术及医疗操作","7","7","2790","13644","19890038","2797","13651","19906479","3.66","1.74","7.68","3.66 (1.74, 7.68)","3.65","13.48","1.87","1.11","1.9181","3.1","1.38","1","1","1","0","1","0"
"Iopamidol","Toxic epidermal necrolysis","Toxic epidermal necrolysis","中毒性表皮坏死松解症","Skin and subcutaneous tissue disorders","皮肤及皮下组织类疾病","7","7","2790","14200","19889482","2797","14207","19906479","3.51","1.67","7.38","3.51 (1.67, 7.38)","3.51","12.55","1.81","1.05","1.9962","3","1.34","1","1","1","0","1","0"
"Iopamidol","MULTI-ORGAN FAILURE","MULTI-ORGAN FAILURE",,,,"7","7","2790","17601","19886081","2797","17608","19906479","2.83","1.35","5.95","2.83 (1.35, 5.95)","2.83","8.29","1.5","0.74","2.474","2.52","1.12","1","1","1","0","1","0"
"Iopamidol","Product preparation error","Product preparation error","产品制备错误","Injury, poisoning and procedural complications","各类损伤、中毒及操作并发症","7","7","2790","19758","19883924","2797","19765","19906479","2.52","1.2","5.3","2.52 (1.20, 5.30)","2.52","6.43","1.33","0.58","2.7771","2.29","1.02","1","1","1","0","1","0"
"Iopamidol","Pruritus generalised","Pruritus generalised",,,,"7","7","2790","21581","19882101","2797","21588","19906479","2.31","1.1","4.85","2.31 (1.10, 4.85)","2.31","5.19","1.21","0.45","3.0333","2.12","0.94","1","1","1","0","1","0"
"Iopamidol","RASH ERYTHEMATOUS","RASH ERYTHEMATOUS","红色皮疹","Skin and subcutaneous tissue disorders","皮肤及皮下组织类疾病","7","7","2790","43068","19860614","2797","43075","19906479","1.16","0.55","2.43","1.16 (0.55, 2.43)","1.16","0.15","0.21","-0.55","6.0523","1.14","0.51","0","0","0","0","0","0"
"Iopamidol","HYPOGLYCAEMIA","HYPOGLYCAEMIA","低血糖","Metabolism and nutrition disorders","代谢及营养类疾病","7","7","2790","46304","19857378","2797","46311","19906479","1.08","0.51","2.26","1.08 (0.51, 2.26)","1.08","0.04","0.11","-0.65","6.507","1.07","0.48","0","0","0","0","0","0"
"Iopamidol","Eye irritation","Eye irritation","眼刺激","Eye disorders","眼器官疾病","7","7","2790","50515","19853167","2797","50522","19906479","0.99","0.47","2.07","0.99 (0.47, 2.07)","0.99","0","-0.02","-0.78","7.0987","0.99","0.44","0","0","0","0","0","0"
"Iopamidol","Rash pruritic","Rash pruritic","瘙痒性皮疹","Skin and subcutaneous tissue disorders","皮肤及皮下组织类疾病","7","7","2790","50853","19852829","2797","50860","19906479","0.98","0.47","2.06","0.98 (0.47, 2.06)","0.98","0","-0.03","-0.79","7.1462","0.98","0.44","0","0","0","0","0","0"
"Iopamidol","Hyponatraemia","Hyponatraemia","低钠血症","Metabolism and nutrition disorders","代谢及营养类疾病","7","7","2790","53596","19850086","2797","53603","19906479","0.93","0.44","1.95","0.93 (0.44, 1.95)","0.93","0.04","-0.11","-0.86","7.5316","0.93","0.42","0","0","0","0","0","0"
"Iopamidol","INJECTION SITE SWELLING","INJECTION SITE SWELLING","注射部位肿胀","General disorders and administration site conditions","全身性疾病及给药部位各种反应","7","7","2790","71252","19832430","2797","71259","19906479","0.7","0.33","1.47","0.70 (0.33, 1.47)","0.7","0.91","-0.52","-1.27","10.0124","0.71","0.32","0","0","0","0","0","0"
"Iopamidol","Cardiac failure","Cardiac failure","心力衰竭","Cardiac disorders","心脏器官疾病","7","7","2790","76561","19827121","2797","76568","19906479","0.65","0.31","1.36","0.65 (0.31, 1.36)","0.65","1.32","-0.62","-1.38","10.7583","0.67","0.3","0","0","0","0","0","0"
"Iopamidol","Dehydration","Dehydration","脱水","Metabolism and nutrition disorders","代谢及营养类疾病","7","7","2790","127623","19776059","2797","127630","19906479","0.39","0.19","0.82","0.39 (0.19, 0.82)","0.39","6.71","-1.36","-2.11","17.9329","0.41","0.18","0","0","0","0","0","0"
"Iopamidol","Fatigue","Fatigue","疲劳","General disorders and administration site conditions","全身性疾病及给药部位各种反应","7","7","2790","734570","19169112","2797","734577","19906479","0.07","0.03","0.14","0.07 (0.03, 0.14)","0.07","93.14","-3.88","-4.64","103.2132","0.07","0.03","0","0","0","0","0","0"
"Iopamidol","Administration site extravasation","Administration site extravasation","给药部位外渗","General disorders and administration site conditions","全身性疾病及给药部位各种反应","6","6","2791","894","19902788","2797","900","19906479","47.86","21.43","106.91","47.86 (21.43, 106.91)","47.76","272.86","5.57","4.75","0.1265","10.38","4.44","1","1","1","1","1","1"
"Iopamidol","Injection related reaction","Injection related reaction","注射相关反应","Injury, poisoning and procedural complications","各类损伤、中毒及操作并发症","6","6","2791","1440","19902242","2797","1446","19906479","29.71","13.31","66.3","29.71 (13.31, 66.30)","29.65","165.43","4.88","4.07","0.2032","9.24","3.95","1","1","1","1","1","1"
"Iopamidol","CARDIAC FAILURE ACUTE","CARDIAC FAILURE ACUTE","急性心力衰竭","Cardiac disorders","心脏器官疾病","6","6","2791","6281","19897401","2797","6287","19906479","6.81","3.06","15.18","6.81 (3.06, 15.18)","6.8","29.65","2.76","1.95","0.8834","4.7","2.01","1","1","1","1","1","1"
"Iopamidol","APNOEA","APNOEA","呼吸暂停","Respiratory, thoracic and mediastinal disorders","呼吸系统、胸及纵隔疾病","6","6","2791","7540","19896142","2797","7546","19906479","5.67","2.55","12.64","5.67 (2.55, 12.64)","5.66","23.03","2.5","1.68","1.0603","4.17","1.78","1","1","1","0","1","0"
"Iopamidol","Pharyngeal swelling","Pharyngeal swelling","咽部肿胀","Respiratory, thoracic and mediastinal disorders","呼吸系统、胸及纵隔疾病","6","6","2791","8808","19894874","2797","8814","19906479","4.86","2.18","10.82","4.86 (2.18, 10.82)","4.85","18.32","2.28","1.46","1.2384","3.74","1.6","1","1","1","0","1","0"
"Iopamidol","ERYTHEMA MULTIFORME","ERYTHEMA MULTIFORME","多形性红斑","Skin and subcutaneous tissue disorders","皮肤及皮下组织类疾病","6","6","2791","8882","19894800","2797","8888","19906479","4.82","2.16","10.73","4.82 (2.16, 10.73)","4.81","18.09","2.26","1.45","1.2488","3.72","1.59","1","1","1","0","1","0"
"Iopamidol","Hypotonia","Hypotonia","张力减低","Nervous system disorders","各类神经系统疾病","6","6","2791","9603","19894079","2797","9609","19906479","4.45","2","9.92","4.45 (2.00, 9.92)","4.45","16.02","2.15","1.33","1.3501","3.51","1.5","1","1","1","0","1","0"
"Iopamidol","SUBARACHNOID HAEMORRHAGE","SUBARACHNOID HAEMORRHAGE","蛛网膜下腔出血","Nervous system disorders","各类神经系统疾病","6","6","2791","9751","19893931","2797","9757","19906479","4.39","1.97","9.77","4.39 (1.97, 9.77)","4.38","15.64","2.13","1.31","1.3709","3.47","1.49","1","1","1","0","1","0"
"Iopamidol","Aspiration","Aspiration","误吸","Respiratory, thoracic and mediastinal disorders","呼吸系统、胸及纵隔疾病","6","6","2791","10194","19893488","2797","10200","19906479","4.2","1.88","9.35","4.20 (1.88, 9.35)","4.19","14.56","2.07","1.25","1.4332","3.36","1.44","1","1","1","0","1","0"
"Iopamidol","MYDRIASIS","MYDRIASIS","瞳孔散大","Eye disorders","眼器官疾病","6","6","2791","12241","19891441","2797","12247","19906479","3.49","1.57","7.78","3.49 (1.57, 7.78)","3.49","10.65","1.8","0.98","1.7208","2.93","1.25","1","1","1","0","1","0"
"Iopamidol","Tachypnoea","Tachypnoea","呼吸急促","Respiratory, thoracic and mediastinal disorders","呼吸系统、胸及纵隔疾病","6","6","2791","12837","19890845","2797","12843","19906479","3.33","1.49","7.42","3.33 (1.49, 7.42)","3.33","9.76","1.73","0.92","1.8045","2.82","1.21","1","1","1","0","1","0"
"Iopamidol","Mental impairment","Mental impairment","精神损害","Nervous system disorders","各类神经系统疾病","6","6","2791","23232","19880450","2797","23238","19906479","1.84","0.83","4.1","1.84 (0.83, 4.10)","1.84","2.29","0.88","0.06","3.2651","1.73","0.74","0","0","1","0","0","0"
"Iopamidol","Metabolic acidosis","Metabolic acidosis","代谢性酸中毒","Metabolism and nutrition disorders","代谢及营养类疾病","6","6","2791","29801","19873881","2797","29807","19906479","1.43","0.64","3.19","1.43 (0.64, 3.19)","1.43","0.79","0.52","-0.3","4.1881","1.39","0.59","0","0","0","0","0","0"
"Iopamidol","Hypothyroidism","Hypothyroidism","甲状腺功能减退症","Endocrine disorders","内分泌系统疾病","6","6","2791","29839","19873843","2797","29845","19906479","1.43","0.64","3.19","1.43 (0.64, 3.19)","1.43","0.78","0.52","-0.3","4.1934","1.38","0.59","0","0","0","0","0","0"
"Iopamidol","NERVOUS SYSTEM DISORDER","NERVOUS SYSTEM DISORDER","神经系统病变","Nervous system disorders","各类神经系统疾病","6","6","2791","30111","19873571","2797","30117","19906479","1.42","0.64","3.16","1.42 (0.64, 3.16)","1.42","0.74","0.5","-0.31","4.2316","1.37","0.59","0","0","0","0","0","0"
"Iopamidol","Delirium","Delirium","谵妄","Psychiatric disorders","精神病类","6","6","2791","32573","19871109","2797","32579","19906479","1.31","0.59","2.92","1.31 (0.59, 2.92)","1.31","0.44","0.39","-0.43","4.5776","1.28","0.55","0","0","0","0","0","0"
"Iopamidol","Ocular hyperaemia","Ocular hyperaemia","眼充血","Eye disorders","眼器官疾病","6","6","2791","43484","19860198","2797","43490","19906479","0.98","0.44","2.19","0.98 (0.44, 2.19)","0.98","0","-0.03","-0.84","6.1107","0.98","0.42","0","0","0","0","0","0"
"Iopamidol","VERTIGO","VERTIGO","眩晕","Ear and labyrinth disorders","耳及迷路类疾病","6","6","2791","58202","19845480","2797","58208","19906479","0.73","0.33","1.63","0.73 (0.33, 1.63)","0.73","0.58","-0.45","-1.26","8.1786","0.75","0.32","0","0","0","0","0","0"
"Iopamidol","Foetal exposure during pregnancy","Foetal exposure during pregnancy","妊娠过程中胎儿暴露","Injury, poisoning and procedural complications","各类损伤、中毒及操作并发症","6","6","2791","76796","19826886","2797","76802","19906479","0.56","0.25","1.24","0.56 (0.25, 1.24)","0.56","2.14","-0.85","-1.66","10.7912","0.58","0.25","0","0","0","0","0","0"
"Iopamidol","PULMONARY EMBOLISM","PULMONARY EMBOLISM","肺栓塞","Respiratory, thoracic and mediastinal disorders","呼吸系统、胸及纵隔疾病","6","6","2791","91427","19812255","2797","91433","19906479","0.47","0.21","1.04","0.47 (0.21, 1.04)","0.47","3.67","-1.1","-1.92","12.847","0.49","0.21","0","0","0","0","0","0"
"Iopamidol","Peripheral swelling","Peripheral swelling","外周肿胀","General disorders and administration site conditions","全身性疾病及给药部位各种反应","6","6","2791","143158","19760524","2797","143164","19906479","0.3","0.13","0.66","0.30 (0.13, 0.66)","0.3","9.98","-1.75","-2.56","20.1155","0.32","0.13","0","0","0","0","0","0"
"Iopamidol","DECREASED APPETITE","DECREASED APPETITE","食欲减退","Metabolism and nutrition disorders","代谢及营养类疾病","6","6","2791","218624","19685058","2797","218630","19906479","0.19","0.09","0.43","0.19 (0.09, 0.43)","0.2","20.11","-2.36","-3.17","30.719","0.21","0.09","0","0","0","0","0","0"
"Iopamidol","CONDITION AGGRAVATED","CONDITION AGGRAVATED","病情恶化","General disorders and administration site conditions","全身性疾病及给药部位各种反应","6","6","2791","281659","19622023","2797","281665","19906479","0.15","0.07","0.33","0.15 (0.07, 0.33)","0.15","28.9","-2.72","-3.54","39.5759","0.16","0.07","0","0","0","0","0","0"
"Iopamidol","FALL","FALL","跌倒","Injury, poisoning and procedural complications","各类损伤、中毒及操作并发症","6","6","2791","316061","19587621","2797","316067","19906479","0.13","0.06","0.3","0.13 (0.06, 0.30)","0.14","33.76","-2.89","-3.71","44.4096","0.14","0.06","0","0","0","0","0","0"
"Iopamidol","Arthralgia","Arthralgia","关节痛","Musculoskeletal and connective tissue disorders","各种肌肉骨骼及结缔组织疾病","6","6","2791","389853","19513829","2797","389859","19906479","0.11","0.05","0.24","0.11 (0.05, 0.24)","0.11","44.31","-3.19","-4.01","54.7779","0.12","0.05","0","0","0","0","0","0"
"Iopamidol","Anaphylactoid shock","Anaphylactoid shock","类过敏性休克","Immune system disorders","免疫系统疾病","5","5","2792","456","19903226","2797","461","19906479","78.17","32.35","188.85","78.17 (32.35, 188.85)","78.03","376.09","6.27","5.37","0.0648","9.74","3.96","1","1","1","1","1","1"
"Iopamidol","Vein rupture","Vein rupture","静脉破裂","Vascular disorders","血管与淋巴管类疾病","5","5","2792","1562","19902120","2797","1567","19906479","22.82","9.48","54.94","22.82 (9.48, 54.94)","22.78","103.79","4.51","3.61","0.2202","7.64","3.1","1","1","1","1","1","1"
"Iopamidol","Gaze palsy","Gaze palsy","凝视麻痹","Eye disorders","眼器官疾病","5","5","2792","1615","19902067","2797","1620","19906479","22.07","9.17","53.14","22.07 (9.17, 53.14)","22.03","100.08","4.46","3.56","0.2276","7.56","3.07","1","1","1","1","1","1"
"Iopamidol","Stress cardiomyopathy","Stress cardiomyopathy","应激性心肌病","Cardiac disorders","心脏器官疾病","5","5","2792","5454","19898228","2797","5459","19906479","6.53","2.72","15.72","6.53 (2.72, 15.72)","6.52","23.37","2.7","1.81","0.767","4.34","1.76","1","1","1","0","1","0"
"Iopamidol","INJECTION SITE VESICLES","INJECTION SITE VESICLES","注射部位囊泡","General disorders and administration site conditions","全身性疾病及给药部位各种反应","5","5","2792","5606","19898076","2797","5611","19906479","6.36","2.64","15.29","6.36 (2.64, 15.29)","6.35","22.51","2.66","1.77","0.7884","4.27","1.73","1","1","1","0","1","0"
"Iopamidol","BLINDNESS TRANSIENT","BLINDNESS TRANSIENT","一过性失明","Eye disorders","眼器官疾病","5","5","2792","7014","19896668","2797","7019","19906479","5.08","2.11","12.22","5.08 (2.11, 12.22)","5.07","16.34","2.34","1.45","0.9862","3.7","1.5","1","1","1","0","1","0"
"Iopamidol","ACIDOSIS","ACIDOSIS","酸中毒","Metabolism and nutrition disorders","代谢及营养类疾病","5","5","2792","7371","19896311","2797","7376","19906479","4.83","2.01","11.63","4.83 (2.01, 11.63)","4.83","15.17","2.27","1.37","1.0364","3.58","1.45","1","1","1","0","1","0"
"Iopamidol","Asphyxia","Asphyxia","窒息","Respiratory, thoracic and mediastinal disorders","呼吸系统、胸及纵隔疾病","5","5","2792","7820","19895862","2797","7825","19906479","4.56","1.89","10.96","4.56 (1.89, 10.96)","4.55","13.85","2.19","1.29","1.0995","3.44","1.4","1","1","1","0","1","0"
"Iopamidol","Oropharyngeal discomfort","Oropharyngeal discomfort","口咽不适感","Respiratory, thoracic and mediastinal disorders","呼吸系统、胸及纵隔疾病","5","5","2792","8289","19895393","2797","8294","19906479","4.3","1.79","10.34","4.30 (1.79, 10.34)","4.29","12.62","2.1","1.21","1.1654","3.3","1.34","1","1","1","0","1","0"
"Iopamidol","Hypertensive crisis","Hypertensive crisis","高血压危象","Vascular disorders","血管与淋巴管类疾病","5","5","2792","10641","19893041","2797","10646","19906479","3.35","1.39","8.05","3.35 (1.39, 8.05)","3.34","8.21","1.74","0.85","1.4958","2.76","1.12","1","1","1","0","1","0"
"Iopamidol","Hyperthyroidism","Hyperthyroidism","甲状腺功能亢进症","Endocrine disorders","内分泌系统疾病","5","5","2792","13565","19890117","2797","13570","19906479","2.63","1.09","6.31","2.63 (1.09, 6.31)","2.62","5.02","1.39","0.5","1.9067","2.29","0.93","1","1","1","0","1","0"
"Iopamidol","Face oedema","Face oedema","面部水肿","General disorders and administration site conditions","全身性疾病及给药部位各种反应","5","5","2792","16262","19887420","2797","16267","19906479","2.19","0.91","5.27","2.19 (0.91, 5.27)","2.19","3.23","1.13","0.23","2.2856","1.97","0.8","0","0","1","0","0","0"
"Iopamidol","Drug eruption","Drug eruption","药疹","Skin and subcutaneous tissue disorders","皮肤及皮下组织类疾病","5","5","2792","16444","19887238","2797","16449","19906479","2.17","0.9","5.21","2.17 (0.90, 5.21)","2.16","3.13","1.11","0.22","2.3112","1.96","0.79","0","0","1","0","0","0"
"Iopamidol","Rib fracture","Rib fracture","肋骨骨折","Injury, poisoning and procedural complications","各类损伤、中毒及操作并发症","5","5","2792","19556","19884126","2797","19561","19906479","1.82","0.76","4.38","1.82 (0.76, 4.38)","1.82","1.85","0.86","-0.03","2.7485","1.69","0.69","0","0","0","0","0","0"
"Iopamidol","Hallucination, visual","Hallucination, visual","幻视","Psychiatric disorders","精神病类","5","5","2792","19765","19883917","2797","19770","19906479","1.8","0.75","4.33","1.80 (0.75, 4.33)","1.8","1.78","0.85","-0.05","2.7778","1.68","0.68","0","0","0","0","0","0"
"Iopamidol","Retching","Retching","干呕","Gastrointestinal disorders","胃肠系统疾病","5","5","2792","20211","19883471","2797","20216","19906479","1.76","0.73","4.24","1.76 (0.73, 4.24)","1.76","1.64","0.82","-0.08","2.8405","1.65","0.67","0","0","0","0","0","0"
"Iopamidol","Drug reaction with eosinophilia and systemic symptoms","Drug reaction with eosinophilia and systemic symptoms","药物反应伴嗜酸粒细胞增多和全身性症状","Skin and subcutaneous tissue disorders","皮肤及皮下组织类疾病","5","5","2792","23926","19879756","2797","23931","19906479","1.49","0.62","3.58","1.49 (0.62, 3.58)","1.49","0.8","0.57","-0.32","3.3625","1.42","0.58","0","0","0","0","0","0"
"Iopamidol","Multiple organ dysfunction syndrome","Multiple organ dysfunction syndrome","多器官功能不全综合征","General disorders and administration site conditions","全身性疾病及给药部位各种反应","5","5","2792","25338","19878344","2797","25343","19906479","1.4","0.58","3.38","1.40 (0.58, 3.38)","1.4","0.58","0.49","-0.41","3.5609","1.35","0.55","0","0","0","0","0","0"
"Iopamidol","Feeling cold","Feeling cold","感到寒冷","General disorders and administration site conditions","全身性疾病及给药部位各种反应","5","5","2792","26639","19877043","2797","26644","19906479","1.34","0.56","3.21","1.34 (0.56, 3.21)","1.34","0.42","0.42","-0.48","3.7437","1.3","0.53","0","0","0","0","0","0"
"Iopamidol","Drug-induced liver injury","Drug-induced liver injury","药物诱导的肝损伤","Hepatobiliary disorders","肝胆系统疾病","5","5","2792","28040","19875642","2797","28045","19906479","1.27","0.53","3.05","1.27 (0.53, 3.05)","1.27","0.29","0.34","-0.55","3.9405","1.24","0.5","0","0","0","0","0","0"
"Iopamidol","Respiratory disorder","Respiratory disorder","呼吸系统疾病","Respiratory, thoracic and mediastinal disorders","呼吸系统、胸及纵隔疾病","5","5","2792","28279","19875403","2797","28284","19906479","1.26","0.52","3.03","1.26 (0.52, 3.03)","1.26","0.27","0.33","-0.56","3.9741","1.23","0.5","0","0","0","0","0","0"
"Iopamidol","PREMATURE BABY","PREMATURE BABY","早产儿","Pregnancy, puerperium and perinatal conditions","妊娠期、产褥期及围产期状况","5","5","2792","28980","19874702","2797","28985","19906479","1.23","0.51","2.95","1.23 (0.51, 2.95)","1.23","0.21","0.3","-0.6","4.0726","1.2","0.49","0","0","0","0","0","0"
"Iopamidol","DYSARTHRIA","DYSARTHRIA","构音不良","Nervous system disorders","各类神经系统疾病","5","5","2792","35930","19867752","2797","35935","19906479","0.99","0.41","2.38","0.99 (0.41, 2.38)","0.99","0","-0.01","-0.91","5.0491","0.99","0.4","0","0","0","0","0","0"
"Iopamidol","Extra dose administered","Extra dose administered","给用了额外剂量","Injury, poisoning and procedural complications","各类损伤、中毒及操作并发症","5","5","2792","36643","19867039","2797","36648","19906479","0.97","0.4","2.33","0.97 (0.40, 2.33)","0.97","0","-0.04","-0.94","5.1493","0.97","0.4","0","0","0","0","0","0"
"Iopamidol","Hypokalaemia","Hypokalaemia","低钾血症","Metabolism and nutrition disorders","代谢及营养类疾病","5","5","2792","43587","19860095","2797","43592","19906479","0.82","0.34","1.96","0.82 (0.34, 1.96)","0.82","0.21","-0.29","-1.19","6.125","0.83","0.34","0","0","0","0","0","0"
"Iopamidol","Tinnitus","Tinnitus","耳鸣","Ear and labyrinth disorders","耳及迷路类疾病","5","5","2792","43859","19859823","2797","43864","19906479","0.81","0.34","1.95","0.81 (0.34, 1.95)","0.81","0.22","-0.3","-1.2","6.1632","0.83","0.34","0","0","0","0","0","0"
"Iopamidol","Arrhythmia","Arrhythmia","心律失常","Cardiac disorders","心脏器官疾病","5","5","2792","45650","19858032","2797","45655","19906479","0.78","0.32","1.87","0.78 (0.32, 1.87)","0.78","0.31","-0.36","-1.25","6.4148","0.8","0.32","0","0","0","0","0","0"
"Iopamidol","Aggression","Aggression","攻击性","Psychiatric disorders","精神病类","5","5","2792","48228","19855454","2797","48233","19906479","0.74","0.31","1.77","0.74 (0.31, 1.77)","0.74","0.47","-0.44","-1.33","6.7771","0.76","0.31","0","0","0","0","0","0"
"Iopamidol","Cardiac failure congestive","Cardiac failure congestive","充血性心力衰竭","Cardiac disorders","心脏器官疾病","5","5","2792","79365","19824317","2797","79370","19906479","0.45","0.19","1.08","0.45 (0.19, 1.08)","0.45","3.41","-1.16","-2.05","11.152","0.47","0.19","0","0","0","0","0","0"
"Iopamidol","Platelet count decreased","Platelet count decreased","血小板计数降低","Investigations","各类检查","5","5","2792","101449","19802233","2797","101454","19906479","0.35","0.15","0.84","0.35 (0.15, 0.84)","0.35","6.04","-1.51","-2.41","14.255","0.37","0.15","0","0","0","0","0","0"
"Iopamidol","Injection site erythema","Injection site erythema","注射部位红斑","General disorders and administration site conditions","全身性疾病及给药部位各种反应","5","5","2792","117140","19786542","2797","117145","19906479","0.3","0.13","0.73","0.30 (0.13, 0.73)","0.3","8.03","-1.72","-2.61","16.4597","0.32","0.13","0","0","0","0","0","0"
"Iopamidol","Memory impairment","Memory impairment","记忆受损","Nervous system disorders","各类神经系统疾病","5","5","2792","131282","19772400","2797","131287","19906479","0.27","0.11","0.65","0.27 (0.11, 0.65)","0.27","9.87","-1.88","-2.78","18.4467","0.29","0.12","0","0","0","0","0","0"
"Iopamidol","INFECTION","INFECTION","感染","Infections and infestations","感染及侵染类疾病","5","5","2792","134729","19768953","2797","134734","19906479","0.26","0.11","0.63","0.26 (0.11, 0.63)","0.26","10.32","-1.92","-2.82","18.9311","0.28","0.11","0","0","0","0","0","0"
"Iopamidol","GAIT DISTURBANCE","GAIT DISTURBANCE","步态障碍","General disorders and administration site conditions","全身性疾病及给药部位各种反应","5","5","2792","183567","19720115","2797","183572","19906479","0.19","0.08","0.46","0.19 (0.08, 0.46)","0.19","16.92","-2.37","-3.26","25.7932","0.21","0.08","0","0","0","0","0","0"
"Iopamidol","Anaemia","Anaemia","贫血","Blood and lymphatic system disorders","血液及淋巴系统疾病","5","5","2792","182777","19720905","2797","182782","19906479","0.19","0.08","0.46","0.19 (0.08, 0.46)","0.19","16.81","-2.36","-3.26","25.6822","0.21","0.09","0","0","0","0","0","0"
"Iopamidol","Overdose","Overdose","用药过量","Injury, poisoning and procedural complications","各类损伤、中毒及操作并发症","5","5","2792","208250","19695432","2797","208255","19906479","0.17","0.07","0.41","0.17 (0.07, 0.41)","0.17","20.33","-2.55","-3.44","29.2613","0.18","0.08","0","0","0","0","0","0"
"Iopamidol","Death","Death","死亡","General disorders and administration site conditions","全身性疾病及给药部位各种反应","5","5","2792","812795","19090887","2797","812800","19906479","0.04","0.02","0.1","0.04 (0.02, 0.10)","0.04","108.88","-4.51","-5.41","114.2041","0.05","0.02","0","0","0","0","0","0"
"Iopamidol","Meningitis chemical","Meningitis chemical","化学性脑膜炎","Injury, poisoning and procedural complications","各类损伤、中毒及操作并发症","4","4","2793","209","19903473","2797","213","19906479","136.39","50.68","367.06","136.39 (50.68, 367.06)","136.19","526.73","7.06","6.05","0.0299","8.49","3.21","1","1","1","1","1","1"
"Iopamidol","Agonal respiration","Agonal respiration","濒死期呼吸","Respiratory, thoracic and mediastinal disorders","呼吸系统、胸及纵隔疾病","4","4","2793","230","19903452","2797","234","19906479","123.93","46.09","333.26","123.93 (46.09, 333.26)","123.76","478.74","6.93","5.92","0.0329","8.44","3.19","1","1","1","1","1","1"
"Iopamidol","Blindness cortical","Blindness cortical","皮质盲","Eye disorders","眼器官疾病","4","4","2793","463","19903219","2797","467","19906479","61.56","22.99","164.85","61.56 (22.99, 164.85)","61.48","235.94","5.93","4.92","0.0656","7.96","3.01","1","1","1","1","1","1"
"Iopamidol","EMBOLISM ARTERIAL","EMBOLISM ARTERIAL","动脉栓塞","Vascular disorders","血管与淋巴管类疾病","4","4","2793","1139","19902543","2797","1143","19906479","25.02","9.37","66.84","25.02 (9.37, 66.84)","24.99","91.81","4.64","3.64","0.1606","6.81","2.57","1","1","1","1","1","1"
"Iopamidol","Pupil fixed","Pupil fixed","固定瞳孔","Eye disorders","眼器官疾病","4","4","2793","1693","19901989","2797","1697","19906479","16.84","6.31","44.94","16.84 (6.31, 44.94)","16.81","59.35","4.07","3.07","0.2384","6.09","2.3","1","1","1","1","1","1"
"Iopamidol","Vascular stent thrombosis","Vascular stent thrombosis","血管支架血栓形成","General disorders and administration site conditions","全身性疾病及给药部位各种反应","4","4","2793","1897","19901785","2797","1901","19906479","15.02","5.63","40.1","15.02 (5.63, 40.10)","15","52.18","3.9","2.9","0.2671","5.87","2.22","1","1","1","1","1","1"
"Iopamidol","Oesophageal varices haemorrhage","Oesophageal varices haemorrhage","食管静脉曲张出血","Gastrointestinal disorders","胃肠系统疾病","4","4","2793","2078","19901604","2797","2082","19906479","13.72","5.14","36.61","13.72 (5.14, 36.61)","13.7","47","3.77","2.77","0.2925","5.68","2.15","1","1","1","1","1","1"
"Iopamidol","Yawning","Yawning","打呵欠","Respiratory, thoracic and mediastinal disorders","呼吸系统、胸及纵隔疾病","4","4","2793","2571","19901111","2797","2575","19906479","11.09","4.15","29.58","11.09 (4.15, 29.58)","11.07","36.59","3.47","2.47","0.3618","5.22","1.97","1","1","1","0","1","0"
"Iopamidol","Laryngospasm","Laryngospasm","喉痉挛","Respiratory, thoracic and mediastinal disorders","呼吸系统、胸及纵隔疾病","4","4","2793","2604","19901078","2797","2608","19906479","10.95","4.1","29.21","10.95 (4.10, 29.21)","10.93","36.04","3.45","2.45","0.3664","5.19","1.96","1","1","1","0","1","0"
"Iopamidol","Blood pressure systolic decreased","Blood pressure systolic decreased","收缩压降低","Investigations","各类检查","4","4","2793","4314","19899368","2797","4318","19906479","6.61","2.48","17.62","6.61 (2.48, 17.62)","6.6","18.99","2.72","1.72","0.6067","4.07","1.54","1","1","1","0","1","0"
"Iopamidol","PERIORBITAL OEDEMA","PERIORBITAL OEDEMA","眼眶周围水肿","Eye disorders","眼器官疾病","4","4","2793","4911","19898771","2797","4915","19906479","5.8","2.18","15.48","5.80 (2.18, 15.48)","5.8","15.87","2.53","1.53","0.6906","3.78","1.43","1","1","1","0","1","0"
"Iopamidol","Multiple use of single-use product","Multiple use of single-use product","一次性使用产品的多次使用","Injury, poisoning and procedural complications","各类损伤、中毒及操作并发症","4","4","2793","5196","19898486","2797","5200","19906479","5.48","2.06","14.63","5.48 (2.06, 14.63)","5.48","14.64","2.45","1.45","0.7306","3.66","1.38","1","1","1","0","1","0"
"Iopamidol","CHOKING SENSATION","CHOKING SENSATION","呛噎感","Respiratory, thoracic and mediastinal disorders","呼吸系统、胸及纵隔疾病","4","4","2793","5236","19898446","2797","5240","19906479","5.44","2.04","14.52","5.44 (2.04, 14.52)","5.44","14.47","2.44","1.44","0.7363","3.64","1.38","1","1","1","0","1","0"
"Iopamidol","Generalised erythema","Generalised erythema",,,,"4","4","2793","5686","19897996","2797","5690","19906479","5.01","1.88","13.37","5.01 (1.88, 13.37)","5.01","12.82","2.32","1.32","0.7995","3.46","1.31","1","1","1","0","1","0"
"Iopamidol","ENCEPHALITIS","ENCEPHALITIS","脑炎","Infections and infestations","感染及侵染类疾病","4","4","2793","6488","19897194","2797","6492","19906479","4.39","1.65","11.71","4.39 (1.65, 11.71)","4.39","10.46","2.13","1.13","0.9122","3.19","1.2","1","1","1","0","1","0"
"Iopamidol","Drooling","Drooling","流涎","Nervous system disorders","各类神经系统疾病","4","4","2793","6500","19897182","2797","6504","19906479","4.38","1.64","11.69","4.38 (1.64, 11.69)","4.38","10.43","2.13","1.13","0.9139","3.18","1.2","1","1","1","0","1","0"
"Iopamidol","Eye movement disorder","Eye movement disorder","眼动障碍","Eye disorders","眼器官疾病","4","4","2793","6543","19897139","2797","6547","19906479","4.36","1.63","11.62","4.36 (1.63, 11.62)","4.35","10.32","2.12","1.12","0.9199","3.17","1.2","1","1","1","0","1","0"
"Iopamidol","PURPURA","PURPURA","紫癜","Skin and subcutaneous tissue disorders","皮肤及皮下组织类疾病","4","4","2793","8461","19895221","2797","8465","19906479","3.37","1.26","8.98","3.37 (1.26, 8.98)","3.36","6.65","1.75","0.75","1.1894","2.66","1.01","1","1","1","0","1","0"
"Iopamidol","NEPHROPATHY","NEPHROPATHY","肾病","Renal and urinary disorders","肾脏及泌尿系统疾病","4","4","2793","8990","19894692","2797","8994","19906479","3.17","1.19","8.45","3.17 (1.19, 8.45)","3.17","5.93","1.66","0.66","1.2637","2.55","0.96","1","1","1","0","1","0"
"Iopamidol","Salivary hypersecretion","Salivary hypersecretion","唾液分泌过多","Gastrointestinal disorders","胃肠系统疾病","4","4","2793","9491","19894191","2797","9495","19906479","3","1.13","8.01","3.00 (1.13, 8.01)","3","5.33","1.58","0.58","1.3341","2.45","0.93","1","1","1","0","1","0"
"Iopamidol","Motor dysfunction","Motor dysfunction","运动功能障碍","Nervous system disorders","各类神经系统疾病","4","4","2793","9531","19894151","2797","9535","19906479","2.99","1.12","7.97","2.99 (1.12, 7.97)","2.99","5.29","1.58","0.58","1.3397","2.45","0.92","1","1","1","0","1","0"
"Iopamidol","INCONTINENCE","INCONTINENCE","失禁","Renal and urinary disorders","肾脏及泌尿系统疾病","4","4","2793","10138","19893544","2797","10142","19906479","2.81","1.05","7.49","2.81 (1.05, 7.49)","2.81","4.66","1.49","0.49","1.425","2.34","0.88","1","1","1","0","1","0"
"Iopamidol","Myocardial ischaemia","Myocardial ischaemia","心肌缺血","Cardiac disorders","心脏器官疾病","4","4","2793","11248","19892434","2797","11252","19906479","2.53","0.95","6.75","2.53 (0.95, 6.75)","2.53","3.7","1.34","0.34","1.581","2.16","0.82","0","0","1","0","0","0"
"Iopamidol","RESPIRATORY DEPRESSION","RESPIRATORY DEPRESSION","呼吸抑制","Respiratory, thoracic and mediastinal disorders","呼吸系统、胸及纵隔疾病","4","4","2793","11596","19892086","2797","11600","19906479","2.46","0.92","6.55","2.46 (0.92, 6.55)","2.45","3.45","1.3","0.29","1.6299","2.11","0.8","0","0","1","0","0","0"
"Iopamidol","Adverse reaction","Adverse reaction","不良反应","General disorders and administration site conditions","全身性疾病及给药部位各种反应","4","4","2793","12521","19891161","2797","12525","19906479","2.28","0.85","6.07","2.28 (0.85, 6.07)","2.27","2.85","1.18","0.18","1.7599","1.99","0.75","0","0","1","0","0","0"
"Iopamidol","Generalised tonic-clonic seizure","Generalised tonic-clonic seizure","全身强直阵挛性癫痫发作","Nervous system disorders","各类神经系统疾病","4","4","2793","15312","19888370","2797","15316","19906479","1.86","0.7","4.96","1.86 (0.70, 4.96)","1.86","1.59","0.89","-0.11","2.152","1.7","0.64","0","0","0","0","0","0"
"Iopamidol","CIRCULATORY COLLAPSE","CIRCULATORY COLLAPSE","循环性虚脱","Vascular disorders","血管与淋巴管类疾病","4","4","2793","16404","19887278","2797","16408","19906479","1.74","0.65","4.63","1.74 (0.65, 4.63)","1.74","1.25","0.79","-0.21","2.3054","1.6","0.61","0","0","0","0","0","0"
"Iopamidol","Local swelling","Local swelling",,,,"4","4","2793","17426","19886256","2797","17430","19906479","1.63","0.61","4.36","1.63 (0.61, 4.36)","1.63","0.98","0.71","-0.29","2.449","1.53","0.58","0","0","0","0","0","0"
"Iopamidol","Epilepsy","Epilepsy","癫痫","Nervous system disorders","各类神经系统疾病","4","4","2793","28564","19875118","2797","28568","19906479","1","0.37","2.66","1.00 (0.37, 2.66)","1","0","-0.01","-1.01","4.014","1","0.38","0","0","0","0","0","0"
"Iopamidol","URINARY RETENTION","URINARY RETENTION","尿潴留","Renal and urinary disorders","肾脏及泌尿系统疾病","4","4","2793","31642","19872040","2797","31646","19906479","0.9","0.34","2.4","0.90 (0.34, 2.40)","0.9","0.04","-0.15","-1.15","4.4465","0.91","0.34","0","0","0","0","0","0"
"Iopamidol","LYMPHADENOPATHY","LYMPHADENOPATHY","淋巴结病","Blood and lymphatic system disorders","血液及淋巴系统疾病","4","4","2793","33689","19869993","2797","33693","19906479","0.84","0.32","2.25","0.84 (0.32, 2.25)","0.84","0.11","-0.24","-1.24","4.7341","0.86","0.32","0","0","0","0","0","0"
"Iopamidol","Cerebral haemorrhage","Cerebral haemorrhage","脑出血","Nervous system disorders","各类神经系统疾病","4","4","2793","34230","19869452","2797","34234","19906479","0.83","0.31","2.22","0.83 (0.31, 2.22)","0.83","0.14","-0.27","-1.27","4.8101","0.85","0.32","0","0","0","0","0","0"
"Iopamidol","HEPATIC FUNCTION ABNORMAL","HEPATIC FUNCTION ABNORMAL","肝功能异常","Hepatobiliary disorders","肝胆系统疾病","4","4","2793","34809","19868873","2797","34813","19906479","0.82","0.31","2.18","0.82 (0.31, 2.18)","0.82","0.16","-0.29","-1.29","4.8915","0.83","0.32","0","0","0","0","0","0"
"Iopamidol","DYSURIA","DYSURIA","排尿困难","Renal and urinary disorders","肾脏及泌尿系统疾病","4","4","2793","35287","19868395","2797","35291","19906479","0.81","0.3","2.15","0.81 (0.30, 2.15)","0.81","0.19","-0.31","-1.31","4.9586","0.82","0.31","0","0","0","0","0","0"
"Iopamidol","Dyskinesia","Dyskinesia","运动障碍","Nervous system disorders","各类神经系统疾病","4","4","2793","38574","19865108","2797","38578","19906479","0.74","0.28","1.97","0.74 (0.28, 1.97)","0.74","0.37","-0.44","-1.44","5.4205","0.76","0.29","0","0","0","0","0","0"
"Iopamidol","SEPTIC SHOCK","SEPTIC SHOCK","感染性休克","Infections and infestations","感染及侵染类疾病","4","4","2793","40776","19862906","2797","40780","19906479","0.7","0.26","1.86","0.70 (0.26, 1.86)","0.7","0.52","-0.52","-1.52","5.7299","0.72","0.27","0","0","0","0","0","0"
"Iopamidol","LIVER DISORDER","LIVER DISORDER","肝脏疾病","Hepatobiliary disorders","肝胆系统疾病","4","4","2793","41753","19861929","2797","41757","19906479","0.68","0.26","1.82","0.68 (0.26, 1.82)","0.68","0.6","-0.55","-1.55","5.8672","0.71","0.27","0","0","0","0","0","0"
"Iopamidol","Nervousness","Nervousness","神经紧张不安","Psychiatric disorders","精神病类","4","4","2793","50726","19852956","2797","50730","19906479","0.56","0.21","1.49","0.56 (0.21, 1.49)","0.56","1.38","-0.83","-1.83","7.1279","0.59","0.22","0","0","0","0","0","0"
"Iopamidol","Eye pain","Eye pain","眼痛","Eye disorders","眼器官疾病","4","4","2793","51819","19851863","2797","51823","19906479","0.55","0.21","1.46","0.55 (0.21, 1.46)","0.55","1.48","-0.86","-1.86","7.2815","0.58","0.22","0","0","0","0","0","0"
"Iopamidol","Drug effect decreased","Drug effect decreased",,,,"4","4","2793","53517","19850165","2797","53521","19906479","0.53","0.2","1.42","0.53 (0.20, 1.42)","0.53","1.65","-0.91","-1.91","7.5201","0.56","0.21","0","0","0","0","0","0"
"Iopamidol","UNEVALUABLE EVENT","UNEVALUABLE EVENT","无法评估的事件","General disorders and administration site conditions","全身性疾病及给药部位各种反应","4","4","2793","72794","19830888","2797","72798","19906479","0.39","0.15","1.04","0.39 (0.15, 1.04)","0.39","3.81","-1.35","-2.36","10.2286","0.42","0.16","0","0","0","0","0","0"
"Iopamidol","DRY MOUTH","DRY MOUTH","口干","Gastrointestinal disorders","胃肠系统疾病","4","4","2793","76344","19827338","2797","76348","19906479","0.37","0.14","0.99","0.37 (0.14, 0.99)","0.37","4.24","-1.42","-2.42","10.7274","0.4","0.15","0","0","0","0","0","0"
"Iopamidol","Adverse event","Adverse event","不良事件","General disorders and administration site conditions","全身性疾病及给药部位各种反应","4","4","2793","87285","19816397","2797","87289","19906479","0.33","0.12","0.87","0.33 (0.12, 0.87)","0.33","5.59","-1.62","-2.62","12.2647","0.35","0.13","0","0","0","0","0","0"
"Iopamidol","Contusion","Contusion","挫伤","Injury, poisoning and procedural complications","各类损伤、中毒及操作并发症","4","4","2793","90758","19812924","2797","90762","19906479","0.31","0.12","0.83","0.31 (0.12, 0.83)","0.31","6.04","-1.67","-2.67","12.7527","0.34","0.13","0","0","0","0","0","0"
"Iopamidol","Haemorrhage","Haemorrhage","出血","Vascular disorders","血管与淋巴管类疾病","4","4","2793","98900","19804782","2797","98904","19906479","0.29","0.11","0.76","0.29 (0.11, 0.76)","0.29","7.08","-1.8","-2.8","13.8967","0.31","0.12","0","0","0","0","0","0"
"Iopamidol","Thrombocytopenia","Thrombocytopenia","血小板减少症","Blood and lymphatic system disorders","血液及淋巴系统疾病","4","4","2793","105538","19798144","2797","105542","19906479","0.27","0.1","0.72","0.27 (0.10, 0.72)","0.27","7.95","-1.89","-2.89","14.8294","0.29","0.11","0","0","0","0","0","0"
"Iopamidol","Muscle spasms","Muscle spasms","肌痉挛","Musculoskeletal and connective tissue disorders","各种肌肉骨骼及结缔组织疾病","4","4","2793","174536","19729146","2797","174540","19906479","0.16","0.06","0.43","0.16 (0.06, 0.43)","0.16","17.33","-2.62","-3.62","24.5241","0.18","0.07","0","0","0","0","0","0"
"Iopamidol","ABDOMINAL PAIN UPPER","ABDOMINAL PAIN UPPER","上腹痛","Gastrointestinal disorders","胃肠系统疾病","4","4","2793","193649","19710033","2797","193653","19906479","0.15","0.05","0.39","0.15 (0.05, 0.39)","0.15","19.99","-2.77","-3.77","27.2096","0.16","0.06","0","0","0","0","0","0"
"Iopamidol","Transient tachypnoea of the newborn","Transient tachypnoea of the newborn","新生儿短暂性呼吸过速","Respiratory, thoracic and mediastinal disorders","呼吸系统、胸及纵隔疾病","3","3","2794","374","19903308","2797","377","19906479","57.14","18.33","178.09","57.14 (18.33, 178.09)","57.08","163.98","5.82","4.66","0.053","6.33","2.14","1","1","1","1","1","1"
"Iopamidol","Air embolism","Air embolism","空气栓塞","Vascular disorders","血管与淋巴管类疾病","3","3","2794","452","19903230","2797","455","19906479","47.28","15.18","147.24","47.28 (15.18, 147.24)","47.23","134.86","5.55","4.39","0.0639","6.21","2.1","1","1","1","1","1","1"
"Iopamidol","Electrocardiogram ST segment abnormal","Electrocardiogram ST segment abnormal","心电图ST段异常","Investigations","各类检查","3","3","2794","781","19902901","2797","784","19906479","27.36","8.8","85.08","27.36 (8.80, 85.08)","27.33","75.82","4.77","3.61","0.1102","5.74","1.94","1","1","1","0","1","0"
"Iopamidol","IDIOSYNCRATIC DRUG REACTION","IDIOSYNCRATIC DRUG REACTION","药物特异质反应","General disorders and administration site conditions","全身性疾病及给药部位各种反应","3","3","2794","943","19902739","2797","946","19906479","22.66","7.29","70.44","22.66 (7.29, 70.44)","22.64","61.85","4.5","3.34","0.1329","5.53","1.87","1","1","1","0","1","0"
"Iopamidol","Product contamination microbial","Product contamination microbial","产品微生物污染","Product issues","产品问题","3","3","2794","1080","19902602","2797","1083","19906479","19.79","6.37","61.49","19.79 (6.37, 61.49)","19.77","53.31","4.3","3.14","0.1522","5.37","1.82","1","1","1","0","1","0"
"Iopamidol","Fixed eruption","Fixed eruption","固定皮疹","Skin and subcutaneous tissue disorders","皮肤及皮下组织类疾病","3","3","2794","1589","19902093","2797","1592","19906479","13.45","4.33","41.77","13.45 (4.33, 41.77)","13.44","34.47","3.75","2.59","0.2237","4.84","1.64","1","1","1","0","1","0"
"Iopamidol","PUPILLARY REFLEX IMPAIRED","PUPILLARY REFLEX IMPAIRED","瞳孔反射受损","Eye disorders","眼器官疾病","3","3","2794","1748","19901934","2797","1751","19906479","12.22","3.94","37.97","12.22 (3.94, 37.97)","12.21","30.83","3.61","2.45","0.246","4.69","1.59","1","1","1","0","1","0"
"Iopamidol","COMPUTERISED TOMOGRAM ABNORMAL","COMPUTERISED TOMOGRAM ABNORMAL","计算机断层成像异常","Investigations","各类检查","3","3","2794","2222","19901460","2797","2225","19906479","9.62","3.1","29.86","9.62 (3.10, 29.86)","9.61","23.11","3.26","2.11","0.3126","4.31","1.46","1","1","1","0","1","0"
"Iopamidol","Rash morbilliform","Rash morbilliform","麻疹样皮疹","Skin and subcutaneous tissue disorders","皮肤及皮下组织类疾病","3","3","2794","2624","19901058","2797","2627","19906479","8.14","2.62","25.28","8.14 (2.62, 25.28)","8.14","18.76","3.02","1.87","0.3691","4.03","1.36","1","1","1","0","1","0"
"Iopamidol","Paraplegia","Paraplegia","截瘫","Nervous system disorders","各类神经系统疾病","3","3","2794","2760","19900922","2797","2763","19906479","7.74","2.49","24.03","7.74 (2.49, 24.03)","7.73","17.58","2.95","1.79","0.3882","3.94","1.33","1","1","1","0","1","0"
"Iopamidol","RESPIRATORY RATE DECREASED","RESPIRATORY RATE DECREASED","呼吸频率降低","Investigations","各类检查","3","3","2794","3027","19900655","2797","3030","19906479","7.06","2.27","21.91","7.06 (2.27, 21.91)","7.05","15.57","2.82","1.66","0.4257","3.78","1.28","1","1","1","0","1","0"
"Iopamidol","Portal vein thrombosis","Portal vein thrombosis","门静脉血栓形成","Hepatobiliary disorders","肝胆系统疾病","3","3","2794","3063","19900619","2797","3066","19906479","6.98","2.25","21.66","6.98 (2.25, 21.66)","6.97","15.33","2.8","1.64","0.4308","3.76","1.27","1","1","1","0","1","0"
"Iopamidol","Arthritis bacterial","Arthritis bacterial","细菌性关节炎","Infections and infestations","感染及侵染类疾病","3","3","2794","3878","19899804","2797","3881","19906479","5.51","1.78","17.1","5.51 (1.78, 17.10)","5.5","11.05","2.46","1.3","0.5453","3.35","1.13","1","1","1","0","1","0"
"Iopamidol","MENINGITIS ASEPTIC","MENINGITIS ASEPTIC","无菌性脑膜炎","Infections and infestations","感染及侵染类疾病","3","3","2794","4203","19899479","2797","4206","19906479","5.08","1.64","15.78","5.08 (1.64, 15.78)","5.08","9.82","2.34","1.19","0.591","3.21","1.09","1","1","1","0","1","0"
"Iopamidol","FAECAL INCONTINENCE","FAECAL INCONTINENCE",,,,"3","3","2794","4824","19898858","2797","4827","19906479","4.43","1.43","13.75","4.43 (1.43, 13.75)","4.43","7.95","2.15","0.99","0.6782","2.97","1.01","1","1","1","0","1","0"
"Iopamidol","Coronary artery stenosis","Coronary artery stenosis","冠状动脉狭窄","Cardiac disorders","心脏器官疾病","3","3","2794","4979","19898703","2797","4982","19906479","4.29","1.38","13.32","4.29 (1.38, 13.32)","4.29","7.56","2.1","0.94","0.7","2.92","0.99","1","1","1","0","1","0"
"Iopamidol","HEARING IMPAIRED","HEARING IMPAIRED",,,,"3","3","2794","5984","19897698","2797","5987","19906479","3.57","1.15","11.08","3.57 (1.15, 11.08)","3.57","5.54","1.83","0.68","0.8412","2.61","0.88","1","1","1","0","1","0"
"Iopamidol","TONGUE DISORDER","TONGUE DISORDER","舌病","Gastrointestinal disorders","胃肠系统疾病","3","3","2794","7017","19896665","2797","7020","19906479","3.04","0.98","9.45","3.04 (0.98, 9.45)","3.04","4.11","1.6","0.45","0.9864","2.35","0.8","0","1","1","0","0","0"
"Iopamidol","Hyperthermia","Hyperthermia","体温过高","General disorders and administration site conditions","全身性疾病及给药部位各种反应","3","3","2794","7191","19896491","2797","7194","19906479","2.97","0.96","9.22","2.97 (0.96, 9.22)","2.97","3.92","1.57","0.41","1.0108","2.32","0.78","0","0","1","0","0","0"
"Iopamidol","ACUTE GENERALISED EXANTHEMATOUS PUSTULOSIS","ACUTE GENERALISED EXANTHEMATOUS PUSTULOSIS","急性泛发性发疹性脓疱病","Skin and subcutaneous tissue disorders","皮肤及皮下组织类疾病","3","3","2794","7284","19896398","2797","7287","19906479","2.93","0.95","9.1","2.93 (0.95, 9.10)","2.93","3.82","1.55","0.4","1.0239","2.3","0.78","0","0","1","0","0","0"
"Iopamidol","ATRIOVENTRICULAR BLOCK","ATRIOVENTRICULAR BLOCK","房室阻滞","Cardiac disorders","心脏器官疾病","3","3","2794","7400","19896282","2797","7403","19906479","2.89","0.93","8.96","2.89 (0.93, 8.96)","2.88","3.69","1.53","0.37","1.0402","2.27","0.77","0","0","1","0","0","0"
"Iopamidol","Pulmonary haemorrhage","Pulmonary haemorrhage","肺出血","Respiratory, thoracic and mediastinal disorders","呼吸系统、胸及纵隔疾病","3","3","2794","7527","19896155","2797","7530","19906479","2.84","0.91","8.81","2.84 (0.91, 8.81)","2.84","3.57","1.5","0.35","1.058","2.25","0.76","0","0","1","0","0","0"
"Iopamidol","Anal incontinence","Anal incontinence","肛门失禁","Gastrointestinal disorders","胃肠系统疾病","3","3","2794","8229","19895453","2797","8232","19906479","2.6","0.84","8.06","2.60 (0.84, 8.06)","2.59","2.94","1.38","0.22","1.1567","2.11","0.72","0","0","1","0","0","0"
"Iopamidol","GRAND MAL CONVULSION","GRAND MAL CONVULSION",,,,"3","3","2794","9344","19894338","2797","9347","19906479","2.29","0.74","7.09","2.29 (0.74, 7.09)","2.28","2.17","1.19","0.04","1.3133","1.93","0.65","0","0","1","0","0","0"
"Iopamidol","PULMONARY CONGESTION","PULMONARY CONGESTION","肺淤血","Respiratory, thoracic and mediastinal disorders","呼吸系统、胸及纵隔疾病","3","3","2794","12682","19891000","2797","12685","19906479","1.68","0.54","5.23","1.68 (0.54, 5.23)","1.68","0.83","0.75","-0.4","1.7823","1.53","0.52","0","0","0","0","0","0"
"Iopamidol","Muscle tightness","Muscle tightness","肌紧张","Musculoskeletal and connective tissue disorders","各种肌肉骨骼及结缔组织疾病","3","3","2794","15459","19888223","2797","15462","19906479","1.38","0.45","4.29","1.38 (0.45, 4.29)","1.38","0.32","0.47","-0.69","2.1725","1.31","0.44","0","0","0","0","0","0"
"Iopamidol","Blood urea increased","Blood urea increased","血尿素升高","Investigations","各类检查","3","3","2794","16452","19887230","2797","16455","19906479","1.3","0.42","4.03","1.30 (0.42, 4.03)","1.3","0.2","0.38","-0.78","2.312","1.24","0.42","0","0","0","0","0","0"
"Iopamidol","HEAD DISCOMFORT","HEAD DISCOMFORT","头部不适","Nervous system disorders","各类神经系统疾病","3","3","2794","16535","19887147","2797","16538","19906479","1.29","0.42","4.01","1.29 (0.42, 4.01)","1.29","0.2","0.37","-0.79","2.3237","1.24","0.42","0","0","0","0","0","0"
"Iopamidol","Product administration error","Product administration error","产品给用错误","Injury, poisoning and procedural complications","各类损伤、中毒及操作并发症","3","3","2794","18434","19885248","2797","18437","19906479","1.16","0.37","3.59","1.16 (0.37, 3.59)","1.16","0.06","0.21","-0.94","2.5905","1.13","0.38","0","0","0","0","0","0"
"Iopamidol","Transaminases increased","Transaminases increased","转氨酶升高","Investigations","各类检查","3","3","2794","21105","19882577","2797","21108","19906479","1.01","0.33","3.14","1.01 (0.33, 3.14)","1.01","0","0.02","-1.14","2.9658","1.01","0.34","0","0","0","0","0","0"
"Iopamidol","HEART RATE IRREGULAR","HEART RATE IRREGULAR","心率不规则","Investigations","各类检查","3","3","2794","21897","19881785","2797","21900","19906479","0.97","0.31","3.02","0.97 (0.31, 3.02)","0.97","0","-0.04","-1.19","3.0771","0.98","0.33","0","0","0","0","0","0"
"Iopamidol","ABASIA","ABASIA",,,,"3","3","2794","24711","19878971","2797","24714","19906479","0.86","0.28","2.68","0.86 (0.28, 2.68)","0.86","0.06","-0.21","-1.37","3.4725","0.88","0.3","0","0","0","0","0","0"
"Iopamidol","Cardiovascular disorder","Cardiovascular disorder","心血管疾病","Cardiac disorders","心脏器官疾病","3","3","2794","24751","19878931","2797","24754","19906479","0.86","0.28","2.68","0.86 (0.28, 2.68)","0.86","0.07","-0.21","-1.37","3.4781","0.88","0.3","0","0","0","0","0","0"
"Iopamidol","JAUNDICE","JAUNDICE","黄疸","Hepatobiliary disorders","肝胆系统疾病","3","3","2794","25956","19877726","2797","25959","19906479","0.82","0.27","2.55","0.82 (0.27, 2.55)","0.82","0.12","-0.28","-1.44","3.6474","0.84","0.29","0","0","0","0","0","0"
"Iopamidol","DYSSTASIA","DYSSTASIA","起立困难","Nervous system disorders","各类神经系统疾病","3","3","2794","28109","19875573","2797","28112","19906479","0.76","0.24","2.36","0.76 (0.24, 2.36)","0.76","0.23","-0.4","-1.55","3.9499","0.79","0.27","0","0","0","0","0","0"
"Iopamidol","Lactic acidosis","Lactic acidosis","乳酸酸中毒","Metabolism and nutrition disorders","代谢及营养类疾病","3","3","2794","29926","19873756","2797","29929","19906479","0.71","0.23","2.21","0.71 (0.23, 2.21)","0.71","0.35","-0.49","-1.64","4.2052","0.74","0.25","0","0","0","0","0","0"
"Iopamidol","Head injury","Head injury","头部损伤","Injury, poisoning and procedural complications","各类损伤、中毒及操作并发症","3","3","2794","30013","19873669","2797","30016","19906479","0.71","0.23","2.21","0.71 (0.23, 2.21)","0.71","0.35","-0.49","-1.65","4.2175","0.74","0.25","0","0","0","0","0","0"
"Iopamidol","Movement disorder","Movement disorder","运动失调","Nervous system disorders","各类神经系统疾病","3","3","2794","30806","19872876","2797","30809","19906479","0.69","0.22","2.15","0.69 (0.22, 2.15)","0.69","0.41","-0.53","-1.68","4.3289","0.72","0.25","0","0","0","0","0","0"
"Iopamidol","Expired product administered","Expired product administered","给用了过期产品","Injury, poisoning and procedural complications","各类损伤、中毒及操作并发症","3","3","2794","31604","19872078","2797","31607","19906479","0.68","0.22","2.09","0.68 (0.22, 2.09)","0.68","0.47","-0.57","-1.72","4.441","0.71","0.24","0","0","0","0","0","0"
"Iopamidol","TRANSIENT ISCHAEMIC ATTACK","TRANSIENT ISCHAEMIC ATTACK","短暂性脑缺血发作","Nervous system disorders","各类神经系统疾病","3","3","2794","32712","19870970","2797","32715","19906479","0.65","0.21","2.02","0.65 (0.21, 2.02)","0.65","0.56","-0.62","-1.77","4.5967","0.69","0.23","0","0","0","0","0","0"
"Iopamidol","Hyperkalaemia","Hyperkalaemia","高钾血症","Metabolism and nutrition disorders","代谢及营养类疾病","3","3","2794","33194","19870488","2797","33197","19906479","0.64","0.21","1.99","0.64 (0.21, 1.99)","0.64","0.59","-0.64","-1.79","4.6644","0.68","0.23","0","0","0","0","0","0"
"Iopamidol","HYPERGLYCAEMIA","HYPERGLYCAEMIA","高血糖症","Metabolism and nutrition disorders","代谢及营养类疾病","3","3","2794","34670","19869012","2797","34673","19906479","0.62","0.2","1.91","0.62 (0.20, 1.91)","0.62","0.72","-0.7","-1.85","4.8718","0.65","0.22","0","0","0","0","0","0"
"Iopamidol","PANIC ATTACK","PANIC ATTACK","惊恐发作","Psychiatric disorders","精神病类","3","3","2794","34913","19868769","2797","34916","19906479","0.61","0.2","1.9","0.61 (0.20, 1.90)","0.61","0.74","-0.71","-1.86","4.9059","0.65","0.22","0","0","0","0","0","0"
"Iopamidol","Accidental overdose","Accidental overdose","意外用药过量","Injury, poisoning and procedural complications","各类损伤、中毒及操作并发症","3","3","2794","34744","19868938","2797","34747","19906479","0.61","0.2","1.91","0.61 (0.20, 1.91)","0.61","0.73","-0.7","-1.86","4.8822","0.65","0.22","0","0","0","0","0","0"
"Iopamidol","Wrong technique in drug usage process","Wrong technique in drug usage process",,,,"3","3","2794","36295","19867387","2797","36298","19906479","0.59","0.19","1.82","0.59 (0.19, 1.82)","0.59","0.87","-0.77","-1.92","5.1001","0.62","0.21","0","0","0","0","0","0"
"Iopamidol","White blood cell count increased","White blood cell count increased","白细胞计数升高","Investigations","各类检查","3","3","2794","37139","19866543","2797","37142","19906479","0.57","0.19","1.78","0.57 (0.19, 1.78)","0.57","0.95","-0.8","-1.95","5.2187","0.61","0.21","0","0","0","0","0","0"
"Iopamidol","Productive cough","Productive cough","排痰性咳嗽","Respiratory, thoracic and mediastinal disorders","呼吸系统、胸及纵隔疾病","3","3","2794","43934","19859748","2797","43937","19906479","0.49","0.16","1.51","0.49 (0.16, 1.51)","0.49","1.64","-1.04","-2.2","6.1735","0.52","0.18","0","0","0","0","0","0"
"Iopamidol","Pancreatitis","Pancreatitis","胰腺炎","Gastrointestinal disorders","胃肠系统疾病","3","3","2794","50329","19853353","2797","50332","19906479","0.42","0.14","1.31","0.42 (0.14, 1.31)","0.42","2.35","-1.24","-2.39","7.072","0.46","0.16","0","0","0","0","0","0"
"Iopamidol","Aspartate aminotransferase increased","Aspartate aminotransferase increased","天门冬氨酸氨基转移酶升高","Investigations","各类检查","3","3","2794","50870","19852812","2797","50873","19906479","0.42","0.14","1.3","0.42 (0.14, 1.30)","0.42","2.41","-1.25","-2.41","7.148","0.46","0.15","0","0","0","0","0","0"
"Iopamidol","OEDEMA","OEDEMA","水肿","General disorders and administration site conditions","全身性疾病及给药部位各种反应","3","3","2794","51044","19852638","2797","51047","19906479","0.42","0.13","1.3","0.42 (0.13, 1.30)","0.42","2.43","-1.26","-2.41","7.1725","0.46","0.15","0","0","0","0","0","0"
"Iopamidol","Disturbance in attention","Disturbance in attention","注意障碍","Nervous system disorders","各类神经系统疾病","3","3","2794","52037","19851645","2797","52040","19906479","0.41","0.13","1.27","0.41 (0.13, 1.27)","0.41","2.55","-1.29","-2.44","7.312","0.45","0.15","0","0","0","0","0","0"
"Iopamidol","Neck pain","Neck pain","颈痛","Musculoskeletal and connective tissue disorders","各种肌肉骨骼及结缔组织疾病","3","3","2794","53298","19850384","2797","53301","19906479","0.4","0.13","1.24","0.40 (0.13, 1.24)","0.4","2.7","-1.32","-2.48","7.4892","0.44","0.15","0","0","0","0","0","0"
"Iopamidol","HERPES ZOSTER","HERPES ZOSTER","带状疱疹","Infections and infestations","感染及侵染类疾病","3","3","2794","54764","19848918","2797","54767","19906479","0.39","0.13","1.21","0.39 (0.13, 1.21)","0.39","2.87","-1.36","-2.51","7.6951","0.43","0.14","0","0","0","0","0","0"
"Iopamidol","Pleural effusion","Pleural effusion","胸腔积液","Respiratory, thoracic and mediastinal disorders","呼吸系统、胸及纵隔疾病","3","3","2794","58504","19845178","2797","58507","19906479","0.36","0.12","1.13","0.36 (0.12, 1.13)","0.36","3.33","-1.45","-2.61","8.2206","0.4","0.14","0","0","0","0","0","0"
"Iopamidol","Alanine aminotransferase increased","Alanine aminotransferase increased","丙氨酸氨基转移酶升高","Investigations","各类检查","3","3","2794","58781","19844901","2797","58784","19906479","0.36","0.12","1.12","0.36 (0.12, 1.12)","0.36","3.36","-1.46","-2.62","8.2596","0.4","0.14","0","0","0","0","0","0"
"Iopamidol","HEPATIC ENZYME INCREASED","HEPATIC ENZYME INCREASED","肝酶升高","Investigations","各类检查","3","3","2794","62070","19841612","2797","62073","19906479","0.34","0.11","1.06","0.34 (0.11, 1.06)","0.34","3.77","-1.54","-2.69","8.7217","0.38","0.13","0","0","0","0","0","0"
"Iopamidol","Mobility decreased","Mobility decreased","活动度降低","Musculoskeletal and connective tissue disorders","各种肌肉骨骼及结缔组织疾病","3","3","2794","66569","19837113","2797","66572","19906479","0.32","0.1","0.99","0.32 (0.10, 0.99)","0.32","4.33","-1.64","-2.8","9.3538","0.36","0.12","0","0","0","0","0","0"
"Iopamidol","Thrombosis","Thrombosis","血栓形成","Vascular disorders","血管与淋巴管类疾病","3","3","2794","76939","19826743","2797","76942","19906479","0.28","0.09","0.86","0.28 (0.09, 0.86)","0.28","5.67","-1.85","-3","10.8109","0.31","0.1","0","0","0","0","0","0"
"Iopamidol","SKIN EXFOLIATION","SKIN EXFOLIATION","皮肤剥脱","Skin and subcutaneous tissue disorders","皮肤及皮下组织类疾病","3","3","2794","77876","19825806","2797","77879","19906479","0.27","0.09","0.85","0.27 (0.09, 0.85)","0.27","5.79","-1.87","-3.02","10.9425","0.31","0.1","0","0","0","0","0","0"
"Iopamidol","Gastrointestinal disorder","Gastrointestinal disorder","胃肠疾病","Gastrointestinal disorders","胃肠系统疾病","3","3","2794","80921","19822761","2797","80924","19906479","0.26","0.08","0.82","0.26 (0.08, 0.82)","0.26","6.19","-1.92","-3.08","11.3704","0.29","0.1","0","0","0","0","0","0"
"Iopamidol","Cardiac disorder","Cardiac disorder","心脏疾病","Cardiac disorders","心脏器官疾病","3","3","2794","89880","19813802","2797","89883","19906479","0.24","0.08","0.73","0.24 (0.08, 0.73)","0.24","7.38","-2.07","-3.23","12.6292","0.27","0.09","0","0","0","0","0","0"
"Iopamidol","DRUG INTERACTION","DRUG INTERACTION","药物相互作用","General disorders and administration site conditions","全身性疾病及给药部位各种反应","3","3","2794","150327","19753355","2797","150330","19906479","0.14","0.05","0.44","0.14 (0.05, 0.44)","0.14","15.67","-2.82","-3.97","21.1224","0.16","0.05","0","0","0","0","0","0"
"Iopamidol","ABDOMINAL DISCOMFORT","ABDOMINAL DISCOMFORT","腹部不适","Gastrointestinal disorders","胃肠系统疾病","3","3","2794","155503","19748179","2797","155506","19906479","0.14","0.04","0.42","0.14 (0.04, 0.42)","0.14","16.39","-2.86","-4.02","21.8497","0.16","0.05","0","0","0","0","0","0"
"Iopamidol","Toxicity to various agents","Toxicity to various agents","各种制剂毒性","Injury, poisoning and procedural complications","各类损伤、中毒及操作并发症","3","3","2794","156938","19746744","2797","156941","19906479","0.14","0.04","0.42","0.14 (0.04, 0.42)","0.14","16.59","-2.88","-4.03","22.0513","0.16","0.05","0","0","0","0","0","0"
"Iopamidol","Urinary tract infection","Urinary tract infection","尿路感染","Infections and infestations","感染及侵染类疾病","3","3","2794","161699","19741983","2797","161702","19906479","0.13","0.04","0.41","0.13 (0.04, 0.41)","0.13","17.26","-2.92","-4.08","22.7203","0.15","0.05","0","0","0","0","0","0"
"Iopamidol","Product use in unapproved indication","Product use in unapproved indication","产品用于未经批准的适应症","Injury, poisoning and procedural complications","各类损伤、中毒及操作并发症","3","3","2794","225257","19678425","2797","225260","19906479","0.09","0.03","0.29","0.09 (0.03, 0.29)","0.09","26.24","-3.4","-4.55","31.6506","0.11","0.04","0","0","0","0","0","0"
"Ioversol","URTICARIA","URTICARIA","荨麻疹","Skin and subcutaneous tissue disorders","皮肤及皮下组织类疾病","528","528","2744","155506","19747701","3272","156034","19906479","24.44","22.26","26.82","24.44 (22.26, 26.82)","20.65","9919.02","4.36","4.27","25.6471","20.21","11.96","1","1","1","1","1","1"
"Ioversol","Dyspnoea","Dyspnoea","呼吸困难","Respiratory, thoracic and mediastinal disorders","呼吸系统、胸及纵隔疾病","442","442","2830","536312","19366895","3272","536754","19906479","5.64","5.1","6.23","5.64 (5.10, 6.23)","5.01","1458.15","2.32","2.22","88.2255","4.99","2.95","1","1","1","1","1","1"
"Ioversol","PRURITUS","PRURITUS","瘙痒","Skin and subcutaneous tissue disorders","皮肤及皮下组织类疾病","416","416","2856","349446","19553761","3272","349862","19906479","8.15","7.35","9.03","8.15 (7.35, 9.03)","7.24","2275.2","2.85","2.75","57.5063","7.18","4.24","1","1","1","1","1","1"
"Ioversol","RASH","RASH","皮疹","Skin and subcutaneous tissue disorders","皮肤及皮下组织类疾病","223","223","3049","405764","19497443","3272","405987","19906479","3.51","3.07","4.03","3.51 (3.07, 4.03)","3.34","373.62","1.74","1.6","66.7315","3.32","1.95","1","1","1","0","1","0"
"Ioversol","Throat irritation","Throat irritation","咽喉刺激","Respiratory, thoracic and mediastinal disorders","呼吸系统、胸及纵隔疾病","204","204","3068","41960","19861247","3272","42164","19906479","31.47","27.31","36.28","31.47 (27.31, 36.28)","29.57","5616.56","4.88","4.73","6.9304","27.52","16.15","1","1","1","1","1","1"
"Ioversol","ERYTHEMA","ERYTHEMA","红斑","Skin and subcutaneous tissue disorders","皮肤及皮下组织类疾病","202","202","3070","195130","19708077","3272","195332","19906479","6.65","5.76","7.66","6.65 (5.76, 7.66)","6.3","908.06","2.65","2.51","32.1064","6.21","3.64","1","1","1","1","1","1"
"Ioversol","SNEEZING","SNEEZING","喷嚏","Respiratory, thoracic and mediastinal disorders","呼吸系统、胸及纵隔疾病","200","200","3072","20971","19882236","3272","21171","19906479","61.72","53.46","71.26","61.72 (53.46, 71.26)","58.01","11111.88","5.84","5.7","3.4798","50.38","29.56","1","1","1","1","1","1"
"Ioversol","Nausea","Nausea","恶心","Gastrointestinal disorders","胃肠系统疾病","193","193","3079","746902","19156305","3272","747095","19906479","1.61","1.39","1.86","1.61 (1.39, 1.86)","1.57","41.7","0.65","0.5","122.799","1.57","0.92","1","0","1","0","0","0"
"Ioversol","NEPHROPATHY TOXIC","NEPHROPATHY TOXIC","中毒性肾病","Renal and urinary disorders","肾脏及泌尿系统疾病","179","179","3093","10225","19892982","3272","10404","19906479","112.59","96.72","131.07","112.59 (96.72, 131.07)","106.49","18392.78","6.71","6.55","1.7101","81.22","47.59","1","1","1","1","1","1"
"Ioversol","COUGH","COUGH","咳嗽","Respiratory, thoracic and mediastinal disorders","呼吸系统、胸及纵隔疾病","178","178","3094","263869","19639338","3272","264047","19906479","4.28","3.68","4.98","4.28 (3.68, 4.98)","4.1","423.11","2.04","1.88","43.401","4.07","2.38","1","1","1","1","1","1"
"Ioversol","Anaphylactic shock","Anaphylactic shock","过敏性休克","Immune system disorders","免疫系统疾病","169","169","3103","23938","19879269","3272","24107","19906479","45.23","38.72","52.83","45.23 (38.72, 52.83)","42.94","6883.37","5.41","5.26","3.9624","37.98","22.24","1","1","1","1","1","1"
"Ioversol","CHEST DISCOMFORT","CHEST DISCOMFORT","胸部不适","General disorders and administration site conditions","全身性疾病及给药部位各种反应","157","157","3115","96203","19807004","3272","96360","19906479","10.38","8.84","12.18","10.38 (8.84, 12.18)","9.93","1264.43","3.31","3.15","15.8386","9.64","5.64","1","1","1","1","1","1"
"Ioversol","VOMITING","VOMITING","呕吐","Gastrointestinal disorders","胃肠系统疾病","150","150","3122","442919","19460288","3272","443069","19906479","2.11","1.79","2.49","2.11 (1.79, 2.49)","2.06","83.65","1.04","0.88","72.8266","2.05","1.2","1","1","1","0","1","0"
"Ioversol","HYPERSENSITIVITY","HYPERSENSITIVITY","超敏反应","Immune system disorders","免疫系统疾病","135","135","3137","174189","19729018","3272","174324","19906479","4.87","4.1","5.79","4.87 (4.10, 5.79)","4.71","398.26","2.24","2.06","28.6534","4.65","2.71","1","1","1","1","1","1"
"Ioversol","Throat tightness","Throat tightness","咽喉缩紧感","Respiratory, thoracic and mediastinal disorders","呼吸系统、胸及纵隔疾病","133","133","3139","25549","19877658","3272","25682","19906479","32.96","27.7","39.23","32.96 (27.70, 39.23)","31.67","3934.34","4.98","4.8","4.2213","28.28","16.49","1","1","1","1","1","1"
"Ioversol","Loss of consciousness","Loss of consciousness","意识丧失","Nervous system disorders","各类神经系统疾病","98","98","3174","122297","19780910","3272","122395","19906479","4.99","4.08","6.11","4.99 (4.08, 6.11)","4.87","303.42","2.28","2.08","20.1179","4.78","2.77","1","1","1","1","1","1"
"Ioversol","ANAPHYLACTIC REACTION","ANAPHYLACTIC REACTION","速发严重过敏反应","Immune system disorders","免疫系统疾病","94","94","3178","51317","19851890","3272","51411","19906479","11.44","9.32","14.05","11.44 (9.32, 14.05)","11.14","868.47","3.48","3.27","8.4504","10.56","6.11","1","1","1","1","1","1"
"Ioversol","Hypotension","Hypotension","低血压","Vascular disorders","血管与淋巴管类疾病","87","87","3185","190315","19712892","3272","190402","19906479","2.83","2.29","3.5","2.83 (2.29, 3.50)","2.78","100.12","1.48","1.26","31.2961","2.75","1.59","1","1","1","0","1","0"
"Ioversol","OXYGEN SATURATION DECREASED","OXYGEN SATURATION DECREASED","血氧饱和度降低","Investigations","各类检查","82","82","3190","52283","19850924","3272","52365","19906479","9.76","7.84","12.15","9.76 (7.84, 12.15)","9.54","627.57","3.25","3.03","8.6072","9.06","5.22","1","1","1","1","1","1"
"Ioversol","Blood pressure decreased","Blood pressure decreased","血压降低","Investigations","各类检查","80","80","3192","63199","19840008","3272","63279","19906479","7.87","6.3","9.82","7.87 (6.30, 9.82)","7.7","467.28","2.94","2.72","10.4011","7.38","4.25","1","1","1","1","1","1"
"Ioversol","EYE PRURITUS","EYE PRURITUS","眼睛瘙痒","Eye disorders","眼器官疾病","78","78","3194","30221","19872986","3272","30299","19906479","16.06","12.82","20.11","16.06 (12.82, 20.11)","15.7","1072.43","3.97","3.74","4.9802","14.32","8.24","1","1","1","1","1","1"
"Ioversol","DIZZINESS","DIZZINESS","头晕","Nervous system disorders","各类神经系统疾病","72","72","3200","473463","19429744","3272","473535","19906479","0.92","0.73","1.17","0.92 (0.73, 1.17)","0.93","0.45","-0.11","-0.35","77.8343","0.93","0.53","0","0","0","0","0","0"
"Ioversol","NASAL CONGESTION","NASAL CONGESTION","鼻充血","Respiratory, thoracic and mediastinal disorders","呼吸系统、胸及纵隔疾病","66","66","3206","54900","19848307","3272","54966","19906479","7.44","5.83","9.5","7.44 (5.83, 9.50)","7.31","360.23","2.87","2.62","9.0347","6.97","3.99","1","1","1","1","1","1"
"Ioversol","Acute kidney injury","Acute kidney injury","急性肾损伤","Renal and urinary disorders","肾脏及泌尿系统疾病","65","65","3207","185696","19717511","3272","185761","19906479","2.15","1.68","2.75","2.15 (1.68, 2.75)","2.13","39.28","1.09","0.84","30.5333","2.11","1.21","1","1","1","0","1","0"
"Ioversol","Flushing","Flushing","潮红","Vascular disorders","血管与淋巴管类疾病","64","64","3208","98143","19805064","3272","98207","19906479","4.03","3.14","5.16","4.03 (3.14, 5.16)","3.97","142.61","1.99","1.73","16.1421","3.88","2.22","1","1","1","1","1","1"
"Ioversol","Chest pain","Chest pain","胸痛","General disorders and administration site conditions","全身性疾病及给药部位各种反应","64","64","3208","177634","19725573","3272","177698","19906479","2.22","1.73","2.84","2.22 (1.73, 2.84)","2.19","41.82","1.13","0.88","29.208","2.17","1.24","1","1","1","0","1","0"
"Ioversol","Pharyngeal oedema","Pharyngeal oedema","咽部水肿","Respiratory, thoracic and mediastinal disorders","呼吸系统、胸及纵隔疾病","63","63","3209","15179","19888028","3272","15242","19906479","25.72","20.04","33.02","25.72 (20.04, 33.02)","25.25","1462.1","4.65","4.4","2.5053","21.13","12.07","1","1","1","1","1","1"
"Ioversol","EYE SWELLING","EYE SWELLING","眼肿","Eye disorders","眼器官疾病","63","63","3209","35176","19868031","3272","35239","19906479","11.09","8.64","14.23","11.09 (8.64, 14.23)","10.89","566.12","3.44","3.19","5.7922","10.09","5.76","1","1","1","1","1","1"
"Ioversol","CONTRAST MEDIA REACTION","CONTRAST MEDIA REACTION","造影剂反应","Immune system disorders","免疫系统疾病","62","62","3210","2196","19901011","3272","2258","19906479","175.04","135.67","225.83","175.04 (135.67, 225.83)","171.74","10236.37","7.38","7.12","0.3711","71.74","40.96","1","1","1","1","1","1"
"Ioversol","CARDIO-RESPIRATORY ARREST","CARDIO-RESPIRATORY ARREST","心脏呼吸骤停","Cardiac disorders","心脏器官疾病","62","62","3210","40476","19862731","3272","40538","19906479","9.48","7.37","12.19","9.48 (7.37, 12.19)","9.32","460.58","3.22","2.96","6.6632","8.73","4.98","1","1","1","1","1","1"
"Ioversol","TACHYCARDIA","TACHYCARDIA","心动过速","Cardiac disorders","心脏器官疾病","62","62","3210","84529","19818678","3272","84591","19906479","4.53","3.52","5.82","4.53 (3.52, 5.82)","4.46","167.11","2.16","1.9","13.9041","4.34","2.48","1","1","1","1","1","1"
"Ioversol","WHEEZING","WHEEZING","哮鸣","Respiratory, thoracic and mediastinal disorders","呼吸系统、胸及纵隔疾病","61","61","3211","54175","19849032","3272","54236","19906479","6.96","5.4","8.97","6.96 (5.40, 8.97)","6.85","305.2","2.77","2.52","8.9147","6.53","3.73","1","1","1","1","1","1"
"Ioversol","CHILLS","CHILLS","寒战","General disorders and administration site conditions","全身性疾病及给药部位各种反应","60","60","3212","112149","19791058","3272","112209","19906479","3.3","2.55","4.26","3.30 (2.55, 4.26)","3.25","94.18","1.7","1.44","18.4436","3.19","1.82","1","1","1","0","1","0"
"Ioversol","Cardiac arrest","Cardiac arrest","心脏停搏","Cardiac disorders","心脏器官疾病","59","59","3213","79505","19823702","3272","79564","19906479","4.58","3.54","5.92","4.58 (3.54, 5.92)","4.51","161.93","2.17","1.91","13.0778","4.38","2.5","1","1","1","1","1","1"
"Ioversol","BRONCHOSPASM","BRONCHOSPASM","支气管痉挛","Respiratory, thoracic and mediastinal disorders","呼吸系统、胸及纵隔疾病","58","58","3214","13664","19889543","3272","13722","19906479","26.27","20.25","34.08","26.27 (20.25, 34.08)","25.82","1378.92","4.68","4.42","2.2555","21.23","12.09","1","1","1","1","1","1"
"Ioversol","HYPERHIDROSIS","HYPERHIDROSIS","多汗","Skin and subcutaneous tissue disorders","皮肤及皮下组织类疾病","57","57","3215","123398","19779809","3272","123455","19906479","2.84","2.19","3.69","2.84 (2.19, 3.69)","2.81","66.83","1.49","1.22","20.2921","2.77","1.57","1","1","1","0","1","0"
"Ioversol","Laryngeal oedema","Laryngeal oedema","喉水肿","Respiratory, thoracic and mediastinal disorders","呼吸系统、胸及纵隔疾病","54","54","3218","5821","19897386","3272","5875","19906479","57.36","43.78","75.15","57.36 (43.78, 75.15)","56.43","2913.98","5.81","5.53","0.9657","37.18","21.11","1","1","1","1","1","1"
"Ioversol","Cyanosis","Cyanosis","发绀","Vascular disorders","血管与淋巴管类疾病","54","54","3218","15093","19888114","3272","15147","19906479","22.11","16.89","28.95","22.11 (16.89, 28.95)","21.76","1066.71","4.44","4.16","2.4897","18.23","10.35","1","1","1","1","1","1"
"Ioversol","Ocular hyperaemia","Ocular hyperaemia","眼充血","Eye disorders","眼器官疾病","54","54","3218","43436","19859771","3272","43490","19906479","7.67","5.86","10.04","7.67 (5.86, 10.04)","7.56","307.8","2.92","2.64","7.1484","7.13","4.04","1","1","1","1","1","1"
"Ioversol","Malaise","Malaise","难受","General disorders and administration site conditions","全身性疾病及给药部位各种反应","54","54","3218","420076","19483131","3272","420130","19906479","0.78","0.59","1.02","0.78 (0.59, 1.02)","0.78","3.35","-0.35","-0.63","69.0562","0.78","0.44","0","0","0","0","0","0"
"Ioversol","Shock","Shock","休克","Vascular disorders","血管与淋巴管类疾病","53","53","3219","21463","19881744","3272","21516","19906479","15.25","11.62","20.01","15.25 (11.62, 20.01)","15.02","692.67","3.91","3.63","3.5366","13.25","7.52","1","1","1","1","1","1"
"Ioversol","Dysphagia","Dysphagia","吞咽困难","Gastrointestinal disorders","胃肠系统疾病","53","53","3219","89571","19813636","3272","89624","19906479","3.64","2.78","4.78","3.64 (2.78, 4.78)","3.6","99.88","1.85","1.57","14.7314","3.51","1.99","1","1","1","0","1","0"
"Ioversol","Headache","Headache","头痛","Nervous system disorders","各类神经系统疾病","53","53","3219","594804","19308403","3272","594857","19906479","0.53","0.41","0.7","0.53 (0.41, 0.70)","0.54","21.14","-0.88","-1.16","97.7758","0.54","0.31","0","0","0","0","0","0"
"Ioversol","DRUG ADMINISTRATION ERROR","DRUG ADMINISTRATION ERROR",,,,"52","52","3220","30639","19872568","3272","30691","19906479","10.47","7.96","13.78","10.47 (7.96, 13.78)","10.32","437.81","3.37","3.09","5.0446","9.47","5.37","1","1","1","1","1","1"
"Ioversol","LIP SWELLING","LIP SWELLING","唇部肿胀","Gastrointestinal disorders","胃肠系统疾病","49","49","3223","31533","19871674","3272","31582","19906479","9.58","7.22","12.71","9.58 (7.22, 12.71)","9.45","370.36","3.24","2.95","5.1911","8.7","4.91","1","1","1","1","1","1"
"Ioversol","Swelling face","Swelling face","面部肿胀","General disorders and administration site conditions","全身性疾病及给药部位各种反应","49","49","3223","61798","19841409","3272","61847","19906479","4.88","3.68","6.47","4.88 (3.68, 6.47)","4.82","148.84","2.27","1.98","10.1657","4.64","2.62","1","1","1","1","1","1"
"Ioversol","Air embolism","Air embolism","空气栓塞","Vascular disorders","血管与淋巴管类疾病","48","48","3224","407","19902800","3272","455","19906479","728.06","538.76","983.86","728.06 (538.76, 983.86)","717.39","30717.03","9.33","9.02","0.0748","84.38","47.63","1","1","1","1","1","1"
"Ioversol","Dysphonia","Dysphonia","发声困难","Respiratory, thoracic and mediastinal disorders","呼吸系统、胸及纵隔疾病","48","48","3224","55363","19847844","3272","55411","19906479","5.34","4.01","7.1","5.34 (4.01, 7.10)","5.27","166.57","2.4","2.11","9.1078","5.05","2.85","1","1","1","1","1","1"
"Ioversol","Feeling hot","Feeling hot","感觉热","General disorders and administration site conditions","全身性疾病及给药部位各种反应","47","47","3225","58833","19844374","3272","58880","19906479","4.92","3.69","6.56","4.92 (3.69, 6.56)","4.86","144.38","2.28","1.99","9.678","4.67","2.63","1","1","1","1","1","1"
"Ioversol","Pyrexia","Pyrexia","发热","General disorders and administration site conditions","全身性疾病及给药部位各种反应","47","47","3225","329025","19574182","3272","329072","19906479","0.87","0.65","1.16","0.87 (0.65, 1.16)","0.87","0.94","-0.2","-0.5","54.0891","0.87","0.49","0","0","0","0","0","0"
"Ioversol","Tremor","Tremor","震颤","Nervous system disorders","各类神经系统疾病","46","46","3226","159069","19744138","3272","159115","19906479","1.77","1.32","2.37","1.77 (1.32, 2.37)","1.76","15.18","0.81","0.52","26.1535","1.74","0.98","1","0","1","0","0","0"
"Ioversol","Hypoaesthesia","Hypoaesthesia","感觉减退","Nervous system disorders","各类神经系统疾病","44","44","3228","142810","19760397","3272","142854","19906479","1.89","1.4","2.54","1.89 (1.40, 2.54)","1.87","18.06","0.91","0.6","23.4807","1.86","1.04","1","0","1","0","0","0"
"Ioversol","Blood pressure increased","Blood pressure increased","血压升高","Investigations","各类检查","42","42","3230","145820","19757387","3272","145862","19906479","1.76","1.3","2.39","1.76 (1.30, 2.39)","1.75","13.65","0.81","0.5","23.9751","1.74","0.97","1","0","1","0","0","0"
"Ioversol","Hypertension","Hypertension","高血压","Vascular disorders","血管与淋巴管类疾病","42","42","3230","200664","19702543","3272","200706","19906479","1.28","0.94","1.73","1.28 (0.94, 1.73)","1.27","2.49","0.35","0.04","32.9898","1.27","0.71","0","0","1","0","0","0"
"Ioversol","Face oedema","Face oedema","面部水肿","General disorders and administration site conditions","全身性疾病及给药部位各种反应","41","41","3231","16226","19886981","3272","16267","19906479","15.55","11.43","21.17","15.55 (11.43, 21.17)","15.37","549.91","3.94","3.62","2.6738","13.08","7.32","1","1","1","1","1","1"
"Ioversol","Eyelid oedema","Eyelid oedema","眼睑水肿","Eye disorders","眼器官疾病","40","40","3232","11340","19891867","3272","11380","19906479","21.71","15.89","29.67","21.71 (15.89, 29.67)","21.46","777.82","4.42","4.1","1.8705","17.08","9.55","1","1","1","1","1","1"
"Ioversol","Swollen tongue","Swollen tongue","肿舌","Gastrointestinal disorders","胃肠系统疾病","39","39","3233","29733","19873474","3272","29772","19906479","8.06","5.88","11.06","8.06 (5.88, 11.06)","7.98","238.1","2.99","2.67","4.8936","7.32","4.09","1","1","1","1","1","1"
"Ioversol","ANGIOEDEMA","ANGIOEDEMA","血管性水肿","Skin and subcutaneous tissue disorders","皮肤及皮下组织类疾病","38","38","3234","41800","19861407","3272","41838","19906479","5.58","4.05","7.69","5.58 (4.05, 7.69)","5.53","141.18","2.47","2.14","6.8769","5.22","2.91","1","1","1","1","1","1"
"Ioversol","PARAESTHESIA ORAL","PARAESTHESIA ORAL","口部异常感觉","Gastrointestinal disorders","胃肠系统疾病","36","36","3236","13551","19889656","3272","13587","19906479","16.33","11.75","22.69","16.33 (11.75, 22.69)","16.16","510.98","4.01","3.68","2.2333","13.35","7.42","1","1","1","1","1","1"
"Ioversol","Respiratory distress","Respiratory distress","呼吸窘迫","Respiratory, thoracic and mediastinal disorders","呼吸系统、胸及纵隔疾病","36","36","3236","26374","19876833","3272","26410","19906479","8.38","6.04","11.65","8.38 (6.04, 11.65)","8.3","231.24","3.05","2.72","4.341","7.54","4.19","1","1","1","1","1","1"
"Ioversol","HEART RATE INCREASED","HEART RATE INCREASED","心率升高","Investigations","各类检查","35","35","3237","94104","19809103","3272","94139","19906479","2.28","1.63","3.18","2.28 (1.63, 3.18)","2.26","24.76","1.18","0.84","15.4735","2.22","1.23","1","1","1","0","1","0"
"Ioversol","Injection site extravasation","Injection site extravasation","注射部位外渗","General disorders and administration site conditions","全身性疾病及给药部位各种反应","34","34","3238","12123","19891084","3272","12157","19906479","17.23","12.28","24.17","17.23 (12.28, 24.17)","17.06","512.91","4.09","3.74","1.9982","13.81","7.64","1","1","1","1","1","1"
"Ioversol","Pallor","Pallor","苍白","Vascular disorders","血管与淋巴管类疾病","34","34","3238","26249","19876958","3272","26283","19906479","7.95","5.67","11.15","7.95 (5.67, 11.15)","7.88","204.21","2.98","2.63","4.3201","7.16","3.96","1","1","1","1","1","1"
"Ioversol","HYPOAESTHESIA ORAL","HYPOAESTHESIA ORAL","口腔感觉减退","Gastrointestinal disorders","胃肠系统疾病","33","33","3239","14348","19888859","3272","14381","19906479","14.12","10.02","19.91","14.12 (10.02, 19.91)","13.99","397.42","3.8","3.45","2.3638","11.7","6.46","1","1","1","1","1","1"
"Ioversol","RASH MACULO-PAPULAR","RASH MACULO-PAPULAR","斑丘疹","Skin and subcutaneous tissue disorders","皮肤及皮下组织类疾病","33","33","3239","20908","19882299","3272","20941","19906479","9.69","6.87","13.66","9.69 (6.87, 13.66)","9.6","254.13","3.26","2.91","3.442","8.5","4.69","1","1","1","1","1","1"
"Ioversol","Respiratory arrest","Respiratory arrest","呼吸停止","Respiratory, thoracic and mediastinal disorders","呼吸系统、胸及纵隔疾病","33","33","3239","26947","19876260","3272","26980","19906479","7.51","5.33","10.59","7.51 (5.33, 10.59)","7.45","184.28","2.9","2.55","4.4347","6.79","3.75","1","1","1","1","1","1"
"Ioversol","Paraesthesia","Paraesthesia","皮肤异常感觉","Nervous system disorders","各类神经系统疾病","33","33","3239","150834","19752373","3272","150867","19906479","1.33","0.95","1.88","1.33 (0.95, 1.88)","1.33","2.73","0.41","0.06","24.7978","1.32","0.73","0","0","1","0","0","0"
"Ioversol","LACRIMATION INCREASED","LACRIMATION INCREASED","流泪增加","Eye disorders","眼器官疾病","32","32","3240","27944","19875263","3272","27976","19906479","7.02","4.96","9.95","7.02 (4.96, 9.95)","6.97","163.54","2.8","2.44","4.5984","6.37","3.51","1","1","1","1","1","1"
"Ioversol","Type I hypersensitivity","Type I hypersensitivity","I型超敏反应","Immune system disorders","免疫系统疾病","31","31","3241","3116","19900091","3272","3147","19906479","61.09","42.81","87.16","61.09 (42.81, 87.16)","60.52","1796.93","5.91","5.54","0.5173","30.97","17.02","1","1","1","1","1","1"
"Ioversol","UNRESPONSIVE TO STIMULI","UNRESPONSIVE TO STIMULI","刺激反应消失","Nervous system disorders","各类神经系统疾病","31","31","3241","24347","19878860","3272","24378","19906479","7.81","5.48","11.13","7.81 (5.48, 11.13)","7.75","182.09","2.95","2.59","4.007","6.99","3.84","1","1","1","1","1","1"
"Ioversol","RASH GENERALISED","RASH GENERALISED",,,,"31","31","3241","25804","19877403","3272","25835","19906479","7.37","5.17","10.5","7.37 (5.17, 10.50)","7.31","168.8","2.87","2.51","4.2465","6.64","3.65","1","1","1","1","1","1"
"Ioversol","CONVULSION","CONVULSION",,,,"30","30","3242","57188","19846019","3272","57218","19906479","3.21","2.24","4.6","3.21 (2.24, 4.60)","3.19","45.24","1.67","1.31","9.4048","3.08","1.69","1","1","1","0","1","0"
"Ioversol","Extravasation","Extravasation","外渗","General disorders and administration site conditions","全身性疾病及给药部位各种反应","29","29","3243","3937","19899270","3272","3966","19906479","45.2","31.32","65.23","45.20 (31.32, 65.23)","44.81","1233.2","5.48","5.1","0.6519","25.61","14.01","1","1","1","1","1","1"
"Ioversol","Oral pruritus","Oral pruritus","口腔瘙痒","Gastrointestinal disorders","胃肠系统疾病","28","28","3244","2124","19901083","3272","2152","19906479","80.87","55.61","117.6","80.87 (55.61, 117.60)","80.19","2161.38","6.31","5.92","0.3537","33.38","18.21","1","1","1","1","1","1"
"Ioversol","ANAPHYLACTOID REACTION","ANAPHYLACTOID REACTION","类过敏反应","Immune system disorders","免疫系统疾病","28","28","3244","3935","19899272","3272","3963","19906479","43.65","30.05","63.4","43.65 (30.05, 63.40)","43.28","1148.64","5.43","5.04","0.6514","24.75","13.5","1","1","1","1","1","1"
"Ioversol","Depressed level of consciousness","Depressed level of consciousness","意识水平下降","Nervous system disorders","各类神经系统疾病","28","28","3244","37380","19865827","3272","37408","19906479","4.59","3.16","6.66","4.59 (3.16, 6.66)","4.56","77.81","2.19","1.81","6.1487","4.29","2.34","1","1","1","1","1","1"
"Ioversol","Rash erythematous","Rash erythematous","红色皮疹","Skin and subcutaneous tissue disorders","皮肤及皮下组织类疾病","28","28","3244","43047","19860160","3272","43075","19906479","3.98","2.74","5.78","3.98 (2.74, 5.78)","3.96","61.96","1.98","1.6","7.0802","3.76","2.05","1","1","1","1","1","1"
"Ioversol","SYNCOPE","SYNCOPE","晕厥","Nervous system disorders","各类神经系统疾病","28","28","3244","95610","19807597","3272","95638","19906479","1.79","1.23","2.59","1.79 (1.23, 2.59)","1.78","9.64","0.83","0.45","15.7199","1.76","0.96","1","0","1","0","0","0"
"Ioversol","Pruritus generalised","Pruritus generalised",,,,"27","27","3245","21561","19881646","3272","21588","19906479","7.67","5.25","11.21","7.67 (5.25, 11.21)","7.62","155.19","2.93","2.54","3.5484","6.79","3.69","1","1","1","1","1","1"
"Ioversol","Papule","Papule","丘疹","Skin and subcutaneous tissue disorders","皮肤及皮下组织类疾病","26","26","3246","6486","19896721","3272","6512","19906479","24.57","16.69","36.17","24.57 (16.69, 36.17)","24.38","580.91","4.6","4.21","1.0704","16.88","9.15","1","1","1","1","1","1"
"Ioversol","BLISTER","BLISTER","水疱","Skin and subcutaneous tissue disorders","皮肤及皮下组织类疾病","26","26","3246","51901","19851306","3272","51927","19906479","3.06","2.08","4.51","3.06 (2.08, 4.51)","3.05","35.84","1.61","1.21","8.5352","2.93","1.59","1","1","1","0","1","0"
"Ioversol","Laryngeal discomfort","Laryngeal discomfort","喉部不适","Respiratory, thoracic and mediastinal disorders","呼吸系统、胸及纵隔疾病","25","25","3247","575","19902632","3272","600","19906479","266.5","178.3","398.33","266.50 (178.30, 398.33)","264.47","6288.7","7.99","7.58","0.0986","42.6","23.02","1","1","1","1","1","1"
"Ioversol","PROCEDURAL COMPLICATION","PROCEDURAL COMPLICATION","操作并发症","Injury, poisoning and procedural complications","各类损伤、中毒及操作并发症","25","25","3247","7427","19895780","3272","7452","19906479","20.63","13.91","30.59","20.63 (13.91, 30.59)","20.48","461.73","4.35","3.95","1.2249","14.78","7.99","1","1","1","1","1","1"
"Ioversol","POST PROCEDURAL COMPLICATION","POST PROCEDURAL COMPLICATION","操作后并发症","Injury, poisoning and procedural complications","各类损伤、中毒及操作并发症","25","25","3247","18598","19884609","3272","18623","19906479","8.23","5.55","12.2","8.23 (5.55, 12.20)","8.18","157.41","3.03","2.63","3.061","7.16","3.87","1","1","1","1","1","1"
"Ioversol","Bradycardia","Bradycardia","心动过缓","Cardiac disorders","心脏器官疾病","25","25","3247","51017","19852190","3272","51042","19906479","3","2.02","4.44","3.00 (2.02, 4.44)","2.98","32.98","1.58","1.17","8.3897","2.87","1.55","1","1","1","0","1","0"
"Ioversol","Abdominal pain","Abdominal pain","腹痛","Gastrointestinal disorders","胃肠系统疾病","24","24","3248","220094","19683113","3272","220118","19906479","0.66","0.44","0.99","0.66 (0.44, 0.99)","0.66","4.15","-0.59","-1","36.1805","0.67","0.36","0","0","0","0","0","0"
"Ioversol","Acute generalised exanthematous pustulosis","Acute generalised exanthematous pustulosis","急性泛发性发疹性脓疱病","Skin and subcutaneous tissue disorders","皮肤及皮下组织类疾病","23","23","3249","7264","19895943","3272","7287","19906479","19.39","12.86","29.24","19.39 (12.86, 29.24)","19.26","397.07","4.26","3.84","1.1978","13.84","7.42","1","1","1","1","1","1"
"Ioversol","Burning sensation","Burning sensation","烧灼感","Nervous system disorders","各类神经系统疾病","23","23","3249","66670","19836537","3272","66693","19906479","2.11","1.4","3.17","2.11 (1.40, 3.17)","2.1","13.27","1.07","0.65","10.9622","2.05","1.1","1","1","1","0","1","0"
"Ioversol","Ventricular fibrillation","Ventricular fibrillation","室颤","Cardiac disorders","心脏器官疾病","22","22","3250","10582","19892625","3272","10604","19906479","12.73","8.36","19.36","12.73 (8.36, 19.36)","12.65","235.59","3.66","3.23","1.743","10.03","5.36","1","1","1","1","1","1"
"Ioversol","Palpitations","Palpitations","心悸","Cardiac disorders","心脏器官疾病","22","22","3250","111223","19791984","3272","111245","19906479","1.2","0.79","1.83","1.20 (0.79, 1.83)","1.2","0.76","0.27","-0.16","18.2852","1.2","0.64","0","0","0","0","0","0"
"Ioversol","Contrast media allergy","Contrast media allergy","造影剂过敏","Immune system disorders","免疫系统疾病","21","21","3251","1568","19901639","3272","1589","19906479","81.99","53.23","126.28","81.99 (53.23, 126.28)","81.47","1647.14","6.33","5.89","0.2612","28.25","15.01","1","1","1","1","1","1"
"Ioversol","Retching","Retching","干呕","Gastrointestinal disorders","胃肠系统疾病","21","21","3251","20195","19883012","3272","20216","19906479","6.36","4.14","9.77","6.36 (4.14, 9.77)","6.33","94.15","2.66","2.22","3.3229","5.62","2.99","1","1","1","1","1","1"
"Ioversol","Respiratory failure","Respiratory failure","呼吸衰竭","Respiratory, thoracic and mediastinal disorders","呼吸系统、胸及纵隔疾病","21","21","3251","70090","19833117","3272","70111","19906479","1.83","1.19","2.81","1.83 (1.19, 2.81)","1.82","7.82","0.87","0.43","11.524","1.79","0.95","1","0","1","0","0","0"
"Ioversol","INJECTION SITE SWELLING","INJECTION SITE SWELLING","注射部位肿胀","General disorders and administration site conditions","全身性疾病及给药部位各种反应","21","21","3251","71238","19831969","3272","71259","19906479","1.8","1.17","2.76","1.80 (1.17, 2.76)","1.79","7.39","0.84","0.4","11.7127","1.76","0.94","1","0","1","0","0","0"
"Ioversol","Feeling abnormal","Feeling abnormal","感受异常","General disorders and administration site conditions","全身性疾病及给药部位各种反应","21","21","3251","231430","19671777","3272","231451","19906479","0.55","0.36","0.84","0.55 (0.36, 0.84)","0.55","7.73","-0.86","-1.3","38.0433","0.56","0.3","0","0","0","0","0","0"
"Ioversol","Asthenia","Asthenia","虚弱","General disorders and administration site conditions","全身性疾病及给药部位各种反应","21","21","3251","358399","19544808","3272","358420","19906479","0.35","0.23","0.54","0.35 (0.23, 0.54)","0.36","24.85","-1.49","-1.93","58.913","0.36","0.19","0","0","0","0","0","0"
"Ioversol","RASH PRURITIC","RASH PRURITIC","瘙痒性皮疹","Skin and subcutaneous tissue disorders","皮肤及皮下组织类疾病","19","19","3253","50841","19852366","3272","50860","19906479","2.28","1.45","3.58","2.28 (1.45, 3.58)","2.27","13.58","1.18","0.72","8.3598","2.2","1.16","1","1","1","0","1","0"
"Ioversol","Seizure","Seizure","痫性发作","Nervous system disorders","各类神经系统疾病","19","19","3253","106823","19796384","3272","106842","19906479","1.08","0.69","1.7","1.08 (0.69, 1.70)","1.08","0.12","0.11","-0.35","17.5615","1.08","0.57","0","0","0","0","0","0"
"Ioversol","OROPHARYNGEAL DISCOMFORT","OROPHARYNGEAL DISCOMFORT","口咽不适感","Respiratory, thoracic and mediastinal disorders","呼吸系统、胸及纵隔疾病","18","18","3254","8276","19894931","3272","8294","19906479","13.3","8.36","21.14","13.30 (8.36, 21.14)","13.23","203.14","3.72","3.25","1.3633","9.93","5.19","1","1","1","1","1","1"
"Ioversol","PAIN","PAIN","疼痛","General disorders and administration site conditions","全身性疾病及给药部位各种反应","18","18","3254","584739","19318468","3272","584757","19906479","0.18","0.11","0.29","0.18 (0.11, 0.29)","0.19","65.42","-2.42","-2.89","96.1157","0.19","0.1","0","0","0","0","0","0"
"Ioversol","Eosinophilia","Eosinophilia","嗜酸性粒细胞增多症","Blood and lymphatic system disorders","血液及淋巴系统疾病","17","17","3255","16373","19886834","3272","16390","19906479","6.34","3.94","10.22","6.34 (3.94, 10.22)","6.32","76.04","2.66","2.17","2.694","5.48","2.84","1","1","1","1","1","1"
"Ioversol","FEELING COLD","FEELING COLD","感到寒冷","General disorders and administration site conditions","全身性疾病及给药部位各种反应","17","17","3255","26627","19876580","3272","26644","19906479","3.9","2.42","6.28","3.90 (2.42, 6.28)","3.88","36.42","1.96","1.47","4.3794","3.59","1.86","1","1","1","0","1","0"
"Ioversol","Injection site pain","Injection site pain","注射部位痛","General disorders and administration site conditions","全身性疾病及给药部位各种反应","17","17","3255","284714","19618493","3272","284731","19906479","0.36","0.22","0.58","0.36 (0.22, 0.58)","0.36","19.25","-1.46","-1.95","46.8008","0.37","0.19","0","0","0","0","0","0"
"Ioversol","Contrast encephalopathy","Contrast encephalopathy","造影剂脑病","Injury, poisoning and procedural complications","各类损伤、中毒及操作并发症","16","16","3256","214","19902993","3272","230","19906479","457.03","274.68","760.43","457.03 (274.68, 760.43)","454.8","6740.85","8.73","8.21","0.0378","30.68","15.81","1","1","1","1","1","1"
"Ioversol","ANXIETY","ANXIETY","焦虑","Psychiatric disorders","精神病类","16","16","3256","272947","19630260","3272","272963","19906479","0.35","0.22","0.58","0.35 (0.22, 0.58)","0.36","18.83","-1.49","-1.99","44.8665","0.36","0.19","0","0","0","0","0","0"
"Ioversol","DIARRHOEA","DIARRHOEA","腹泻","Gastrointestinal disorders","胃肠系统疾病","16","16","3256","605657","19297550","3272","605673","19906479","0.16","0.1","0.26","0.16 (0.10, 0.26)","0.16","72.34","-2.64","-3.14","99.5536","0.16","0.08","0","0","0","0","0","0"
"Ioversol","Nephropathy","Nephropathy","肾病","Renal and urinary disorders","肾脏及泌尿系统疾病","15","15","3257","8979","19894228","3272","8994","19906479","10.2","6.14","16.95","10.20 (6.14, 16.95)","10.16","123.75","3.34","2.82","1.4783","7.83","4","1","1","1","1","1","1"
"Ioversol","OEDEMA","OEDEMA","水肿","General disorders and administration site conditions","全身性疾病及给药部位各种反应","15","15","3257","51032","19852175","3272","51047","19906479","1.79","1.08","2.98","1.79 (1.08, 2.98)","1.79","5.22","0.84","0.32","8.3905","1.74","0.89","1","0","1","0","0","0"
"Ioversol","Oropharyngeal pain","Oropharyngeal pain","口咽疼痛","Respiratory, thoracic and mediastinal disorders","呼吸系统、胸及纵隔疾病","15","15","3257","88111","19815096","3272","88126","19906479","1.04","0.62","1.72","1.04 (0.62, 1.72)","1.04","0.02","0.05","-0.47","14.4851","1.03","0.53","0","0","0","0","0","0"
"Ioversol","RENAL FAILURE","RENAL FAILURE","肾衰","Renal and urinary disorders","肾脏及泌尿系统疾病","15","15","3257","129169","19774038","3272","129184","19906479","0.71","0.42","1.17","0.71 (0.42, 1.17)","0.71","1.84","-0.5","-1.02","21.2338","0.71","0.36","0","0","0","0","0","0"
"Ioversol","Circulatory collapse","Circulatory collapse","循环性虚脱","Vascular disorders","血管与淋巴管类疾病","14","14","3258","16394","19886813","3272","16408","19906479","5.21","3.08","8.81","5.21 (3.08, 8.81)","5.19","47.42","2.38","1.84","2.697","4.54","2.3","1","1","1","1","1","1"
"Ioversol","COLD SWEAT","COLD SWEAT","冷汗","Skin and subcutaneous tissue disorders","皮肤及皮下组织类疾病","14","14","3258","16935","19886272","3272","16949","19906479","5.05","2.98","8.53","5.05 (2.98, 8.53)","5.03","45.19","2.33","1.79","2.7859","4.41","2.23","1","1","1","1","1","1"
"Ioversol","Rash papular","Rash papular","丘疹样皮疹","Skin and subcutaneous tissue disorders","皮肤及皮下组织类疾病","14","14","3258","21556","19881651","3272","21570","19906479","3.96","2.34","6.7","3.96 (2.34, 6.70)","3.95","30.87","1.98","1.45","3.5454","3.58","1.81","1","1","1","0","1","0"
"Ioversol","APHASIA","APHASIA","失语","Nervous system disorders","各类神经系统疾病","14","14","3258","28883","19874324","3272","28897","19906479","2.96","1.75","5","2.96 (1.75, 5.00)","2.95","18.04","1.56","1.02","4.7498","2.76","1.4","1","1","1","0","1","0"
"Ioversol","Pulmonary oedema","Pulmonary oedema","肺水肿","Respiratory, thoracic and mediastinal disorders","呼吸系统、胸及纵隔疾病","14","14","3258","43035","19860172","3272","43049","19906479","1.98","1.17","3.35","1.98 (1.17, 3.35)","1.98","6.79","0.98","0.45","7.0759","1.91","0.97","1","0","1","0","0","0"
"Ioversol","SWELLING","SWELLING","肿胀","General disorders and administration site conditions","全身性疾病及给药部位各种反应","14","14","3258","86252","19816955","3272","86266","19906479","0.99","0.58","1.67","0.99 (0.58, 1.67)","0.99","0","-0.02","-0.55","14.1794","0.99","0.5","0","0","0","0","0","0"
"Ioversol","VISUAL IMPAIRMENT","VISUAL IMPAIRMENT","视觉损害","Eye disorders","眼器官疾病","14","14","3258","115652","19787555","3272","115666","19906479","0.74","0.43","1.24","0.74 (0.43, 1.24)","0.74","1.33","-0.44","-0.98","19.0119","0.74","0.38","0","0","0","0","0","0"
"Ioversol","PERIORBITAL OEDEMA","PERIORBITAL OEDEMA","眼眶周围水肿","Eye disorders","眼器官疾病","13","13","3259","4902","19898305","3272","4915","19906479","16.19","9.38","27.94","16.19 (9.38, 27.94)","16.13","184.08","4.01","3.45","0.8079","10.32","5.17","1","1","1","1","1","1"
"Ioversol","GENERALISED ERYTHEMA","GENERALISED ERYTHEMA",,,,"13","13","3259","5677","19897530","3272","5690","19906479","13.98","8.1","24.12","13.98 (8.10, 24.12)","13.93","155.7","3.8","3.24","0.9353","9.41","4.71","1","1","1","1","1","1"
"Ioversol","DRUG ERUPTION","DRUG ERUPTION","药疹","Skin and subcutaneous tissue disorders","皮肤及皮下组织类疾病","13","13","3259","16436","19886771","3272","16449","19906479","4.83","2.8","8.32","4.83 (2.80, 8.32)","4.81","39.25","2.27","1.71","2.7037","4.21","2.11","1","1","1","1","1","1"
"Ioversol","Discomfort","Discomfort","不适","General disorders and administration site conditions","全身性疾病及给药部位各种反应","13","13","3259","55142","19848065","3272","55155","19906479","1.44","0.83","2.48","1.44 (0.83, 2.48)","1.43","1.71","0.52","-0.04","9.0657","1.41","0.71","0","0","0","0","0","0"
"Ioversol","Rhinorrhoea","Rhinorrhoea","流涕","Respiratory, thoracic and mediastinal disorders","呼吸系统、胸及纵隔疾病","13","13","3259","60728","19842479","3272","60741","19906479","1.3","0.76","2.25","1.30 (0.76, 2.25)","1.3","0.91","0.38","-0.18","9.9839","1.29","0.64","0","0","0","0","0","0"
"Ioversol","Oedema peripheral","Oedema peripheral","外周水肿","General disorders and administration site conditions","全身性疾病及给药部位各种反应","13","13","3259","117747","19785460","3272","117760","19906479","0.67","0.39","1.16","0.67 (0.39, 1.16)","0.67","2.1","-0.57","-1.13","19.356","0.68","0.34","0","0","0","0","0","0"
"Ioversol","Confusional state","Confusional state","意识模糊状态","Psychiatric disorders","精神病类","13","13","3259","153784","19749423","3272","153797","19906479","0.51","0.3","0.88","0.51 (0.30, 0.88)","0.51","6.01","-0.96","-1.52","25.2794","0.52","0.26","0","0","0","0","0","0"
"Ioversol","Tongue oedema","Tongue oedema","舌水肿","Gastrointestinal disorders","胃肠系统疾病","12","12","3260","3656","19899551","3272","3668","19906479","20.04","11.36","35.35","20.04 (11.36, 35.35)","19.97","215.52","4.31","3.74","0.6029","11.33","5.6","1","1","1","1","1","1"
"Ioversol","Toxic skin eruption","Toxic skin eruption","中毒性皮疹","Skin and subcutaneous tissue disorders","皮肤及皮下组织类疾病","12","12","3260","9656","19893551","3272","9668","19906479","7.58","4.3","13.37","7.58 (4.30, 13.37)","7.56","68.25","2.92","2.34","1.5891","5.98","2.96","1","1","1","1","1","1"
"Ioversol","INCORRECT ROUTE OF DRUG ADMINISTRATION","INCORRECT ROUTE OF DRUG ADMINISTRATION",,,,"12","12","3260","35664","19867543","3272","35676","19906479","2.05","1.16","3.61","2.05 (1.16, 3.61)","2.05","6.43","1.03","0.45","5.864","1.96","0.97","1","1","1","0","1","0"
"Ioversol","Speech disorder","Speech disorder","言语障碍","Nervous system disorders","各类神经系统疾病","12","12","3260","50160","19853047","3272","50172","19906479","1.46","0.83","2.57","1.46 (0.83, 2.57)","1.46","1.71","0.54","-0.04","8.2467","1.43","0.71","0","0","0","0","0","0"
"Ioversol","MEDICATION ERROR","MEDICATION ERROR","用药错误","Injury, poisoning and procedural complications","各类损伤、中毒及操作并发症","12","12","3260","52308","19850899","3272","52320","19906479","1.4","0.79","2.46","1.40 (0.79, 2.46)","1.4","1.35","0.48","-0.1","8.5998","1.37","0.68","0","0","0","0","0","0"
"Ioversol","BLOOD CREATININE INCREASED","BLOOD CREATININE INCREASED","血肌酐升高","Investigations","各类检查","12","12","3260","62599","19840608","3272","62611","19906479","1.17","0.66","2.06","1.17 (0.66, 2.06)","1.17","0.28","0.22","-0.36","10.2913","1.16","0.57","0","0","0","0","0","0"
"Ioversol","AGITATION","AGITATION","激越","Psychiatric disorders","精神病类","12","12","3260","70741","19832466","3272","70753","19906479","1.03","0.59","1.82","1.03 (0.59, 1.82)","1.03","0.01","0.05","-0.53","11.6296","1.03","0.51","0","0","0","0","0","0"
"Ioversol","Blood pressure immeasurable","Blood pressure immeasurable","血压不可测","Investigations","各类检查","11","11","3261","1469","19901738","3272","1480","19906479","45.7","25.23","82.79","45.70 (25.23, 82.79)","45.55","475.76","5.5","4.89","0.2433","15.47","7.54","1","1","1","1","1","1"
"Ioversol","Nasal discomfort","Nasal discomfort","鼻部不适","Respiratory, thoracic and mediastinal disorders","呼吸系统、胸及纵隔疾病","11","11","3261","7633","19895574","3272","7644","19906479","8.79","4.86","15.9","8.79 (4.86, 15.90)","8.77","75.6","3.13","2.53","1.2564","6.55","3.19","1","1","1","1","1","1"
"Ioversol","Rash macular","Rash macular","斑状皮疹","Skin and subcutaneous tissue disorders","皮肤及皮下组织类疾病","11","11","3261","32984","19870223","3272","32995","19906479","2.03","1.12","3.67","2.03 (1.12, 3.67)","2.03","5.74","1.02","0.42","5.4233","1.94","0.95","1","1","1","0","1","0"
"Ioversol","Heart rate decreased","Heart rate decreased","心率降低","Investigations","各类检查","11","11","3261","33793","19869414","3272","33804","19906479","1.98","1.1","3.59","1.98 (1.10, 3.59)","1.98","5.34","0.99","0.38","5.5563","1.9","0.93","1","0","1","0","0","0"
"Ioversol","Death","Death","死亡","General disorders and administration site conditions","全身性疾病及给药部位各种反应","11","11","3261","812789","19090418","3272","812800","19906479","0.08","0.04","0.14","0.08 (0.04, 0.14)","0.08","117.31","-3.6","-4.21","133.5988","0.09","0.04","0","0","0","0","0","0"
"Ioversol","FOAMING AT MOUTH","FOAMING AT MOUTH","口吐白沫","General disorders and administration site conditions","全身性疾病及给药部位各种反应","10","10","3262","1923","19901284","3272","1933","19906479","31.73","17.03","59.12","31.73 (17.03, 59.12)","31.63","295.13","4.98","4.34","0.3177","12.84","6.15","1","1","1","1","1","1"
"Ioversol","ELECTROCARDIOGRAM ST SEGMENT ELEVATION","ELECTROCARDIOGRAM ST SEGMENT ELEVATION","心电图ST段抬高","Investigations","各类检查","10","10","3262","3206","19900001","3272","3216","19906479","19.03","10.22","35.43","19.03 (10.22, 35.43)","18.97","169.76","4.24","3.61","0.5286","10.21","4.89","1","1","1","1","1","1"
"Ioversol","ACCIDENTAL EXPOSURE","ACCIDENTAL EXPOSURE",,,,"10","10","3262","4149","19899058","3272","4159","19906479","14.7","7.9","27.37","14.70 (7.90, 27.37)","14.66","127.01","3.87","3.24","0.6836","8.87","4.25","1","1","1","1","1","1"
"Ioversol","PULSE ABSENT","PULSE ABSENT","脉搏消失","Investigations","各类检查","10","10","3262","4612","19898595","3272","4622","19906479","13.23","7.11","24.62","13.23 (7.11, 24.62)","13.19","112.43","3.72","3.08","0.7597","8.34","3.99","1","1","1","1","1","1"
"Ioversol","INJECTION SITE VESICLES","INJECTION SITE VESICLES","注射部位囊泡","General disorders and administration site conditions","全身性疾病及给药部位各种反应","10","10","3262","5601","19897606","3272","5611","19906479","10.89","5.85","20.27","10.89 (5.85, 20.27)","10.86","89.39","3.44","2.8","0.9223","7.38","3.54","1","1","1","1","1","1"
"Ioversol","TONGUE DISORDER","TONGUE DISORDER","舌病","Gastrointestinal disorders","胃肠系统疾病","10","10","3262","7010","19896197","3272","7020","19906479","8.7","4.68","16.19","8.70 (4.68, 16.19)","8.68","67.85","3.12","2.48","1.1539","6.35","3.04","1","1","1","1","1","1"
"Ioversol","Sensation of foreign body","Sensation of foreign body","异物感","General disorders and administration site conditions","全身性疾病及给药部位各种反应","10","10","3262","7794","19895413","3272","7804","19906479","7.83","4.2","14.56","7.83 (4.20, 14.56)","7.8","59.27","2.96","2.33","1.2827","5.89","2.82","1","1","1","1","1","1"
"Ioversol","Pharyngeal swelling","Pharyngeal swelling","咽部肿胀","Respiratory, thoracic and mediastinal disorders","呼吸系统、胸及纵隔疾病","10","10","3262","8804","19894403","3272","8814","19906479","6.93","3.72","12.89","6.93 (3.72, 12.89)","6.91","50.5","2.79","2.15","1.4487","5.39","2.58","1","1","1","1","1","1"
"Ioversol","Presyncope","Presyncope","晕厥前期","Nervous system disorders","各类神经系统疾病","10","10","3262","22788","19880419","3272","22798","19906479","2.67","1.44","4.98","2.67 (1.44, 4.98)","2.67","10.45","1.42","0.78","3.7473","2.47","1.18","1","1","1","0","1","0"
"Ioversol","RESTLESSNESS","RESTLESSNESS","躁动","Psychiatric disorders","精神病类","10","10","3262","35075","19868132","3272","35085","19906479","1.74","0.93","3.23","1.74 (0.93, 3.23)","1.73","3.11","0.79","0.16","5.7669","1.68","0.8","0","0","1","0","0","0"
"Ioversol","WRONG TECHNIQUE IN DRUG USAGE PROCESS","WRONG TECHNIQUE IN DRUG USAGE PROCESS",,,,"10","10","3262","36288","19866919","3272","36298","19906479","1.68","0.9","3.12","1.68 (0.90, 3.12)","1.68","2.73","0.75","0.11","5.9663","1.62","0.78","0","0","1","0","0","0"
"Ioversol","ASTHMA","ASTHMA","哮喘","Respiratory, thoracic and mediastinal disorders","呼吸系统、胸及纵隔疾病","10","10","3262","103148","19800059","3272","103158","19906479","0.59","0.32","1.09","0.59 (0.32, 1.09)","0.59","2.87","-0.76","-1.4","16.9559","0.6","0.29","0","0","0","0","0","0"
"Ioversol","Ear pruritus","Ear pruritus","耳瘙痒","Ear and labyrinth disorders","耳及迷路类疾病","9","9","3263","3182","19900025","3272","3191","19906479","17.25","8.96","33.21","17.25 (8.96, 33.21)","17.2","137","4.1","3.43","0.5245","9.27","4.35","1","1","1","1","1","1"
"Ioversol","Localised oedema","Localised oedema","局部水肿","General disorders and administration site conditions","全身性疾病及给药部位各种反应","9","9","3263","4448","19898759","3272","4457","19906479","12.34","6.41","23.75","12.34 (6.41, 23.75)","12.31","93.34","3.62","2.95","0.7326","7.71","3.62","1","1","1","1","1","1"
"Ioversol","Petechiae","Petechiae","瘀点","Skin and subcutaneous tissue disorders","皮肤及皮下组织类疾病","9","9","3263","9807","19893400","3272","9816","19906479","5.59","2.91","10.77","5.59 (2.91, 10.77)","5.58","33.84","2.48","1.81","1.6134","4.5","2.11","1","1","1","1","1","1"
"Ioversol","Incontinence","Incontinence","失禁","Renal and urinary disorders","肾脏及泌尿系统疾病","9","9","3263","10133","19893074","3272","10142","19906479","5.41","2.81","10.42","5.41 (2.81, 10.42)","5.4","32.28","2.43","1.76","1.667","4.38","2.06","1","1","1","1","1","1"
"Ioversol","Dermatitis allergic","Dermatitis allergic","过敏性皮炎","Skin and subcutaneous tissue disorders","皮肤及皮下组织类疾病","9","9","3263","11561","19891646","3272","11570","19906479","4.75","2.47","9.13","4.75 (2.47, 9.13)","4.74","26.51","2.24","1.57","1.9017","3.96","1.86","1","1","1","0","1","0"
"Ioversol","Tachypnoea","Tachypnoea","呼吸急促","Respiratory, thoracic and mediastinal disorders","呼吸系统、胸及纵隔疾病","9","9","3263","12834","19890373","3272","12843","19906479","4.27","2.22","8.22","4.27 (2.22, 8.22)","4.27","22.5","2.09","1.42","2.111","3.64","1.71","1","1","1","0","1","0"
"Ioversol","Urinary incontinence","Urinary incontinence","尿失禁","Renal and urinary disorders","肾脏及泌尿系统疾病","9","9","3263","28378","19874829","3272","28387","19906479","1.93","1","3.72","1.93 (1.00, 3.72)","1.93","4.03","0.95","0.28","4.6659","1.84","0.86","0","0","1","0","0","0"
"Ioversol","Eye irritation","Eye irritation","眼刺激","Eye disorders","眼器官疾病","9","9","3263","50513","19852694","3272","50522","19906479","1.08","0.56","2.09","1.08 (0.56, 2.09)","1.08","0.06","0.12","-0.55","8.3042","1.08","0.51","0","0","0","0","0","0"
"Ioversol","Pain in extremity","Pain in extremity","肢体疼痛","Musculoskeletal and connective tissue disorders","各种肌肉骨骼及结缔组织疾病","9","9","3263","282165","19621042","3272","282174","19906479","0.19","0.1","0.37","0.19 (0.10, 0.37)","0.19","30.57","-2.37","-3.03","46.3805","0.2","0.1","0","0","0","0","0","0"
"Ioversol","FATIGUE","FATIGUE","疲劳","General disorders and administration site conditions","全身性疾病及给药部位各种反应","9","9","3263","734568","19168639","3272","734577","19906479","0.07","0.04","0.14","0.07 (0.04, 0.14)","0.07","107.39","-3.75","-4.41","120.7414","0.08","0.04","0","0","0","0","0","0"
"Ioversol","INJECTION SITE OEDEMA","INJECTION SITE OEDEMA","注射部位水肿","General disorders and administration site conditions","全身性疾病及给药部位各种反应","8","8","3264","1631","19901576","3272","1639","19906479","29.91","14.92","59.96","29.91 (14.92, 59.96)","29.84","221.89","4.89","4.18","0.2694","11.05","5.06","1","1","1","1","1","1"
"Ioversol","COMPARTMENT SYNDROME","COMPARTMENT SYNDROME","骨筋膜室综合征","Musculoskeletal and connective tissue disorders","各种肌肉骨骼及结缔组织疾病","8","8","3264","2507","19900700","3272","2515","19906479","19.46","9.71","38.98","19.46 (9.71, 38.98)","19.41","139.27","4.27","3.57","0.4134","9.31","4.26","1","1","1","1","1","1"
"Ioversol","LIP OEDEMA","LIP OEDEMA","唇部水肿","Gastrointestinal disorders","胃肠系统疾病","8","8","3264","4025","19899182","3272","4033","19906479","12.12","6.05","24.27","12.12 (6.05, 24.27)","12.09","81.24","3.59","2.88","0.6629","7.31","3.35","1","1","1","1","1","1"
"Ioversol","Renal failure chronic","Renal failure chronic",,,,"8","8","3264","7842","19895365","3272","7850","19906479","6.22","3.11","12.45","6.22 (3.11, 12.45)","6.21","34.91","2.63","1.92","1.2903","4.75","2.18","1","1","1","1","1","1"
"Ioversol","Dry throat","Dry throat","咽干","Respiratory, thoracic and mediastinal disorders","呼吸系统、胸及纵隔疾病","8","8","3264","9569","19893638","3272","9577","19906479","5.1","2.55","10.2","5.10 (2.55, 10.20)","5.09","26.25","2.35","1.64","1.5742","4.1","1.88","1","1","1","0","1","0"
"Ioversol","Altered state of consciousness","Altered state of consciousness","意识状态改变","Nervous system disorders","各类神经系统疾病","8","8","3264","20274","19882933","3272","20282","19906479","2.4","1.2","4.81","2.40 (1.20, 4.81)","2.4","6.54","1.26","0.55","3.3337","2.22","1.02","1","1","1","0","1","0"
"Ioversol","HYPOTHYROIDISM","HYPOTHYROIDISM","甲状腺功能减退症","Endocrine disorders","内分泌系统疾病","8","8","3264","29837","19873370","3272","29845","19906479","1.63","0.82","3.27","1.63 (0.82, 3.27)","1.63","1.96","0.71","-0","4.9056","1.57","0.72","0","0","0","0","0","0"
"Ioversol","Disorientation","Disorientation","定向力障碍","Psychiatric disorders","精神病类","8","8","3264","38264","19864943","3272","38272","19906479","1.27","0.64","2.55","1.27 (0.64, 2.55)","1.27","0.47","0.35","-0.36","6.2907","1.25","0.57","0","0","0","0","0","0"
"Ioversol","Cardiac failure","Cardiac failure","心力衰竭","Cardiac disorders","心脏器官疾病","8","8","3264","76560","19826647","3272","76568","19906479","0.63","0.32","1.27","0.63 (0.32, 1.27)","0.64","1.68","-0.65","-1.36","12.5854","0.65","0.3","0","0","0","0","0","0"
"Ioversol","Peripheral swelling","Peripheral swelling","外周肿胀","General disorders and administration site conditions","全身性疾病及给药部位各种反应","8","8","3264","143156","19760051","3272","143164","19906479","0.34","0.17","0.68","0.34 (0.17, 0.68)","0.34","10.33","-1.56","-2.26","23.5317","0.35","0.16","0","0","0","0","0","0"
"Ioversol","Myocardial infarction","Myocardial infarction","心肌梗死","Cardiac disorders","心脏器官疾病","8","8","3264","170476","19732731","3272","170484","19906479","0.28","0.14","0.57","0.28 (0.14, 0.57)","0.29","14.43","-1.81","-2.52","28.0222","0.3","0.14","0","0","0","0","0","0"
"Ioversol","ABDOMINAL PAIN UPPER","ABDOMINAL PAIN UPPER","上腹痛","Gastrointestinal disorders","胃肠系统疾病","8","8","3264","193645","19709562","3272","193653","19906479","0.25","0.12","0.5","0.25 (0.12, 0.50)","0.25","18.02","-1.99","-2.7","31.8305","0.26","0.12","0","0","0","0","0","0"
"Ioversol","Overdose","Overdose","用药过量","Injury, poisoning and procedural complications","各类损伤、中毒及操作并发症","8","8","3264","208247","19694960","3272","208255","19906479","0.23","0.12","0.46","0.23 (0.12, 0.46)","0.23","20.32","-2.1","-2.81","34.2306","0.24","0.11","0","0","0","0","0","0"
"Ioversol","PNEUMONIA","PNEUMONIA","感染性肺炎","Infections and infestations","感染及侵染类疾病","8","8","3264","305339","19597868","3272","305347","19906479","0.16","0.08","0.31","0.16 (0.08, 0.31)","0.16","36.02","-2.65","-3.36","50.1895","0.17","0.08","0","0","0","0","0","0"
"Ioversol","OFF LABEL USE","OFF LABEL USE","超说明书使用","Injury, poisoning and procedural complications","各类损伤、中毒及操作并发症","8","8","3264","806490","19096717","3272","806498","19906479","0.06","0.03","0.12","0.06 (0.03, 0.12)","0.06","122.01","-4.05","-4.76","132.5629","0.06","0.03","0","0","0","0","0","0"
"Ioversol","PHARYNGEAL HYPOAESTHESIA","PHARYNGEAL HYPOAESTHESIA","咽感觉减退","Respiratory, thoracic and mediastinal disorders","呼吸系统、胸及纵隔疾病","7","7","3265","877","19902330","3272","884","19906479","48.65","23.11","102.44","48.65 (23.11, 102.44)","48.55","323.44","5.59","4.83","0.1453","11.62","5.17","1","1","1","1","1","1"
"Ioversol","HYPERAEMIA","HYPERAEMIA","充血","Vascular disorders","血管与淋巴管类疾病","7","7","3265","1868","19901339","3272","1875","19906479","22.84","10.87","48.02","22.84 (10.87, 48.02)","22.79","145.34","4.51","3.75","0.3082","9.28","4.13","1","1","1","1","1","1"
"Ioversol","Oedema mouth","Oedema mouth","口水肿","Gastrointestinal disorders","胃肠系统疾病","7","7","3265","3236","19899971","3272","3243","19906479","13.18","6.28","27.7","13.18 (6.28, 27.70)","13.16","78.48","3.72","2.96","0.533","7.26","3.23","1","1","1","1","1","1"
"Ioversol","Mouth swelling","Mouth swelling","口肿胀","Gastrointestinal disorders","胃肠系统疾病","7","7","3265","5419","19897788","3272","5426","19906479","7.87","3.75","16.53","7.87 (3.75, 16.53)","7.86","41.85","2.97","2.22","0.8919","5.39","2.4","1","1","1","1","1","1"
"Ioversol","APNOEA","APNOEA","呼吸暂停","Respiratory, thoracic and mediastinal disorders","呼吸系统、胸及纵隔疾病","7","7","3265","7539","19895668","3272","7546","19906479","5.66","2.69","11.88","5.66 (2.69, 11.88)","5.65","26.76","2.5","1.74","1.2403","4.31","1.92","1","1","1","0","1","0"
"Ioversol","BLOOD PRESSURE SYSTOLIC INCREASED","BLOOD PRESSURE SYSTOLIC INCREASED","收缩压升高","Investigations","各类检查","7","7","3265","18583","19884624","3272","18590","19906479","2.29","1.09","4.82","2.29 (1.09, 4.82)","2.29","5.1","1.2","0.44","3.0556","2.11","0.94","1","1","1","0","1","0"
"Ioversol","STEVENS-JOHNSON SYNDROME","STEVENS-JOHNSON SYNDROME","Stevens-Johnson综合征","Skin and subcutaneous tissue disorders","皮肤及皮下组织类疾病","7","7","3265","21372","19881835","3272","21379","19906479","1.99","0.95","4.19","1.99 (0.95, 4.19)","1.99","3.46","0.99","0.24","3.514","1.87","0.83","0","0","1","0","0","0"
"Ioversol","Respiratory disorder","Respiratory disorder","呼吸系统疾病","Respiratory, thoracic and mediastinal disorders","呼吸系统、胸及纵隔疾病","7","7","3265","28277","19874930","3272","28284","19906479","1.51","0.72","3.16","1.51 (0.72, 3.16)","1.51","1.19","0.59","-0.17","4.649","1.46","0.65","0","0","0","0","0","0"
"Ioversol","Amnesia","Amnesia","失忆症","Nervous system disorders","各类神经系统疾病","7","7","3265","62423","19840784","3272","62430","19906479","0.68","0.32","1.43","0.68 (0.32, 1.43)","0.68","1.04","-0.55","-1.31","10.2615","0.7","0.31","0","0","0","0","0","0"
"Ioversol","Injury","Injury","损伤","Injury, poisoning and procedural complications","各类损伤、中毒及操作并发症","7","7","3265","67884","19835323","3272","67891","19906479","0.63","0.3","1.32","0.63 (0.30, 1.32)","0.63","1.56","-0.67","-1.43","11.1591","0.64","0.29","0","0","0","0","0","0"
"Ioversol","MUSCULOSKELETAL STIFFNESS","MUSCULOSKELETAL STIFFNESS","肌肉骨骼僵硬","Musculoskeletal and connective tissue disorders","各种肌肉骨骼及结缔组织疾病","7","7","3265","82378","19820829","3272","82385","19906479","0.52","0.25","1.08","0.52 (0.25, 1.08)","0.52","3.17","-0.95","-1.71","13.5415","0.53","0.24","0","0","0","0","0","0"
"Ioversol","Thrombocytopenia","Thrombocytopenia","血小板减少症","Blood and lymphatic system disorders","血液及淋巴系统疾病","7","7","3265","105535","19797672","3272","105542","19906479","0.4","0.19","0.84","0.40 (0.19, 0.84)","0.4","6.21","-1.31","-2.07","17.3478","0.42","0.19","0","0","0","0","0","0"
"Ioversol","INJECTION SITE ERYTHEMA","INJECTION SITE ERYTHEMA","注射部位红斑","General disorders and administration site conditions","全身性疾病及给药部位各种反应","7","7","3265","117138","19786069","3272","117145","19906479","0.36","0.17","0.76","0.36 (0.17, 0.76)","0.36","7.85","-1.46","-2.22","19.255","0.38","0.17","0","0","0","0","0","0"
"Ioversol","ARTHRALGIA","ARTHRALGIA","关节痛","Musculoskeletal and connective tissue disorders","各种肌肉骨骼及结缔组织疾病","7","7","3265","389852","19513355","3272","389859","19906479","0.11","0.05","0.23","0.11 (0.05, 0.23)","0.11","51.87","-3.19","-3.95","64.0806","0.12","0.05","0","0","0","0","0","0"
"Ioversol","Drug ineffective","Drug ineffective","药物无效","General disorders and administration site conditions","全身性疾病及给药部位各种反应","7","7","3265","1245172","18658035","3272","1245179","19906479","0.03","0.02","0.07","0.03 (0.02, 0.07)","0.03","203.68","-4.87","-5.63","204.6683","0.04","0.02","0","0","0","0","0","0"
"Ioversol","Anaphylactoid shock","Anaphylactoid shock","类过敏性休克","Immune system disorders","免疫系统疾病","6","6","3266","455","19902752","3272","461","19906479","80.36","35.89","179.95","80.36 (35.89, 179.95)","80.21","463.26","6.31","5.48","0.0758","11.29","4.83","1","1","1","1","1","1"
"Ioversol","TONGUE PRURITUS","TONGUE PRURITUS","舌痒","Gastrointestinal disorders","胃肠系统疾病","6","6","3266","755","19902452","3272","761","19906479","48.43","21.67","108.22","48.43 (21.67, 108.22)","48.34","275.99","5.58","4.76","0.1251","10.4","4.45","1","1","1","1","1","1"
"Ioversol","LARYNGOSPASM","LARYNGOSPASM","喉痉挛","Respiratory, thoracic and mediastinal disorders","呼吸系统、胸及纵隔疾病","6","6","3266","2602","19900605","3272","2608","19906479","14.05","6.3","31.33","14.05 (6.30, 31.33)","14.03","72.43","3.81","2.99","0.4287","7","2.99","1","1","1","1","1","1"
"Ioversol","Swelling of eyelid","Swelling of eyelid","眼睑肿胀","Eye disorders","眼器官疾病","6","6","3266","5515","19897692","3272","5521","19906479","6.63","2.97","14.77","6.63 (2.97, 14.77)","6.62","28.59","2.73","1.91","0.9075","4.62","1.97","1","1","1","0","1","0"
"Ioversol","Infusion site extravasation","Infusion site extravasation","输液部位渗出","General disorders and administration site conditions","全身性疾病及给药部位各种反应","6","6","3266","5940","19897267","3272","5946","19906479","6.15","2.76","13.71","6.15 (2.76, 13.71)","6.14","25.82","2.62","1.8","0.9773","4.4","1.88","1","1","1","0","1","0"
"Ioversol","Dermatitis bullous","Dermatitis bullous","大疱性皮炎","Skin and subcutaneous tissue disorders","皮肤及皮下组织类疾病","6","6","3266","6849","19896358","3272","6855","19906479","5.34","2.39","11.89","5.34 (2.39, 11.89)","5.33","21.09","2.41","1.6","1.1267","4","1.71","1","1","1","0","1","0"
"Ioversol","Purpura","Purpura","紫癜","Skin and subcutaneous tissue disorders","皮肤及皮下组织类疾病","6","6","3266","8459","19894748","3272","8465","19906479","4.32","1.94","9.63","4.32 (1.94, 9.63)","4.31","15.27","2.11","1.29","1.3914","3.44","1.47","1","1","1","0","1","0"
"Ioversol","Obstructive airways disorder","Obstructive airways disorder","阻塞性气道疾病","Respiratory, thoracic and mediastinal disorders","呼吸系统、胸及纵隔疾病","6","6","3266","10154","19893053","3272","10160","19906479","3.6","1.62","8.02","3.60 (1.62, 8.02)","3.59","11.23","1.85","1.03","1.67","3","1.28","1","1","1","0","1","0"
"Ioversol","Choking","Choking","呛噎","Respiratory, thoracic and mediastinal disorders","呼吸系统、胸及纵隔疾病","6","6","3266","18470","19884737","3272","18476","19906479","1.98","0.89","4.41","1.98 (0.89, 4.41)","1.98","2.89","0.98","0.16","3.0369","1.84","0.79","0","0","1","0","0","0"
"Ioversol","Injection site rash","Injection site rash","注射部位皮疹","General disorders and administration site conditions","全身性疾病及给药部位各种反应","6","6","3266","28287","19874920","3272","28293","19906479","1.29","0.58","2.88","1.29 (0.58, 2.88)","1.29","0.39","0.37","-0.45","4.6505","1.26","0.54","0","0","0","0","0","0"
"Ioversol","Lactic acidosis","Lactic acidosis","乳酸酸中毒","Metabolism and nutrition disorders","代谢及营养类疾病","6","6","3266","29923","19873284","3272","29929","19906479","1.22","0.55","2.72","1.22 (0.55, 2.72)","1.22","0.24","0.29","-0.53","4.9194","1.2","0.51","0","0","0","0","0","0"
"Ioversol","Hypoxia","Hypoxia","缺氧","Respiratory, thoracic and mediastinal disorders","呼吸系统、胸及纵隔疾病","6","6","3266","33177","19870030","3272","33183","19906479","1.1","0.49","2.45","1.10 (0.49, 2.45)","1.1","0.05","0.14","-0.68","5.4542","1.09","0.47","0","0","0","0","0","0"
"Ioversol","SKIN DISCOLOURATION","SKIN DISCOLOURATION","皮肤变色","Skin and subcutaneous tissue disorders","皮肤及皮下组织类疾病","6","6","3266","43775","19859432","3272","43781","19906479","0.83","0.37","1.86","0.83 (0.37, 1.86)","0.83","0.2","-0.26","-1.08","7.1962","0.84","0.36","0","0","0","0","0","0"
"Ioversol","ARRHYTHMIA","ARRHYTHMIA","心律失常","Cardiac disorders","心脏器官疾病","6","6","3266","45649","19857558","3272","45655","19906479","0.8","0.36","1.78","0.80 (0.36, 1.78)","0.8","0.3","-0.32","-1.14","7.5042","0.81","0.35","0","0","0","0","0","0"
"Ioversol","DYSGEUSIA","DYSGEUSIA","味觉倒错","Nervous system disorders","各类神经系统疾病","6","6","3266","72121","19831086","3272","72127","19906479","0.51","0.23","1.13","0.51 (0.23, 1.13)","0.51","2.9","-0.98","-1.8","11.8554","0.53","0.22","0","0","0","0","0","0"
"Ioversol","SKIN EXFOLIATION","SKIN EXFOLIATION","皮肤剥脱","Skin and subcutaneous tissue disorders","皮肤及皮下组织类疾病","6","6","3266","77873","19825334","3272","77879","19906479","0.47","0.21","1.04","0.47 (0.21, 1.04)","0.47","3.63","-1.09","-1.91","12.8009","0.49","0.21","0","0","0","0","0","0"
"Ioversol","PULMONARY EMBOLISM","PULMONARY EMBOLISM","肺栓塞","Respiratory, thoracic and mediastinal disorders","呼吸系统、胸及纵隔疾病","6","6","3266","91427","19811780","3272","91433","19906479","0.4","0.18","0.89","0.40 (0.18, 0.89)","0.4","5.45","-1.32","-2.14","15.0287","0.42","0.18","0","0","0","0","0","0"
"Ioversol","MUSCLE SPASMS","MUSCLE SPASMS","肌痉挛","Musculoskeletal and connective tissue disorders","各种肌肉骨骼及结缔组织疾病","6","6","3266","174534","19728673","3272","174540","19906479","0.21","0.09","0.46","0.21 (0.09, 0.46)","0.21","18.11","-2.26","-3.07","28.6889","0.22","0.1","0","0","0","0","0","0"
"Ioversol","GAIT DISTURBANCE","GAIT DISTURBANCE","步态障碍","General disorders and administration site conditions","全身性疾病及给药部位各种反应","6","6","3266","183566","19719641","3272","183572","19906479","0.2","0.09","0.44","0.20 (0.09, 0.44)","0.2","19.55","-2.33","-3.15","30.1735","0.21","0.09","0","0","0","0","0","0"
"Ioversol","SOMNOLENCE","SOMNOLENCE","嗜睡","Nervous system disorders","各类神经系统疾病","6","6","3266","191367","19711840","3272","191373","19906479","0.19","0.08","0.42","0.19 (0.08, 0.42)","0.19","20.8","-2.39","-3.21","31.4557","0.2","0.09","0","0","0","0","0","0"
"Ioversol","Condition aggravated","Condition aggravated","病情恶化","General disorders and administration site conditions","全身性疾病及给药部位各种反应","6","6","3266","281659","19621548","3272","281665","19906479","0.13","0.06","0.29","0.13 (0.06, 0.29)","0.13","35.58","-2.95","-3.77","46.2969","0.14","0.06","0","0","0","0","0","0"
"Ioversol","ERYTHEMA OF EYELID","ERYTHEMA OF EYELID","眼睑红斑","Eye disorders","眼器官疾病","5","5","3267","5016","19898191","3272","5021","19906479","6.07","2.52","14.6","6.07 (2.52, 14.60)","6.06","21.13","2.6","1.7","0.8253","4.15","1.69","1","1","1","0","1","0"
"Ioversol","Acute pulmonary oedema","Acute pulmonary oedema","急性肺水肿","Respiratory, thoracic and mediastinal disorders","呼吸系统、胸及纵隔疾病","5","5","3267","5414","19897793","3272","5419","19906479","5.62","2.34","13.53","5.62 (2.34, 13.53)","5.62","18.97","2.49","1.59","0.8907","3.95","1.61","1","1","1","0","1","0"
"Ioversol","Blindness transient","Blindness transient","一过性失明","Eye disorders","眼器官疾病","5","5","3267","7014","19896193","3272","7019","19906479","4.34","1.81","10.44","4.34 (1.81, 10.44)","4.34","12.83","2.12","1.22","1.1537","3.33","1.35","1","1","1","0","1","0"
"Ioversol","Hyperthermia","Hyperthermia","体温过高","General disorders and administration site conditions","全身性疾病及给药部位各种反应","5","5","3267","7189","19896018","3272","7194","19906479","4.24","1.76","10.19","4.24 (1.76, 10.19)","4.23","12.33","2.08","1.18","1.1825","3.27","1.33","1","1","1","0","1","0"
"Ioversol","GRAND MAL CONVULSION","GRAND MAL CONVULSION",,,,"5","5","3267","9342","19893865","3272","9347","19906479","3.26","1.36","7.84","3.26 (1.36, 7.84)","3.26","7.81","1.7","0.81","1.5364","2.7","1.1","1","1","1","0","1","0"
"Ioversol","Salivary hypersecretion","Salivary hypersecretion","唾液分泌过多","Gastrointestinal disorders","胃肠系统疾病","5","5","3267","9490","19893717","3272","9495","19906479","3.21","1.33","7.72","3.21 (1.33, 7.72)","3.2","7.58","1.68","0.78","1.5607","2.67","1.08","1","1","1","0","1","0"
"Ioversol","Muscle rigidity","Muscle rigidity","肌肉强直","Musculoskeletal and connective tissue disorders","各种肌肉骨骼及结缔组织疾病","5","5","3267","11346","19891861","3272","11351","19906479","2.68","1.12","6.45","2.68 (1.12, 6.45)","2.68","5.27","1.42","0.53","1.8657","2.32","0.94","1","1","1","0","1","0"
"Ioversol","SECRETION DISCHARGE","SECRETION DISCHARGE","分泌性排出物","General disorders and administration site conditions","全身性疾病及给药部位各种反应","5","5","3267","11343","19891864","3272","11348","19906479","2.68","1.12","6.45","2.68 (1.12, 6.45)","2.68","5.27","1.42","0.53","1.8653","2.33","0.94","1","1","1","0","1","0"
"Ioversol","RESPIRATORY DEPRESSION","RESPIRATORY DEPRESSION","呼吸抑制","Respiratory, thoracic and mediastinal disorders","呼吸系统、胸及纵隔疾病","5","5","3267","11595","19891612","3272","11600","19906479","2.63","1.09","6.31","2.63 (1.09, 6.31)","2.62","5.02","1.39","0.5","1.9067","2.29","0.93","1","1","1","0","1","0"
"Ioversol","BRAIN OEDEMA","BRAIN OEDEMA","脑水肿","Nervous system disorders","各类神经系统疾病","5","5","3267","11994","19891213","3272","11999","19906479","2.54","1.06","6.1","2.54 (1.06, 6.10)","2.54","4.65","1.34","0.45","1.9723","2.22","0.9","1","1","1","0","1","0"
"Ioversol","ORAL DISCOMFORT","ORAL DISCOMFORT","口腔不适","Gastrointestinal disorders","胃肠系统疾病","5","5","3267","13259","19889948","3272","13264","19906479","2.3","0.95","5.52","2.30 (0.95, 5.52)","2.29","3.65","1.2","0.3","2.1802","2.05","0.83","0","0","1","0","0","0"
"Ioversol","Aphonia","Aphonia","失声","Respiratory, thoracic and mediastinal disorders","呼吸系统、胸及纵隔疾病","5","5","3267","13239","19889968","3272","13244","19906479","2.3","0.96","5.53","2.30 (0.96, 5.53)","2.3","3.66","1.2","0.3","2.1769","2.05","0.83","0","0","1","0","0","0"
"Ioversol","Skin reaction","Skin reaction","皮肤反应","Skin and subcutaneous tissue disorders","皮肤及皮下组织类疾病","5","5","3267","13250","19889957","3272","13255","19906479","2.3","0.96","5.52","2.30 (0.96, 5.52)","2.3","3.66","1.2","0.3","2.1787","2.05","0.83","0","0","1","0","0","0"
"Ioversol","Encephalopathy","Encephalopathy","脑病","Nervous system disorders","各类神经系统疾病","5","5","3267","23118","19880089","3272","23123","19906479","1.32","0.55","3.16","1.32 (0.55, 3.16)","1.32","0.38","0.4","-0.5","3.8007","1.28","0.52","0","0","0","0","0","0"
"Ioversol","COMA","COMA","昏迷","Nervous system disorders","各类神经系统疾病","5","5","3267","45311","19857896","3272","45316","19906479","0.67","0.28","1.61","0.67 (0.28, 1.61)","0.67","0.81","-0.58","-1.47","7.4485","0.69","0.28","0","0","0","0","0","0"
"Ioversol","LETHARGY","LETHARGY","倦怠","Nervous system disorders","各类神经系统疾病","5","5","3267","55163","19848044","3272","55168","19906479","0.55","0.23","1.32","0.55 (0.23, 1.32)","0.55","1.83","-0.86","-1.75","9.0679","0.57","0.23","0","0","0","0","0","0"
"Ioversol","DRY MOUTH","DRY MOUTH","口干","Gastrointestinal disorders","胃肠系统疾病","5","5","3267","76343","19826864","3272","76348","19906479","0.4","0.17","0.96","0.40 (0.17, 0.96)","0.4","4.56","-1.33","-2.22","12.5492","0.42","0.17","0","0","0","0","0","0"
"Ioversol","Vision blurred","Vision blurred","视物模糊","Eye disorders","眼器官疾病","5","5","3267","129564","19773643","3272","129569","19906479","0.23","0.1","0.56","0.23 (0.10, 0.56)","0.23","12.55","-2.09","-2.99","21.2971","0.25","0.1","0","0","0","0","0","0"
"Ioversol","DRUG INTERACTION","DRUG INTERACTION","药物相互作用","General disorders and administration site conditions","全身性疾病及给药部位各种反应","5","5","3267","150325","19752882","3272","150330","19906479","0.2","0.08","0.48","0.20 (0.08, 0.48)","0.2","15.84","-2.31","-3.2","24.7095","0.22","0.09","0","0","0","0","0","0"
"Ioversol","DRUG HYPERSENSITIVITY","DRUG HYPERSENSITIVITY","药物性超敏反应","Immune system disorders","免疫系统疾病","5","5","3267","184172","19719035","3272","184177","19906479","0.16","0.07","0.39","0.16 (0.07, 0.39)","0.17","21.3","-2.6","-3.49","30.2729","0.18","0.07","0","0","0","0","0","0"
"Ioversol","Primary hypothyroidism","Primary hypothyroidism","原发性甲状腺功能减退症","Endocrine disorders","内分泌系统疾病","4","4","3268","182","19903025","3272","186","19906479","133.85","49.67","360.7","133.85 (49.67, 360.70)","133.69","515.47","7.03","6.02","0.0306","8.48","3.2","1","1","1","1","1","1"
"Ioversol","SEPTIC ARTHRITIS STAPHYLOCOCCAL","SEPTIC ARTHRITIS STAPHYLOCOCCAL","葡萄球菌性脓毒性关节炎","Infections and infestations","感染及侵染类疾病","4","4","3268","333","19902874","3272","337","19906479","73.16","27.28","196.18","73.16 (27.28, 196.18)","73.07","280.96","6.17","5.17","0.0554","8.1","3.06","1","1","1","1","1","1"
"Ioversol","CARDIAC PROCEDURE COMPLICATION","CARDIAC PROCEDURE COMPLICATION","心脏操作并发症","Injury, poisoning and procedural complications","各类损伤、中毒及操作并发症","4","4","3268","602","19902605","3272","606","19906479","40.47","15.13","108.24","40.47 (15.13, 108.24)","40.42","152.76","5.33","4.32","0.0996","7.5","2.84","1","1","1","1","1","1"
"Ioversol","ELECTROMECHANICAL DISSOCIATION","ELECTROMECHANICAL DISSOCIATION",,,,"4","4","3268","827","19902380","3272","831","19906479","29.46","11.02","78.72","29.46 (11.02, 78.72)","29.42","109.3","4.87","3.87","0.1366","7.07","2.67","1","1","1","1","1","1"
"Ioversol","SIALOADENITIS","SIALOADENITIS","涎腺炎","Infections and infestations","感染及侵染类疾病","4","4","3268","1262","19901945","3272","1266","19906479","19.3","7.23","51.54","19.30 (7.23, 51.54)","19.28","69.11","4.26","3.26","0.2081","6.36","2.4","1","1","1","1","1","1"
"Ioversol","IATROGENIC INJURY","IATROGENIC INJURY","医源性损伤","Injury, poisoning and procedural complications","各类损伤、中毒及操作并发症","4","4","3268","1268","19901939","3272","1272","19906479","19.21","7.19","51.3","19.21 (7.19, 51.30)","19.19","68.75","4.26","3.26","0.2091","6.35","2.4","1","1","1","1","1","1"
"Ioversol","INJECTION SITE NECROSIS","INJECTION SITE NECROSIS","注射部位坏死","General disorders and administration site conditions","全身性疾病及给药部位各种反应","4","4","3268","1972","19901235","3272","1976","19906479","12.35","4.63","32.96","12.35 (4.63, 32.96)","12.34","41.6","3.62","2.62","0.3248","5.46","2.06","1","1","1","1","1","1"
"Ioversol","Eye oedema","Eye oedema","眼睛水肿","Eye disorders","眼器官疾病","4","4","3268","2331","19900876","3272","2335","19906479","10.45","3.92","27.88","10.45 (3.92, 27.88)","10.44","34.08","3.38","2.38","0.3838","5.09","1.92","1","1","1","0","1","0"
"Ioversol","Suffocation feeling","Suffocation feeling","窒息感","Respiratory, thoracic and mediastinal disorders","呼吸系统、胸及纵隔疾病","4","4","3268","2382","19900825","3272","2386","19906479","10.23","3.83","27.29","10.23 (3.83, 27.29)","10.21","33.2","3.35","2.35","0.3922","5.04","1.91","1","1","1","0","1","0"
"Ioversol","Yawning","Yawning","打呵欠","Respiratory, thoracic and mediastinal disorders","呼吸系统、胸及纵隔疾病","4","4","3268","2571","19900636","3272","2575","19906479","9.47","3.55","25.28","9.47 (3.55, 25.28)","9.46","30.23","3.24","2.24","0.4232","4.87","1.84","1","1","1","0","1","0"
"Ioversol","Type IV hypersensitivity reaction","Type IV hypersensitivity reaction","IV型超敏反应","Immune system disorders","免疫系统疾病","4","4","3268","2582","19900625","3272","2586","19906479","9.43","3.54","25.17","9.43 (3.54, 25.17)","9.42","30.08","3.23","2.23","0.4251","4.86","1.84","1","1","1","0","1","0"
"Ioversol","BRAIN DEATH","BRAIN DEATH","脑死亡","General disorders and administration site conditions","全身性疾病及给药部位各种反应","4","4","3268","2944","19900263","3272","2948","19906479","8.27","3.1","22.07","8.27 (3.10, 22.07)","8.26","25.51","3.05","2.04","0.4846","4.57","1.73","1","1","1","0","1","0"
"Ioversol","Conjunctival hyperaemia","Conjunctival hyperaemia","结膜充血","Eye disorders","眼器官疾病","4","4","3268","3407","19899800","3272","3411","19906479","7.15","2.68","19.07","7.15 (2.68, 19.07)","7.14","21.11","2.83","1.83","0.5607","4.24","1.6","1","1","1","0","1","0"
"Ioversol","ARTERIOSPASM CORONARY","ARTERIOSPASM CORONARY","冠状动脉痉挛","Cardiac disorders","心脏器官疾病","4","4","3268","3759","19899448","3272","3763","19906479","6.48","2.43","17.28","6.48 (2.43, 17.28)","6.47","18.49","2.69","1.69","0.6185","4.02","1.52","1","1","1","0","1","0"
"Ioversol","Blood pressure diastolic increased","Blood pressure diastolic increased","舒张压升高","Investigations","各类检查","4","4","3268","4396","19898811","3272","4400","19906479","5.54","2.08","14.78","5.54 (2.08, 14.78)","5.53","14.85","2.47","1.47","0.7232","3.68","1.39","1","1","1","0","1","0"
"Ioversol","Skin warm","Skin warm","皮肤发热","Skin and subcutaneous tissue disorders","皮肤及皮下组织类疾病","4","4","3268","5548","19897659","3272","5552","19906479","4.39","1.65","11.71","4.39 (1.65, 11.71)","4.39","10.45","2.13","1.13","0.9126","3.19","1.2","1","1","1","0","1","0"
"Ioversol","Rash pustular","Rash pustular","脓疱疹","Infections and infestations","感染及侵染类疾病","4","4","3268","7072","19896135","3272","7076","19906479","3.44","1.29","9.18","3.44 (1.29, 9.18)","3.44","6.92","1.78","0.78","1.1631","2.71","1.02","1","1","1","0","1","0"
"Ioversol","ASPHYXIA","ASPHYXIA","窒息","Respiratory, thoracic and mediastinal disorders","呼吸系统、胸及纵隔疾病","4","4","3268","7821","19895386","3272","7825","19906479","3.11","1.17","8.3","3.11 (1.17, 8.30)","3.11","5.73","1.64","0.64","1.2862","2.52","0.95","1","1","1","0","1","0"
"Ioversol","Anal incontinence","Anal incontinence","肛门失禁","Gastrointestinal disorders","胃肠系统疾病","4","4","3268","8228","19894979","3272","8232","19906479","2.96","1.11","7.89","2.96 (1.11, 7.89)","2.96","5.18","1.56","0.56","1.3531","2.43","0.92","1","1","1","0","1","0"
"Ioversol","Renal tubular necrosis","Renal tubular necrosis","肾小管坏死","Renal and urinary disorders","肾脏及泌尿系统疾病","4","4","3268","9363","19893844","3272","9367","19906479","2.6","0.98","6.93","2.60 (0.98, 6.93)","2.6","3.93","1.38","0.38","1.5396","2.21","0.83","0","0","1","0","0","0"
"Ioversol","Hypotonia","Hypotonia","张力减低","Nervous system disorders","各类神经系统疾病","4","4","3268","9605","19893602","3272","9609","19906479","2.54","0.95","6.76","2.54 (0.95, 6.76)","2.53","3.71","1.34","0.34","1.5794","2.16","0.82","0","0","1","0","0","0"
"Ioversol","HYPOTHERMIA","HYPOTHERMIA","体温过低","General disorders and administration site conditions","全身性疾病及给药部位各种反应","4","4","3268","9684","19893523","3272","9688","19906479","2.51","0.94","6.7","2.51 (0.94, 6.70)","2.51","3.64","1.33","0.33","1.5924","2.15","0.81","0","0","1","0","0","0"
"Ioversol","EAR DISCOMFORT","EAR DISCOMFORT","耳部不适","Ear and labyrinth disorders","耳及迷路类疾病","4","4","3268","9741","19893466","3272","9745","19906479","2.5","0.94","6.67","2.50 (0.94, 6.67)","2.5","3.59","1.32","0.32","1.6018","2.14","0.81","0","0","1","0","0","0"
"Ioversol","HYPERTENSIVE CRISIS","HYPERTENSIVE CRISIS","高血压危象","Vascular disorders","血管与淋巴管类疾病","4","4","3268","10642","19892565","3272","10646","19906479","2.29","0.86","6.1","2.29 (0.86, 6.10)","2.29","2.9","1.19","0.19","1.7499","2","0.76","0","0","1","0","0","0"
"Ioversol","Micturition urgency","Micturition urgency","尿急","Renal and urinary disorders","肾脏及泌尿系统疾病","4","4","3268","10706","19892501","3272","10710","19906479","2.27","0.85","6.06","2.27 (0.85, 6.06)","2.27","2.85","1.18","0.18","1.7604","1.99","0.75","0","0","1","0","0","0"
"Ioversol","Generalised oedema","Generalised oedema","全身性水肿","General disorders and administration site conditions","全身性疾病及给药部位各种反应","4","4","3268","11600","19891607","3272","11604","19906479","2.1","0.79","5.6","2.10 (0.79, 5.60)","2.1","2.3","1.07","0.07","1.9073","1.87","0.71","0","0","1","0","0","0"
"Ioversol","INJECTION SITE INDURATION","INJECTION SITE INDURATION","注射部位硬结","General disorders and administration site conditions","全身性疾病及给药部位各种反应","4","4","3268","12476","19890731","3272","12480","19906479","1.95","0.73","5.2","1.95 (0.73, 5.20)","1.95","1.85","0.96","-0.04","2.0513","1.76","0.67","0","0","0","0","0","0"
"Ioversol","Syringe issue","Syringe issue","针管问题","Product issues","产品问题","4","4","3268","16816","19886391","3272","16820","19906479","1.45","0.54","3.86","1.45 (0.54, 3.86)","1.45","0.55","0.53","-0.47","2.7647","1.38","0.52","0","0","0","0","0","0"
"Ioversol","LOCAL SWELLING","LOCAL SWELLING",,,,"4","4","3268","17426","19885781","3272","17430","19906479","1.4","0.52","3.72","1.40 (0.52, 3.72)","1.4","0.45","0.48","-0.52","2.8649","1.34","0.51","0","0","0","0","0","0"
"Ioversol","Acute respiratory failure","Acute respiratory failure","急性呼吸衰竭","Respiratory, thoracic and mediastinal disorders","呼吸系统、胸及纵隔疾病","4","4","3268","18149","19885058","3272","18153","19906479","1.34","0.5","3.58","1.34 (0.50, 3.58)","1.34","0.35","0.42","-0.58","2.9838","1.29","0.49","0","0","0","0","0","0"
"Ioversol","Drug reaction with eosinophilia and systemic symptoms","Drug reaction with eosinophilia and systemic symptoms","药物反应伴嗜酸粒细胞增多和全身性症状","Skin and subcutaneous tissue disorders","皮肤及皮下组织类疾病","4","4","3268","23927","19879280","3272","23931","19906479","1.02","0.38","2.71","1.02 (0.38, 2.71)","1.02","0","0.02","-0.98","3.9335","1.01","0.38","0","0","0","0","0","0"
"Ioversol","Dysarthria","Dysarthria","构音不良","Nervous system disorders","各类神经系统疾病","4","4","3268","35931","19867276","3272","35935","19906479","0.68","0.25","1.8","0.68 (0.25, 1.80)","0.68","0.62","-0.56","-1.56","5.9066","0.7","0.27","0","0","0","0","0","0"
"Ioversol","Tinnitus","Tinnitus","耳鸣","Ear and labyrinth disorders","耳及迷路类疾病","4","4","3268","43860","19859347","3272","43864","19906479","0.55","0.21","1.48","0.55 (0.21, 1.48)","0.55","1.43","-0.85","-1.85","7.2099","0.58","0.22","0","0","0","0","0","0"
"Ioversol","CARDIAC DISORDER","CARDIAC DISORDER","心脏疾病","Cardiac disorders","心脏器官疾病","4","4","3268","89879","19813328","3272","89883","19906479","0.27","0.1","0.72","0.27 (0.10, 0.72)","0.27","7.89","-1.88","-2.89","14.7739","0.29","0.11","0","0","0","0","0","0"
"Ioversol","Contusion","Contusion","挫伤","Injury, poisoning and procedural complications","各类损伤、中毒及操作并发症","4","4","3268","90758","19812449","3272","90762","19906479","0.27","0.1","0.71","0.27 (0.10, 0.71)","0.27","8.03","-1.9","-2.9","14.9184","0.29","0.11","0","0","0","0","0","0"
"Ioversol","General physical health deterioration","General physical health deterioration","全身状况恶化","General disorders and administration site conditions","全身性疾病及给药部位各种反应","4","4","3268","106889","19796318","3272","106893","19906479","0.23","0.09","0.6","0.23 (0.09, 0.60)","0.23","10.54","-2.14","-3.14","17.5699","0.25","0.09","0","0","0","0","0","0"
"Ioversol","SEPSIS","SEPSIS","脓毒症","Infections and infestations","感染及侵染类疾病","4","4","3268","106365","19796842","3272","106369","19906479","0.23","0.09","0.61","0.23 (0.09, 0.61)","0.23","10.46","-2.13","-3.13","17.4837","0.25","0.09","0","0","0","0","0","0"
"Ioversol","Product quality issue","Product quality issue","产品质量问题","Product issues","产品问题","4","4","3268","130189","19773018","3272","130193","19906479","0.19","0.07","0.5","0.19 (0.07, 0.50)","0.19","14.24","-2.42","-3.42","21.3996","0.21","0.08","0","0","0","0","0","0"
"Ioversol","Product use issue","Product use issue","产品使用问题","Injury, poisoning and procedural complications","各类损伤、中毒及操作并发症","4","4","3268","173246","19729961","3272","173250","19906479","0.14","0.05","0.37","0.14 (0.05, 0.37)","0.14","21.23","-2.83","-3.83","28.4769","0.16","0.06","0","0","0","0","0","0"
"Ioversol","VESSEL PUNCTURE SITE DISCHARGE","VESSEL PUNCTURE SITE DISCHARGE","血管穿刺部位分泌物","General disorders and administration site conditions","全身性疾病及给药部位各种反应","3","3","3269","1","19903206","3272","4","19906479","18265.41","1899.4","175647.95","18,265.41 (1,899.40, 175,647.95)","18248.66","13685","12.16","9.85","0.0007","6.99","2.37","1","1","1","1","1","1"
"Ioversol","PHARYNGOLARYNGEAL DISCOMFORT","PHARYNGOLARYNGEAL DISCOMFORT",,,,"3","3","3269","100","19903107","3272","103","19906479","182.65","57.89","576.26","182.65 (57.89, 576.26)","182.49","525.71","7.47","6.3","0.0169","6.77","2.29","1","1","1","1","1","1"
"Ioversol","CORONARY ARTERY PERFORATION","CORONARY ARTERY PERFORATION","冠状动脉穿孔","Cardiac disorders","心脏器官疾病","3","3","3269","118","19903089","3272","121","19906479","154.79","49.19","487.11","154.79 (49.19, 487.11)","154.65","446.62","7.24","6.07","0.0199","6.73","2.28","1","1","1","1","1","1"
"Ioversol","Post procedural hypothyroidism","Post procedural hypothyroidism","操作后甲状腺功能减退症","Injury, poisoning and procedural complications","各类损伤、中毒及操作并发症","3","3","3269","197","19903010","3272","200","19906479","92.72","29.63","290.11","92.72 (29.63, 290.11)","92.63","267.85","6.51","5.35","0.0329","6.57","2.22","1","1","1","1","1","1"
"Ioversol","Anal sphincter atony","Anal sphincter atony","肛门括约肌张力缺乏","Gastrointestinal disorders","胃肠系统疾病","3","3","3269","418","19902789","3272","421","19906479","43.7","14.03","136.11","43.70 (14.03, 136.11)","43.66","124.15","5.44","4.28","0.0692","6.15","2.08","1","1","1","1","1","1"
"Ioversol","NO REACTION ON PREVIOUS EXPOSURE TO DRUG","NO REACTION ON PREVIOUS EXPOSURE TO DRUG","既往对药物暴露无反应","General disorders and administration site conditions","全身性疾病及给药部位各种反应","3","3","3269","515","19902692","3272","518","19906479","35.47","11.39","110.39","35.47 (11.39, 110.39)","35.43","99.81","5.14","3.98","0.0851","5.98","2.03","1","1","1","1","1","1"
"Ioversol","URTICARIA GENERALISED","URTICARIA GENERALISED",,,,"3","3","3269","654","19902553","3272","657","19906479","27.93","8.98","86.86","27.93 (8.98, 86.86)","27.9","77.46","4.8","3.64","0.108","5.76","1.95","1","1","1","0","1","0"
"Ioversol","Carotid artery thrombosis","Carotid artery thrombosis","颈动脉血栓形成","Nervous system disorders","各类神经系统疾病","3","3","3269","744","19902463","3272","747","19906479","24.55","7.9","76.33","24.55 (7.90, 76.33)","24.53","67.44","4.61","3.45","0.1228","5.62","1.9","1","1","1","0","1","0"
"Ioversol","IDIOSYNCRATIC DRUG REACTION","IDIOSYNCRATIC DRUG REACTION","药物特异质反应","General disorders and administration site conditions","全身性疾病及给药部位各种反应","3","3","3269","943","19902264","3272","946","19906479","19.37","6.23","60.19","19.37 (6.23, 60.19)","19.35","52.05","4.27","3.11","0.1555","5.34","1.81","1","1","1","0","1","0"
"Ioversol","Conjunctival oedema","Conjunctival oedema","结膜水肿","Eye disorders","眼器官疾病","3","3","3269","976","19902231","3272","979","19906479","18.71","6.02","58.16","18.71 (6.02, 58.16)","18.7","50.1","4.22","3.06","0.1609","5.3","1.79","1","1","1","0","1","0"
"Ioversol","Band sensation","Band sensation","束紧感","Nervous system disorders","各类神经系统疾病","3","3","3269","1235","19901972","3272","1238","19906479","14.79","4.76","45.94","14.79 (4.76, 45.94)","14.78","38.44","3.88","2.73","0.2035","4.98","1.68","1","1","1","0","1","0"
"Ioversol","Disorganised speech","Disorganised speech","胡言乱语","Psychiatric disorders","精神病类","3","3","3269","1656","19901551","3272","1659","19906479","11.03","3.55","34.25","11.03 (3.55, 34.25)","11.02","27.28","3.46","2.3","0.2727","4.53","1.53","1","1","1","0","1","0"
"Ioversol","Ear swelling","Ear swelling","耳肿","Ear and labyrinth disorders","耳及迷路类疾病","3","3","3269","1981","19901226","3272","1984","19906479","9.22","2.97","28.63","9.22 (2.97, 28.63)","9.21","21.93","3.2","2.05","0.3261","4.24","1.43","1","1","1","0","1","0"
"Ioversol","KOUNIS SYNDROME","KOUNIS SYNDROME","过敏性冠状动脉痉挛综合征","Cardiac disorders","心脏器官疾病","3","3","3269","2055","19901152","3272","2058","19906479","8.89","2.86","27.59","8.89 (2.86, 27.59)","8.88","20.95","3.15","1.99","0.3383","4.18","1.41","1","1","1","0","1","0"
"Ioversol","Rash morbilliform","Rash morbilliform","麻疹样皮疹","Skin and subcutaneous tissue disorders","皮肤及皮下组织类疾病","3","3","3269","2624","19900583","3272","2627","19906479","6.96","2.24","21.61","6.96 (2.24, 21.61)","6.95","15.28","2.8","1.64","0.4318","3.76","1.27","1","1","1","0","1","0"
"Ioversol","Vomiting projectile","Vomiting projectile","喷射样呕吐","Gastrointestinal disorders","胃肠系统疾病","3","3","3269","2643","19900564","3272","2646","19906479","6.91","2.23","21.45","6.91 (2.23, 21.45)","6.9","15.13","2.79","1.63","0.4349","3.74","1.27","1","1","1","0","1","0"
"Ioversol","Eyelids pruritus","Eyelids pruritus","眼睑瘙痒","Eye disorders","眼器官疾病","3","3","3269","2860","19900347","3272","2863","19906479","6.39","2.06","19.82","6.39 (2.06, 19.82)","6.38","13.6","2.67","1.52","0.4706","3.61","1.22","1","1","1","0","1","0"
"Ioversol","Respiratory rate decreased","Respiratory rate decreased","呼吸频率降低","Investigations","各类检查","3","3","3269","3027","19900180","3272","3030","19906479","6.03","1.94","18.73","6.03 (1.94, 18.73)","6.03","12.57","2.59","1.43","0.498","3.51","1.19","1","1","1","0","1","0"
"Ioversol","Stupor","Stupor","木僵","Nervous system disorders","各类神经系统疾病","3","3","3269","3125","19900082","3272","3128","19906479","5.84","1.88","18.14","5.84 (1.88, 18.14)","5.84","12.02","2.54","1.39","0.5141","3.45","1.17","1","1","1","0","1","0"
"Ioversol","HYPOVENTILATION","HYPOVENTILATION","通气不足","Respiratory, thoracic and mediastinal disorders","呼吸系统、胸及纵隔疾病","3","3","3269","3169","19900038","3272","3172","19906479","5.76","1.86","17.89","5.76 (1.86, 17.89)","5.76","11.79","2.52","1.37","0.5214","3.43","1.16","1","1","1","0","1","0"
"Ioversol","PULSELESS ELECTRICAL ACTIVITY","PULSELESS ELECTRICAL ACTIVITY","无脉性电活动","Cardiac disorders","心脏器官疾病","3","3","3269","3905","19899302","3272","3908","19906479","4.68","1.51","14.51","4.68 (1.51, 14.51)","4.67","8.66","2.22","1.07","0.6424","3.06","1.04","1","1","1","0","1","0"
"Ioversol","LEFT VENTRICULAR HYPERTROPHY","LEFT VENTRICULAR HYPERTROPHY","左心室肥大","Cardiac disorders","心脏器官疾病","3","3","3269","4126","19899081","3272","4129","19906479","4.43","1.43","13.74","4.43 (1.43, 13.74)","4.42","7.94","2.14","0.99","0.6787","2.97","1.01","1","1","1","0","1","0"
"Ioversol","Dermatitis exfoliative","Dermatitis exfoliative","剥脱性皮炎","Skin and subcutaneous tissue disorders","皮肤及皮下组织类疾病","3","3","3269","4915","19898292","3272","4918","19906479","3.72","1.2","11.53","3.72 (1.20, 11.53)","3.71","5.94","1.89","0.74","0.8084","2.68","0.91","1","1","1","0","1","0"
"Ioversol","NECROSIS","NECROSIS","坏死","General disorders and administration site conditions","全身性疾病及给药部位各种反应","3","3","3269","5332","19897875","3272","5335","19906479","3.42","1.1","10.63","3.42 (1.10, 10.63)","3.42","5.14","1.77","0.62","0.8769","2.54","0.86","1","1","1","0","1","0"
"Ioversol","RALES","RALES","啰音","Respiratory, thoracic and mediastinal disorders","呼吸系统、胸及纵隔疾病","3","3","3269","5502","19897705","3272","5505","19906479","3.32","1.07","10.3","3.32 (1.07, 10.30)","3.32","4.85","1.73","0.57","0.9048","2.49","0.84","1","1","1","0","1","0"
"Ioversol","Hyperventilation","Hyperventilation","换气过度","Respiratory, thoracic and mediastinal disorders","呼吸系统、胸及纵隔疾病","3","3","3269","5572","19897635","3272","5575","19906479","3.28","1.06","10.17","3.28 (1.06, 10.17)","3.28","4.74","1.71","0.56","0.9164","2.47","0.84","1","1","1","0","1","0"
"Ioversol","INCOHERENT","INCOHERENT","语无伦次","Nervous system disorders","各类神经系统疾病","3","3","3269","6252","19896955","3272","6255","19906479","2.92","0.94","9.06","2.92 (0.94, 9.06)","2.92","3.78","1.54","0.39","1.0281","2.29","0.78","0","0","1","0","0","0"
"Ioversol","LYMPHOEDEMA","LYMPHOEDEMA","淋巴水肿","Vascular disorders","血管与淋巴管类疾病","3","3","3269","6454","19896753","3272","6457","19906479","2.83","0.91","8.78","2.83 (0.91, 8.78)","2.83","3.54","1.5","0.34","1.0613","2.24","0.76","0","0","1","0","0","0"
"Ioversol","Eye movement disorder","Eye movement disorder","眼动障碍","Eye disorders","眼器官疾病","3","3","3269","6544","19896663","3272","6547","19906479","2.79","0.9","8.66","2.79 (0.90, 8.66)","2.79","3.44","1.48","0.32","1.0761","2.22","0.75","0","0","1","0","0","0"
"Ioversol","MEDICAL DEVICE COMPLICATION","MEDICAL DEVICE COMPLICATION",,,,"3","3","3269","7377","19895830","3272","7380","19906479","2.48","0.8","7.68","2.48 (0.80, 7.68)","2.47","2.63","1.31","0.15","1.213","2.04","0.69","0","0","1","0","0","0"
"Ioversol","ATRIOVENTRICULAR BLOCK","ATRIOVENTRICULAR BLOCK","房室阻滞","Cardiac disorders","心脏器官疾病","3","3","3269","7400","19895807","3272","7403","19906479","2.47","0.8","7.66","2.47 (0.80, 7.66)","2.47","2.61","1.3","0.15","1.2168","2.04","0.69","0","0","1","0","0","0"
"Ioversol","RHINITIS","RHINITIS","鼻炎","Infections and infestations","感染及侵染类疾病","3","3","3269","7614","19895593","3272","7617","19906479","2.4","0.77","7.44","2.40 (0.77, 7.44)","2.4","2.44","1.26","0.11","1.252","2","0.68","0","0","1","0","0","0"
"Ioversol","Skin plaque","Skin plaque","皮肤斑块","Skin and subcutaneous tissue disorders","皮肤及皮下组织类疾病","3","3","3269","8013","19895194","3272","8016","19906479","2.28","0.73","7.07","2.28 (0.73, 7.07)","2.28","2.15","1.19","0.03","1.3176","1.93","0.65","0","0","1","0","0","0"
"Ioversol","ANURIA","ANURIA","无尿","Renal and urinary disorders","肾脏及泌尿系统疾病","3","3","3269","8345","19894862","3272","8348","19906479","2.19","0.71","6.79","2.19 (0.71, 6.79)","2.19","1.93","1.13","-0.03","1.3721","1.87","0.63","0","0","0","0","0","0"
"Ioversol","Erythema multiforme","Erythema multiforme","多形性红斑","Skin and subcutaneous tissue disorders","皮肤及皮下组织类疾病","3","3","3269","8885","19894322","3272","8888","19906479","2.05","0.66","6.38","2.05 (0.66, 6.38)","2.05","1.62","1.04","-0.12","1.4609","1.78","0.6","0","0","0","0","0","0"
"Ioversol","Sinus congestion","Sinus congestion","鼻窦充血","Respiratory, thoracic and mediastinal disorders","呼吸系统、胸及纵隔疾病","3","3","3269","12884","19890323","3272","12887","19906479","1.42","0.46","4.4","1.42 (0.46, 4.40)","1.42","0.37","0.5","-0.65","2.1182","1.34","0.45","0","0","0","0","0","0"
"Ioversol","Peripheral coldness","Peripheral coldness","四肢发冷","Vascular disorders","血管与淋巴管类疾病","3","3","3269","13147","19890060","3272","13150","19906479","1.39","0.45","4.31","1.39 (0.45, 4.31)","1.39","0.33","0.47","-0.68","2.1614","1.32","0.45","0","0","0","0","0","0"
"Ioversol","Cardiogenic shock","Cardiogenic shock","心源性休克","Cardiac disorders","心脏器官疾病","3","3","3269","13401","19889806","3272","13404","19906479","1.36","0.44","4.23","1.36 (0.44, 4.23)","1.36","0.29","0.45","-0.71","2.2032","1.29","0.44","0","0","0","0","0","0"
"Ioversol","Hyperthyroidism","Hyperthyroidism","甲状腺功能亢进症","Endocrine disorders","内分泌系统疾病","3","3","3269","13567","19889640","3272","13570","19906479","1.35","0.43","4.17","1.35 (0.43, 4.17)","1.35","0.27","0.43","-0.73","2.2305","1.28","0.43","0","0","0","0","0","0"
"Ioversol","DIALYSIS","DIALYSIS","透析","Surgical and medical procedures","各种手术及医疗操作","3","3","3269","13648","19889559","3272","13651","19906479","1.34","0.43","4.15","1.34 (0.43, 4.15)","1.34","0.26","0.42","-0.74","2.2438","1.28","0.43","0","0","0","0","0","0"
"Ioversol","Generalised tonic-clonic seizure","Generalised tonic-clonic seizure","全身强直阵挛性癫痫发作","Nervous system disorders","各类神经系统疾病","3","3","3269","15313","19887894","3272","15316","19906479","1.19","0.38","3.7","1.19 (0.38, 3.70)","1.19","0.09","0.25","-0.9","2.5175","1.16","0.39","0","0","0","0","0","0"
"Ioversol","Muscle tightness","Muscle tightness","肌紧张","Musculoskeletal and connective tissue disorders","各种肌肉骨骼及结缔组织疾病","3","3","3269","15459","19887748","3272","15462","19906479","1.18","0.38","3.66","1.18 (0.38, 3.66)","1.18","0.08","0.24","-0.92","2.5415","1.15","0.39","0","0","0","0","0","0"
"Ioversol","Sensory disturbance","Sensory disturbance","感觉障碍","Nervous system disorders","各类神经系统疾病","3","3","3269","15524","19887683","3272","15527","19906479","1.18","0.38","3.65","1.18 (0.38, 3.65)","1.18","0.08","0.23","-0.92","2.5522","1.15","0.39","0","0","0","0","0","0"
"Ioversol","Hemiparesis","Hemiparesis","单侧轻瘫","Nervous system disorders","各类神经系统疾病","3","3","3269","16339","19886868","3272","16342","19906479","1.12","0.36","3.47","1.12 (0.36, 3.47)","1.12","0.04","0.16","-1","2.6861","1.1","0.37","0","0","0","0","0","0"
"Ioversol","MULTI-ORGAN FAILURE","MULTI-ORGAN FAILURE",,,,"3","3","3269","17605","19885602","3272","17608","19906479","1.04","0.33","3.22","1.04 (0.33, 3.22)","1.04","0","0.05","-1.1","2.8942","1.03","0.35","0","0","0","0","0","0"
"Ioversol","CARDIOVASCULAR DISORDER","CARDIOVASCULAR DISORDER","心血管疾病","Cardiac disorders","心脏器官疾病","3","3","3269","24751","19878456","3272","24754","19906479","0.74","0.24","2.29","0.74 (0.24, 2.29)","0.74","0.28","-0.44","-1.59","4.0688","0.77","0.26","0","0","0","0","0","0"
"Ioversol","EPILEPSY","EPILEPSY","癫痫","Nervous system disorders","各类神经系统疾病","3","3","3269","28565","19874642","3272","28568","19906479","0.64","0.21","1.98","0.64 (0.21, 1.98)","0.64","0.61","-0.65","-1.8","4.6957","0.67","0.23","0","0","0","0","0","0"
"Ioversol","ACUTE MYOCARDIAL INFARCTION","ACUTE MYOCARDIAL INFARCTION","急性心肌梗死","Cardiac disorders","心脏器官疾病","3","3","3269","28822","19874385","3272","28825","19906479","0.63","0.2","1.96","0.63 (0.20, 1.96)","0.63","0.64","-0.66","-1.81","4.7379","0.67","0.23","0","0","0","0","0","0"
"Ioversol","HEPATIC FAILURE","HEPATIC FAILURE","肝衰竭","Hepatobiliary disorders","肝胆系统疾病","3","3","3269","28802","19874405","3272","28805","19906479","0.63","0.2","1.96","0.63 (0.20, 1.96)","0.63","0.64","-0.66","-1.81","4.7346","0.67","0.23","0","0","0","0","0","0"
"Ioversol","NERVOUS SYSTEM DISORDER","NERVOUS SYSTEM DISORDER","神经系统病变","Nervous system disorders","各类神经系统疾病","3","3","3269","30114","19873093","3272","30117","19906479","0.61","0.2","1.88","0.61 (0.20, 1.88)","0.61","0.77","-0.72","-1.88","4.9503","0.64","0.22","0","0","0","0","0","0"
"Ioversol","METABOLIC ACIDOSIS","METABOLIC ACIDOSIS","代谢性酸中毒","Metabolism and nutrition disorders","代谢及营养类疾病","3","3","3269","29804","19873403","3272","29807","19906479","0.61","0.2","1.9","0.61 (0.20, 1.90)","0.61","0.74","-0.71","-1.86","4.8993","0.65","0.22","0","0","0","0","0","0"
"Ioversol","HAEMATURIA","HAEMATURIA","血尿症","Renal and urinary disorders","肾脏及泌尿系统疾病","3","3","3269","32941","19870266","3272","32944","19906479","0.55","0.18","1.72","0.55 (0.18, 1.72)","0.55","1.08","-0.85","-2.01","5.415","0.59","0.2","0","0","0","0","0","0"
"Ioversol","HYPERKALAEMIA","HYPERKALAEMIA","高钾血症","Metabolism and nutrition disorders","代谢及营养类疾病","3","3","3269","33194","19870013","3272","33197","19906479","0.55","0.18","1.7","0.55 (0.18, 1.70)","0.55","1.11","-0.86","-2.02","5.4565","0.59","0.2","0","0","0","0","0","0"
"Ioversol","C-REACTIVE PROTEIN INCREASED","C-REACTIVE PROTEIN INCREASED","C反应蛋白升高","Investigations","各类检查","3","3","3269","33749","19869458","3272","33752","19906479","0.54","0.17","1.68","0.54 (0.17, 1.68)","0.54","1.17","-0.89","-2.04","5.5478","0.58","0.2","0","0","0","0","0","0"
"Ioversol","WHITE BLOOD CELL COUNT INCREASED","WHITE BLOOD CELL COUNT INCREASED","白细胞计数升高","Investigations","各类检查","3","3","3269","37139","19866068","3272","37142","19906479","0.49","0.16","1.52","0.49 (0.16, 1.52)","0.49","1.58","-1.03","-2.18","6.105","0.53","0.18","0","0","0","0","0","0"
"Ioversol","Dyskinesia","Dyskinesia","运动障碍","Nervous system disorders","各类神经系统疾病","3","3","3269","38575","19864632","3272","38578","19906479","0.47","0.15","1.47","0.47 (0.15, 1.47)","0.47","1.76","-1.08","-2.24","6.341","0.51","0.17","0","0","0","0","0","0"
"Ioversol","Septic shock","Septic shock","感染性休克","Infections and infestations","感染及侵染类疾病","3","3","3269","40777","19862430","3272","40780","19906479","0.45","0.14","1.39","0.45 (0.14, 1.39)","0.45","2.05","-1.16","-2.32","6.703","0.49","0.16","0","0","0","0","0","0"
"Ioversol","Productive cough","Productive cough","排痰性咳嗽","Respiratory, thoracic and mediastinal disorders","呼吸系统、胸及纵隔疾病","3","3","3269","43934","19859273","3272","43937","19906479","0.41","0.13","1.29","0.41 (0.13, 1.29)","0.42","2.47","-1.27","-2.42","7.2219","0.45","0.15","0","0","0","0","0","0"
"Ioversol","Inflammation","Inflammation","炎症","General disorders and administration site conditions","全身性疾病及给药部位各种反应","3","3","3269","47809","19855398","3272","47812","19906479","0.38","0.12","1.18","0.38 (0.12, 1.18)","0.38","3.01","-1.39","-2.54","7.8588","0.42","0.14","0","0","0","0","0","0"
"Ioversol","ILL-DEFINED DISORDER","ILL-DEFINED DISORDER","未明确定义的疾病","General disorders and administration site conditions","全身性疾病及给药部位各种反应","3","3","3269","57150","19846057","3272","57153","19906479","0.32","0.1","0.99","0.32 (0.10, 0.99)","0.32","4.37","-1.65","-2.8","9.3942","0.35","0.12","0","0","0","0","0","0"
"Ioversol","Pleural effusion","Pleural effusion","胸腔积液","Respiratory, thoracic and mediastinal disorders","呼吸系统、胸及纵隔疾病","3","3","3269","58504","19844703","3272","58507","19906479","0.31","0.1","0.97","0.31 (0.10, 0.97)","0.31","4.57","-1.68","-2.84","9.6167","0.35","0.12","0","0","0","0","0","0"
"Ioversol","INFUSION RELATED REACTION","INFUSION RELATED REACTION","输液相关反应","Injury, poisoning and procedural complications","各类损伤、中毒及操作并发症","3","3","3269","59853","19843354","3272","59856","19906479","0.3","0.1","0.94","0.30 (0.10, 0.94)","0.3","4.77","-1.71","-2.87","9.8384","0.34","0.11","0","0","0","0","0","0"
"Ioversol","SKIN BURNING SENSATION","SKIN BURNING SENSATION","皮肤烧灼感","Skin and subcutaneous tissue disorders","皮肤及皮下组织类疾病","3","3","3269","67708","19835499","3272","67711","19906479","0.27","0.09","0.83","0.27 (0.09, 0.83)","0.27","5.96","-1.89","-3.05","11.1296","0.3","0.1","0","0","0","0","0","0"
"Ioversol","INJECTION SITE HAEMORRHAGE","INJECTION SITE HAEMORRHAGE","注射部位出血","General disorders and administration site conditions","全身性疾病及给药部位各种反应","3","3","3269","75186","19828021","3272","75189","19906479","0.24","0.08","0.75","0.24 (0.08, 0.75)","0.24","7.11","-2.04","-3.2","12.3587","0.27","0.09","0","0","0","0","0","0"
"Ioversol","RENAL IMPAIRMENT","RENAL IMPAIRMENT","肾功能损害","Renal and urinary disorders","肾脏及泌尿系统疾病","3","3","3269","78936","19824271","3272","78939","19906479","0.23","0.07","0.72","0.23 (0.07, 0.72)","0.23","7.7","-2.11","-3.27","12.9751","0.26","0.09","0","0","0","0","0","0"
"Ioversol","GASTROINTESTINAL DISORDER","GASTROINTESTINAL DISORDER","胃肠疾病","Gastrointestinal disorders","胃肠系统疾病","3","3","3269","80921","19822286","3272","80924","19906479","0.22","0.07","0.7","0.22 (0.07, 0.70)","0.23","8.01","-2.15","-3.3","13.3014","0.25","0.09","0","0","0","0","0","0"
"Ioversol","ATRIAL FIBRILLATION","ATRIAL FIBRILLATION","房颤","Cardiac disorders","心脏器官疾病","3","3","3269","92992","19810215","3272","92995","19906479","0.2","0.06","0.61","0.20 (0.06, 0.61)","0.2","9.92","-2.35","-3.5","15.2855","0.22","0.08","0","0","0","0","0","0"
"Ioversol","Muscular weakness","Muscular weakness","肌无力","Musculoskeletal and connective tissue disorders","各种肌肉骨骼及结缔组织疾病","3","3","3269","107987","19795220","3272","107990","19906479","0.17","0.05","0.52","0.17 (0.05, 0.52)","0.17","12.33","-2.56","-3.72","17.7502","0.19","0.06","0","0","0","0","0","0"
"Ioversol","ABDOMINAL DISCOMFORT","ABDOMINAL DISCOMFORT","腹部不适","Gastrointestinal disorders","胃肠系统疾病","3","3","3269","155503","19747704","3272","155506","19906479","0.12","0.04","0.36","0.12 (0.04, 0.36)","0.12","20.07","-3.09","-4.25","25.5603","0.13","0.05","0","0","0","0","0","0"
"Ioversol","Product use in unapproved indication","Product use in unapproved indication","产品用于未经批准的适应症","Injury, poisoning and procedural complications","各类损伤、中毒及操作并发症","3","3","3269","225257","19677950","3272","225260","19906479","0.08","0.03","0.25","0.08 (0.03, 0.25)","0.08","31.63","-3.63","-4.78","37.0257","0.09","0.03","0","0","0","0","0","0"
"Ioversol","BACK PAIN","BACK PAIN","背痛","Musculoskeletal and connective tissue disorders","各种肌肉骨骼及结缔组织疾病","3","3","3269","221922","19681285","3272","221925","19906479","0.08","0.03","0.25","0.08 (0.03, 0.25)","0.08","31.08","-3.6","-4.76","36.4775","0.09","0.03","0","0","0","0","0","0"
"Ioversol","FALL","FALL","跌倒","Injury, poisoning and procedural complications","各类损伤、中毒及操作并发症","3","3","3269","316064","19587143","3272","316067","19906479","0.06","0.02","0.18","0.06 (0.02, 0.18)","0.06","46.88","-4.11","-5.27","51.9515","0.07","0.02","0","0","0","0","0","0"
"POOLED","Urticaria","Urticaria","荨麻疹","Skin and subcutaneous tissue disorders","皮肤及皮下组织类疾病","1924","1924","12857","154110","19737588","14781","156034","19906479","19.17","18.26","20.11","19.17 (18.26, 20.11)","16.8","28462.71","4.05","4","115.8587","16.54","9.82","1","1","1","1","1","1"
"POOLED","PRURITUS","PRURITUS","瘙痒","Skin and subcutaneous tissue disorders","皮肤及皮下组织类疾病","1744","1744","13037","348118","19543580","14781","349862","19906479","7.51","7.14","7.9","7.51 (7.14, 7.90)","6.74","8638.01","2.75","2.7","259.7803","6.7","3.98","1","1","1","1","1","1"
"POOLED","Dyspnoea","Dyspnoea","呼吸困难","Respiratory, thoracic and mediastinal disorders","呼吸系统、胸及纵隔疾病","1612","1612","13169","535142","19356556","14781","536754","19906479","4.43","4.2","4.66","4.43 (4.20, 4.66)","4.05","3799.72","2.02","1.96","398.5517","4.04","2.4","1","1","1","1","1","1"
"POOLED","Erythema","Erythema","红斑","Skin and subcutaneous tissue disorders","皮肤及皮下组织类疾病","1012","1012","13769","194320","19697378","14781","195332","19906479","7.45","6.99","7.94","7.45 (6.99, 7.94)","7.01","5237.48","2.8","2.74","145.0383","6.96","4.12","1","1","1","1","1","1"
"POOLED","Nausea","Nausea","恶心","Gastrointestinal disorders","胃肠系统疾病","888","888","13893","746207","19145491","14781","747095","19906479","1.64","1.53","1.76","1.64 (1.53, 1.76)","1.6","208.18","0.68","0.61","554.7345","1.6","0.95","1","0","1","0","0","0"
"POOLED","Sneezing","Sneezing","喷嚏","Respiratory, thoracic and mediastinal disorders","呼吸系统、胸及纵隔疾病","850","850","13931","20321","19871377","14781","21171","19906479","59.66","55.6","64.03","59.66 (55.60, 64.03)","56.29","44356.55","5.76","5.68","15.7199","52.44","31.07","1","1","1","1","1","1"
"POOLED","Vomiting","Vomiting","呕吐","Gastrointestinal disorders","胃肠系统疾病","818","818","13963","442251","19449447","14781","443069","19906479","2.58","2.4","2.76","2.58 (2.40, 2.76)","2.49","743.97","1.31","1.24","328.9885","2.48","1.47","1","1","1","0","1","0"
"POOLED","Rash","Rash","皮疹","Skin and subcutaneous tissue disorders","皮肤及皮下组织类疾病","817","817","13964","405170","19486528","14781","405987","19906479","2.81","2.62","3.02","2.81 (2.62, 3.02)","2.71","900.71","1.44","1.37","301.4543","2.71","1.6","1","1","1","0","1","0"
"POOLED","Anaphylactic reaction","Anaphylactic reaction","速发严重过敏反应","Immune system disorders","免疫系统疾病","603","603","14178","50808","19840890","14781","51411","19906479","16.61","15.3","18.03","16.61 (15.30, 18.03)","15.97","8385.13","3.98","3.9","38.1738","15.6","9.24","1","1","1","1","1","1"
"POOLED","HYPERSENSITIVITY","HYPERSENSITIVITY","超敏反应","Immune system disorders","免疫系统疾病","603","603","14178","173721","19717977","14781","174324","19906479","4.83","4.45","5.24","4.83 (4.45, 5.24)","4.67","1749.15","2.22","2.14","129.4394","4.64","2.75","1","1","1","1","1","1"
"POOLED","COUGH","COUGH","咳嗽","Respiratory, thoracic and mediastinal disorders","呼吸系统、胸及纵隔疾病","586","586","14195","263461","19628237","14781","264047","19906479","3.08","2.83","3.34","3.08 (2.83, 3.34)","2.99","786.55","1.58","1.5","196.0607","2.98","1.77","1","1","1","0","1","0"
"POOLED","Contrast media reaction","Contrast media reaction","造影剂反应","Immune system disorders","免疫系统疾病","574","574","14207","1684","19890014","14781","2258","19906479","477.2","433.46","525.36","477.20 (433.46, 525.36)","458.71","195533.66","8.42","8.32","1.6766","263.94","156.18","1","1","1","1","1","1"
"POOLED","Anaphylactic shock","Anaphylactic shock","过敏性休克","Immune system disorders","免疫系统疾病","553","553","14228","23554","19868144","14781","24107","19906479","32.78","30.09","35.73","32.78 (30.09, 35.73)","31.6","16027.52","4.95","4.86","17.9","30.08","17.8","1","1","1","1","1","1"
"POOLED","Throat irritation","Throat irritation","咽喉刺激","Respiratory, thoracic and mediastinal disorders","呼吸系统、胸及纵隔疾病","523","523","14258","41641","19850057","14781","42164","19906479","17.49","16.02","19.09","17.49 (16.02, 19.09)","16.9","7744.25","4.06","3.97","31.3077","16.46","9.73","1","1","1","1","1","1"
"POOLED","Chest discomfort","Chest discomfort","胸部不适","General disorders and administration site conditions","全身性疾病及给药部位各种反应","520","520","14261","95840","19795858","14781","96360","19906479","7.53","6.9","8.22","7.53 (6.90, 8.22)","7.3","2826.53","2.86","2.77","71.5494","7.22","4.27","1","1","1","1","1","1"
"POOLED","Hypotension","Hypotension","低血压","Vascular disorders","血管与淋巴管类疾病","494","494","14287","189908","19701790","14781","190402","19906479","3.59","3.28","3.92","3.59 (3.28, 3.92)","3.5","888.66","1.8","1.71","141.3777","3.49","2.06","1","1","1","1","1","1"
"POOLED","Chills","Chills","寒战","General disorders and administration site conditions","全身性疾病及给药部位各种反应","479","479","14302","111730","19779968","14781","112209","19906479","5.93","5.41","6.5","5.93 (5.41, 6.50)","5.77","1891.18","2.52","2.43","83.3177","5.72","3.38","1","1","1","1","1","1"
"POOLED","Throat tightness","Throat tightness","咽喉缩紧感","Respiratory, thoracic and mediastinal disorders","呼吸系统、胸及纵隔疾病","434","434","14347","25248","19866450","14781","25682","19906479","23.8","21.62","26.21","23.80 (21.62, 26.21)","23.13","9046.82","4.51","4.41","19.0695","22.2","13.12","1","1","1","1","1","1"
"POOLED","Acute kidney injury","Acute kidney injury","急性肾损伤","Renal and urinary disorders","肾脏及泌尿系统疾病","418","418","14363","185343","19706355","14781","185761","19906479","3.09","2.81","3.41","3.09 (2.81, 3.41)","3.04","574.46","1.6","1.5","137.9316","3.02","1.79","1","1","1","0","1","0"
"POOLED","Loss of consciousness","Loss of consciousness","意识丧失","Nervous system disorders","各类神经系统疾病","392","392","14389","122003","19769695","14781","122395","19906479","4.41","3.99","4.88","4.41 (3.99, 4.88)","4.32","1004.63","2.11","2.01","90.881","4.3","2.54","1","1","1","1","1","1"
"POOLED","DIZZINESS","DIZZINESS","头晕","Nervous system disorders","各类神经系统疾病","388","388","14393","473147","19418551","14781","473535","19906479","1.11","1","1.22","1.11 (1.00, 1.22)","1.1","3.86","0.14","0.04","351.6102","1.1","0.65","0","0","1","0","0","0"
"POOLED","Contrast media allergy","Contrast media allergy","造影剂过敏","Immune system disorders","免疫系统疾病","365","365","14416","1224","19890474","14781","1589","19906479","411.45","365.64","462.99","411.45 (365.64, 462.99)","401.31","112278.72","8.27","8.15","1.1799","217.58","128.42","1","1","1","1","1","1"
"POOLED","Blood pressure decreased","Blood pressure decreased","血压降低","Investigations","各类检查","363","363","14418","62916","19828782","14781","63279","19906479","7.93","7.15","8.81","7.93 (7.15, 8.81)","7.76","2133.78","2.95","2.84","46.9861","7.65","4.52","1","1","1","1","1","1"
"POOLED","Pyrexia","Pyrexia","发热","General disorders and administration site conditions","全身性疾病及给药部位各种反应","314","314","14467","328758","19562940","14781","329072","19906479","1.29","1.15","1.44","1.29 (1.15, 1.44)","1.29","20.21","0.36","0.25","244.3432","1.28","0.76","1","0","1","0","0","0"
"POOLED","FLUSHING","FLUSHING","潮红","Vascular disorders","血管与淋巴管类疾病","313","313","14468","97894","19793804","14781","98207","19906479","4.37","3.91","4.89","4.37 (3.91, 4.89)","4.3","794.93","2.1","1.99","72.9209","4.27","2.52","1","1","1","1","1","1"
"POOLED","Nephropathy toxic","Nephropathy toxic","中毒性肾病","Renal and urinary disorders","肾脏及泌尿系统疾病","306","306","14475","10098","19881600","14781","10404","19906479","41.62","37.1","46.69","41.62 (37.10, 46.69)","40.78","11531.16","5.31","5.19","7.7252","37.26","21.96","1","1","1","1","1","1"
"POOLED","HEADACHE","HEADACHE","头痛","Nervous system disorders","各类神经系统疾病","294","294","14487","594563","19297135","14781","594857","19906479","0.66","0.59","0.74","0.66 (0.59, 0.74)","0.67","50.95","-0.59","-0.71","441.6945","0.67","0.39","0","0","0","0","0","0"
"POOLED","Cardio-respiratory arrest","Cardio-respiratory arrest","心脏呼吸骤停","Cardiac disorders","心脏器官疾病","283","283","14498","40255","19851443","14781","40538","19906479","9.63","8.55","10.83","9.63 (8.55, 10.83)","9.46","2130.75","3.23","3.11","30.1004","9.26","5.46","1","1","1","1","1","1"
"POOLED","Hyperhidrosis","Hyperhidrosis","多汗","Skin and subcutaneous tissue disorders","皮肤及皮下组织类疾病","272","272","14509","123183","19768515","14781","123455","19906479","3.01","2.67","3.39","3.01 (2.67, 3.39)","2.97","357.23","1.57","1.45","91.6681","2.96","1.74","1","1","1","0","1","0"
"POOLED","Cardiac arrest","Cardiac arrest","心脏停搏","Cardiac disorders","心脏器官疾病","270","270","14511","79294","19812404","14781","79564","19906479","4.65","4.12","5.24","4.65 (4.12, 5.24)","4.58","756.62","2.19","2.07","59.078","4.54","2.67","1","1","1","1","1","1"
"POOLED","Oxygen saturation decreased","Oxygen saturation decreased","血氧饱和度降低","Investigations","各类检查","266","266","14515","52099","19839599","14781","52365","19906479","6.98","6.18","7.88","6.98 (6.18, 7.88)","6.87","1331.12","2.77","2.65","38.8822","6.77","3.98","1","1","1","1","1","1"
"POOLED","SWELLING FACE","SWELLING FACE","面部肿胀","General disorders and administration site conditions","全身性疾病及给药部位各种反应","265","265","14516","61582","19830116","14781","61847","19906479","5.88","5.2","6.64","5.88 (5.20, 6.64)","5.79","1049.16","2.53","2.4","45.9228","5.72","3.37","1","1","1","1","1","1"
"POOLED","EXTRAVASATION","EXTRAVASATION","外渗","General disorders and administration site conditions","全身性疾病及给药部位各种反应","254","254","14527","3712","19887986","14781","3966","19906479","93.68","82.41","106.49","93.68 (82.41, 106.49)","92.09","21423.25","6.43","6.3","2.9448","73.88","43.47","1","1","1","1","1","1"
"POOLED","No adverse event","No adverse event","无不良事件","General disorders and administration site conditions","全身性疾病及给药部位各种反应","247","247","14534","165923","19725775","14781","166170","19906479","2.02","1.78","2.29","2.02 (1.78, 2.29)","2","124.98","1","0.87","123.3849","2","1.18","1","1","1","0","1","0"
"POOLED","CHEST PAIN","CHEST PAIN","胸痛","General disorders and administration site conditions","全身性疾病及给药部位各种反应","244","244","14537","177454","19714244","14781","177698","19906479","1.86","1.64","2.12","1.86 (1.64, 2.12)","1.85","96.09","0.89","0.76","131.9447","1.85","1.09","1","0","1","0","0","0"
"POOLED","Malaise","Malaise","难受","General disorders and administration site conditions","全身性疾病及给药部位各种反应","240","240","14541","419890","19471808","14781","420130","19906479","0.77","0.67","0.87","0.77 (0.67, 0.87)","0.77","16.97","-0.38","-0.51","311.9558","0.77","0.45","0","0","0","0","0","0"
"POOLED","Tremor","Tremor","震颤","Nervous system disorders","各类神经系统疾病","232","232","14549","158883","19732815","14781","159115","19906479","1.98","1.74","2.25","1.98 (1.74, 2.25)","1.97","110.68","0.97","0.84","118.1464","1.96","1.15","1","0","1","0","0","0"
"POOLED","Anaphylactoid reaction","Anaphylactoid reaction","类过敏反应","Immune system disorders","免疫系统疾病","225","225","14556","3738","19887960","14781","3963","19906479","82.24","71.82","94.18","82.24 (71.82, 94.18)","81","16772.82","6.26","6.12","2.9426","65.5","38.49","1","1","1","1","1","1"
"POOLED","Tachycardia","Tachycardia","心动过速","Cardiac disorders","心脏器官疾病","218","218","14563","84373","19807325","14781","84591","19906479","3.51","3.07","4.02","3.51 (3.07, 4.02)","3.48","385.36","1.8","1.66","62.8107","3.45","2.03","1","1","1","1","1","1"
"POOLED","Dysphagia","Dysphagia","吞咽困难","Gastrointestinal disorders","胃肠系统疾病","217","217","14564","89407","19802291","14781","89624","19906479","3.3","2.89","3.77","3.30 (2.89, 3.77)","3.27","341.94","1.71","1.57","66.5478","3.24","1.91","1","1","1","0","1","0"
"POOLED","EYE SWELLING","EYE SWELLING","眼肿","Eye disorders","眼器官疾病","198","198","14583","35041","19856657","14781","35239","19906479","7.69","6.68","8.86","7.69 (6.68, 8.86)","7.6","1131.3","2.92","2.78","26.1657","7.44","4.37","1","1","1","1","1","1"
"POOLED","Cyanosis","Cyanosis","发绀","Vascular disorders","血管与淋巴管类疾病","196","196","14585","14951","19876747","14781","15147","19906479","17.87","15.5","20.59","17.87 (15.50, 20.59)","17.64","3039.49","4.12","3.98","11.247","16.73","9.81","1","1","1","1","1","1"
"POOLED","Nasal congestion","Nasal congestion","鼻充血","Respiratory, thoracic and mediastinal disorders","呼吸系统、胸及纵隔疾病","192","192","14589","54774","19836924","14781","54966","19906479","4.77","4.13","5.5","4.77 (4.13, 5.50)","4.72","562.01","2.23","2.09","40.8135","4.66","2.73","1","1","1","1","1","1"
"POOLED","Eye pruritus","Eye pruritus","眼睛瘙痒","Eye disorders","眼器官疾病","191","191","14590","30108","19861590","14781","30299","19906479","8.64","7.48","9.97","8.64 (7.48, 9.97)","8.54","1264.91","3.09","2.94","22.4977","8.33","4.88","1","1","1","1","1","1"
"POOLED","Dysphonia","Dysphonia","发声困难","Respiratory, thoracic and mediastinal disorders","呼吸系统、胸及纵隔疾病","190","190","14591","55221","19836477","14781","55411","19906479","4.68","4.05","5.4","4.68 (4.05, 5.40)","4.63","540.46","2.21","2.06","41.1439","4.57","2.68","1","1","1","1","1","1"
"POOLED","UNRESPONSIVE TO STIMULI","UNRESPONSIVE TO STIMULI","刺激反应消失","Nervous system disorders","各类神经系统疾病","184","184","14597","24194","19867504","14781","24378","19906479","10.35","8.95","11.98","10.35 (8.95, 11.98)","10.23","1523.47","3.35","3.2","18.1012","9.92","5.81","1","1","1","1","1","1"
"POOLED","Feeling hot","Feeling hot","感觉热","General disorders and administration site conditions","全身性疾病及给药部位各种反应","181","181","14600","58699","19832999","14781","58880","19906479","4.19","3.62","4.85","4.19 (3.62, 4.85)","4.15","432.66","2.05","1.9","43.7197","4.1","2.41","1","1","1","1","1","1"
"POOLED","WHEEZING","WHEEZING","哮鸣","Respiratory, thoracic and mediastinal disorders","呼吸系统、胸及纵隔疾病","180","180","14601","54056","19837642","14781","54236","19906479","4.52","3.9","5.24","4.52 (3.90, 5.24)","4.48","486.5","2.16","2.01","40.2714","4.43","2.59","1","1","1","1","1","1"
"POOLED","ANGIOEDEMA","ANGIOEDEMA","血管性水肿","Skin and subcutaneous tissue disorders","皮肤及皮下组织类疾病","175","175","14606","41663","19850035","14781","41838","19906479","5.71","4.92","6.63","5.71 (4.92, 6.63)","5.65","668.78","2.49","2.34","31.0656","5.56","3.26","1","1","1","1","1","1"
"POOLED","Shock","Shock","休克","Vascular disorders","血管与淋巴管类疾病","169","169","14612","21347","19870351","14781","21516","19906479","10.77","9.25","12.54","10.77 (9.25, 12.54)","10.65","1468.38","3.4","3.25","15.9761","10.29","6.02","1","1","1","1","1","1"
"POOLED","Pharyngeal oedema","Pharyngeal oedema","咽部水肿","Respiratory, thoracic and mediastinal disorders","呼吸系统、胸及纵隔疾病","166","166","14615","15076","19876622","14781","15242","19906479","14.97","12.84","17.46","14.97 (12.84, 17.46)","14.82","2117.32","3.87","3.72","11.3175","14.09","8.25","1","1","1","1","1","1"
"POOLED","Blood pressure increased","Blood pressure increased","血压升高","Investigations","各类检查","166","166","14615","145696","19746002","14781","145862","19906479","1.54","1.32","1.79","1.54 (1.32, 1.79)","1.53","30.98","0.62","0.46","108.3058","1.53","0.9","1","0","1","0","0","0"
"POOLED","EYELID OEDEMA","EYELID OEDEMA","眼睑水肿","Eye disorders","眼器官疾病","153","153","14628","11227","19880471","14781","11380","19906479","18.52","15.78","21.74","18.52 (15.78, 21.74)","18.34","2476.03","4.18","4.01","8.4499","17.15","10.03","1","1","1","1","1","1"
"POOLED","Asthenia","Asthenia","虚弱","General disorders and administration site conditions","全身性疾病及给药部位各种反应","149","149","14632","358271","19533427","14781","358420","19906479","0.56","0.47","0.65","0.56 (0.47, 0.65)","0.56","52.54","-0.84","-1","266.1348","0.56","0.33","0","0","0","0","0","0"
"POOLED","Heart rate increased","Heart rate increased","心率升高","Investigations","各类检查","148","148","14633","93991","19797707","14781","94139","19906479","2.13","1.81","2.51","2.13 (1.81, 2.51)","2.12","87.74","1.08","0.92","69.9003","2.11","1.23","1","1","1","0","1","0"
"POOLED","Hypoaesthesia","Hypoaesthesia","感觉减退","Nervous system disorders","各类神经系统疾病","147","147","14634","142707","19748991","14781","142854","19906479","1.39","1.18","1.64","1.39 (1.18, 1.64)","1.39","15.92","0.47","0.3","106.0722","1.38","0.81","1","0","1","0","0","0"
"POOLED","LIP SWELLING","LIP SWELLING","唇部肿胀","Gastrointestinal disorders","胃肠系统疾病","144","144","14637","31438","19860260","14781","31582","19906479","6.21","5.27","7.33","6.21 (5.27, 7.33)","6.16","621.15","2.62","2.45","23.4503","6.03","3.52","1","1","1","1","1","1"
"POOLED","Rash erythematous","Rash erythematous","红色皮疹","Skin and subcutaneous tissue disorders","皮肤及皮下组织类疾病","144","144","14637","42931","19848767","14781","43075","19906479","4.55","3.86","5.36","4.55 (3.86, 5.36)","4.51","393.45","2.17","2","31.9841","4.45","2.6","1","1","1","1","1","1"
"POOLED","Laryngeal oedema","Laryngeal oedema","喉水肿","Respiratory, thoracic and mediastinal disorders","呼吸系统、胸及纵隔疾病","141","141","14640","5734","19885964","14781","5875","19906479","33.4","28.24","39.51","33.40 (28.24, 39.51)","33.09","4284.25","5.01","4.84","4.3623","29.1","16.99","1","1","1","1","1","1"
"POOLED","BRONCHOSPASM","BRONCHOSPASM","支气管痉挛","Respiratory, thoracic and mediastinal disorders","呼吸系统、胸及纵隔疾病","140","140","14641","13582","19878116","14781","13722","19906479","13.99","11.84","16.54","13.99 (11.84, 16.54)","13.87","1656.22","3.78","3.61","10.1889","13.14","7.67","1","1","1","1","1","1"
"POOLED","Pallor","Pallor","苍白","Vascular disorders","血管与淋巴管类疾病","138","138","14643","26145","19865553","14781","26283","19906479","7.16","6.05","8.47","7.16 (6.05, 8.47)","7.1","720.83","2.82","2.65","19.5157","6.92","4.04","1","1","1","1","1","1"
"POOLED","Depressed level of consciousness","Depressed level of consciousness","意识水平下降","Nervous system disorders","各类神经系统疾病","137","137","14644","37271","19854427","14781","37408","19906479","4.98","4.21","5.9","4.98 (4.21, 5.90)","4.95","430.63","2.3","2.13","27.7763","4.86","2.84","1","1","1","1","1","1"
"POOLED","Contrast encephalopathy","Contrast encephalopathy","造影剂脑病","Injury, poisoning and procedural complications","各类损伤、中毒及操作并发症","135","135","14646","95","19891603","14781","230","19906479","1930.02","1483.72","2510.56","1,930.02 (1,483.72, 2,510.56)","1912.4","106526.69","9.63","9.36","0.1708","202","117.82","1","1","1","1","1","1"
"POOLED","Swelling","Swelling","肿胀","General disorders and administration site conditions","全身性疾病及给药部位各种反应","134","134","14647","86132","19805566","14781","86266","19906479","2.1","1.77","2.49","2.10 (1.77, 2.49)","2.09","76.77","1.06","0.89","64.0544","2.08","1.22","1","1","1","0","1","0"
"POOLED","Hypertension","Hypertension","高血压","Vascular disorders","血管与淋巴管类疾病","134","134","14647","200572","19691126","14781","200706","19906479","0.9","0.76","1.06","0.90 (0.76, 1.06)","0.9","1.53","-0.15","-0.33","149.0286","0.9","0.52","0","0","0","0","0","0"
"POOLED","Respiratory distress","Respiratory distress","呼吸窘迫","Respiratory, thoracic and mediastinal disorders","呼吸系统、胸及纵隔疾病","133","133","14648","26277","19865421","14781","26410","19906479","6.86","5.78","8.15","6.86 (5.78, 8.15)","6.81","657.01","2.76","2.59","19.61","6.64","3.87","1","1","1","1","1","1"
"POOLED","Respiratory arrest","Respiratory arrest","呼吸停止","Respiratory, thoracic and mediastinal disorders","呼吸系统、胸及纵隔疾病","133","133","14648","26847","19864851","14781","26980","19906479","6.72","5.66","7.97","6.72 (5.66, 7.97)","6.67","638.35","2.73","2.56","20.0332","6.5","3.79","1","1","1","1","1","1"
"POOLED","Ocular hyperaemia","Ocular hyperaemia","眼充血","Eye disorders","眼器官疾病","133","133","14648","43357","19848341","14781","43490","19906479","4.16","3.5","4.93","4.16 (3.50, 4.93)","4.13","314.99","2.04","1.87","32.2923","4.07","2.37","1","1","1","1","1","1"
"POOLED","Off label use","Off label use","超说明书使用","Injury, poisoning and procedural complications","各类损伤、中毒及操作并发症","133","133","14648","806365","19085333","14781","806498","19906479","0.21","0.18","0.25","0.21 (0.18, 0.25)","0.22","377.96","-2.17","-2.34","598.8426","0.22","0.13","0","0","0","0","0","0"
"POOLED","Face oedema","Face oedema","面部水肿","General disorders and administration site conditions","全身性疾病及给药部位各种反应","131","131","14650","16136","19875562","14781","16267","19906479","11.01","9.27","13.09","11.01 (9.27, 13.09)","10.93","1172.68","3.44","3.26","12.0786","10.45","6.09","1","1","1","1","1","1"
"POOLED","Swollen tongue","Swollen tongue","肿舌","Gastrointestinal disorders","胃肠系统疾病","131","131","14650","29641","19862057","14781","29772","19906479","5.99","5.04","7.12","5.99 (5.04, 7.12)","5.95","537.6","2.57","2.39","22.1064","5.82","3.39","1","1","1","1","1","1"
"POOLED","Feeling abnormal","Feeling abnormal","感受异常","General disorders and administration site conditions","全身性疾病及给药部位各种反应","131","131","14650","231320","19660378","14781","231451","19906479","0.76","0.64","0.9","0.76 (0.64, 0.90)","0.76","9.84","-0.39","-0.57","171.8575","0.76","0.44","0","0","0","0","0","0"
"POOLED","Seizure","Seizure","痫性发作","Nervous system disorders","各类神经系统疾病","129","129","14652","106713","19784985","14781","106842","19906479","1.63","1.37","1.94","1.63 (1.37, 1.94)","1.63","31.29","0.7","0.52","79.3325","1.62","0.95","1","0","1","0","0","0"
"POOLED","PARAESTHESIA ORAL","PARAESTHESIA ORAL","口部异常感觉","Gastrointestinal disorders","胃肠系统疾病","122","122","14659","13465","19878233","14781","13587","19906479","12.29","10.27","14.69","12.29 (10.27, 14.69)","12.19","1243.18","3.6","3.41","10.0886","11.57","6.73","1","1","1","1","1","1"
"POOLED","Pain","Pain","疼痛","General disorders and administration site conditions","全身性疾病及给药部位各种反应","122","122","14659","584635","19307063","14781","584757","19906479","0.27","0.23","0.33","0.27 (0.23, 0.33)","0.28","231.44","-1.83","-2.01","434.195","0.28","0.16","0","0","0","0","0","0"
"POOLED","ABDOMINAL PAIN","ABDOMINAL PAIN","腹痛","Gastrointestinal disorders","胃肠系统疾病","118","118","14663","220000","19671698","14781","220118","19906479","0.72","0.6","0.86","0.72 (0.60, 0.86)","0.72","12.79","-0.47","-0.65","163.4425","0.72","0.42","0","0","0","0","0","0"
"POOLED","Palpitations","Palpitations","心悸","Cardiac disorders","心脏器官疾病","116","116","14665","111129","19780569","14781","111245","19906479","1.41","1.17","1.69","1.41 (1.17, 1.69)","1.4","13.59","0.49","0.3","82.6019","1.4","0.82","1","0","1","0","0","0"
"POOLED","Syncope","Syncope","晕厥","Nervous system disorders","各类神经系统疾病","115","115","14666","95523","19796175","14781","95638","19906479","1.63","1.35","1.95","1.63 (1.35, 1.95)","1.62","27.4","0.7","0.51","71.0133","1.62","0.94","1","0","1","0","0","0"
"POOLED","Lacrimation increased","Lacrimation increased","流泪增加","Eye disorders","眼器官疾病","114","114","14667","27862","19863836","14781","27976","19906479","5.54","4.61","6.67","5.54 (4.61, 6.67)","5.51","419.3","2.46","2.27","20.7728","5.38","3.13","1","1","1","1","1","1"
"POOLED","Blood creatinine increased","Blood creatinine increased","血肌酐升高","Investigations","各类检查","114","114","14667","62497","19829201","14781","62611","19906479","2.47","2.05","2.97","2.47 (2.05, 2.97)","2.45","98.42","1.29","1.11","46.49","2.44","1.42","1","1","1","0","1","0"
"POOLED","Blister","Blister","水疱","Skin and subcutaneous tissue disorders","皮肤及皮下组织类疾病","112","112","14669","51815","19839883","14781","51927","19906479","2.92","2.43","3.52","2.92 (2.43, 3.52)","2.91","140.36","1.54","1.35","38.5569","2.88","1.67","1","1","1","0","1","0"
"POOLED","Paraesthesia","Paraesthesia","皮肤异常感觉","Nervous system disorders","各类神经系统疾病","112","112","14669","150755","19740943","14781","150867","19906479","1","0.83","1.2","1.00 (0.83, 1.20)","1","0","-0","-0.19","112.0221","1","0.58","0","0","0","0","0","0"
"POOLED","CONVULSION","CONVULSION",,,,"110","110","14671","57108","19834590","14781","57218","19906479","2.6","2.16","3.14","2.60 (2.16, 3.14)","2.59","107.68","1.37","1.18","42.4856","2.57","1.49","1","1","1","0","1","0"
"POOLED","Rash pruritic","Rash pruritic","瘙痒性皮疹","Skin and subcutaneous tissue disorders","皮肤及皮下组织类疾病","108","108","14673","50752","19840946","14781","50860","19906479","2.88","2.38","3.48","2.88 (2.38, 3.48)","2.86","131.06","1.52","1.32","37.7647","2.84","1.65","1","1","1","0","1","0"
"POOLED","CONFUSIONAL STATE","CONFUSIONAL STATE","意识模糊状态","Psychiatric disorders","精神病类","102","102","14679","153695","19738003","14781","153797","19906479","0.89","0.73","1.08","0.89 (0.73, 1.08)","0.89","1.31","-0.16","-0.36","114.1977","0.89","0.52","0","0","0","0","0","0"
"POOLED","Rash maculo-papular","Rash maculo-papular","斑丘疹","Skin and subcutaneous tissue disorders","皮肤及皮下组织类疾病","101","101","14680","20840","19870858","14781","20941","19906479","6.56","5.39","7.98","6.56 (5.39, 7.98)","6.52","470.44","2.7","2.5","15.5492","6.32","3.67","1","1","1","1","1","1"
"POOLED","Back pain","Back pain","背痛","Musculoskeletal and connective tissue disorders","各种肌肉骨骼及结缔组织疾病","98","98","14683","221827","19669871","14781","221925","19906479","0.59","0.49","0.72","0.59 (0.49, 0.72)","0.59","27.39","-0.75","-0.95","164.7842","0.6","0.35","0","0","0","0","0","0"
"POOLED","Injection site extravasation","Injection site extravasation","注射部位外渗","General disorders and administration site conditions","全身性疾病及给药部位各种反应","97","97","14684","12060","19879638","14781","12157","19906479","10.89","8.91","13.31","10.89 (8.91, 13.31)","10.82","858.52","3.43","3.22","9.0268","10.23","5.93","1","1","1","1","1","1"
"POOLED","Aphasia","Aphasia","失语","Nervous system disorders","各类神经系统疾病","97","97","14684","28800","19862898","14781","28897","19906479","4.56","3.73","5.56","4.56 (3.73, 5.56)","4.53","266.55","2.18","1.97","21.4567","4.44","2.57","1","1","1","1","1","1"
"POOLED","Bradycardia","Bradycardia","心动过缓","Cardiac disorders","心脏器官疾病","97","97","14684","50945","19840753","14781","51042","19906479","2.57","2.11","3.14","2.57 (2.11, 3.14)","2.56","92.47","1.36","1.15","37.8998","2.54","1.47","1","1","1","0","1","0"
"POOLED","Burning sensation","Burning sensation","烧灼感","Nervous system disorders","各类神经系统疾病","93","93","14688","66600","19825098","14781","66693","19906479","1.88","1.54","2.31","1.88 (1.54, 2.31)","1.88","38.33","0.91","0.7","49.521","1.87","1.08","1","0","1","0","0","0"
"POOLED","FATIGUE","FATIGUE","疲劳","General disorders and administration site conditions","全身性疾病及给药部位各种反应","93","93","14688","734484","19157214","14781","734577","19906479","0.17","0.13","0.2","0.17 (0.13, 0.20)","0.17","389.97","-2.55","-2.76","545.4396","0.17","0.1","0","0","0","0","0","0"
"POOLED","Pruritus generalised","Pruritus generalised",,,,"92","92","14689","21496","19870202","14781","21588","19906479","5.79","4.71","7.11","5.79 (4.71, 7.11)","5.76","360.71","2.52","2.31","16.0296","5.6","3.24","1","1","1","1","1","1"
"POOLED","Urinary incontinence","Urinary incontinence","尿失禁","Renal and urinary disorders","肾脏及泌尿系统疾病","92","92","14689","28295","19863403","14781","28387","19906479","4.4","3.58","5.4","4.40 (3.58, 5.40)","4.38","239.15","2.13","1.92","21.078","4.29","2.48","1","1","1","1","1","1"
"POOLED","RASH GENERALISED","RASH GENERALISED",,,,"91","91","14690","25744","19865954","14781","25835","19906479","4.78","3.89","5.88","4.78 (3.89, 5.88)","4.76","269.42","2.25","2.04","19.1831","4.65","2.69","1","1","1","1","1","1"
"POOLED","Diarrhoea","Diarrhoea","腹泻","Gastrointestinal disorders","胃肠系统疾病","91","91","14690","605582","19286116","14781","605673","19906479","0.2","0.16","0.24","0.20 (0.16, 0.24)","0.2","295.34","-2.31","-2.52","449.7256","0.2","0.12","0","0","0","0","0","0"
"POOLED","Tachypnoea","Tachypnoea","呼吸急促","Respiratory, thoracic and mediastinal disorders","呼吸系统、胸及纵隔疾病","90","90","14691","12753","19878945","14781","12843","19906479","9.55","7.76","11.76","9.55 (7.76, 11.76)","9.5","679.87","3.24","3.03","9.5362","9.02","5.21","1","1","1","1","1","1"
"POOLED","RENAL FAILURE","RENAL FAILURE","肾衰","Renal and urinary disorders","肾脏及泌尿系统疾病","87","87","14694","129097","19762601","14781","129184","19906479","0.91","0.73","1.12","0.91 (0.73, 1.12)","0.91","0.84","-0.14","-0.36","95.922","0.91","0.52","0","0","0","0","0","0"
"POOLED","COLD SWEAT","COLD SWEAT","冷汗","Skin and subcutaneous tissue disorders","皮肤及皮下组织类疾病","86","86","14695","16863","19874835","14781","16949","19906479","6.9","5.58","8.53","6.90 (5.58, 8.53)","6.86","428.95","2.77","2.56","12.585","6.61","3.82","1","1","1","1","1","1"
"POOLED","VENTRICULAR FIBRILLATION","VENTRICULAR FIBRILLATION","室颤","Cardiac disorders","心脏器官疾病","84","84","14697","10520","19881178","14781","10604","19906479","10.8","8.71","13.4","10.80 (8.71, 13.40)","10.75","736.96","3.42","3.2","7.8737","10.09","5.82","1","1","1","1","1","1"
"POOLED","HYPOAESTHESIA ORAL","HYPOAESTHESIA ORAL","口腔感觉减退","Gastrointestinal disorders","胃肠系统疾病","83","83","14698","14298","19877400","14781","14381","19906479","7.85","6.32","9.75","7.85 (6.32, 9.75)","7.81","490.54","2.96","2.74","10.6782","7.47","4.31","1","1","1","1","1","1"
"POOLED","Post procedural complication","Post procedural complication","操作后并发症","Injury, poisoning and procedural complications","各类损伤、中毒及操作并发症","78","78","14703","18545","19873153","14781","18623","19906479","5.68","4.55","7.11","5.68 (4.55, 7.11)","5.66","298.31","2.5","2.27","13.828","5.48","3.15","1","1","1","1","1","1"
"POOLED","Pulse absent","Pulse absent","脉搏消失","Investigations","各类检查","76","76","14705","4546","19887152","14781","4622","19906479","22.61","18.01","28.38","22.61 (18.01, 28.38)","22.5","1535.94","4.47","4.24","3.4319","19.46","11.19","1","1","1","1","1","1"
"POOLED","Drug ineffective","Drug ineffective","药物无效","General disorders and administration site conditions","全身性疾病及给药部位各种反应","76","76","14705","1245103","18646595","14781","1245179","19906479","0.08","0.06","0.1","0.08 (0.06, 0.10)","0.08","831.4","-3.6","-3.83","924.5729","0.08","0.05","0","0","0","0","0","0"
"POOLED","Papule","Papule","丘疹","Skin and subcutaneous tissue disorders","皮肤及皮下组织类疾病","75","75","14706","6437","19885261","14781","6512","19906479","15.75","12.54","19.79","15.75 (12.54, 19.79)","15.68","1019.24","3.96","3.72","4.8353","14.15","8.13","1","1","1","1","1","1"
"POOLED","Respiratory failure","Respiratory failure","呼吸衰竭","Respiratory, thoracic and mediastinal disorders","呼吸系统、胸及纵隔疾病","75","75","14706","70036","19821662","14781","70111","19906479","1.44","1.15","1.81","1.44 (1.15, 1.81)","1.44","10.15","0.53","0.3","52.059","1.44","0.83","1","0","1","0","0","0"
"POOLED","Infusion site extravasation","Infusion site extravasation","输液部位渗出","General disorders and administration site conditions","全身性疾病及给药部位各种反应","73","73","14708","5873","19885825","14781","5946","19906479","16.81","13.33","21.18","16.81 (13.33, 21.18)","16.73","1066.54","4.05","3.81","4.415","14.95","8.59","1","1","1","1","1","1"
"POOLED","ANAPHYLACTOID SHOCK","ANAPHYLACTOID SHOCK","类过敏性休克","Immune system disorders","免疫系统疾病","72","72","14709","389","19891309","14781","461","19906479","250.3","194.55","322.03","250.30 (194.55, 322.03)","249.09","15012.33","7.72","7.46","0.3423","86.07","49.41","1","1","1","1","1","1"
"POOLED","Dysphoria","Dysphoria","烦躁不安","Psychiatric disorders","精神病类","71","71","14710","4857","19886841","14781","4928","19906479","19.76","15.63","24.99","19.76 (15.63, 24.99)","19.67","1240.53","4.28","4.04","3.6591","17.19","9.86","1","1","1","1","1","1"
"POOLED","Drug administration error","Drug administration error",,,,"71","71","14710","30620","19861078","14781","30691","19906479","3.13","2.48","3.95","3.13 (2.48, 3.95)","3.12","102.23","1.64","1.4","22.7887","3.07","1.76","1","1","1","0","1","0"
"POOLED","Anxiety","Anxiety","焦虑","Psychiatric disorders","精神病类","71","71","14710","272892","19618806","14781","272963","19906479","0.35","0.27","0.44","0.35 (0.27, 0.44)","0.35","86.81","-1.51","-1.75","202.6811","0.35","0.2","0","0","0","0","0","0"
"POOLED","Injection site pain","Injection site pain","注射部位痛","General disorders and administration site conditions","全身性疾病及给药部位各种反应","71","71","14710","284660","19607038","14781","284731","19906479","0.33","0.26","0.42","0.33 (0.26, 0.42)","0.34","94.69","-1.57","-1.81","211.4191","0.34","0.19","0","0","0","0","0","0"
"POOLED","Air embolism","Air embolism","空气栓塞","Vascular disorders","血管与淋巴管类疾病","70","70","14711","385","19891313","14781","455","19906479","245.84","190.47","317.31","245.84 (190.47, 317.31)","244.68","14374.92","7.69","7.43","0.3378","84.14","48.25","1","1","1","1","1","1"
"POOLED","Sensation of foreign body","Sensation of foreign body","异物感","General disorders and administration site conditions","全身性疾病及给药部位各种反应","68","68","14713","7736","19883962","14781","7804","19906479","11.88","9.35","15.09","11.88 (9.35, 15.09)","11.83","668.53","3.55","3.31","5.7946","10.88","6.23","1","1","1","1","1","1"
"POOLED","Heart rate decreased","Heart rate decreased","心率降低","Investigations","各类检查","68","68","14713","33736","19857962","14781","33804","19906479","2.72","2.14","3.45","2.72 (2.14, 3.45)","2.71","73.5","1.44","1.19","25.1002","2.68","1.53","1","1","1","0","1","0"
"POOLED","Oedema","Oedema","水肿","General disorders and administration site conditions","全身性疾病及给药部位各种反应","68","68","14713","50979","19840719","14781","51047","19906479","1.8","1.42","2.28","1.80 (1.42, 2.28)","1.8","23.98","0.84","0.6","37.9035","1.78","1.02","1","0","1","0","0","0"
"POOLED","Pain in extremity","Pain in extremity","肢体疼痛","Musculoskeletal and connective tissue disorders","各种肌肉骨骼及结缔组织疾病","67","67","14714","282107","19609591","14781","282174","19906479","0.32","0.25","0.4","0.32 (0.25, 0.40)","0.32","98.41","-1.64","-1.89","209.5204","0.32","0.18","0","0","0","0","0","0"
"POOLED","Somnolence","Somnolence","嗜睡","Nervous system disorders","各类神经系统疾病","66","66","14715","191307","19700391","14781","191373","19906479","0.46","0.36","0.59","0.46 (0.36, 0.59)","0.46","41.18","-1.11","-1.35","142.0987","0.47","0.27","0","0","0","0","0","0"
"POOLED","Maternal exposure during pregnancy","Maternal exposure during pregnancy","孕产妇在妊娠过程中的暴露","Injury, poisoning and procedural complications","各类损伤、中毒及操作并发症","65","65","14716","80231","19811467","14781","80296","19906479","1.09","0.85","1.39","1.09 (0.85, 1.39)","1.09","0.49","0.12","-0.12","59.6216","1.09","0.62","0","0","0","0","0","0"
"POOLED","Blood pressure immeasurable","Blood pressure immeasurable","血压不可测","Investigations","各类检查","64","64","14717","1416","19890282","14781","1480","19906479","61.09","47.53","78.51","61.09 (47.53, 78.51)","60.83","3603.3","5.86","5.61","1.0989","40.34","23.06","1","1","1","1","1","1"
"POOLED","ACUTE GENERALISED EXANTHEMATOUS PUSTULOSIS","ACUTE GENERALISED EXANTHEMATOUS PUSTULOSIS","急性泛发性发疹性脓疱病","Skin and subcutaneous tissue disorders","皮肤及皮下组织类疾病","64","64","14717","7223","19884475","14781","7287","19906479","11.97","9.36","15.32","11.97 (9.36, 15.32)","11.92","635.13","3.56","3.31","5.4108","10.91","6.24","1","1","1","1","1","1"
"POOLED","Muscular weakness","Muscular weakness","肌无力","Musculoskeletal and connective tissue disorders","各种肌肉骨骼及结缔组织疾病","64","64","14717","107926","19783772","14781","107990","19906479","0.8","0.62","1.02","0.80 (0.62, 1.02)","0.8","3.29","-0.33","-0.58","80.185","0.8","0.46","0","0","0","0","0","0"
"POOLED","Eosinophilia","Eosinophilia","嗜酸性粒细胞增多症","Blood and lymphatic system disorders","血液及淋巴系统疾病","63","63","14718","16327","19875371","14781","16390","19906479","5.21","4.07","6.68","5.21 (4.07, 6.68)","5.19","212.63","2.37","2.12","12.1699","5.01","2.86","1","1","1","1","1","1"
"POOLED","Death","Death","死亡","General disorders and administration site conditions","全身性疾病及给药部位各种反应","63","63","14718","812737","19078961","14781","812800","19906479","0.1","0.08","0.13","0.10 (0.08, 0.13)","0.1","505.08","-3.26","-3.51","603.5219","0.11","0.06","0","0","0","0","0","0"
"POOLED","Pharyngeal swelling","Pharyngeal swelling","咽部肿胀","Respiratory, thoracic and mediastinal disorders","呼吸系统、胸及纵隔疾病","62","62","14719","8752","19882946","14781","8814","19906479","9.57","7.45","12.29","9.57 (7.45, 12.29)","9.53","470.46","3.24","2.99","6.5446","8.87","5.06","1","1","1","1","1","1"
"POOLED","Drug eruption","Drug eruption","药疹","Skin and subcutaneous tissue disorders","皮肤及皮下组织类疾病","62","62","14719","16387","19875311","14781","16449","19906479","5.11","3.98","6.56","5.11 (3.98, 6.56)","5.09","203.26","2.34","2.09","12.2137","4.92","2.81","1","1","1","1","1","1"
"POOLED","PULMONARY OEDEMA","PULMONARY OEDEMA","肺水肿","Respiratory, thoracic and mediastinal disorders","呼吸系统、胸及纵隔疾病","62","62","14719","42987","19848711","14781","43049","19906479","1.94","1.52","2.5","1.94 (1.52, 2.50)","1.94","28.3","0.96","0.7","31.9648","1.93","1.1","1","0","1","0","0","0"
"POOLED","Agitation","Agitation","激越","Psychiatric disorders","精神病类","61","61","14720","70692","19821006","14781","70753","19906479","1.16","0.9","1.49","1.16 (0.90, 1.49)","1.16","1.37","0.22","-0.04","52.5357","1.16","0.66","0","0","0","0","0","0"
"POOLED","Generalised erythema","Generalised erythema",,,,"59","59","14722","5631","19886067","14781","5690","19906479","14.15","10.95","18.3","14.15 (10.95, 18.30)","14.1","710.87","3.8","3.54","4.225","12.59","7.17","1","1","1","1","1","1"
"POOLED","Restlessness","Restlessness","躁动","Psychiatric disorders","精神病类","59","59","14722","35026","19856672","14781","35085","19906479","2.27","1.76","2.93","2.27 (1.76, 2.93)","2.27","41.78","1.18","0.92","26.0514","2.24","1.28","1","1","1","0","1","0"
"POOLED","Peripheral swelling","Peripheral swelling","外周肿胀","General disorders and administration site conditions","全身性疾病及给药部位各种反应","59","59","14722","143105","19748593","14781","143164","19906479","0.55","0.43","0.71","0.55 (0.43, 0.71)","0.55","21.22","-0.85","-1.11","106.3024","0.56","0.32","0","0","0","0","0","0"
"POOLED","Oral pruritus","Oral pruritus","口腔瘙痒","Gastrointestinal disorders","胃肠系统疾病","58","58","14723","2094","19889604","14781","2152","19906479","37.42","28.81","48.6","37.42 (28.81, 48.60)","37.28","1992.55","5.18","4.92","1.5979","27.88","15.88","1","1","1","1","1","1"
"POOLED","Procedural complication","Procedural complication","操作并发症","Injury, poisoning and procedural complications","各类损伤、中毒及操作并发症","58","58","14723","7394","19884304","14781","7452","19906479","10.59","8.18","13.72","10.59 (8.18, 13.72)","10.56","498.05","3.39","3.13","5.5333","9.7","5.52","1","1","1","1","1","1"
"POOLED","Presyncope","Presyncope","晕厥前期","Nervous system disorders","各类神经系统疾病","58","58","14723","22740","19868958","14781","22798","19906479","3.44","2.66","4.46","3.44 (2.66, 4.46)","3.43","99.84","1.78","1.51","16.928","3.36","1.91","1","1","1","0","1","0"
"POOLED","Discomfort","Discomfort","不适","General disorders and administration site conditions","全身性疾病及给药部位各种反应","58","58","14723","55097","19836601","14781","55155","19906479","1.42","1.1","1.84","1.42 (1.10, 1.84)","1.42","7.12","0.5","0.24","40.9538","1.41","0.8","1","0","1","0","0","0"
"POOLED","Skin exfoliation","Skin exfoliation","皮肤剥脱","Skin and subcutaneous tissue disorders","皮肤及皮下组织类疾病","58","58","14723","77821","19813877","14781","77879","19906479","1","0.77","1.3","1.00 (0.77, 1.30)","1","0","0","-0.26","57.8269","1","0.57","0","0","0","0","0","0"
"POOLED","Dermatitis allergic","Dermatitis allergic","过敏性皮炎","Skin and subcutaneous tissue disorders","皮肤及皮下组织类疾病","57","57","14724","11513","19880185","14781","11570","19906479","6.68","5.15","8.68","6.68 (5.15, 8.68)","6.66","273.14","2.73","2.46","8.591","6.32","3.6","1","1","1","1","1","1"
"POOLED","RETCHING","RETCHING","干呕","Gastrointestinal disorders","胃肠系统疾病","57","57","14724","20159","19871539","14781","20216","19906479","3.82","2.94","4.95","3.82 (2.94, 4.95)","3.81","117.66","1.92","1.66","15.0108","3.71","2.11","1","1","1","1","1","1"
"POOLED","Hypoxia","Hypoxia","缺氧","Respiratory, thoracic and mediastinal disorders","呼吸系统、胸及纵隔疾病","57","57","14724","33126","19858572","14781","33183","19906479","2.32","1.79","3.01","2.32 (1.79, 3.01)","2.32","42.61","1.21","0.94","24.6391","2.29","1.3","1","1","1","0","1","0"
"POOLED","Disorientation","Disorientation","定向力障碍","Psychiatric disorders","精神病类","57","57","14724","38215","19853483","14781","38272","19906479","2.01","1.55","2.61","2.01 (1.55, 2.61)","2.01","28.82","1","0.74","28.4178","1.99","1.13","1","1","1","0","1","0"
"POOLED","Vision blurred","Vision blurred","视物模糊","Eye disorders","眼器官疾病","57","57","14724","129512","19762186","14781","129569","19906479","0.59","0.46","0.77","0.59 (0.46, 0.77)","0.59","16.1","-0.76","-1.02","96.2078","0.59","0.34","0","0","0","0","0","0"
"POOLED","Renal tubular necrosis","Renal tubular necrosis","肾小管坏死","Renal and urinary disorders","肾脏及泌尿系统疾病","56","56","14725","9311","19882387","14781","9367","19906479","8.12","6.24","10.57","8.12 (6.24, 10.57)","8.09","346.26","3.01","2.74","6.9552","7.58","4.31","1","1","1","1","1","1"
"POOLED","Circulatory collapse","Circulatory collapse","循环性虚脱","Vascular disorders","血管与淋巴管类疾病","55","55","14726","16353","19875345","14781","16408","19906479","4.54","3.48","5.92","4.54 (3.48, 5.92)","4.53","150.71","2.17","1.9","12.1833","4.38","2.49","1","1","1","1","1","1"
"POOLED","NEPHROPATHY","NEPHROPATHY","肾病","Renal and urinary disorders","肾脏及泌尿系统疾病","52","52","14729","8942","19882756","14781","8994","19906479","7.85","5.97","10.31","7.85 (5.97, 10.31)","7.83","307.94","2.96","2.68","6.6782","7.31","4.14","1","1","1","1","1","1"
"POOLED","FEELING COLD","FEELING COLD","感到寒冷","General disorders and administration site conditions","全身性疾病及给药部位各种反应","52","52","14729","26592","19865106","14781","26644","19906479","2.64","2.01","3.46","2.64 (2.01, 3.46)","2.63","52.57","1.39","1.12","19.7838","2.59","1.47","1","1","1","0","1","0"
"POOLED","COMA","COMA","昏迷","Nervous system disorders","各类神经系统疾病","52","52","14729","45264","19846434","14781","45316","19906479","1.55","1.18","2.03","1.55 (1.18, 2.03)","1.55","10.04","0.63","0.35","33.6481","1.54","0.87","1","0","1","0","0","0"
"POOLED","Rhinorrhoea","Rhinorrhoea","流涕","Respiratory, thoracic and mediastinal disorders","呼吸系统、胸及纵隔疾病","52","52","14729","60689","19831009","14781","60741","19906479","1.15","0.88","1.51","1.15 (0.88, 1.51)","1.15","1.06","0.21","-0.07","45.1015","1.15","0.65","0","0","0","0","0","0"
"POOLED","Altered state of consciousness","Altered state of consciousness","意识状态改变","Nervous system disorders","各类神经系统疾病","51","51","14730","20231","19871467","14781","20282","19906479","3.4","2.58","4.48","3.40 (2.58, 4.48)","3.39","85.92","1.76","1.48","15.0598","3.31","1.87","1","1","1","0","1","0"
"POOLED","Oropharyngeal discomfort","Oropharyngeal discomfort","口咽不适感","Respiratory, thoracic and mediastinal disorders","呼吸系统、胸及纵隔疾病","50","50","14731","8244","19883454","14781","8294","19906479","8.19","6.2","10.82","8.19 (6.20, 10.82)","8.16","312.47","3.02","2.74","6.1585","7.58","4.29","1","1","1","1","1","1"
"POOLED","Product physical issue","Product physical issue","产品的物理问题","Product issues","产品问题","50","50","14731","18603","19873095","14781","18653","19906479","3.63","2.75","4.79","3.63 (2.75, 4.79)","3.62","94.51","1.85","1.57","13.8503","3.52","1.99","1","1","1","0","1","0"
"POOLED","Oropharyngeal pain","Oropharyngeal pain","口咽疼痛","Respiratory, thoracic and mediastinal disorders","呼吸系统、胸及纵隔疾病","50","50","14731","88076","19803622","14781","88126","19906479","0.76","0.58","1.01","0.76 (0.58, 1.01)","0.76","3.66","-0.39","-0.67","65.4355","0.77","0.43","0","0","0","0","0","0"
"POOLED","Toxic skin eruption","Toxic skin eruption","中毒性皮疹","Skin and subcutaneous tissue disorders","皮肤及皮下组织类疾病","49","49","14732","9619","19882079","14781","9668","19906479","6.87","5.19","9.11","6.87 (5.19, 9.11)","6.86","243.94","2.77","2.48","7.1787","6.45","3.64","1","1","1","1","1","1"
"POOLED","Hypothyroidism","Hypothyroidism","甲状腺功能减退症","Endocrine disorders","内分泌系统疾病","49","49","14732","29796","19861902","14781","29845","19906479","2.22","1.67","2.94","2.22 (1.67, 2.94)","2.21","32.58","1.14","0.86","22.1606","2.18","1.23","1","1","1","0","1","0"
"POOLED","Ventricular tachycardia","Ventricular tachycardia","室性心动过速","Cardiac disorders","心脏器官疾病","48","48","14733","15807","19875891","14781","15855","19906479","4.1","3.08","5.44","4.10 (3.08, 5.44)","4.09","111.65","2.03","1.74","11.7727","3.95","2.23","1","1","1","1","1","1"
"POOLED","ATRIAL FIBRILLATION","ATRIAL FIBRILLATION","房颤","Cardiac disorders","心脏器官疾病","48","48","14733","92947","19798751","14781","92995","19906479","0.69","0.52","0.92","0.69 (0.52, 0.92)","0.69","6.45","-0.52","-0.81","69.0508","0.7","0.39","0","0","0","0","0","0"
"POOLED","ERYTHEMA MULTIFORME","ERYTHEMA MULTIFORME","多形性红斑","Skin and subcutaneous tissue disorders","皮肤及皮下组织类疾病","47","47","14734","8841","19882857","14781","8888","19906479","7.17","5.38","9.56","7.17 (5.38, 9.56)","7.15","247.61","2.83","2.54","6.5995","6.69","3.77","1","1","1","1","1","1"
"POOLED","Speech disorder","Speech disorder","言语障碍","Nervous system disorders","各类神经系统疾病","47","47","14734","50125","19841573","14781","50172","19906479","1.26","0.95","1.68","1.26 (0.95, 1.68)","1.26","2.56","0.34","0.04","37.2538","1.26","0.71","0","0","1","0","0","0"
"POOLED","Oedema peripheral","Oedema peripheral","外周水肿","General disorders and administration site conditions","全身性疾病及给药部位各种反应","47","47","14734","117713","19773985","14781","117760","19906479","0.54","0.4","0.71","0.54 (0.40, 0.71)","0.54","18.83","-0.9","-1.19","87.4394","0.54","0.3","0","0","0","0","0","0"
"POOLED","CONDITION AGGRAVATED","CONDITION AGGRAVATED","病情恶化","General disorders and administration site conditions","全身性疾病及给药部位各种反应","47","47","14734","281618","19610080","14781","281665","19906479","0.22","0.17","0.3","0.22 (0.17, 0.30)","0.22","127.6","-2.15","-2.45","209.1425","0.23","0.13","0","0","0","0","0","0"
"POOLED","BRAIN OEDEMA","BRAIN OEDEMA","脑水肿","Nervous system disorders","各类神经系统疾病","45","45","14736","11954","19879744","14781","11999","19906479","5.08","3.79","6.81","5.08 (3.79, 6.81)","5.07","146.39","2.34","2.04","8.9095","4.84","2.72","1","1","1","1","1","1"
"POOLED","INJECTION SITE SWELLING","INJECTION SITE SWELLING","注射部位肿胀","General disorders and administration site conditions","全身性疾病及给药部位各种反应","45","45","14736","71214","19820484","14781","71259","19906479","0.85","0.63","1.14","0.85 (0.63, 1.14)","0.85","1.19","-0.23","-0.53","52.9114","0.85","0.48","0","0","0","0","0","0"
"POOLED","Laryngeal discomfort","Laryngeal discomfort","喉部不适","Respiratory, thoracic and mediastinal disorders","呼吸系统、胸及纵隔疾病","44","44","14737","556","19891142","14781","600","19906479","106.81","78.55","145.25","106.81 (78.55, 145.25)","106.5","4261.29","6.63","6.31","0.4455","47.06","26.45","1","1","1","1","1","1"
"POOLED","Sepsis","Sepsis","脓毒症","Infections and infestations","感染及侵染类疾病","44","44","14737","106325","19785373","14781","106369","19906479","0.56","0.41","0.75","0.56 (0.41, 0.75)","0.56","15.59","-0.84","-1.15","78.9813","0.56","0.31","0","0","0","0","0","0"
"POOLED","Myocardial infarction","Myocardial infarction","心肌梗死","Cardiac disorders","心脏器官疾病","43","43","14738","170441","19721257","14781","170484","19906479","0.34","0.25","0.46","0.34 (0.25, 0.46)","0.34","55.71","-1.56","-1.86","126.5881","0.34","0.19","0","0","0","0","0","0"
"POOLED","MUSCLE SPASMS","MUSCLE SPASMS","肌痉挛","Musculoskeletal and connective tissue disorders","各种肌肉骨骼及结缔组织疾病","43","43","14738","174497","19717201","14781","174540","19906479","0.33","0.24","0.44","0.33 (0.24, 0.44)","0.33","58.42","-1.59","-1.9","129.5998","0.33","0.19","0","0","0","0","0","0"
"POOLED","Electrocardiogram ST segment elevation","Electrocardiogram ST segment elevation","心电图ST段抬高","Investigations","各类检查","42","42","14739","3174","19888524","14781","3216","19906479","17.86","13.16","24.22","17.86 (13.16, 24.22)","17.81","657.69","4.14","3.83","2.388","14.72","8.25","1","1","1","1","1","1"
"POOLED","Delirium","Delirium","谵妄","Psychiatric disorders","精神病类","42","42","14739","32537","19859161","14781","32579","19906479","1.74","1.28","2.35","1.74 (1.28, 2.35)","1.74","13.14","0.8","0.49","24.1906","1.72","0.96","1","0","1","0","0","0"
"POOLED","Hemiparesis","Hemiparesis","单侧轻瘫","Nervous system disorders","各类神经系统疾病","41","41","14740","16301","19875397","14781","16342","19906479","3.39","2.5","4.61","3.39 (2.50, 4.61)","3.38","68.77","1.76","1.44","12.1343","3.28","1.84","1","1","1","0","1","0"
"POOLED","Stevens-Johnson syndrome","Stevens-Johnson syndrome","Stevens-Johnson综合征","Skin and subcutaneous tissue disorders","皮肤及皮下组织类疾病","41","41","14740","21338","19870360","14781","21379","19906479","2.59","1.91","3.52","2.59 (1.91, 3.52)","2.59","39.84","1.37","1.06","15.8744","2.53","1.42","1","1","1","0","1","0"
"POOLED","Drug reaction with eosinophilia and systemic symptoms","Drug reaction with eosinophilia and systemic symptoms","药物反应伴嗜酸粒细胞增多和全身性症状","Skin and subcutaneous tissue disorders","皮肤及皮下组织类疾病","41","41","14740","23890","19867808","14781","23931","19906479","2.31","1.7","3.14","2.31 (1.70, 3.14)","2.31","30.43","1.21","0.89","17.7693","2.27","1.27","1","1","1","0","1","0"
"POOLED","Rash macular","Rash macular","斑状皮疹","Skin and subcutaneous tissue disorders","皮肤及皮下组织类疾病","41","41","14740","32954","19858744","14781","32995","19906479","1.68","1.23","2.28","1.68 (1.23, 2.28)","1.67","11.14","0.74","0.43","24.4995","1.66","0.93","1","0","1","0","0","0"
"POOLED","Myalgia","Myalgia","肌痛","Musculoskeletal and connective tissue disorders","各种肌肉骨骼及结缔组织疾病","41","41","14740","161989","19729709","14781","162030","19906479","0.34","0.25","0.46","0.34 (0.25, 0.46)","0.34","52.75","-1.55","-1.87","120.3109","0.34","0.19","0","0","0","0","0","0"
"POOLED","Foaming at mouth","Foaming at mouth","口吐白沫","General disorders and administration site conditions","全身性疾病及给药部位各种反应","40","40","14741","1893","19889805","14781","1933","19906479","28.51","20.84","39.01","28.51 (20.84, 39.01)","28.44","1037.06","4.8","4.48","1.4353","20.93","11.7","1","1","1","1","1","1"
"POOLED","Skin reaction","Skin reaction","皮肤反应","Skin and subcutaneous tissue disorders","皮肤及皮下组织类疾病","40","40","14741","13215","19878483","14781","13255","19906479","4.08","2.99","5.57","4.08 (2.99, 5.57)","4.07","92.54","2.02","1.71","9.8421","3.92","2.19","1","1","1","1","1","1"
"POOLED","EYE IRRITATION","EYE IRRITATION","眼刺激","Eye disorders","眼器官疾病","40","40","14741","50482","19841216","14781","50522","19906479","1.07","0.78","1.45","1.07 (0.78, 1.45)","1.07","0.17","0.09","-0.22","37.5137","1.07","0.6","0","0","0","0","0","0"
"POOLED","Product quality issue","Product quality issue","产品质量问题","Product issues","产品问题","40","40","14741","130153","19761545","14781","130193","19906479","0.41","0.3","0.56","0.41 (0.30, 0.56)","0.41","33.47","-1.27","-1.59","96.6712","0.42","0.23","0","0","0","0","0","0"
"POOLED","DRUG HYPERSENSITIVITY","DRUG HYPERSENSITIVITY","药物性超敏反应","Immune system disorders","免疫系统疾病","40","40","14741","184137","19707561","14781","184177","19906479","0.29","0.21","0.4","0.29 (0.21, 0.40)","0.29","69.15","-1.77","-2.09","136.7555","0.3","0.16","0","0","0","0","0","0"
"POOLED","Compartment syndrome","Compartment syndrome","骨筋膜室综合征","Musculoskeletal and connective tissue disorders","各种肌肉骨骼及结缔组织疾病","39","39","14742","2476","19889222","14781","2515","19906479","21.25","15.48","29.17","21.25 (15.48, 29.17)","21.2","738.99","4.38","4.06","1.8674","16.68","9.31","1","1","1","1","1","1"
"POOLED","Type I hypersensitivity","Type I hypersensitivity","I型超敏反应","Immune system disorders","免疫系统疾病","39","39","14742","3108","19888590","14781","3147","19906479","16.93","12.34","23.23","16.93 (12.34, 23.23)","16.89","575.77","4.06","3.74","2.3367","13.92","7.77","1","1","1","1","1","1"
"POOLED","Cardiogenic shock","Cardiogenic shock","心源性休克","Cardiac disorders","心脏器官疾病","38","38","14743","13366","19878332","14781","13404","19906479","3.83","2.79","5.27","3.83 (2.79, 5.27)","3.83","79.15","1.93","1.61","9.9528","3.68","2.05","1","1","1","1","1","1"
"POOLED","Incorrect route of drug administration","Incorrect route of drug administration",,,,"38","38","14743","35638","19856060","14781","35676","19906479","1.44","1.04","1.97","1.44 (1.04, 1.97)","1.43","5.01","0.52","0.2","26.4902","1.43","0.79","1","0","1","0","0","0"
"POOLED","ARTHRALGIA","ARTHRALGIA","关节痛","Musculoskeletal and connective tissue disorders","各种肌肉骨骼及结缔组织疾病","38","38","14743","389821","19501877","14781","389859","19906479","0.13","0.09","0.18","0.13 (0.09, 0.18)","0.13","223","-2.93","-3.25","289.4789","0.13","0.07","0","0","0","0","0","0"
"POOLED","Lip oedema","Lip oedema","唇部水肿","Gastrointestinal disorders","胃肠系统疾病","37","37","14744","3996","19887702","14781","4033","19906479","12.49","9.03","17.27","12.49 (9.03, 17.27)","12.46","386.52","3.63","3.3","2.9946","10.73","5.97","1","1","1","1","1","1"
"POOLED","Visual impairment","Visual impairment","视觉损害","Eye disorders","眼器官疾病","37","37","14744","115629","19776069","14781","115666","19906479","0.43","0.31","0.59","0.43 (0.31, 0.59)","0.43","28.01","-1.21","-1.54","85.8846","0.43","0.24","0","0","0","0","0","0"
"POOLED","Hyperthyroidism","Hyperthyroidism","甲状腺功能亢进症","Endocrine disorders","内分泌系统疾病","36","36","14745","13534","19878164","14781","13570","19906479","3.59","2.58","4.98","3.59 (2.58, 4.98)","3.58","66.79","1.84","1.5","10.076","3.45","1.92","1","1","1","0","1","0"
"POOLED","Respiratory disorder","Respiratory disorder","呼吸系统疾病","Respiratory, thoracic and mediastinal disorders","呼吸系统、胸及纵隔疾病","36","36","14745","28248","19863450","14781","28284","19906479","1.72","1.24","2.38","1.72 (1.24, 2.38)","1.72","10.73","0.78","0.44","21.0015","1.7","0.94","1","0","1","0","0","0"
"POOLED","ABDOMINAL PAIN UPPER","ABDOMINAL PAIN UPPER","上腹痛","Gastrointestinal disorders","胃肠系统疾病","36","36","14745","193617","19698081","14781","193653","19906479","0.25","0.18","0.34","0.25 (0.18, 0.34)","0.25","81.66","-2","-2.33","143.7916","0.25","0.14","0","0","0","0","0","0"
"POOLED","Petechiae","Petechiae","瘀点","Skin and subcutaneous tissue disorders","皮肤及皮下组织类疾病","35","35","14746","9781","19881917","14781","9816","19906479","4.82","3.46","6.73","4.82 (3.46, 6.73)","4.82","105.49","2.26","1.92","7.2886","4.56","2.53","1","1","1","1","1","1"
"POOLED","SKIN DISCOLOURATION","SKIN DISCOLOURATION","皮肤变色","Skin and subcutaneous tissue disorders","皮肤及皮下组织类疾病","35","35","14746","43746","19847952","14781","43781","19906479","1.08","0.77","1.5","1.08 (0.77, 1.50)","1.08","0.19","0.11","-0.23","32.5084","1.08","0.6","0","0","0","0","0","0"
"POOLED","Lethargy","Lethargy","倦怠","Nervous system disorders","各类神经系统疾病","34","34","14747","55134","19836564","14781","55168","19906479","0.83","0.59","1.16","0.83 (0.59, 1.16)","0.83","1.19","-0.27","-0.61","40.9635","0.83","0.46","0","0","0","0","0","0"
"POOLED","Pneumonia","Pneumonia","感染性肺炎","Infections and infestations","感染及侵染类疾病","34","34","14747","305313","19586385","14781","305347","19906479","0.15","0.11","0.21","0.15 (0.11, 0.21)","0.15","166.5","-2.74","-3.08","226.7269","0.15","0.08","0","0","0","0","0","0"
"POOLED","Stridor","Stridor","喘鸣","Respiratory, thoracic and mediastinal disorders","呼吸系统、胸及纵隔疾病","33","33","14748","2781","19888917","14781","2814","19906479","16","11.35","22.56","16.00 (11.35, 22.56)","15.97","457.68","3.98","3.63","2.0895","12.94","7.14","1","1","1","1","1","1"
"POOLED","ACUTE PULMONARY OEDEMA","ACUTE PULMONARY OEDEMA","急性肺水肿","Respiratory, thoracic and mediastinal disorders","呼吸系统、胸及纵隔疾病","33","33","14748","5386","19886312","14781","5419","19906479","8.26","5.87","11.64","8.26 (5.87, 11.64)","8.25","208.88","3.04","2.69","4.0237","7.41","4.09","1","1","1","1","1","1"
"POOLED","Apnoea","Apnoea","呼吸暂停","Respiratory, thoracic and mediastinal disorders","呼吸系统、胸及纵隔疾病","33","33","14748","7513","19884185","14781","7546","19906479","5.92","4.21","8.34","5.92 (4.21, 8.34)","5.91","134.11","2.56","2.21","5.6031","5.49","3.03","1","1","1","1","1","1"
"POOLED","Dry throat","Dry throat","咽干","Respiratory, thoracic and mediastinal disorders","呼吸系统、胸及纵隔疾病","33","33","14748","9544","19882154","14781","9577","19906479","4.66","3.31","6.56","4.66 (3.31, 6.56)","4.65","94.37","2.21","1.87","7.1111","4.4","2.43","1","1","1","1","1","1"
"POOLED","Rash papular","Rash papular","丘疹样皮疹","Skin and subcutaneous tissue disorders","皮肤及皮下组织类疾病","33","33","14748","21537","19870161","14781","21570","19906479","2.06","1.47","2.91","2.06 (1.47, 2.91)","2.06","18.04","1.04","0.69","16.0162","2.03","1.12","1","1","1","0","1","0"
"POOLED","Cerebral infarction","Cerebral infarction","脑部梗死","Nervous system disorders","各类神经系统疾病","33","33","14748","23520","19868178","14781","23553","19906479","1.89","1.34","2.66","1.89 (1.34, 2.66)","1.89","13.78","0.92","0.57","17.4886","1.86","1.03","1","0","1","0","0","0"
"POOLED","Abdominal discomfort","Abdominal discomfort","腹部不适","Gastrointestinal disorders","胃肠系统疾病","33","33","14748","155473","19736225","14781","155506","19906479","0.28","0.2","0.4","0.28 (0.20, 0.40)","0.29","59.41","-1.81","-2.16","115.4666","0.29","0.16","0","0","0","0","0","0"
"POOLED","BLINDNESS TRANSIENT","BLINDNESS TRANSIENT","一过性失明","Eye disorders","眼器官疾病","32","32","14749","6987","19884711","14781","7019","19906479","6.17","4.36","8.74","6.17 (4.36, 8.74)","6.16","137.84","2.62","2.26","5.2118","5.69","3.14","1","1","1","1","1","1"
"POOLED","Encephalopathy","Encephalopathy","脑病","Nervous system disorders","各类神经系统疾病","32","32","14749","23091","19868607","14781","23123","19906479","1.87","1.32","2.64","1.87 (1.32, 2.64)","1.86","12.83","0.9","0.54","17.1693","1.84","1.01","1","0","1","0","0","0"
"POOLED","Dysarthria","Dysarthria","构音不良","Nervous system disorders","各类神经系统疾病","32","32","14749","35903","19855795","14781","35935","19906479","1.2","0.85","1.7","1.20 (0.85, 1.70)","1.2","1.06","0.26","-0.09","26.6825","1.2","0.66","0","0","0","0","0","0"
"POOLED","KOUNIS SYNDROME","KOUNIS SYNDROME","过敏性冠状动脉痉挛综合征","Cardiac disorders","心脏器官疾病","31","31","14750","2027","19889671","14781","2058","19906479","20.62","14.46","29.41","20.62 (14.46, 29.41)","20.58","568.89","4.34","3.98","1.5281","15.53","8.54","1","1","1","1","1","1"
"POOLED","Respiratory rate increased","Respiratory rate increased","呼吸频率升高","Investigations","各类检查","31","31","14750","8490","19883208","14781","8521","19906479","4.92","3.46","7.01","4.92 (3.46, 7.01)","4.91","96.33","2.29","1.93","6.327","4.61","2.54","1","1","1","1","1","1"
"POOLED","Acute respiratory failure","Acute respiratory failure","急性呼吸衰竭","Respiratory, thoracic and mediastinal disorders","呼吸系统、胸及纵隔疾病","31","31","14750","18122","19873576","14781","18153","19906479","2.3","1.62","3.28","2.30 (1.62, 3.28)","2.3","22.81","1.2","0.84","13.479","2.25","1.24","1","1","1","0","1","0"
"POOLED","Dry mouth","Dry mouth","口干","Gastrointestinal disorders","胃肠系统疾病","31","31","14750","76317","19815381","14781","76348","19906479","0.55","0.38","0.78","0.55 (0.38, 0.78)","0.55","11.7","-0.87","-1.23","56.6901","0.55","0.3","0","0","0","0","0","0"
"POOLED","CARDIAC FAILURE","CARDIAC FAILURE","心力衰竭","Cardiac disorders","心脏器官疾病","31","31","14750","76537","19815161","14781","76568","19906479","0.54","0.38","0.77","0.54 (0.38, 0.77)","0.55","11.81","-0.87","-1.23","56.8534","0.55","0.3","0","0","0","0","0","0"
"POOLED","RENAL IMPAIRMENT","RENAL IMPAIRMENT","肾功能损害","Renal and urinary disorders","肾脏及泌尿系统疾病","31","31","14750","78908","19812790","14781","78939","19906479","0.53","0.37","0.75","0.53 (0.37, 0.75)","0.53","13.07","-0.92","-1.28","58.6139","0.53","0.29","0","0","0","0","0","0"
"POOLED","MUSCULOSKELETAL STIFFNESS","MUSCULOSKELETAL STIFFNESS","肌肉骨骼僵硬","Musculoskeletal and connective tissue disorders","各种肌肉骨骼及结缔组织疾病","31","31","14750","82354","19809344","14781","82385","19906479","0.51","0.36","0.72","0.51 (0.36, 0.72)","0.51","14.96","-0.98","-1.34","61.1727","0.51","0.28","0","0","0","0","0","0"
"POOLED","Drug interaction","Drug interaction","药物相互作用","General disorders and administration site conditions","全身性疾病及给药部位各种反应","31","31","14750","150299","19741399","14781","150330","19906479","0.28","0.19","0.39","0.28 (0.19, 0.39)","0.28","58.72","-1.85","-2.21","111.6233","0.28","0.15","0","0","0","0","0","0"
"POOLED","Henoch-Schonlein purpura","Henoch-Schonlein purpura","过敏性紫癜","Skin and subcutaneous tissue disorders","皮肤及皮下组织类疾病","30","30","14751","1961","19889737","14781","1991","19906479","20.63","14.38","29.59","20.63 (14.38, 29.59)","20.59","550.72","4.34","3.97","1.4784","15.42","8.46","1","1","1","1","1","1"
"POOLED","PERIORBITAL OEDEMA","PERIORBITAL OEDEMA","眼眶周围水肿","Eye disorders","眼器官疾病","30","30","14751","4885","19886813","14781","4915","19906479","8.28","5.78","11.86","8.28 (5.78, 11.86)","8.26","190.45","3.04","2.67","3.6495","7.35","4.03","1","1","1","1","1","1"
"POOLED","Rash pustular","Rash pustular","脓疱疹","Infections and infestations","感染及侵染类疾病","30","30","14751","7046","19884652","14781","7076","19906479","5.74","4.01","8.22","5.74 (4.01, 8.22)","5.73","116.68","2.51","2.15","5.2541","5.3","2.91","1","1","1","1","1","1"
"POOLED","Acute myocardial infarction","Acute myocardial infarction","急性心肌梗死","Cardiac disorders","心脏器官疾病","30","30","14751","28795","19862903","14781","28825","19906479","1.4","0.98","2.01","1.40 (0.98, 2.01)","1.4","3.46","0.49","0.12","21.4032","1.39","0.76","0","0","1","0","0","0"
"POOLED","Neck pain","Neck pain","颈痛","Musculoskeletal and connective tissue disorders","各种肌肉骨骼及结缔组织疾病","30","30","14751","53271","19838427","14781","53301","19906479","0.76","0.53","1.08","0.76 (0.53, 1.08)","0.76","2.33","-0.4","-0.77","39.5772","0.76","0.42","0","0","0","0","0","0"
"POOLED","INFUSION RELATED REACTION","INFUSION RELATED REACTION","输液相关反应","Injury, poisoning and procedural complications","各类损伤、中毒及操作并发症","30","30","14751","59826","19831872","14781","59856","19906479","0.67","0.47","0.96","0.67 (0.47, 0.96)","0.67","4.71","-0.57","-0.93","44.4444","0.68","0.37","0","0","0","0","0","0"
"POOLED","Skin burning sensation","Skin burning sensation","皮肤烧灼感","Skin and subcutaneous tissue disorders","皮肤及皮下组织类疾病","30","30","14751","67681","19824017","14781","67711","19906479","0.6","0.42","0.85","0.60 (0.42, 0.85)","0.6","8.21","-0.74","-1.11","50.2769","0.6","0.33","0","0","0","0","0","0"
"POOLED","ABDOMINAL DISTENSION","ABDOMINAL DISTENSION","腹胀","Gastrointestinal disorders","胃肠系统疾病","30","30","14751","97951","19793747","14781","97981","19906479","0.41","0.29","0.59","0.41 (0.29, 0.59)","0.41","25.27","-1.28","-1.64","72.7531","0.42","0.23","0","0","0","0","0","0"
"POOLED","DEHYDRATION","DEHYDRATION","脱水","Metabolism and nutrition disorders","代谢及营养类疾病","30","30","14751","127600","19764098","14781","127630","19906479","0.32","0.22","0.45","0.32 (0.22, 0.45)","0.32","44.58","-1.66","-2.03","94.7681","0.32","0.18","0","0","0","0","0","0"
"POOLED","ANURIA","ANURIA","无尿","Renal and urinary disorders","肾脏及泌尿系统疾病","29","29","14752","8319","19883379","14781","8348","19906479","4.7","3.26","6.77","4.70 (3.26, 6.77)","4.69","83.97","2.23","1.85","6.1986","4.4","2.41","1","1","1","1","1","1"
"POOLED","HAEMODIALYSIS","HAEMODIALYSIS","血液透析","Surgical and medical procedures","各种手术及医疗操作","29","29","14752","8365","19883333","14781","8394","19906479","4.67","3.24","6.73","4.67 (3.24, 6.73)","4.67","83.26","2.22","1.85","6.2327","4.38","2.4","1","1","1","1","1","1"
"POOLED","Purpura","Purpura","紫癜","Skin and subcutaneous tissue disorders","皮肤及皮下组织类疾病","29","29","14752","8436","19883262","14781","8465","19906479","4.63","3.22","6.67","4.63 (3.22, 6.67)","4.63","82.18","2.21","1.83","6.2854","4.35","2.38","1","1","1","1","1","1"
"POOLED","Amnesia","Amnesia","失忆症","Nervous system disorders","各类神经系统疾病","29","29","14752","62401","19829297","14781","62430","19906479","0.62","0.43","0.9","0.62 (0.43, 0.90)","0.63","6.52","-0.68","-1.05","46.3557","0.63","0.34","0","0","0","0","0","0"
"POOLED","HYPOXIC-ISCHAEMIC ENCEPHALOPATHY","HYPOXIC-ISCHAEMIC ENCEPHALOPATHY","缺氧缺血性脑病","Nervous system disorders","各类神经系统疾病","28","28","14753","2461","19889237","14781","2489","19906479","15.34","10.56","22.27","15.34 (10.56, 22.27)","15.31","370.38","3.92","3.54","1.8481","12.14","6.62","1","1","1","1","1","1"
"POOLED","Hyperthermia","Hyperthermia","体温过高","General disorders and administration site conditions","全身性疾病及给药部位各种反应","28","28","14753","7166","19884532","14781","7194","19906479","5.27","3.63","7.64","5.27 (3.63, 7.64)","5.26","96.22","2.39","2.01","5.3417","4.88","2.66","1","1","1","1","1","1"
"POOLED","Obstructive airways disorder","Obstructive airways disorder","阻塞性气道疾病","Respiratory, thoracic and mediastinal disorders","呼吸系统、胸及纵隔疾病","28","28","14753","10132","19881566","14781","10160","19906479","3.72","2.57","5.4","3.72 (2.57, 5.40)","3.72","55.54","1.89","1.51","7.544","3.54","1.93","1","1","1","0","1","0"
"POOLED","Dialysis","Dialysis","透析","Surgical and medical procedures","各种手术及医疗操作","28","28","14753","13623","19878075","14781","13651","19906479","2.77","1.91","4.01","2.77 (1.91, 4.01)","2.77","31.53","1.47","1.09","10.1362","2.68","1.46","1","1","1","0","1","0"
"POOLED","Hyperkalaemia","Hyperkalaemia","高钾血症","Metabolism and nutrition disorders","代谢及营养类疾病","28","28","14753","33169","19858529","14781","33197","19906479","1.14","0.78","1.65","1.14 (0.78, 1.65)","1.14","0.46","0.18","-0.19","24.6495","1.13","0.62","0","0","0","0","0","0"
"POOLED","MEDICATION ERROR","MEDICATION ERROR","用药错误","Injury, poisoning and procedural complications","各类损伤、中毒及操作并发症","28","28","14753","52292","19839406","14781","52320","19906479","0.72","0.5","1.04","0.72 (0.50, 1.04)","0.72","3.04","-0.47","-0.85","38.8488","0.72","0.4","0","0","0","0","0","0"
"POOLED","FALL","FALL","跌倒","Injury, poisoning and procedural complications","各类损伤、中毒及操作并发症","28","28","14753","316039","19575659","14781","316067","19906479","0.12","0.08","0.17","0.12 (0.08, 0.17)","0.12","185.1","-3.07","-3.45","234.6867","0.12","0.07","0","0","0","0","0","0"
"POOLED","TONGUE OEDEMA","TONGUE OEDEMA","舌水肿","Gastrointestinal disorders","胃肠系统疾病","27","27","14754","3641","19888057","14781","3668","19906479","10","6.84","14.6","10.00 (6.84, 14.60)","9.98","216.59","3.31","2.92","2.7236","8.53","4.64","1","1","1","1","1","1"
"POOLED","Dermatitis bullous","Dermatitis bullous","大疱性皮炎","Skin and subcutaneous tissue disorders","皮肤及皮下组织类疾病","27","27","14754","6828","19884870","14781","6855","19906479","5.33","3.65","7.78","5.33 (3.65, 7.78)","5.32","94.41","2.41","2.02","5.09","4.92","2.68","1","1","1","1","1","1"
"POOLED","Peripheral coldness","Peripheral coldness","四肢发冷","Vascular disorders","血管与淋巴管类疾病","27","27","14754","13123","19878575","14781","13150","19906479","2.77","1.9","4.05","2.77 (1.90, 4.05)","2.77","30.47","1.47","1.08","9.7642","2.68","1.46","1","1","1","0","1","0"
"POOLED","ARRHYTHMIA","ARRHYTHMIA","心律失常","Cardiac disorders","心脏器官疾病","27","27","14754","45628","19846070","14781","45655","19906479","0.8","0.55","1.16","0.80 (0.55, 1.16)","0.8","1.41","-0.33","-0.71","33.8998","0.8","0.43","0","0","0","0","0","0"
"POOLED","Vertigo","Vertigo","眩晕","Ear and labyrinth disorders","耳及迷路类疾病","27","27","14754","58181","19833517","14781","58208","19906479","0.62","0.43","0.91","0.62 (0.43, 0.91)","0.62","6.11","-0.68","-1.06","43.2207","0.63","0.34","0","0","0","0","0","0"
"POOLED","Sialoadenitis","Sialoadenitis","涎腺炎","Infections and infestations","感染及侵染类疾病","26","26","14755","1240","19890458","14781","1266","19906479","28.27","19.16","41.69","28.27 (19.16, 41.69)","28.22","668.6","4.79","4.39","0.94","18.4","9.98","1","1","1","1","1","1"
"POOLED","POOR QUALITY DRUG ADMINISTERED","POOR QUALITY DRUG ADMINISTERED",,,,"26","26","14755","6414","19885284","14781","6440","19906479","5.46","3.72","8.03","5.46 (3.72, 8.03)","5.46","94.25","2.44","2.05","4.7818","5.02","2.72","1","1","1","1","1","1"
"POOLED","Septic shock","Septic shock","感染性休克","Infections and infestations","感染及侵染类疾病","26","26","14755","40754","19850944","14781","40780","19906479","0.86","0.58","1.26","0.86 (0.58, 1.26)","0.86","0.61","-0.22","-0.61","30.2801","0.86","0.47","0","0","0","0","0","0"
"POOLED","Accidental exposure to product","Accidental exposure to product","意外暴露于产品","Injury, poisoning and procedural complications","各类损伤、中毒及操作并发症","26","26","14755","90800","19800898","14781","90826","19906479","0.38","0.26","0.56","0.38 (0.26, 0.56)","0.39","25.6","-1.38","-1.77","67.4403","0.39","0.21","0","0","0","0","0","0"
"POOLED","Asthma","Asthma","哮喘","Respiratory, thoracic and mediastinal disorders","呼吸系统、胸及纵隔疾病","26","26","14755","103132","19788566","14781","103158","19906479","0.34","0.23","0.5","0.34 (0.23, 0.50)","0.34","33.62","-1.56","-1.95","76.5971","0.34","0.19","0","0","0","0","0","0"
"POOLED","Pulse abnormal","Pulse abnormal","脉搏异常","Investigations","各类检查","25","25","14756","2280","19889418","14781","2305","19906479","14.78","9.96","21.93","14.78 (9.96, 21.93)","14.76","317.16","3.87","3.47","1.7115","11.53","6.23","1","1","1","1","1","1"
"POOLED","Type IV hypersensitivity reaction","Type IV hypersensitivity reaction","IV型超敏反应","Immune system disorders","免疫系统疾病","25","25","14756","2561","19889137","14781","2586","19906479","13.16","8.87","19.52","13.16 (8.87, 19.52)","13.14","277.66","3.7","3.3","1.9202","10.54","5.69","1","1","1","1","1","1"
"POOLED","Conjunctival hyperaemia","Conjunctival hyperaemia","结膜充血","Eye disorders","眼器官疾病","25","25","14756","3386","19888312","14781","3411","19906479","9.95","6.71","14.75","9.95 (6.71, 14.75)","9.94","199.48","3.3","2.9","2.5327","8.41","4.54","1","1","1","1","1","1"
"POOLED","Anal incontinence","Anal incontinence","肛门失禁","Gastrointestinal disorders","胃肠系统疾病","25","25","14756","8207","19883491","14781","8232","19906479","4.1","2.77","6.08","4.10 (2.77, 6.08)","4.1","58.43","2.03","1.63","6.1124","3.86","2.08","1","1","1","1","1","1"
"POOLED","Temperature intolerance","Temperature intolerance","温度变化不耐受","General disorders and administration site conditions","全身性疾病及给药部位各种反应","25","25","14756","9633","19882065","14781","9658","19906479","3.5","2.36","5.18","3.50 (2.36, 5.18)","3.49","44.38","1.8","1.4","7.1713","3.32","1.8","1","1","1","0","1","0"
"POOLED","Disseminated intravascular coagulation","Disseminated intravascular coagulation","弥散性血管内凝血","Blood and lymphatic system disorders","血液及淋巴系统疾病","25","25","14756","13617","19878081","14781","13642","19906479","2.47","1.67","3.66","2.47 (1.67, 3.66)","2.47","21.86","1.3","0.9","10.1295","2.4","1.3","1","1","1","0","1","0"
"POOLED","Neurotoxicity","Neurotoxicity","神经毒性","Nervous system disorders","各类神经系统疾病","25","25","14756","16096","19875602","14781","16121","19906479","2.09","1.41","3.1","2.09 (1.41, 3.10)","2.09","14.21","1.06","0.66","11.9702","2.04","1.1","1","1","1","0","1","0"
"POOLED","BLOOD PRESSURE SYSTOLIC INCREASED","BLOOD PRESSURE SYSTOLIC INCREASED","收缩压升高","Investigations","各类检查","25","25","14756","18565","19873133","14781","18590","19906479","1.81","1.22","2.69","1.81 (1.22, 2.69)","1.81","9.1","0.86","0.46","13.8035","1.78","0.96","1","0","1","0","0","0"
"POOLED","Contraindicated product administered","Contraindicated product administered","给予了禁忌产品","Injury, poisoning and procedural complications","各类损伤、中毒及操作并发症","25","25","14756","25431","19866267","14781","25456","19906479","1.32","0.89","1.96","1.32 (0.89, 1.96)","1.32","1.97","0.4","0","18.9016","1.31","0.71","0","0","0","0","0","0"
"POOLED","Mental status changes","Mental status changes","精神状态改变","Psychiatric disorders","精神病类","25","25","14756","26757","19864941","14781","26782","19906479","1.26","0.85","1.86","1.26 (0.85, 1.86)","1.26","1.32","0.33","-0.07","19.8862","1.25","0.68","0","0","0","0","0","0"
"POOLED","Pulmonary embolism","Pulmonary embolism","肺栓塞","Respiratory, thoracic and mediastinal disorders","呼吸系统、胸及纵隔疾病","25","25","14756","91408","19800290","14781","91433","19906479","0.37","0.25","0.54","0.37 (0.25, 0.54)","0.37","27.24","-1.44","-1.84","67.891","0.37","0.2","0","0","0","0","0","0"
"POOLED","THROMBOCYTOPENIA","THROMBOCYTOPENIA","血小板减少症","Blood and lymphatic system disorders","血液及淋巴系统疾病","25","25","14756","105517","19786181","14781","105542","19906479","0.32","0.21","0.47","0.32 (0.21, 0.47)","0.32","36.56","-1.65","-2.05","78.3673","0.32","0.17","0","0","0","0","0","0"
"POOLED","Overdose","Overdose","用药过量","Injury, poisoning and procedural complications","各类损伤、中毒及操作并发症","25","25","14756","208230","19683468","14781","208255","19906479","0.16","0.11","0.24","0.16 (0.11, 0.24)","0.16","109.91","-2.63","-3.03","154.6339","0.16","0.09","0","0","0","0","0","0"
"POOLED","Tongue disorder","Tongue disorder","舌病","Gastrointestinal disorders","胃肠系统疾病","24","24","14757","6996","19884702","14781","7020","19906479","4.62","3.1","6.9","4.62 (3.10, 6.90)","4.62","67.79","2.2","1.79","5.2125","4.29","2.31","1","1","1","1","1","1"
"POOLED","Wrong drug administered","Wrong drug administered",,,,"24","24","14757","8884","19882814","14781","8908","19906479","3.64","2.44","5.44","3.64 (2.44, 5.44)","3.64","45.75","1.86","1.45","6.6144","3.44","1.85","1","1","1","0","1","0"
"POOLED","Incontinence","Incontinence","失禁","Renal and urinary disorders","肾脏及泌尿系统疾病","24","24","14757","10118","19881580","14781","10142","19906479","3.2","2.14","4.77","3.20 (2.14, 4.77)","3.19","36.06","1.67","1.26","7.5307","3.05","1.64","1","1","1","0","1","0"
"POOLED","METABOLIC ACIDOSIS","METABOLIC ACIDOSIS","代谢性酸中毒","Metabolism and nutrition disorders","代谢及营养类疾病","24","24","14757","29783","19861915","14781","29807","19906479","1.08","0.73","1.62","1.08 (0.73, 1.62)","1.08","0.16","0.12","-0.29","22.1324","1.08","0.58","0","0","0","0","0","0"
"POOLED","Dysgeusia","Dysgeusia","味觉倒错","Nervous system disorders","各类神经系统疾病","24","24","14757","72103","19819595","14781","72127","19906479","0.45","0.3","0.67","0.45 (0.30, 0.67)","0.45","16.38","-1.16","-1.57","53.5559","0.45","0.24","0","0","0","0","0","0"
"POOLED","Gait disturbance","Gait disturbance","步态障碍","General disorders and administration site conditions","全身性疾病及给药部位各种反应","24","24","14757","183548","19708150","14781","183572","19906479","0.17","0.12","0.26","0.17 (0.12, 0.26)","0.18","93.46","-2.51","-2.91","136.3063","0.18","0.1","0","0","0","0","0","0"
"POOLED","MENINGITIS CHEMICAL","MENINGITIS CHEMICAL","化学性脑膜炎","Injury, poisoning and procedural complications","各类损伤、中毒及操作并发症","23","23","14758","190","19891508","14781","213","19906479","163.16","105.82","251.58","163.16 (105.82, 251.58)","162.91","3301.42","7.18","6.74","0.1582","35.71","19.15","1","1","1","1","1","1"
"POOLED","Tongue pruritus","Tongue pruritus","舌痒","Gastrointestinal disorders","胃肠系统疾病","23","23","14758","738","19890960","14781","761","19906479","42","27.73","63.63","42.00 (27.73, 63.63)","41.94","891.45","5.35","4.92","0.5651","22.06","11.83","1","1","1","1","1","1"
"POOLED","Eye movement disorder","Eye movement disorder","眼动障碍","Eye disorders","眼器官疾病","23","23","14758","6524","19885174","14781","6547","19906479","4.75","3.15","7.16","4.75 (3.15, 7.16)","4.74","67.75","2.24","1.82","4.8613","4.38","2.35","1","1","1","1","1","1"
"POOLED","Hemiplegia","Hemiplegia","偏瘫","Nervous system disorders","各类神经系统疾病","23","23","14758","7943","19883755","14781","7966","19906479","3.9","2.59","5.88","3.90 (2.59, 5.88)","3.9","49.41","1.96","1.54","5.9149","3.66","1.96","1","1","1","0","1","0"
"POOLED","Incorrect route of product administration","Incorrect route of product administration","产品给用途径不当","Injury, poisoning and procedural complications","各类损伤、中毒及操作并发症","23","23","14758","15219","19876479","14781","15242","19906479","2.04","1.35","3.06","2.04 (1.35, 3.06)","2.03","12.08","1.02","0.61","11.3175","1.99","1.07","1","1","1","0","1","0"
"POOLED","Muscle tightness","Muscle tightness","肌紧张","Musculoskeletal and connective tissue disorders","各种肌肉骨骼及结缔组织疾病","23","23","14758","15439","19876259","14781","15462","19906479","2.01","1.33","3.02","2.01 (1.33, 3.02)","2","11.58","1","0.58","11.4809","1.96","1.05","1","1","1","0","1","0"
"POOLED","BODY TEMPERATURE INCREASED","BODY TEMPERATURE INCREASED","体温升高","Investigations","各类检查","23","23","14758","19519","19872179","14781","19542","19906479","1.59","1.05","2.39","1.59 (1.05, 2.39)","1.59","4.98","0.66","0.25","14.5104","1.57","0.84","1","0","1","0","0","0"
"POOLED","RHABDOMYOLYSIS","RHABDOMYOLYSIS","横纹肌溶解","Musculoskeletal and connective tissue disorders","各种肌肉骨骼及结缔组织疾病","23","23","14758","39472","19852226","14781","39495","19906479","0.78","0.52","1.18","0.78 (0.52, 1.18)","0.78","1.37","-0.35","-0.77","29.3259","0.79","0.42","0","0","0","0","0","0"
"POOLED","Platelet count decreased","Platelet count decreased","血小板计数降低","Investigations","各类检查","23","23","14758","101431","19790267","14781","101454","19906479","0.3","0.2","0.46","0.30 (0.20, 0.46)","0.31","36.57","-1.71","-2.13","75.3318","0.31","0.17","0","0","0","0","0","0"
"POOLED","Cerebrovascular accident","Cerebrovascular accident","脑血管意外","Nervous system disorders","各类神经系统疾病","23","23","14758","163239","19728459","14781","163262","19906479","0.19","0.13","0.28","0.19 (0.13, 0.28)","0.19","80.31","-2.4","-2.82","121.2256","0.19","0.1","0","0","0","0","0","0"
"POOLED","HYPERAEMIA","HYPERAEMIA","充血","Vascular disorders","血管与淋巴管类疾病","22","22","14759","1853","19889845","14781","1875","19906479","16","10.51","24.37","16.00 (10.51, 24.37)","15.98","305.29","3.98","3.55","1.3922","11.89","6.35","1","1","1","1","1","1"
"POOLED","PULSELESS ELECTRICAL ACTIVITY","PULSELESS ELECTRICAL ACTIVITY","无脉性电活动","Cardiac disorders","心脏器官疾病","22","22","14759","3886","19887812","14781","3908","19906479","7.63","5.02","11.6","7.63 (5.02, 11.60)","7.62","125.81","2.92","2.49","2.9018","6.61","3.53","1","1","1","1","1","1"
"POOLED","LOCALISED OEDEMA","LOCALISED OEDEMA","局部水肿","General disorders and administration site conditions","全身性疾病及给药部位各种反应","22","22","14759","4435","19887263","14781","4457","19906479","6.68","4.4","10.17","6.68 (4.40, 10.17)","6.68","105.66","2.73","2.31","3.3094","5.91","3.15","1","1","1","1","1","1"
"POOLED","SKIN TIGHTNESS","SKIN TIGHTNESS","皮肤紧缩感","Skin and subcutaneous tissue disorders","皮肤及皮下组织类疾病","22","22","14759","4460","19887238","14781","4482","19906479","6.65","4.37","10.11","6.65 (4.37, 10.11)","6.64","104.86","2.72","2.3","3.328","5.88","3.14","1","1","1","1","1","1"
"POOLED","Mouth swelling","Mouth swelling","口肿胀","Gastrointestinal disorders","胃肠系统疾病","22","22","14759","5404","19886294","14781","5426","19906479","5.49","3.61","8.34","5.49 (3.61, 8.34)","5.48","80.24","2.45","2.02","4.0289","4.97","2.65","1","1","1","1","1","1"
"POOLED","TOXIC EPIDERMAL NECROLYSIS","TOXIC EPIDERMAL NECROLYSIS","中毒性表皮坏死松解症","Skin and subcutaneous tissue disorders","皮肤及皮下组织类疾病","22","22","14759","14185","19877513","14781","14207","19906479","2.09","1.37","3.17","2.09 (1.37, 3.17)","2.09","12.45","1.06","0.63","10.549","2.04","1.09","1","1","1","0","1","0"
"POOLED","Acute respiratory distress syndrome","Acute respiratory distress syndrome","急性呼吸窘迫综合征","Respiratory, thoracic and mediastinal disorders","呼吸系统、胸及纵隔疾病","22","22","14759","16842","19874856","14781","16864","19906479","1.76","1.16","2.67","1.76 (1.16, 2.67)","1.76","7.19","0.81","0.39","12.5219","1.73","0.92","1","0","1","0","0","0"
"POOLED","Local swelling","Local swelling",,,,"22","22","14759","17408","19874290","14781","17430","19906479","1.7","1.12","2.59","1.70 (1.12, 2.59)","1.7","6.35","0.77","0.34","12.9422","1.67","0.89","1","0","1","0","0","0"
"POOLED","Lactic acidosis","Lactic acidosis","乳酸酸中毒","Metabolism and nutrition disorders","代谢及营养类疾病","22","22","14759","29907","19861791","14781","29929","19906479","0.99","0.65","1.5","0.99 (0.65, 1.50)","0.99","0","-0.01","-0.44","22.2229","0.99","0.53","0","0","0","0","0","0"
"POOLED","DYSKINESIA","DYSKINESIA","运动障碍","Nervous system disorders","各类神经系统疾病","22","22","14759","38556","19853142","14781","38578","19906479","0.77","0.51","1.17","0.77 (0.51, 1.17)","0.77","1.55","-0.38","-0.81","28.645","0.77","0.41","0","0","0","0","0","0"
"POOLED","INJECTION SITE ERYTHEMA","INJECTION SITE ERYTHEMA","注射部位红斑","General disorders and administration site conditions","全身性疾病及给药部位各种反应","22","22","14759","117123","19774575","14781","117145","19906479","0.25","0.17","0.38","0.25 (0.17, 0.38)","0.25","48.87","-1.98","-2.41","86.9827","0.26","0.14","0","0","0","0","0","0"
"POOLED","Hyperpyrexia","Hyperpyrexia","高热","General disorders and administration site conditions","全身性疾病及给药部位各种反应","21","21","14760","3830","19887868","14781","3851","19906479","7.39","4.81","11.35","7.39 (4.81, 11.35)","7.38","115.19","2.88","2.44","2.8595","6.4","3.4","1","1","1","1","1","1"
"POOLED","INJECTION SITE VESICLES","INJECTION SITE VESICLES","注射部位囊泡","General disorders and administration site conditions","全身性疾病及给药部位各种反应","21","21","14760","5590","19886108","14781","5611","19906479","5.06","3.3","7.77","5.06 (3.30, 7.77)","5.06","68.09","2.33","1.9","4.1663","4.61","2.45","1","1","1","1","1","1"
"POOLED","MULTI-ORGAN FAILURE","MULTI-ORGAN FAILURE",,,,"21","21","14760","17587","19874111","14781","17608","19906479","1.61","1.05","2.47","1.61 (1.05, 2.47)","1.61","4.81","0.68","0.25","13.0743","1.58","0.84","1","0","1","0","0","0"
"POOLED","PNEUMONIA ASPIRATION","PNEUMONIA ASPIRATION","感染性吸入性肺炎","Infections and infestations","感染及侵染类疾病","21","21","14760","23536","19868162","14781","23557","19906479","1.2","0.78","1.84","1.20 (0.78, 1.84)","1.2","0.71","0.26","-0.17","17.4916","1.2","0.64","0","0","0","0","0","0"
"POOLED","White blood cell count increased","White blood cell count increased","白细胞计数升高","Investigations","各类检查","21","21","14760","37121","19854577","14781","37142","19906479","0.76","0.5","1.17","0.76 (0.50, 1.17)","0.76","1.57","-0.39","-0.83","27.5788","0.77","0.41","0","0","0","0","0","0"
"POOLED","Hypoglycaemia","Hypoglycaemia","低血糖","Metabolism and nutrition disorders","代谢及营养类疾病","21","21","14760","46290","19845408","14781","46311","19906479","0.61","0.4","0.94","0.61 (0.40, 0.94)","0.61","5.23","-0.71","-1.15","34.3869","0.62","0.33","0","0","0","0","0","0"
"POOLED","Hyponatraemia","Hyponatraemia","低钠血症","Metabolism and nutrition disorders","代谢及营养类疾病","21","21","14760","53582","19838116","14781","53603","19906479","0.53","0.34","0.81","0.53 (0.34, 0.81)","0.53","8.91","-0.92","-1.36","39.8014","0.53","0.28","0","0","0","0","0","0"
"POOLED","Nasal pruritus","Nasal pruritus","鼻瘙痒","Respiratory, thoracic and mediastinal disorders","呼吸系统、胸及纵隔疾病","20","20","14761","1140","19890558","14781","1160","19906479","23.64","15.19","36.79","23.64 (15.19, 36.79)","23.61","425.6","4.54","4.09","0.8613","15.06","7.96","1","1","1","1","1","1"
"POOLED","INJECTION SITE OEDEMA","INJECTION SITE OEDEMA","注射部位水肿","General disorders and administration site conditions","全身性疾病及给药部位各种反应","20","20","14761","1619","19890079","14781","1639","19906479","16.65","10.71","25.88","16.65 (10.71, 25.88)","16.62","290.14","4.04","3.59","1.217","11.94","6.31","1","1","1","1","1","1"
"POOLED","Laryngospasm","Laryngospasm","喉痉挛","Respiratory, thoracic and mediastinal disorders","呼吸系统、胸及纵隔疾病","20","20","14761","2588","19889110","14781","2608","19906479","10.41","6.7","16.17","10.41 (6.70, 16.17)","10.4","168.64","3.37","2.92","1.9365","8.41","4.45","1","1","1","1","1","1"
"POOLED","ARTERIOSPASM CORONARY","ARTERIOSPASM CORONARY","冠状动脉痉挛","Cardiac disorders","心脏器官疾病","20","20","14761","3743","19887955","14781","3763","19906479","7.2","4.64","11.18","7.20 (4.64, 11.18)","7.19","106.05","2.84","2.39","2.7941","6.22","3.29","1","1","1","1","1","1"
"POOLED","Dermatitis exfoliative","Dermatitis exfoliative","剥脱性皮炎","Skin and subcutaneous tissue disorders","皮肤及皮下组织类疾病","20","20","14761","4898","19886800","14781","4918","19906479","5.5","3.54","8.54","5.50 (3.54, 8.54)","5.5","73.26","2.45","2","3.6517","4.94","2.61","1","1","1","1","1","1"
"POOLED","Meningitis","Meningitis","脑膜炎","Infections and infestations","感染及侵染类疾病","20","20","14761","6310","19885388","14781","6330","19906479","4.27","2.75","6.63","4.27 (2.75, 6.63)","4.27","49.86","2.09","1.64","4.7002","3.94","2.08","1","1","1","1","1","1"
"POOLED","Nasal discomfort","Nasal discomfort","鼻部不适","Respiratory, thoracic and mediastinal disorders","呼吸系统、胸及纵隔疾病","20","20","14761","7624","19884074","14781","7644","19906479","3.53","2.28","5.48","3.53 (2.28, 5.48)","3.53","36.19","1.82","1.37","5.6758","3.32","1.76","1","1","1","0","1","0"
"POOLED","Haematemesis","Haematemesis","呕血","Gastrointestinal disorders","胃肠系统疾病","20","20","14761","24273","19867425","14781","24293","19906479","1.11","0.72","1.72","1.11 (0.72, 1.72)","1.11","0.21","0.15","-0.3","18.0381","1.11","0.58","0","0","0","0","0","0"
"POOLED","Pancreatitis","Pancreatitis","胰腺炎","Gastrointestinal disorders","胃肠系统疾病","20","20","14761","50312","19841386","14781","50332","19906479","0.53","0.34","0.83","0.53 (0.34, 0.83)","0.53","8.1","-0.9","-1.35","37.3726","0.54","0.29","0","0","0","0","0","0"
"POOLED","Eye pain","Eye pain","眼痛","Eye disorders","眼器官疾病","20","20","14761","51803","19839895","14781","51823","19906479","0.52","0.33","0.8","0.52 (0.33, 0.80)","0.52","8.9","-0.94","-1.39","38.4797","0.53","0.28","0","0","0","0","0","0"
"POOLED","Meningitis fungal","Meningitis fungal","真菌性脑膜炎","Infections and infestations","感染及侵染类疾病","19","19","14762","205","19891493","14781","224","19906479","124.89","78.03","199.88","124.89 (78.03, 199.88)","124.73","2134.23","6.84","6.36","0.1663","29.27","15.39","1","1","1","1","1","1"
"POOLED","Meningitis bacterial","Meningitis bacterial","细菌性脑膜炎","Infections and infestations","感染及侵染类疾病","19","19","14762","1338","19890360","14781","1357","19906479","19.13","12.16","30.1","19.13 (12.16, 30.10)","19.11","321.54","4.24","3.77","1.0076","12.93","6.8","1","1","1","1","1","1"
"POOLED","Resuscitation","Resuscitation","复苏","Surgical and medical procedures","各种手术及医疗操作","19","19","14762","1601","19890097","14781","1620","19906479","15.99","10.17","25.14","15.99 (10.17, 25.14)","15.97","263.53","3.98","3.52","1.2029","11.45","6.02","1","1","1","1","1","1"
"POOLED","Skin warm","Skin warm","皮肤发热","Skin and subcutaneous tissue disorders","皮肤及皮下组织类疾病","19","19","14762","5533","19886165","14781","5552","19906479","4.63","2.95","7.26","4.63 (2.95, 7.26)","4.62","53.75","2.2","1.74","4.1225","4.22","2.22","1","1","1","1","1","1"
"POOLED","GRAND MAL CONVULSION","GRAND MAL CONVULSION",,,,"19","19","14762","9328","19882370","14781","9347","19906479","2.74","1.75","4.3","2.74 (1.75, 4.30)","2.74","20.98","1.45","0.99","6.9404","2.62","1.38","1","1","1","0","1","0"
"POOLED","Salivary hypersecretion","Salivary hypersecretion","唾液分泌过多","Gastrointestinal disorders","胃肠系统疾病","19","19","14762","9476","19882222","14781","9495","19906479","2.7","1.72","4.24","2.70 (1.72, 4.24)","2.7","20.28","1.43","0.97","7.0502","2.58","1.36","1","1","1","0","1","0"
"POOLED","ASPIRATION","ASPIRATION","误吸","Respiratory, thoracic and mediastinal disorders","呼吸系统、胸及纵隔疾病","19","19","14762","10181","19881517","14781","10200","19906479","2.51","1.6","3.94","2.51 (1.60, 3.94)","2.51","17.26","1.33","0.87","7.5737","2.42","1.27","1","1","1","0","1","0"
"POOLED","Respiratory depression","Respiratory depression","呼吸抑制","Respiratory, thoracic and mediastinal disorders","呼吸系统、胸及纵隔疾病","19","19","14762","11581","19880117","14781","11600","19906479","2.21","1.41","3.47","2.21 (1.41, 3.47)","2.21","12.54","1.14","0.68","8.6133","2.14","1.13","1","1","1","0","1","0"
"POOLED","MYDRIASIS","MYDRIASIS","瞳孔散大","Eye disorders","眼器官疾病","19","19","14762","12228","19879470","14781","12247","19906479","2.09","1.33","3.28","2.09 (1.33, 3.28)","2.09","10.81","1.06","0.6","9.0937","2.03","1.07","1","1","1","0","1","0"
"POOLED","Choking","Choking","呛噎","Respiratory, thoracic and mediastinal disorders","呼吸系统、胸及纵隔疾病","19","19","14762","18457","19873241","14781","18476","19906479","1.39","0.88","2.17","1.39 (0.88, 2.17)","1.39","2.04","0.47","0.01","13.7188","1.37","0.72","0","0","1","0","0","0"
"POOLED","Product administration error","Product administration error","产品给用错误","Injury, poisoning and procedural complications","各类损伤、中毒及操作并发症","19","19","14762","18418","19873280","14781","18437","19906479","1.39","0.89","2.18","1.39 (0.89, 2.18)","1.39","2.06","0.47","0.01","13.6899","1.37","0.72","0","0","1","0","0","0"
"POOLED","Multiple organ dysfunction syndrome","Multiple organ dysfunction syndrome","多器官功能不全综合征","General disorders and administration site conditions","全身性疾病及给药部位各种反应","19","19","14762","25324","19866374","14781","25343","19906479","1.01","0.64","1.58","1.01 (0.64, 1.58)","1.01","0","0.01","-0.45","18.8177","1.01","0.53","0","0","0","0","0","0"
"POOLED","Pleural effusion","Pleural effusion","胸腔积液","Respiratory, thoracic and mediastinal disorders","呼吸系统、胸及纵隔疾病","19","19","14762","58488","19833210","14781","58507","19906479","0.44","0.28","0.68","0.44 (0.28, 0.68)","0.44","13.8","-1.19","-1.65","43.4427","0.44","0.23","0","0","0","0","0","0"
"POOLED","INFECTION","INFECTION","感染","Infections and infestations","感染及侵染类疾病","19","19","14762","134715","19756983","14781","134734","19906479","0.19","0.12","0.3","0.19 (0.12, 0.30)","0.19","66.15","-2.4","-2.86","100.043","0.19","0.1","0","0","0","0","0","0"
"POOLED","Blindness cortical","Blindness cortical","皮质盲","Eye disorders","眼器官疾病","18","18","14763","449","19891249","14781","467","19906479","54.01","33.71","86.55","54.01 (33.71, 86.55)","53.95","899.41","5.7","5.22","0.3468","21.85","11.42","1","1","1","1","1","1"
"POOLED","Nasal obstruction","Nasal obstruction","鼻塞","Respiratory, thoracic and mediastinal disorders","呼吸系统、胸及纵隔疾病","18","18","14763","1618","19890080","14781","1636","19906479","14.99","9.42","23.86","14.99 (9.42, 23.86)","14.97","232.12","3.89","3.41","1.2148","10.79","5.64","1","1","1","1","1","1"
"POOLED","Choking sensation","Choking sensation","呛噎感","Respiratory, thoracic and mediastinal disorders","呼吸系统、胸及纵隔疾病","18","18","14763","5222","19886476","14781","5240","19906479","4.64","2.92","7.38","4.64 (2.92, 7.38)","4.64","51.22","2.21","1.74","3.8908","4.21","2.2","1","1","1","1","1","1"
"POOLED","Swelling of eyelid","Swelling of eyelid","眼睑肿胀","Eye disorders","眼器官疾病","18","18","14763","5503","19886195","14781","5521","19906479","4.41","2.77","7","4.41 (2.77, 7.00)","4.4","47.18","2.13","1.66","4.0995","4.02","2.1","1","1","1","1","1","1"
"POOLED","Hypotonia","Hypotonia","张力减低","Nervous system disorders","各类神经系统疾病","18","18","14763","9591","19882107","14781","9609","19906479","2.53","1.59","4.01","2.53 (1.59, 4.01)","2.53","16.57","1.34","0.86","7.1349","2.42","1.27","1","1","1","0","1","0"
"POOLED","HYPERTENSIVE CRISIS","HYPERTENSIVE CRISIS","高血压危象","Vascular disorders","血管与淋巴管类疾病","18","18","14763","10628","19881070","14781","10646","19906479","2.28","1.44","3.62","2.28 (1.44, 3.62)","2.28","12.91","1.19","0.72","7.9049","2.2","1.15","1","1","1","0","1","0"
"POOLED","Epilepsy","Epilepsy","癫痫","Nervous system disorders","各类神经系统疾病","18","18","14763","28550","19863148","14781","28568","19906479","0.85","0.53","1.35","0.85 (0.53, 1.35)","0.85","0.49","-0.24","-0.71","21.2124","0.85","0.45","0","0","0","0","0","0"
"POOLED","GENERAL PHYSICAL HEALTH DETERIORATION","GENERAL PHYSICAL HEALTH DETERIORATION","全身状况恶化","General disorders and administration site conditions","全身性疾病及给药部位各种反应","18","18","14763","106875","19784823","14781","106893","19906479","0.23","0.14","0.36","0.23 (0.14, 0.36)","0.23","47.74","-2.14","-2.61","79.3704","0.23","0.12","0","0","0","0","0","0"
"POOLED","Aneurysm ruptured","Aneurysm ruptured","动脉瘤破裂","Vascular disorders","血管与淋巴管类疾病","17","17","14764","852","19890846","14781","869","19906479","26.88","16.63","43.46","26.88 (16.63, 43.46)","26.85","414.86","4.72","4.23","0.6453","15.28","7.93","1","1","1","1","1","1"
"POOLED","Disorganised speech","Disorganised speech","胡言乱语","Psychiatric disorders","精神病类","17","17","14764","1642","19890056","14781","1659","19906479","13.95","8.65","22.5","13.95 (8.65, 22.50)","13.93","202.01","3.79","3.3","1.2318","10.1","5.25","1","1","1","1","1","1"
"POOLED","Ear pruritus","Ear pruritus","耳瘙痒","Ear and labyrinth disorders","耳及迷路类疾病","17","17","14764","3174","19888524","14781","3191","19906479","7.22","4.48","11.62","7.22 (4.48, 11.62)","7.21","90.42","2.84","2.36","2.3694","6.1","3.17","1","1","1","1","1","1"
"POOLED","Pneumothorax","Pneumothorax","气胸","Respiratory, thoracic and mediastinal disorders","呼吸系统、胸及纵隔疾病","17","17","14764","15088","19876610","14781","15105","19906479","1.52","0.94","2.44","1.52 (0.94, 2.44)","1.52","2.99","0.6","0.11","11.2158","1.49","0.78","0","0","1","0","0","0"
"POOLED","BLOOD UREA INCREASED","BLOOD UREA INCREASED","血尿素升高","Investigations","各类检查","17","17","14764","16438","19875260","14781","16455","19906479","1.39","0.87","2.24","1.39 (0.87, 2.24)","1.39","1.87","0.48","-0.01","12.2182","1.38","0.71","0","0","0","0","0","0"
"POOLED","Tinnitus","Tinnitus","耳鸣","Ear and labyrinth disorders","耳及迷路类疾病","17","17","14764","43847","19847851","14781","43864","19906479","0.52","0.32","0.84","0.52 (0.32, 0.84)","0.52","7.47","-0.94","-1.42","32.57","0.53","0.27","0","0","0","0","0","0"
"POOLED","Erythema of eyelid","Erythema of eyelid","眼睑红斑","Eye disorders","眼器官疾病","16","16","14765","5005","19886693","14781","5021","19906479","4.31","2.64","7.04","4.31 (2.64, 7.04)","4.3","40.43","2.1","1.6","3.7282","3.9","2.01","1","1","1","1","1","1"
"POOLED","Rales","Rales","啰音","Respiratory, thoracic and mediastinal disorders","呼吸系统、胸及纵隔疾病","16","16","14765","5489","19886209","14781","5505","19906479","3.93","2.4","6.41","3.93 (2.40, 6.41)","3.92","34.75","1.97","1.47","4.0876","3.6","1.85","1","1","1","0","1","0"
"POOLED","OLIGURIA","OLIGURIA","少尿","Renal and urinary disorders","肾脏及泌尿系统疾病","16","16","14765","5927","19885771","14781","5943","19906479","3.64","2.23","5.94","3.64 (2.23, 5.94)","3.63","30.46","1.86","1.36","4.4128","3.36","1.73","1","1","1","0","1","0"
"POOLED","Wrong product administered","Wrong product administered","给予的产品有误","Injury, poisoning and procedural complications","各类损伤、中毒及操作并发症","16","16","14765","6124","19885574","14781","6140","19906479","3.52","2.15","5.75","3.52 (2.15, 5.75)","3.52","28.74","1.81","1.31","4.5591","3.26","1.68","1","1","1","0","1","0"
"POOLED","Occupational exposure to product","Occupational exposure to product","职业性暴露于产品","Injury, poisoning and procedural complications","各类损伤、中毒及操作并发症","16","16","14765","6241","19885457","14781","6257","19906479","3.45","2.11","5.64","3.45 (2.11, 5.64)","3.45","27.78","1.78","1.28","4.646","3.21","1.65","1","1","1","0","1","0"
"POOLED","Asphyxia","Asphyxia","窒息","Respiratory, thoracic and mediastinal disorders","呼吸系统、胸及纵隔疾病","16","16","14765","7809","19883889","14781","7825","19906479","2.76","1.69","4.51","2.76 (1.69, 4.51)","2.76","17.89","1.46","0.96","5.8102","2.61","1.35","1","1","1","0","1","0"
"POOLED","Sinus tachycardia","Sinus tachycardia","窦性心动过速","Cardiac disorders","心脏器官疾病","16","16","14765","13647","19878051","14781","13663","19906479","1.58","0.97","2.58","1.58 (0.97, 2.58)","1.58","3.38","0.66","0.16","10.1451","1.55","0.8","0","0","1","0","0","0"
"POOLED","PANCREATITIS ACUTE","PANCREATITIS ACUTE","急性胰腺炎","Gastrointestinal disorders","胃肠系统疾病","16","16","14765","21065","19870633","14781","21081","19906479","1.02","0.63","1.67","1.02 (0.63, 1.67)","1.02","0.01","0.03","-0.47","15.6531","1.02","0.53","0","0","0","0","0","0"
"POOLED","Gait inability","Gait inability","步态无力","General disorders and administration site conditions","全身性疾病及给药部位各种反应","16","16","14765","30263","19861435","14781","30279","19906479","0.71","0.44","1.16","0.71 (0.44, 1.16)","0.71","1.87","-0.49","-0.99","22.4828","0.72","0.37","0","0","0","0","0","0"
"POOLED","Productive cough","Productive cough","排痰性咳嗽","Respiratory, thoracic and mediastinal disorders","呼吸系统、胸及纵隔疾病","16","16","14765","43921","19847777","14781","43937","19906479","0.49","0.3","0.8","0.49 (0.30, 0.80)","0.49","8.5","-1.03","-1.53","32.6242","0.5","0.26","0","0","0","0","0","0"
"POOLED","Eczema","Eczema","湿疹","Skin and subcutaneous tissue disorders","皮肤及皮下组织类疾病","16","16","14765","43920","19847778","14781","43936","19906479","0.49","0.3","0.8","0.49 (0.30, 0.80)","0.49","8.5","-1.03","-1.53","32.6234","0.5","0.26","0","0","0","0","0","0"
"POOLED","Cardiac disorder","Cardiac disorder","心脏疾病","Cardiac disorders","心脏器官疾病","16","16","14765","89867","19801831","14781","89883","19906479","0.24","0.15","0.39","0.24 (0.15, 0.39)","0.24","38.78","-2.06","-2.56","66.7401","0.25","0.13","0","0","0","0","0","0"
"POOLED","Amaurosis","Amaurosis","黑朦","Eye disorders","眼器官疾病","15","15","14766","767","19890931","14781","782","19906479","26.34","15.8","43.93","26.34 (15.80, 43.93)","26.32","358.36","4.69","4.17","0.5807","14.34","7.33","1","1","1","1","1","1"
"POOLED","Renal failure chronic","Renal failure chronic",,,,"15","15","14766","7835","19883863","14781","7850","19906479","2.58","1.55","4.28","2.58 (1.55, 4.28)","2.58","14.45","1.36","0.85","5.8288","2.45","1.25","1","1","1","0","1","0"
"POOLED","Muscle rigidity","Muscle rigidity","肌肉强直","Musculoskeletal and connective tissue disorders","各种肌肉骨骼及结缔组织疾病","15","15","14766","11336","19880362","14781","11351","19906479","1.78","1.07","2.96","1.78 (1.07, 2.96)","1.78","5.13","0.83","0.31","8.4284","1.74","0.89","1","0","1","0","0","0"
"POOLED","Aphonia","Aphonia","失声","Respiratory, thoracic and mediastinal disorders","呼吸系统、胸及纵隔疾病","15","15","14766","13229","19878469","14781","13244","19906479","1.53","0.92","2.53","1.53 (0.92, 2.53)","1.53","2.72","0.61","0.09","9.834","1.5","0.77","0","0","1","0","0","0"
"POOLED","Oral discomfort","Oral discomfort","口腔不适","Gastrointestinal disorders","胃肠系统疾病","15","15","14766","13249","19878449","14781","13264","19906479","1.52","0.92","2.53","1.52 (0.92, 2.53)","1.52","2.7","0.61","0.09","9.8488","1.5","0.77","0","0","1","0","0","0"
"POOLED","Head discomfort","Head discomfort","头部不适","Nervous system disorders","各类神经系统疾病","15","15","14766","16523","19875175","14781","16538","19906479","1.22","0.74","2.03","1.22 (0.74, 2.03)","1.22","0.6","0.29","-0.23","12.2798","1.21","0.62","0","0","0","0","0","0"
"POOLED","AGGRESSION","AGGRESSION","攻击性","Psychiatric disorders","精神病类","15","15","14766","48218","19843480","14781","48233","19906479","0.42","0.25","0.69","0.42 (0.25, 0.69)","0.42","12.13","-1.26","-1.77","35.8141","0.43","0.22","0","0","0","0","0","0"
"POOLED","Hot flush","Hot flush","潮热","Vascular disorders","血管与淋巴管类疾病","15","15","14766","72265","19819433","14781","72280","19906479","0.28","0.17","0.46","0.28 (0.17, 0.46)","0.28","27.98","-1.84","-2.36","53.6695","0.29","0.15","0","0","0","0","0","0"
"POOLED","Anaemia","Anaemia","贫血","Blood and lymphatic system disorders","血液及淋巴系统疾病","15","15","14766","182767","19708931","14781","182782","19906479","0.11","0.07","0.18","0.11 (0.07, 0.18)","0.11","108.45","-3.18","-3.69","135.7197","0.11","0.06","0","0","0","0","0","0"
"POOLED","Decreased appetite","Decreased appetite","食欲减退","Metabolism and nutrition disorders","代谢及营养类疾病","15","15","14766","218615","19673083","14781","218630","19906479","0.09","0.06","0.15","0.09 (0.06, 0.15)","0.09","135.31","-3.44","-3.95","162.3376","0.1","0.05","0","0","0","0","0","0"
"POOLED","Yawning","Yawning","打呵欠","Respiratory, thoracic and mediastinal disorders","呼吸系统、胸及纵隔疾病","14","14","14767","2561","19889137","14781","2575","19906479","7.36","4.35","12.45","7.36 (4.35, 12.45)","7.36","76.49","2.87","2.34","1.912","6.01","3.04","1","1","1","1","1","1"
"POOLED","Hypopnoea","Hypopnoea","呼吸不足","Respiratory, thoracic and mediastinal disorders","呼吸系统、胸及纵隔疾病","14","14","14767","3253","19888445","14781","3267","19906479","5.8","3.43","9.8","5.80 (3.43, 9.80)","5.79","55.27","2.53","1.99","2.4258","4.96","2.51","1","1","1","1","1","1"
"POOLED","FAECAL INCONTINENCE","FAECAL INCONTINENCE",,,,"14","14","14767","4813","19886885","14781","4827","19906479","3.92","2.32","6.62","3.92 (2.32, 6.62)","3.91","30.3","1.97","1.43","3.5842","3.55","1.8","1","1","1","0","1","0"
"POOLED","Hypothermia","Hypothermia","体温过低","General disorders and administration site conditions","全身性疾病及给药部位各种反应","14","14","14767","9674","19882024","14781","9688","19906479","1.95","1.15","3.29","1.95 (1.15, 3.29)","1.95","6.45","0.96","0.43","7.1936","1.88","0.95","1","0","1","0","0","0"
"POOLED","Micturition urgency","Micturition urgency","尿急","Renal and urinary disorders","肾脏及泌尿系统疾病","14","14","14767","10696","19881002","14781","10710","19906479","1.76","1.04","2.98","1.76 (1.04, 2.98)","1.76","4.6","0.82","0.28","7.9524","1.72","0.87","1","0","1","0","0","0"
"POOLED","Generalised tonic-clonic seizure","Generalised tonic-clonic seizure","全身强直阵挛性癫痫发作","Nervous system disorders","各类神经系统疾病","14","14","14767","15302","19876396","14781","15316","19906479","1.23","0.73","2.08","1.23 (0.73, 2.08)","1.23","0.61","0.3","-0.24","11.3725","1.22","0.62","0","0","0","0","0","0"
"POOLED","Tubulointerstitial nephritis","Tubulointerstitial nephritis","小管间质性肾炎","Renal and urinary disorders","肾脏及泌尿系统疾病","14","14","14767","17711","19873987","14781","17725","19906479","1.06","0.63","1.8","1.06 (0.63, 1.80)","1.06","0.05","0.09","-0.45","13.1612","1.06","0.54","0","0","0","0","0","0"
"POOLED","Diplopia","Diplopia","复视","Eye disorders","眼器官疾病","14","14","14767","24485","19867213","14781","24499","19906479","0.77","0.46","1.3","0.77 (0.46, 1.30)","0.77","0.97","-0.38","-0.91","18.191","0.78","0.39","0","0","0","0","0","0"
"POOLED","HAEMOPTYSIS","HAEMOPTYSIS","咯血","Respiratory, thoracic and mediastinal disorders","呼吸系统、胸及纵隔疾病","14","14","14767","26620","19865078","14781","26634","19906479","0.71","0.42","1.2","0.71 (0.42, 1.20)","0.71","1.69","-0.5","-1.03","19.7763","0.72","0.36","0","0","0","0","0","0"
"POOLED","Dysstasia","Dysstasia","起立困难","Nervous system disorders","各类神经系统疾病","14","14","14767","28098","19863600","14781","28112","19906479","0.67","0.4","1.13","0.67 (0.40, 1.13)","0.67","2.27","-0.58","-1.11","20.8738","0.68","0.34","0","0","0","0","0","0"
"POOLED","NERVOUS SYSTEM DISORDER","NERVOUS SYSTEM DISORDER","神经系统病变","Nervous system disorders","各类神经系统疾病","14","14","14767","30103","19861595","14781","30117","19906479","0.63","0.37","1.06","0.63 (0.37, 1.06)","0.63","3.13","-0.68","-1.21","22.3625","0.63","0.32","0","0","0","0","0","0"
"POOLED","Eye disorder","Eye disorder","眼部疾病","Eye disorders","眼器官疾病","14","14","14767","31019","19860679","14781","31033","19906479","0.61","0.36","1.03","0.61 (0.36, 1.03)","0.61","3.56","-0.72","-1.25","23.0427","0.62","0.31","0","0","0","0","0","0"
"POOLED","DYSURIA","DYSURIA","排尿困难","Renal and urinary disorders","肾脏及泌尿系统疾病","14","14","14767","35277","19856421","14781","35291","19906479","0.53","0.32","0.9","0.53 (0.32, 0.90)","0.53","5.7","-0.9","-1.44","26.2043","0.54","0.27","0","0","0","0","0","0"
"POOLED","Hypokalaemia","Hypokalaemia","低钾血症","Metabolism and nutrition disorders","代谢及营养类疾病","14","14","14767","43578","19848120","14781","43592","19906479","0.43","0.26","0.73","0.43 (0.26, 0.73)","0.43","10.45","-1.21","-1.74","32.368","0.44","0.22","0","0","0","0","0","0"
"POOLED","Blood glucose increased","Blood glucose increased","血葡萄糖升高","Investigations","各类检查","14","14","14767","182165","19709533","14781","182179","19906479","0.1","0.06","0.17","0.10 (0.06, 0.17)","0.1","109.81","-3.27","-3.81","135.2719","0.11","0.05","0","0","0","0","0","0"
"POOLED","Documented hypersensitivity to administered product","Documented hypersensitivity to administered product","（患者）对所给产品有记录在案的超敏性","Injury, poisoning and procedural complications","各类损伤、中毒及操作并发症","13","13","14768","770","19890928","14781","783","19906479","22.74","13.14","39.35","22.74 (13.14, 39.35)","22.72","265.47","4.48","3.92","0.5814","12.48","6.25","1","1","1","1","1","1"
"POOLED","Conjunctival oedema","Conjunctival oedema","结膜水肿","Eye disorders","眼器官疾病","13","13","14768","966","19890732","14781","979","19906479","18.13","10.48","31.34","18.13 (10.48, 31.34)","18.11","207.38","4.16","3.6","0.7269","11","5.51","1","1","1","1","1","1"
"POOLED","Gaze palsy","Gaze palsy","凝视麻痹","Eye disorders","眼器官疾病","13","13","14768","1607","19890091","14781","1620","19906479","10.9","6.31","18.81","10.90 (6.31, 18.81)","10.89","115.79","3.43","2.88","1.2029","7.93","3.97","1","1","1","1","1","1"
"POOLED","Blood pressure systolic decreased","Blood pressure systolic decreased","收缩压降低","Investigations","各类检查","13","13","14768","4305","19887393","14781","4318","19906479","4.07","2.36","7.01","4.07 (2.36, 7.01)","4.06","29.95","2.02","1.46","3.2062","3.64","1.82","1","1","1","0","1","0"
"POOLED","Breath sounds abnormal","Breath sounds abnormal","呼吸音异常","Investigations","各类检查","13","13","14768","4568","19887130","14781","4581","19906479","3.83","2.22","6.61","3.83 (2.22, 6.61)","3.83","27.11","1.93","1.38","3.4015","3.46","1.73","1","1","1","0","1","0"
"POOLED","Heart rate abnormal","Heart rate abnormal","心率异常","Investigations","各类检查","13","13","14768","5205","19886493","14781","5218","19906479","3.36","1.95","5.8","3.36 (1.95, 5.80)","3.36","21.51","1.75","1.19","3.8745","3.09","1.54","1","1","1","0","1","0"
"POOLED","Scratch","Scratch","抓伤","Injury, poisoning and procedural complications","各类损伤、中毒及操作并发症","13","13","14768","9586","19882112","14781","9599","19906479","1.83","1.06","3.15","1.83 (1.06, 3.15)","1.83","4.84","0.87","0.31","7.1275","1.77","0.89","1","0","1","0","0","0"
"POOLED","Urinary retention","Urinary retention","尿潴留","Renal and urinary disorders","肾脏及泌尿系统疾病","13","13","14768","31633","19860065","14781","31646","19906479","0.55","0.32","0.95","0.55 (0.32, 0.95)","0.55","4.7","-0.85","-1.41","23.4979","0.56","0.28","0","0","0","0","0","0"
"POOLED","HEPATIC FUNCTION ABNORMAL","HEPATIC FUNCTION ABNORMAL","肝功能异常","Hepatobiliary disorders","肝胆系统疾病","13","13","14768","34800","19856898","14781","34813","19906479","0.5","0.29","0.87","0.50 (0.29, 0.87)","0.5","6.4","-0.99","-1.55","25.8494","0.51","0.26","0","0","0","0","0","0"
"POOLED","Panic attack","Panic attack","惊恐发作","Psychiatric disorders","精神病类","13","13","14768","34903","19856795","14781","34916","19906479","0.5","0.29","0.86","0.50 (0.29, 0.86)","0.5","6.46","-1","-1.55","25.9259","0.51","0.26","0","0","0","0","0","0"
"POOLED","WRONG TECHNIQUE IN DRUG USAGE PROCESS","WRONG TECHNIQUE IN DRUG USAGE PROCESS",,,,"13","13","14768","36285","19855413","14781","36298","19906479","0.48","0.28","0.83","0.48 (0.28, 0.83)","0.48","7.24","-1.05","-1.61","26.9521","0.49","0.25","0","0","0","0","0","0"
"POOLED","Mental disorder","Mental disorder","精神障碍","Psychiatric disorders","精神病类","13","13","14768","41736","19849962","14781","41749","19906479","0.42","0.24","0.72","0.42 (0.24, 0.72)","0.42","10.48","-1.25","-1.81","30.9996","0.43","0.21","0","0","0","0","0","0"
"POOLED","Foetal exposure during pregnancy","Foetal exposure during pregnancy","妊娠过程中胎儿暴露","Injury, poisoning and procedural complications","各类损伤、中毒及操作并发症","13","13","14768","76789","19814909","14781","76802","19906479","0.23","0.13","0.39","0.23 (0.13, 0.39)","0.23","34.15","-2.13","-2.69","57.0272","0.23","0.12","0","0","0","0","0","0"
"POOLED","Cardiac failure congestive","Cardiac failure congestive","充血性心力衰竭","Cardiac disorders","心脏器官疾病","13","13","14768","79357","19812341","14781","79370","19906479","0.22","0.13","0.38","0.22 (0.13, 0.38)","0.22","35.97","-2.18","-2.74","58.934","0.23","0.11","0","0","0","0","0","0"
"POOLED","Contusion","Contusion","挫伤","Injury, poisoning and procedural complications","各类损伤、中毒及操作并发症","13","13","14768","90749","19800949","14781","90762","19906479","0.19","0.11","0.33","0.19 (0.11, 0.33)","0.19","44.13","-2.37","-2.93","67.3928","0.2","0.1","0","0","0","0","0","0"
"POOLED","Haemoglobin decreased","Haemoglobin decreased","血红蛋白降低","Investigations","各类检查","13","13","14768","98697","19793001","14781","98710","19906479","0.18","0.1","0.3","0.18 (0.10, 0.30)","0.18","49.88","-2.5","-3.05","73.2944","0.18","0.09","0","0","0","0","0","0"
"POOLED","Haemorrhage","Haemorrhage","出血","Vascular disorders","血管与淋巴管类疾病","13","13","14768","98891","19792807","14781","98904","19906479","0.18","0.1","0.3","0.18 (0.10, 0.30)","0.18","50.03","-2.5","-3.05","73.4384","0.18","0.09","0","0","0","0","0","0"
"POOLED","Memory impairment","Memory impairment","记忆受损","Nervous system disorders","各类神经系统疾病","13","13","14768","131274","19760424","14781","131287","19906479","0.13","0.08","0.23","0.13 (0.08, 0.23)","0.13","73.76","-2.91","-3.46","97.4835","0.14","0.07","0","0","0","0","0","0"
"POOLED","Pharyngeal paraesthesia","Pharyngeal paraesthesia","咽异常感觉","Respiratory, thoracic and mediastinal disorders","呼吸系统、胸及纵隔疾病","12","12","14769","1413","19890285","14781","1425","19906479","11.44","6.48","20.19","11.44 (6.48, 20.19)","11.43","113.24","3.5","2.92","1.0581","8.02","3.97","1","1","1","1","1","1"
"POOLED","Product deposit","Product deposit","产品沉积","Product issues","产品问题","12","12","14769","1424","19890274","14781","1436","19906479","11.35","6.43","20.04","11.35 (6.43, 20.04)","11.34","112.21","3.49","2.91","1.0663","7.98","3.95","1","1","1","1","1","1"
"POOLED","Livedo reticularis","Livedo reticularis","网状青斑","Skin and subcutaneous tissue disorders","皮肤及皮下组织类疾病","12","12","14769","1970","19889728","14781","1982","19906479","8.2","4.65","14.47","8.20 (4.65, 14.47)","8.2","75.38","3.03","2.45","1.4717","6.34","3.13","1","1","1","1","1","1"
"POOLED","Eye oedema","Eye oedema","眼睛水肿","Eye disorders","眼器官疾病","12","12","14769","2323","19889375","14781","2335","19906479","6.96","3.94","12.27","6.96 (3.94, 12.27)","6.95","60.84","2.79","2.21","1.7338","5.6","2.77","1","1","1","1","1","1"
"POOLED","RESPIRATORY RATE DECREASED","RESPIRATORY RATE DECREASED","呼吸频率降低","Investigations","各类检查","12","12","14769","3018","19888680","14781","3030","19906479","5.35","3.04","9.44","5.35 (3.04, 9.44)","5.35","42.29","2.42","1.84","2.2498","4.55","2.25","1","1","1","1","1","1"
"POOLED","Cardiac failure acute","Cardiac failure acute","急性心力衰竭","Cardiac disorders","心脏器官疾病","12","12","14769","6275","19885423","14781","6287","19906479","2.57","1.46","4.54","2.57 (1.46, 4.54)","2.57","11.53","1.36","0.78","4.6682","2.42","1.2","1","1","1","0","1","0"
"POOLED","Troponin increased","Troponin increased","肌钙蛋白升高","Investigations","各类检查","12","12","14769","7034","19884664","14781","7046","19906479","2.3","1.3","4.05","2.30 (1.30, 4.05)","2.3","8.77","1.2","0.62","5.2318","2.18","1.08","1","1","1","0","1","0"
"POOLED","Acidosis","Acidosis","酸中毒","Metabolism and nutrition disorders","代谢及营养类疾病","12","12","14769","7364","19884334","14781","7376","19906479","2.19","1.25","3.87","2.19 (1.25, 3.87)","2.19","7.78","1.13","0.55","5.4768","2.09","1.03","1","1","1","0","1","0"
"POOLED","Subarachnoid haemorrhage","Subarachnoid haemorrhage","蛛网膜下腔出血","Nervous system disorders","各类神经系统疾病","12","12","14769","9745","19881953","14781","9757","19906479","1.66","0.94","2.92","1.66 (0.94, 2.92)","1.66","3.12","0.73","0.15","7.2448","1.61","0.8","0","0","1","0","0","0"
"POOLED","BLOOD PRESSURE FLUCTUATION","BLOOD PRESSURE FLUCTUATION","血压波动","Vascular disorders","血管与淋巴管类疾病","12","12","14769","22977","19868721","14781","22989","19906479","0.7","0.4","1.24","0.70 (0.40, 1.24)","0.7","1.51","-0.51","-1.09","17.0698","0.71","0.35","0","0","0","0","0","0"
"POOLED","Deafness","Deafness","耳聋","Ear and labyrinth disorders","耳及迷路类疾病","12","12","14769","24785","19866913","14781","24797","19906479","0.65","0.37","1.15","0.65 (0.37, 1.15)","0.65","2.24","-0.62","-1.2","18.4123","0.66","0.33","0","0","0","0","0","0"
"POOLED","CARDIOVASCULAR DISORDER","CARDIOVASCULAR DISORDER","心血管疾病","Cardiac disorders","心脏器官疾病","12","12","14769","24742","19866956","14781","24754","19906479","0.65","0.37","1.15","0.65 (0.37, 1.15)","0.65","2.22","-0.62","-1.19","18.3804","0.66","0.33","0","0","0","0","0","0"
"POOLED","HAEMATURIA","HAEMATURIA","血尿症","Renal and urinary disorders","肾脏及泌尿系统疾病","12","12","14769","32932","19858766","14781","32944","19906479","0.49","0.28","0.86","0.49 (0.28, 0.86)","0.49","6.36","-1.03","-1.61","24.4616","0.5","0.25","0","0","0","0","0","0"
"POOLED","Liver disorder","Liver disorder","肝脏疾病","Hepatobiliary disorders","肝胆系统疾病","12","12","14769","41745","19849953","14781","41757","19906479","0.39","0.22","0.68","0.39 (0.22, 0.68)","0.39","11.68","-1.37","-1.95","31.0055","0.4","0.2","0","0","0","0","0","0"
"POOLED","Cognitive disorder","Cognitive disorder","认知障碍","Nervous system disorders","各类神经系统疾病","12","12","14769","43819","19847879","14781","43831","19906479","0.37","0.21","0.65","0.37 (0.21, 0.65)","0.37","13.01","-1.44","-2.02","32.5455","0.38","0.19","0","0","0","0","0","0"
"POOLED","Nervousness","Nervousness","神经紧张不安","Psychiatric disorders","精神病类","12","12","14769","50718","19840980","14781","50730","19906479","0.32","0.18","0.56","0.32 (0.18, 0.56)","0.32","17.55","-1.65","-2.23","37.6681","0.33","0.16","0","0","0","0","0","0"
"POOLED","Respiratory tract oedema","Respiratory tract oedema","呼吸道水肿","Respiratory, thoracic and mediastinal disorders","呼吸系统、胸及纵隔疾病","11","11","14770","669","19891029","14781","680","19906479","22.14","12.2","40.19","22.14 (12.20, 40.19)","22.13","218.32","4.45","3.84","0.5049","11.44","5.58","1","1","1","1","1","1"
"POOLED","Pharyngeal hypoaesthesia","Pharyngeal hypoaesthesia","咽感觉减退","Respiratory, thoracic and mediastinal disorders","呼吸系统、胸及纵隔疾病","11","11","14770","873","19890825","14781","884","19906479","16.97","9.36","30.76","16.97 (9.36, 30.76)","16.96","163.13","4.07","3.46","0.6564","9.94","4.85","1","1","1","1","1","1"
"POOLED","Ear swelling","Ear swelling","耳肿","Ear and labyrinth disorders","耳及迷路类疾病","11","11","14770","1973","19889725","14781","1984","19906479","7.51","4.15","13.58","7.51 (4.15, 13.58)","7.5","61.66","2.9","2.3","1.4732","5.83","2.84","1","1","1","1","1","1"
"POOLED","Suffocation feeling","Suffocation feeling","窒息感","Respiratory, thoracic and mediastinal disorders","呼吸系统、胸及纵隔疾病","11","11","14770","2375","19889323","14781","2386","19906479","6.24","3.45","11.28","6.24 (3.45, 11.28)","6.23","48.11","2.63","2.03","1.7717","5.06","2.47","1","1","1","1","1","1"
"POOLED","Vomiting projectile","Vomiting projectile","喷射样呕吐","Gastrointestinal disorders","胃肠系统疾病","11","11","14770","2635","19889063","14781","2646","19906479","5.62","3.11","10.17","5.62 (3.11, 10.17)","5.62","41.59","2.49","1.88","1.9647","4.67","2.27","1","1","1","1","1","1"
"POOLED","Throat clearing","Throat clearing","清嗓","Respiratory, thoracic and mediastinal disorders","呼吸系统、胸及纵隔疾病","11","11","14770","3401","19888297","14781","3412","19906479","4.36","2.41","7.87","4.36 (2.41, 7.87)","4.35","28.32","2.12","1.51","2.5335","3.79","1.85","1","1","1","0","1","0"
"POOLED","ACCIDENTAL EXPOSURE","ACCIDENTAL EXPOSURE",,,,"11","11","14770","4148","19887550","14781","4159","19906479","3.57","1.98","6.45","3.57 (1.98, 6.45)","3.57","20.29","1.83","1.23","3.0881","3.2","1.56","1","1","1","0","1","0"
"POOLED","Periorbital swelling","Periorbital swelling","眶周肿","Eye disorders","眼器官疾病","11","11","14770","4955","19886743","14781","4966","19906479","2.99","1.65","5.4","2.99 (1.65, 5.40)","2.99","14.52","1.58","0.97","3.6874","2.75","1.34","1","1","1","0","1","0"
"POOLED","Odynophagia","Odynophagia","吞咽痛","Gastrointestinal disorders","胃肠系统疾病","11","11","14770","5543","19886155","14781","5554","19906479","2.67","1.48","4.83","2.67 (1.48, 4.83)","2.67","11.48","1.42","0.81","4.124","2.49","1.21","1","1","1","0","1","0"
"POOLED","Liquid product physical issue","Liquid product physical issue","液体产品物理问题","Product issues","产品问题","11","11","14770","6314","19885384","14781","6325","19906479","2.35","1.3","4.24","2.35 (1.30, 4.24)","2.34","8.47","1.23","0.62","4.6965","2.21","1.08","1","1","1","0","1","0"
"POOLED","Drooling","Drooling","流涎","Nervous system disorders","各类神经系统疾病","11","11","14770","6493","19885205","14781","6504","19906479","2.28","1.26","4.12","2.28 (1.26, 4.12)","2.28","7.89","1.19","0.58","4.8294","2.16","1.05","1","1","1","0","1","0"
"POOLED","EAR DISCOMFORT","EAR DISCOMFORT","耳部不适","Ear and labyrinth disorders","耳及迷路类疾病","11","11","14770","9734","19881964","14781","9745","19906479","1.52","0.84","2.75","1.52 (0.84, 2.75)","1.52","1.96","0.6","0","7.2359","1.49","0.72","0","0","0","0","0","0"
"POOLED","GENERALISED OEDEMA","GENERALISED OEDEMA","全身性水肿","General disorders and administration site conditions","全身性疾病及给药部位各种反应","11","11","14770","11593","19880105","14781","11604","19906479","1.28","0.71","2.31","1.28 (0.71, 2.31)","1.28","0.66","0.35","-0.25","8.6162","1.26","0.61","0","0","0","0","0","0"
"POOLED","Psychomotor hyperactivity","Psychomotor hyperactivity","精神运动功能亢进","Nervous system disorders","各类神经系统疾病","11","11","14770","16008","19875690","14781","16019","19906479","0.92","0.51","1.67","0.92 (0.51, 1.67)","0.92","0.07","-0.11","-0.72","11.8945","0.93","0.45","0","0","0","0","0","0"
"POOLED","Thirst","Thirst","口渴","General disorders and administration site conditions","全身性疾病及给药部位各种反应","11","11","14770","16893","19874805","14781","16904","19906479","0.88","0.49","1.58","0.88 (0.49, 1.58)","0.88","0.19","-0.19","-0.79","12.5516","0.88","0.43","0","0","0","0","0","0"
"POOLED","Conjunctivitis","Conjunctivitis","结膜炎","Infections and infestations","感染及侵染类疾病","11","11","14770","17220","19874478","14781","17231","19906479","0.86","0.48","1.55","0.86 (0.48, 1.55)","0.86","0.25","-0.22","-0.82","12.7944","0.87","0.42","0","0","0","0","0","0"
"POOLED","C-reactive protein increased","C-reactive protein increased","C反应蛋白升高","Investigations","各类检查","11","11","14770","33741","19857957","14781","33752","19906479","0.44","0.24","0.79","0.44 (0.24, 0.79)","0.44","7.91","-1.19","-1.79","25.0616","0.45","0.22","0","0","0","0","0","0"
"POOLED","Irritability","Irritability","易激惹","Psychiatric disorders","精神病类","11","11","14770","57822","19833876","14781","57833","19906479","0.26","0.14","0.46","0.26 (0.14, 0.46)","0.26","23.85","-1.96","-2.57","42.9423","0.26","0.13","0","0","0","0","0","0"
"POOLED","Device malfunction","Device malfunction","器械功能故障","Product issues","产品问题","11","11","14770","61214","19830484","14781","61225","19906479","0.24","0.13","0.44","0.24 (0.13, 0.44)","0.24","26.22","-2.05","-2.65","45.4609","0.25","0.12","0","0","0","0","0","0"
"POOLED","Thrombosis","Thrombosis","血栓形成","Vascular disorders","血管与淋巴管类疾病","11","11","14770","76931","19814767","14781","76942","19906479","0.19","0.11","0.35","0.19 (0.11, 0.35)","0.19","37.42","-2.38","-2.98","57.1311","0.2","0.1","0","0","0","0","0","0"
"POOLED","GASTROINTESTINAL DISORDER","GASTROINTESTINAL DISORDER","胃肠疾病","Gastrointestinal disorders","胃肠系统疾病","11","11","14770","80913","19810785","14781","80924","19906479","0.18","0.1","0.33","0.18 (0.10, 0.33)","0.18","40.3","-2.45","-3.05","60.0879","0.19","0.09","0","0","0","0","0","0"
"POOLED","DRY SKIN","DRY SKIN","皮肤干燥","Skin and subcutaneous tissue disorders","皮肤及皮下组织类疾病","11","11","14770","122597","19769101","14781","122608","19906479","0.12","0.07","0.22","0.12 (0.07, 0.22)","0.12","70.86","-3.05","-3.65","91.0391","0.13","0.06","0","0","0","0","0","0"
"POOLED","Inadvertent injection air bubble","Inadvertent injection air bubble","不慎注入气泡","Injury, poisoning and procedural complications","各类损伤、中毒及操作并发症","10","10","14771","86","19891612","14781","96","19906479","156.59","81.33","301.47","156.59 (81.33, 301.47)","156.48","1383.98","7.13","6.46","0.0713","18.38","8.81","1","1","1","1","1","1"
"POOLED","Oxygen saturation immeasurable","Oxygen saturation immeasurable","氧饱和度不可测","Investigations","各类检查","10","10","14771","90","19891608","14781","100","19906479","149.63","77.84","287.64","149.63 (77.84, 287.64)","149.53","1327.83","7.07","6.41","0.0743","18.28","8.76","1","1","1","1","1","1"
"POOLED","Oedema mucosal","Oedema mucosal","黏膜水肿","General disorders and administration site conditions","全身性疾病及给药部位各种反应","10","10","14771","1010","19890688","14781","1020","19906479","13.33","7.15","24.86","13.33 (7.15, 24.86)","13.32","112.88","3.72","3.09","0.7574","8.35","4","1","1","1","1","1","1"
"POOLED","Skin induration","Skin induration","皮肤硬结","Skin and subcutaneous tissue disorders","皮肤及皮下组织类疾病","10","10","14771","1957","19889741","14781","1967","19906479","6.88","3.7","12.81","6.88 (3.70, 12.81)","6.88","49.97","2.78","2.14","1.4605","5.36","2.57","1","1","1","1","1","1"
"POOLED","Rash morbilliform","Rash morbilliform","麻疹样皮疹","Skin and subcutaneous tissue disorders","皮肤及皮下组织类疾病","10","10","14771","2617","19889081","14781","2627","19906479","5.15","2.76","9.58","5.15 (2.76, 9.58)","5.14","33.25","2.36","1.72","1.9506","4.28","2.05","1","1","1","1","1","1"
"POOLED","Oedema mouth","Oedema mouth","口水肿","Gastrointestinal disorders","胃肠系统疾病","10","10","14771","3233","19888465","14781","3243","19906479","4.16","2.24","7.75","4.16 (2.24, 7.75)","4.16","23.96","2.05","1.42","2.408","3.61","1.73","1","1","1","0","1","0"
"POOLED","HYPERTONIA","HYPERTONIA","肌张力亢进","Nervous system disorders","各类神经系统疾病","10","10","14771","5592","19886106","14781","5602","19906479","2.41","1.29","4.48","2.41 (1.29, 4.48)","2.41","8.21","1.27","0.63","4.1596","2.25","1.08","1","1","1","0","1","0"
"POOLED","Atrioventricular block complete","Atrioventricular block complete","完全性房室传导阻滞","Cardiac disorders","心脏器官疾病","10","10","14771","6370","19885328","14781","6380","19906479","2.11","1.14","3.93","2.11 (1.14, 3.93)","2.11","5.85","1.08","0.44","4.7373","2","0.96","1","1","1","0","1","0"
"POOLED","Refusal of treatment by patient","Refusal of treatment by patient","患者拒绝治疗","Social circumstances","社会环境","10","10","14771","6400","19885298","14781","6410","19906479","2.1","1.13","3.91","2.10 (1.13, 3.91)","2.1","5.78","1.07","0.44","4.7596","2","0.96","1","1","1","0","1","0"
"POOLED","Torsade de pointes","Torsade de pointes","尖端扭转型室速","Cardiac disorders","心脏器官疾病","10","10","14771","7421","19884277","14781","7431","19906479","1.81","0.98","3.37","1.81 (0.98, 3.37)","1.81","3.65","0.86","0.22","5.5177","1.74","0.84","0","0","1","0","0","0"
"POOLED","Sensory loss","Sensory loss","感知觉缺失","Nervous system disorders","各类神经系统疾病","10","10","14771","7667","19884031","14781","7677","19906479","1.76","0.94","3.27","1.76 (0.94, 3.27)","1.76","3.25","0.81","0.18","5.7003","1.69","0.81","0","0","1","0","0","0"
"POOLED","Skin swelling","Skin swelling","皮肤肿胀","Skin and subcutaneous tissue disorders","皮肤及皮下组织类疾病","10","10","14771","7774","19883924","14781","7784","19906479","1.73","0.93","3.22","1.73 (0.93, 3.22)","1.73","3.08","0.79","0.16","5.7798","1.67","0.8","0","0","1","0","0","0"
"POOLED","URINE OUTPUT DECREASED","URINE OUTPUT DECREASED","尿排出量降低","Investigations","各类检查","10","10","14771","8428","19883270","14781","8438","19906479","1.6","0.86","2.97","1.60 (0.86, 2.97)","1.6","2.23","0.67","0.04","6.2654","1.55","0.74","0","0","1","0","0","0"
"POOLED","Secretion discharge","Secretion discharge","分泌性排出物","General disorders and administration site conditions","全身性疾病及给药部位各种反应","10","10","14771","11338","19880360","14781","11348","19906479","1.19","0.64","2.21","1.19 (0.64, 2.21)","1.19","0.29","0.25","-0.39","8.4261","1.18","0.56","0","0","0","0","0","0"
"POOLED","NO THERAPEUTIC RESPONSE","NO THERAPEUTIC RESPONSE",,,,"10","10","14771","12202","19879496","14781","12212","19906479","1.1","0.59","2.05","1.10 (0.59, 2.05)","1.1","0.1","0.14","-0.49","9.0677","1.1","0.53","0","0","0","0","0","0"
"POOLED","Pulmonary congestion","Pulmonary congestion","肺淤血","Respiratory, thoracic and mediastinal disorders","呼吸系统、胸及纵隔疾病","10","10","14771","12675","19879023","14781","12685","19906479","1.06","0.57","1.97","1.06 (0.57, 1.97)","1.06","0.04","0.09","-0.55","9.4189","1.06","0.51","0","0","0","0","0","0"
"POOLED","SINUS CONGESTION","SINUS CONGESTION","鼻窦充血","Respiratory, thoracic and mediastinal disorders","呼吸系统、胸及纵隔疾病","10","10","14771","12877","19878821","14781","12887","19906479","1.05","0.56","1.94","1.05 (0.56, 1.94)","1.05","0.02","0.06","-0.57","9.5689","1.04","0.5","0","0","0","0","0","0"
"POOLED","LEUKOCYTOSIS","LEUKOCYTOSIS","白细胞增多症","Blood and lymphatic system disorders","血液及淋巴系统疾病","10","10","14771","17235","19874463","14781","17245","19906479","0.78","0.42","1.45","0.78 (0.42, 1.45)","0.78","0.62","-0.36","-0.99","12.8048","0.79","0.38","0","0","0","0","0","0"
"POOLED","PHARMACEUTICAL PRODUCT COMPLAINT","PHARMACEUTICAL PRODUCT COMPLAINT",,,,"10","10","14771","26041","19865657","14781","26051","19906479","0.52","0.28","0.96","0.52 (0.28, 0.96)","0.52","4.52","-0.95","-1.58","19.3434","0.53","0.25","0","0","0","0","0","0"
"POOLED","Drug-induced liver injury","Drug-induced liver injury","药物诱导的肝损伤","Hepatobiliary disorders","肝胆系统疾病","10","10","14771","28035","19863663","14781","28045","19906479","0.48","0.26","0.89","0.48 (0.26, 0.89)","0.48","5.64","-1.06","-1.69","20.824","0.49","0.24","0","0","0","0","0","0"
"POOLED","HEPATIC FAILURE","HEPATIC FAILURE","肝衰竭","Hepatobiliary disorders","肝胆系统疾病","10","10","14771","28795","19862903","14781","28805","19906479","0.47","0.25","0.87","0.47 (0.25, 0.87)","0.47","6.08","-1.1","-1.73","21.3883","0.48","0.23","0","0","0","0","0","0"
"POOLED","Movement disorder","Movement disorder","运动失调","Nervous system disorders","各类神经系统疾病","10","10","14771","30799","19860899","14781","30809","19906479","0.44","0.23","0.81","0.44 (0.23, 0.81)","0.44","7.26","-1.19","-1.83","22.8764","0.45","0.22","0","0","0","0","0","0"
"POOLED","Blindness","Blindness","失明","Eye disorders","眼器官疾病","10","10","14771","38438","19853260","14781","38448","19906479","0.35","0.19","0.65","0.35 (0.19, 0.65)","0.35","12.08","-1.51","-2.15","28.5485","0.36","0.17","0","0","0","0","0","0"
"POOLED","Inflammation","Inflammation","炎症","General disorders and administration site conditions","全身性疾病及给药部位各种反应","10","10","14771","47802","19843896","14781","47812","19906479","0.28","0.15","0.52","0.28 (0.15, 0.52)","0.28","18.38","-1.83","-2.46","35.5015","0.29","0.14","0","0","0","0","0","0"
"POOLED","Disturbance in attention","Disturbance in attention","注意障碍","Nervous system disorders","各类神经系统疾病","10","10","14771","52030","19839668","14781","52040","19906479","0.26","0.14","0.48","0.26 (0.14, 0.48)","0.26","21.3","-1.95","-2.58","38.6408","0.27","0.13","0","0","0","0","0","0"
"POOLED","Alanine aminotransferase increased","Alanine aminotransferase increased","丙氨酸氨基转移酶升高","Investigations","各类检查","10","10","14771","58774","19832924","14781","58784","19906479","0.23","0.12","0.42","0.23 (0.12, 0.42)","0.23","26.04","-2.13","-2.76","43.6484","0.24","0.11","0","0","0","0","0","0"
"POOLED","Epistaxis","Epistaxis","鼻衄","Respiratory, thoracic and mediastinal disorders","呼吸系统、胸及纵隔疾病","10","10","14771","71396","19820302","14781","71406","19906479","0.19","0.1","0.35","0.19 (0.10, 0.35)","0.19","35.06","-2.41","-3.04","53.0205","0.2","0.09","0","0","0","0","0","0"
"POOLED","Urinary tract infection","Urinary tract infection","尿路感染","Infections and infestations","感染及侵染类疾病","10","10","14771","161692","19730006","14781","161702","19906479","0.08","0.04","0.15","0.08 (0.04, 0.15)","0.08","101.8","-3.59","-4.22","120.0673","0.09","0.04","0","0","0","0","0","0"
"POOLED","Anal sphincter atony","Anal sphincter atony","肛门括约肌张力缺乏","Gastrointestinal disorders","胃肠系统疾病","9","9","14772","412","19891286","14781","421","19906479","29.42","15.19","56.95","29.42 (15.19, 56.95)","29.4","241.61","4.85","4.17","0.3126","11.69","5.49","1","1","1","1","1","1"
"POOLED","CARDIAC PROCEDURE COMPLICATION","CARDIAC PROCEDURE COMPLICATION","心脏操作并发症","Injury, poisoning and procedural complications","各类损伤、中毒及操作并发症","9","9","14772","597","19891101","14781","606","19906479","20.3","10.51","39.21","20.30 (10.51, 39.21)","20.29","162.59","4.32","3.65","0.45","10","4.7","1","1","1","1","1","1"
"POOLED","Skin test positive","Skin test positive","皮肤试验阳性","Investigations","各类检查","9","9","14772","876","19890822","14781","885","19906479","13.83","7.17","26.68","13.83 (7.17, 26.68)","13.83","106","3.78","3.11","0.6571","8.21","3.86","1","1","1","1","1","1"
"POOLED","Administration site extravasation","Administration site extravasation","给药部位外渗","General disorders and administration site conditions","全身性疾病及给药部位各种反应","9","9","14772","891","19890807","14781","900","19906479","13.6","7.05","26.23","13.60 (7.05, 26.23)","13.59","103.96","3.75","3.08","0.6683","8.13","3.82","1","1","1","1","1","1"
"POOLED","Hyporesponsive to stimuli","Hyporesponsive to stimuli","对刺激物低反应","Nervous system disorders","各类神经系统疾病","9","9","14772","1042","19890656","14781","1051","19906479","11.63","6.03","22.42","11.63 (6.03, 22.42)","11.62","86.64","3.53","2.86","0.7804","7.42","3.48","1","1","1","1","1","1"
"POOLED","Injection related reaction","Injection related reaction","注射相关反应","Injury, poisoning and procedural complications","各类损伤、中毒及操作并发症","9","9","14772","1437","19890261","14781","1446","19906479","8.43","4.38","16.24","8.43 (4.38, 16.24)","8.43","58.56","3.07","2.4","1.0737","6.04","2.84","1","1","1","1","1","1"
"POOLED","Induration","Induration","硬结","General disorders and administration site conditions","全身性疾病及给药部位各种反应","9","9","14772","1722","19889976","14781","1731","19906479","7.04","3.65","13.55","7.04 (3.65, 13.55)","7.03","46.34","2.81","2.14","1.2853","5.32","2.5","1","1","1","1","1","1"
"POOLED","Dermatitis exfoliative generalised","Dermatitis exfoliative generalised","全身剥脱性皮炎","Skin and subcutaneous tissue disorders","皮肤及皮下组织类疾病","9","9","14772","3101","19888597","14781","3110","19906479","3.91","2.03","7.52","3.91 (2.03, 7.52)","3.91","19.4","1.96","1.29","2.3092","3.38","1.59","1","1","1","0","1","0"
"POOLED","Hypoventilation","Hypoventilation","通气不足","Respiratory, thoracic and mediastinal disorders","呼吸系统、胸及纵隔疾病","9","9","14772","3163","19888535","14781","3172","19906479","3.83","1.99","7.37","3.83 (1.99, 7.37)","3.83","18.76","1.93","1.27","2.3553","3.33","1.56","1","1","1","0","1","0"
"POOLED","MENINGITIS ASEPTIC","MENINGITIS ASEPTIC","无菌性脑膜炎","Infections and infestations","感染及侵染类疾病","9","9","14772","4197","19887501","14781","4206","19906479","2.89","1.5","5.55","2.89 (1.50, 5.55)","2.89","11.07","1.53","0.86","3.123","2.62","1.23","1","1","1","0","1","0"
"POOLED","Ecchymosis","Ecchymosis","瘀斑","Skin and subcutaneous tissue disorders","皮肤及皮下组织类疾病","9","9","14772","6636","19885062","14781","6645","19906479","1.83","0.95","3.51","1.83 (0.95, 3.51)","1.83","3.35","0.87","0.2","4.9341","1.75","0.82","0","0","1","0","0","0"
"POOLED","Panic reaction","Panic reaction","惊恐反应","Psychiatric disorders","精神病类","9","9","14772","6887","19884811","14781","6896","19906479","1.76","0.91","3.38","1.76 (0.91, 3.38)","1.76","2.94","0.81","0.15","5.1204","1.69","0.79","0","0","1","0","0","0"
"POOLED","Rhinitis","Rhinitis","鼻炎","Infections and infestations","感染及侵染类疾病","9","9","14772","7608","19884090","14781","7617","19906479","1.59","0.83","3.06","1.59 (0.83, 3.06)","1.59","1.98","0.67","0","5.6558","1.54","0.72","0","0","0","0","0","0"
"POOLED","Product container issue","Product container issue","产品容器问题","Product issues","产品问题","9","9","14772","7807","19883891","14781","7816","19906479","1.55","0.81","2.98","1.55 (0.81, 2.98)","1.55","1.76","0.63","-0.03","5.8036","1.51","0.71","0","0","0","0","0","0"
"POOLED","Supraventricular tachycardia","Supraventricular tachycardia","室上性心动过速","Cardiac disorders","心脏器官疾病","9","9","14772","9225","19882473","14781","9234","19906479","1.31","0.68","2.53","1.31 (0.68, 2.53)","1.31","0.67","0.39","-0.27","6.8564","1.29","0.61","0","0","0","0","0","0"
"POOLED","STATUS EPILEPTICUS","STATUS EPILEPTICUS","癫痫持续状态","Nervous system disorders","各类神经系统疾病","9","9","14772","10675","19881023","14781","10684","19906479","1.13","0.59","2.18","1.13 (0.59, 2.18)","1.13","0.14","0.18","-0.49","7.9331","1.13","0.53","0","0","0","0","0","0"
"POOLED","Paralysis","Paralysis","瘫痪","Nervous system disorders","各类神经系统疾病","9","9","14772","13752","19877946","14781","13761","19906479","0.88","0.46","1.69","0.88 (0.46, 1.69)","0.88","0.15","-0.18","-0.85","10.2178","0.89","0.42","0","0","0","0","0","0"
"POOLED","COAGULOPATHY","COAGULOPATHY","凝血障碍","Blood and lymphatic system disorders","血液及淋巴系统疾病","9","9","14772","15912","19875786","14781","15921","19906479","0.76","0.4","1.46","0.76 (0.40, 1.46)","0.76","0.67","-0.39","-1.06","11.8217","0.77","0.36","0","0","0","0","0","0"
"POOLED","EAR PAIN","EAR PAIN","耳痛","Ear and labyrinth disorders","耳及迷路类疾病","9","9","14772","18393","19873305","14781","18402","19906479","0.66","0.34","1.27","0.66 (0.34, 1.27)","0.66","1.59","-0.6","-1.27","13.6639","0.67","0.31","0","0","0","0","0","0"
"POOLED","Dystonia","Dystonia","肌张力障碍","Nervous system disorders","各类神经系统疾病","9","9","14772","18695","19873003","14781","18704","19906479","0.65","0.34","1.25","0.65 (0.34, 1.25)","0.65","1.72","-0.63","-1.29","13.8881","0.66","0.31","0","0","0","0","0","0"
"POOLED","Blood pressure abnormal","Blood pressure abnormal","血压异常","Investigations","各类检查","9","9","14772","18703","19872995","14781","18712","19906479","0.65","0.34","1.24","0.65 (0.34, 1.24)","0.65","1.73","-0.63","-1.29","13.8941","0.66","0.31","0","0","0","0","0","0"
"POOLED","Transaminases increased","Transaminases increased","转氨酶升高","Investigations","各类检查","9","9","14772","21099","19870599","14781","21108","19906479","0.57","0.3","1.1","0.57 (0.30, 1.10)","0.57","2.85","-0.8","-1.47","15.6732","0.59","0.28","0","0","0","0","0","0"
"POOLED","Heart rate irregular","Heart rate irregular","心率不规则","Investigations","各类检查","9","9","14772","21891","19869807","14781","21900","19906479","0.55","0.29","1.06","0.55 (0.29, 1.06)","0.55","3.25","-0.85","-1.52","16.2612","0.57","0.27","0","0","0","0","0","0"
"POOLED","Muscle twitching","Muscle twitching","肌肉抽搐","Musculoskeletal and connective tissue disorders","各种肌肉骨骼及结缔组织疾病","9","9","14772","22150","19869548","14781","22159","19906479","0.55","0.28","1.05","0.55 (0.28, 1.05)","0.55","3.38","-0.87","-1.54","16.4535","0.56","0.26","0","0","0","0","0","0"
"POOLED","Haematoma","Haematoma","血肿","Vascular disorders","血管与淋巴管类疾病","9","9","14772","25017","19866681","14781","25026","19906479","0.48","0.25","0.93","0.48 (0.25, 0.93)","0.48","4.95","-1.05","-1.71","18.5824","0.5","0.23","0","0","0","0","0","0"
"POOLED","INJECTION SITE RASH","INJECTION SITE RASH","注射部位皮疹","General disorders and administration site conditions","全身性疾病及给药部位各种反应","9","9","14772","28284","19863414","14781","28293","19906479","0.43","0.22","0.82","0.43 (0.22, 0.82)","0.43","6.88","-1.22","-1.89","21.0082","0.44","0.21","0","0","0","0","0","0"
"POOLED","PREMATURE BABY","PREMATURE BABY","早产儿","Pregnancy, puerperium and perinatal conditions","妊娠期、产褥期及围产期状况","9","9","14772","28976","19862722","14781","28985","19906479","0.42","0.22","0.8","0.42 (0.22, 0.80)","0.42","7.3","-1.26","-1.92","21.522","0.43","0.2","0","0","0","0","0","0"
"POOLED","Expired product administered","Expired product administered","给用了过期产品","Injury, poisoning and procedural complications","各类损伤、中毒及操作并发症","9","9","14772","31598","19860100","14781","31607","19906479","0.38","0.2","0.74","0.38 (0.20, 0.74)","0.38","8.94","-1.38","-2.05","23.4689","0.4","0.19","0","0","0","0","0","0"
"POOLED","Abnormal behaviour","Abnormal behaviour","异常行为","Psychiatric disorders","精神病类","9","9","14772","38511","19853187","14781","38520","19906479","0.31","0.16","0.6","0.31 (0.16, 0.60)","0.31","13.47","-1.67","-2.34","28.602","0.33","0.15","0","0","0","0","0","0"
"POOLED","Dry eye","Dry eye","干眼","Eye disorders","眼器官疾病","9","9","14772","44235","19847463","14781","44244","19906479","0.27","0.14","0.53","0.27 (0.14, 0.53)","0.27","17.37","-1.87","-2.53","32.8521","0.28","0.13","0","0","0","0","0","0"
"POOLED","Aspartate aminotransferase increased","Aspartate aminotransferase increased","天门冬氨酸氨基转移酶升高","Investigations","各类检查","9","9","14772","50864","19840834","14781","50873","19906479","0.24","0.12","0.46","0.24 (0.12, 0.46)","0.24","21.99","-2.07","-2.74","37.7743","0.25","0.12","0","0","0","0","0","0"
"POOLED","INJURY","INJURY","损伤","Injury, poisoning and procedural complications","各类损伤、中毒及操作并发症","9","9","14772","67882","19823816","14781","67891","19906479","0.18","0.09","0.34","0.18 (0.09, 0.34)","0.18","34.16","-2.49","-3.15","50.4106","0.19","0.09","0","0","0","0","0","0"
"POOLED","Chronic kidney disease","Chronic kidney disease","慢性肾脏疾病","Renal and urinary disorders","肾脏及泌尿系统疾病","9","9","14772","73307","19818391","14781","73316","19906479","0.16","0.09","0.32","0.16 (0.09, 0.32)","0.17","38.1","-2.6","-3.26","54.4387","0.17","0.08","0","0","0","0","0","0"
"POOLED","Arthritis","Arthritis","关节炎","Musculoskeletal and connective tissue disorders","各种肌肉骨骼及结缔组织疾病","9","9","14772","74558","19817140","14781","74567","19906479","0.16","0.08","0.31","0.16 (0.08, 0.31)","0.16","39.01","-2.62","-3.29","55.3676","0.17","0.08","0","0","0","0","0","0"
"POOLED","Gastrointestinal haemorrhage","Gastrointestinal haemorrhage","胃肠出血","Gastrointestinal disorders","胃肠系统疾病","9","9","14772","81296","19810402","14781","81305","19906479","0.15","0.08","0.29","0.15 (0.08, 0.29)","0.15","43.92","-2.75","-3.41","60.3708","0.16","0.07","0","0","0","0","0","0"
"POOLED","ELECTROMECHANICAL DISSOCIATION","ELECTROMECHANICAL DISSOCIATION",,,,"8","8","14773","823","19890875","14781","831","19906479","13.09","6.52","26.26","13.09 (6.52, 26.26)","13.08","88.41","3.7","2.99","0.617","7.61","3.49","1","1","1","1","1","1"
"POOLED","PROCEDURAL HYPOTENSION","PROCEDURAL HYPOTENSION","操作性低血压","Injury, poisoning and procedural complications","各类损伤、中毒及操作并发症","8","8","14773","833","19890865","14781","841","19906479","12.93","6.44","25.95","12.93 (6.44, 25.95)","12.92","87.18","3.68","2.97","0.6245","7.56","3.46","1","1","1","1","1","1"
"POOLED","IATROGENIC INJURY","IATROGENIC INJURY","医源性损伤","Injury, poisoning and procedural complications","各类损伤、中毒及操作并发症","8","8","14773","1264","19890434","14781","1272","19906479","8.52","4.25","17.08","8.52 (4.25, 17.08)","8.52","52.75","3.08","2.37","0.9445","5.88","2.7","1","1","1","1","1","1"
"POOLED","Vein rupture","Vein rupture","静脉破裂","Vascular disorders","血管与淋巴管类疾病","8","8","14773","1559","19890139","14781","1567","19906479","6.91","3.45","13.84","6.91 (3.45, 13.84)","6.91","40.2","2.78","2.07","1.1635","5.11","2.34","1","1","1","1","1","1"
"POOLED","COMPUTERISED TOMOGRAM ABNORMAL","COMPUTERISED TOMOGRAM ABNORMAL","计算机断层成像异常","Investigations","各类检查","8","8","14773","2217","19889481","14781","2225","19906479","4.86","2.43","9.73","4.86 (2.43, 9.73)","4.86","24.41","2.28","1.57","1.6521","3.95","1.81","1","1","1","0","1","0"
"POOLED","Macule","Macule","斑疹","Skin and subcutaneous tissue disorders","皮肤及皮下组织类疾病","8","8","14773","2648","19889050","14781","2656","19906479","4.07","2.03","8.14","4.07 (2.03, 8.14)","4.07","18.44","2.02","1.31","1.9721","3.44","1.58","1","1","1","0","1","0"
"POOLED","BRAIN DEATH","BRAIN DEATH","脑死亡","General disorders and administration site conditions","全身性疾病及给药部位各种反应","8","8","14773","2940","19888758","14781","2948","19906479","3.66","1.83","7.33","3.66 (1.83, 7.33)","3.66","15.44","1.87","1.16","2.189","3.16","1.45","1","1","1","0","1","0"
"POOLED","Rash vesicular","Rash vesicular","水泡疹","Skin and subcutaneous tissue disorders","皮肤及皮下组织类疾病","8","8","14773","4524","19887174","14781","4532","19906479","2.38","1.19","4.76","2.38 (1.19, 4.76)","2.38","6.39","1.25","0.54","3.3651","2.2","1.01","1","1","1","0","1","0"
"POOLED","Trismus","Trismus","牙关紧闭","Musculoskeletal and connective tissue disorders","各种肌肉骨骼及结缔组织疾病","8","8","14773","4896","19886802","14781","4904","19906479","2.2","1.1","4.4","2.20 (1.10, 4.40)","2.2","5.22","1.14","0.43","3.6413","2.05","0.94","1","1","1","0","1","0"
"POOLED","Hyperventilation","Hyperventilation","换气过度","Respiratory, thoracic and mediastinal disorders","呼吸系统、胸及纵隔疾病","8","8","14773","5567","19886131","14781","5575","19906479","1.93","0.97","3.87","1.93 (0.97, 3.87)","1.93","3.6","0.95","0.24","4.1396","1.83","0.84","0","0","1","0","0","0"
"POOLED","INCOHERENT","INCOHERENT","语无伦次","Nervous system disorders","各类神经系统疾病","8","8","14773","6247","19885451","14781","6255","19906479","1.72","0.86","3.45","1.72 (0.86, 3.45)","1.72","2.43","0.78","0.08","4.6445","1.65","0.76","0","0","1","0","0","0"
"POOLED","Haemodynamic instability","Haemodynamic instability","血液动力学不稳定","Vascular disorders","血管与淋巴管类疾病","8","8","14773","6963","19884735","14781","6971","19906479","1.55","0.77","3.09","1.55 (0.77, 3.09)","1.55","1.54","0.63","-0.08","5.1761","1.5","0.69","0","0","0","0","0","0"
"POOLED","ATRIOVENTRICULAR BLOCK","ATRIOVENTRICULAR BLOCK","房室阻滞","Cardiac disorders","心脏器官疾病","8","8","14773","7395","19884303","14781","7403","19906479","1.46","0.73","2.91","1.46 (0.73, 2.91)","1.46","1.14","0.54","-0.17","5.4969","1.42","0.65","0","0","0","0","0","0"
"POOLED","Skin plaque","Skin plaque","皮肤斑块","Skin and subcutaneous tissue disorders","皮肤及皮下组织类疾病","8","8","14773","8008","19883690","14781","8016","19906479","1.34","0.67","2.69","1.34 (0.67, 2.69)","1.34","0.71","0.43","-0.28","5.9521","1.32","0.6","0","0","0","0","0","0"
"POOLED","Motor dysfunction","Motor dysfunction","运动功能障碍","Nervous system disorders","各类神经系统疾病","8","8","14773","9527","19882171","14781","9535","19906479","1.13","0.56","2.26","1.13 (0.56, 2.26)","1.13","0.12","0.18","-0.53","7.0799","1.12","0.51","0","0","0","0","0","0"
"POOLED","Ocular discomfort","Ocular discomfort","眼睛不适","Eye disorders","眼器官疾病","8","8","14773","9807","19881891","14781","9815","19906479","1.1","0.55","2.2","1.10 (0.55, 2.20)","1.1","0.07","0.13","-0.57","7.2879","1.09","0.5","0","0","0","0","0","0"
"POOLED","Adverse reaction","Adverse reaction","不良反应","General disorders and administration site conditions","全身性疾病及给药部位各种反应","8","8","14773","12517","19879181","14781","12525","19906479","0.86","0.43","1.72","0.86 (0.43, 1.72)","0.86","0.18","-0.22","-0.92","9.3001","0.87","0.4","0","0","0","0","0","0"
"POOLED","BLOOD POTASSIUM INCREASED","BLOOD POTASSIUM INCREASED","血钾升高","Investigations","各类检查","8","8","14773","15465","19876233","14781","15473","19906479","0.7","0.35","1.39","0.70 (0.35, 1.39)","0.7","1.06","-0.52","-1.23","11.489","0.71","0.32","0","0","0","0","0","0"
"POOLED","SENSORY DISTURBANCE","SENSORY DISTURBANCE","感觉障碍","Nervous system disorders","各类神经系统疾病","8","8","14773","15519","19876179","14781","15527","19906479","0.69","0.35","1.39","0.69 (0.35, 1.39)","0.69","1.08","-0.53","-1.23","11.5291","0.71","0.32","0","0","0","0","0","0"
"POOLED","Dermatitis","Dermatitis","皮炎","Skin and subcutaneous tissue disorders","皮肤及皮下组织类疾病","8","8","14773","19218","19872480","14781","19226","19906479","0.56","0.28","1.12","0.56 (0.28, 1.12)","0.56","2.76","-0.84","-1.54","14.2757","0.58","0.26","0","0","0","0","0","0"
"POOLED","Hallucination, visual","Hallucination, visual","幻视","Psychiatric disorders","精神病类","8","8","14773","19762","19871936","14781","19770","19906479","0.54","0.27","1.09","0.54 (0.27, 1.09)","0.54","3.04","-0.88","-1.58","14.6797","0.56","0.26","0","0","0","0","0","0"
"POOLED","Staphylococcal infection","Staphylococcal infection","葡萄球菌感染","Infections and infestations","感染及侵染类疾病","8","8","14773","31783","19859915","14781","31791","19906479","0.34","0.17","0.68","0.34 (0.17, 0.68)","0.34","10.34","-1.56","-2.27","23.6055","0.35","0.16","0","0","0","0","0","0"
"POOLED","Lymphadenopathy","Lymphadenopathy","淋巴结病","Blood and lymphatic system disorders","血液及淋巴系统疾病","8","8","14773","33685","19858013","14781","33693","19906479","0.32","0.16","0.64","0.32 (0.16, 0.64)","0.32","11.6","-1.64","-2.35","25.0178","0.33","0.15","0","0","0","0","0","0"
"POOLED","Extra dose administered","Extra dose administered","给用了额外剂量","Injury, poisoning and procedural complications","各类损伤、中毒及操作并发症","8","8","14773","36640","19855058","14781","36648","19906479","0.29","0.15","0.59","0.29 (0.15, 0.59)","0.29","13.6","-1.77","-2.47","27.2119","0.31","0.14","0","0","0","0","0","0"
"POOLED","Influenza like illness","Influenza like illness","流感样疾病","General disorders and administration site conditions","全身性疾病及给药部位各种反应","8","8","14773","79340","19812358","14781","79348","19906479","0.14","0.07","0.27","0.14 (0.07, 0.27)","0.14","44.21","-2.88","-3.59","58.9176","0.14","0.07","0","0","0","0","0","0"
"POOLED","Adverse event","Adverse event","不良事件","General disorders and administration site conditions","全身性疾病及给药部位各种反应","8","8","14773","87281","19804417","14781","87289","19906479","0.12","0.06","0.25","0.12 (0.06, 0.25)","0.12","50.06","-3.02","-3.73","64.814","0.13","0.06","0","0","0","0","0","0"
"POOLED","Joint swelling","Joint swelling","关节肿胀","Musculoskeletal and connective tissue disorders","各种肌肉骨骼及结缔组织疾病","8","8","14773","111198","19780500","14781","111206","19906479","0.1","0.05","0.19","0.10 (0.05, 0.19)","0.1","67.78","-3.37","-4.07","82.5729","0.1","0.05","0","0","0","0","0","0"
"POOLED","TOXICITY TO VARIOUS AGENTS","TOXICITY TO VARIOUS AGENTS","各种制剂毒性","Injury, poisoning and procedural complications","各类损伤、中毒及操作并发症","8","8","14773","156933","19734765","14781","156941","19906479","0.07","0.03","0.14","0.07 (0.03, 0.14)","0.07","101.96","-3.86","-4.57","116.5322","0.07","0.03","0","0","0","0","0","0"
"POOLED","Product use in unapproved indication","Product use in unapproved indication","产品用于未经批准的适应症","Injury, poisoning and procedural complications","各类损伤、中毒及操作并发症","8","8","14773","225252","19666446","14781","225260","19906479","0.05","0.02","0.09","0.05 (0.02, 0.09)","0.05","153.49","-4.39","-5.09","167.2605","0.05","0.02","0","0","0","0","0","0"
"POOLED","Inappropriate release of product for distribution","Inappropriate release of product for distribution","产品被不当分发配送","Product issues","产品问题","7","7","14774","38","19891660","14781","45","19906479","248.02","110.74","555.48","248.02 (110.74, 555.48)","247.9","1453.59","7.71","6.89","0.0334","14.06","6.25","1","1","1","1","1","1"
"POOLED","RADIAL PULSE ABNORMAL","RADIAL PULSE ABNORMAL","桡动脉脉搏异常","Investigations","各类检查","7","7","14774","114","19891584","14781","121","19906479","82.67","38.53","177.38","82.67 (38.53, 177.38)","82.63","531.87","6.28","5.5","0.0898","12.72","5.65","1","1","1","1","1","1"
"POOLED","Hepatic artery stenosis","Hepatic artery stenosis","肝动脉狭窄","Hepatobiliary disorders","肝胆系统疾病","7","7","14774","121","19891577","14781","128","19906479","77.89","36.35","166.9","77.89 (36.35, 166.90)","77.85","502.03","6.2","5.42","0.095","12.6","5.6","1","1","1","1","1","1"
"POOLED","Blood brain barrier defect","Blood brain barrier defect","血脑屏障功能障碍","Nervous system disorders","各类神经系统疾病","7","7","14774","137","19891561","14781","144","19906479","68.79","32.18","147.05","68.79 (32.18, 147.05)","68.76","444.71","6.03","5.26","0.1069","12.36","5.49","1","1","1","1","1","1"
"POOLED","Product with quality issue administered","Product with quality issue administered","给用了有质量问题的产品","Injury, poisoning and procedural complications","各类损伤、中毒及操作并发症","7","7","14774","212","19891486","14781","219","19906479","44.46","20.93","94.41","44.46 (20.93, 94.41)","44.44","287.71","5.43","4.66","0.1626","11.32","5.03","1","1","1","1","1","1"
"POOLED","Urticaria papular","Urticaria papular","丘疹性荨麻疹","Skin and subcutaneous tissue disorders","皮肤及皮下组织类疾病","7","7","14774","239","19891459","14781","246","19906479","39.43","18.59","83.63","39.43 (18.59, 83.63)","39.42","254.63","5.26","4.49","0.1827","10.99","4.88","1","1","1","1","1","1"
"POOLED","DOCUMENTED HYPERSENSITIVITY TO ADMINISTERED DRUG","DOCUMENTED HYPERSENSITIVITY TO ADMINISTERED DRUG",,,,"7","7","14774","285","19891413","14781","292","19906479","33.07","15.62","70.01","33.07 (15.62, 70.01)","33.05","212.38","5.01","4.25","0.2168","10.46","4.65","1","1","1","1","1","1"
"POOLED","Pulse pressure decreased","Pulse pressure decreased","脉压降低","Investigations","各类检查","7","7","14774","499","19891199","14781","506","19906479","18.89","8.96","39.83","18.89 (8.96, 39.83)","18.88","116.88","4.22","3.46","0.3757","8.56","3.81","1","1","1","1","1","1"
"POOLED","URTICARIA GENERALISED","URTICARIA GENERALISED",,,,"7","7","14774","650","19891048","14781","657","19906479","14.5","6.88","30.54","14.50 (6.88, 30.54)","14.49","87","3.84","3.08","0.4878","7.59","3.38","1","1","1","1","1","1"
"POOLED","Lip pruritus","Lip pruritus","口唇瘙痒","Gastrointestinal disorders","胃肠系统疾病","7","7","14774","765","19890933","14781","772","19906479","12.32","5.85","25.93","12.32 (5.85, 25.93)","12.31","72.11","3.61","2.85","0.5732","6.99","3.11","1","1","1","1","1","1"
"POOLED","Electrocardiogram ST segment abnormal","Electrocardiogram ST segment abnormal","心电图ST段异常","Investigations","各类检查","7","7","14774","777","19890921","14781","784","19906479","12.13","5.76","25.53","12.13 (5.76, 25.53)","12.12","70.81","3.59","2.83","0.5821","6.93","3.08","1","1","1","1","1","1"
"POOLED","Idiosyncratic drug reaction","Idiosyncratic drug reaction","药物特异质反应","General disorders and administration site conditions","全身性疾病及给药部位各种反应","7","7","14774","939","19890759","14781","946","19906479","10.04","4.77","21.11","10.04 (4.77, 21.11)","10.03","56.51","3.32","2.56","0.7024","6.24","2.77","1","1","1","1","1","1"
"POOLED","Oxygen therapy","Oxygen therapy","氧治疗","Surgical and medical procedures","各种手术及医疗操作","7","7","14774","1517","19890181","14781","1524","19906479","6.21","2.96","13.06","6.21 (2.96, 13.06)","6.21","30.46","2.63","1.87","1.1316","4.6","2.04","1","1","1","1","1","1"
"POOLED","Fixed eruption","Fixed eruption","固定皮疹","Skin and subcutaneous tissue disorders","皮肤及皮下组织类疾病","7","7","14774","1585","19890113","14781","1592","19906479","5.95","2.83","12.49","5.95 (2.83, 12.49)","5.94","28.66","2.57","1.81","1.1821","4.46","1.98","1","1","1","0","1","0"
"POOLED","Coronary artery thrombosis","Coronary artery thrombosis","冠状动脉血栓形成","Cardiac disorders","心脏器官疾病","7","7","14774","1969","19889729","14781","1976","19906479","4.79","2.28","10.05","4.79 (2.28, 10.05)","4.78","20.88","2.25","1.5","1.4672","3.81","1.69","1","1","1","0","1","0"
"POOLED","Coma scale abnormal","Coma scale abnormal","昏迷评分异常","Investigations","各类检查","7","7","14774","2687","19889011","14781","2694","19906479","3.51","1.67","7.36","3.51 (1.67, 7.36)","3.51","12.51","1.81","1.05","2.0004","3","1.33","1","1","1","0","1","0"
"POOLED","Paraplegia","Paraplegia","截瘫","Nervous system disorders","各类神经系统疾病","7","7","14774","2756","19888942","14781","2763","19906479","3.42","1.63","7.18","3.42 (1.63, 7.18)","3.42","11.95","1.77","1.01","2.0516","2.94","1.31","1","1","1","0","1","0"
"POOLED","Upper respiratory tract congestion","Upper respiratory tract congestion","上呼吸道充血","Respiratory, thoracic and mediastinal disorders","呼吸系统、胸及纵隔疾病","7","7","14774","2803","19888895","14781","2810","19906479","3.36","1.6","7.06","3.36 (1.60, 7.06)","3.36","11.58","1.75","0.99","2.0865","2.9","1.29","1","1","1","0","1","0"
"POOLED","Eyelids pruritus","Eyelids pruritus","眼睑瘙痒","Eye disorders","眼器官疾病","7","7","14774","2856","19888842","14781","2863","19906479","3.3","1.57","6.93","3.30 (1.57, 6.93)","3.3","11.19","1.72","0.96","2.1258","2.86","1.27","1","1","1","0","1","0"
"POOLED","PHLEBITIS","PHLEBITIS","静脉炎","Vascular disorders","血管与淋巴管类疾病","7","7","14774","4952","19886746","14781","4959","19906479","1.9","0.91","3.99","1.90 (0.91, 3.99)","1.9","2.99","0.93","0.17","3.6822","1.79","0.8","0","0","1","0","0","0"
"POOLED","Increased upper airway secretion","Increased upper airway secretion","上呼吸道分泌物增多","Respiratory, thoracic and mediastinal disorders","呼吸系统、胸及纵隔疾病","7","7","14774","5027","19886671","14781","5034","19906479","1.87","0.89","3.93","1.87 (0.89, 3.93)","1.87","2.85","0.91","0.15","3.7379","1.77","0.79","0","0","1","0","0","0"
"POOLED","Multiple use of single-use product","Multiple use of single-use product","一次性使用产品的多次使用","Injury, poisoning and procedural complications","各类损伤、中毒及操作并发症","7","7","14774","5193","19886505","14781","5200","19906479","1.81","0.86","3.81","1.81 (0.86, 3.81)","1.81","2.55","0.86","0.1","3.8611","1.72","0.76","0","0","1","0","0","0"
"POOLED","Necrosis","Necrosis","坏死","General disorders and administration site conditions","全身性疾病及给药部位各种反应","7","7","14774","5328","19886370","14781","5335","19906479","1.77","0.84","3.71","1.77 (0.84, 3.71)","1.77","2.33","0.82","0.06","3.9614","1.68","0.75","0","0","1","0","0","0"
"POOLED","ACUTE CORONARY SYNDROME","ACUTE CORONARY SYNDROME","急性冠脉综合征","Cardiac disorders","心脏器官疾病","7","7","14774","8130","19883568","14781","8137","19906479","1.16","0.55","2.43","1.16 (0.55, 2.43)","1.16","0.15","0.21","-0.54","6.0419","1.15","0.51","0","0","0","0","0","0"
"POOLED","Hepatic cytolysis","Hepatic cytolysis","肝细胞溶解","Hepatobiliary disorders","肝胆系统疾病","7","7","14774","10720","19880978","14781","10727","19906479","0.88","0.42","1.84","0.88 (0.42, 1.84)","0.88","0.12","-0.19","-0.94","7.965","0.89","0.39","0","0","0","0","0","0"
"POOLED","Bacteraemia","Bacteraemia","菌血症","Infections and infestations","感染及侵染类疾病","7","7","14774","11077","19880621","14781","11084","19906479","0.85","0.41","1.78","0.85 (0.41, 1.78)","0.85","0.18","-0.23","-0.99","8.2301","0.86","0.38","0","0","0","0","0","0"
"POOLED","Myocardial ischaemia","Myocardial ischaemia","心肌缺血","Cardiac disorders","心脏器官疾病","7","7","14774","11245","19880453","14781","11252","19906479","0.84","0.4","1.76","0.84 (0.40, 1.76)","0.84","0.22","-0.26","-1.01","8.3549","0.85","0.38","0","0","0","0","0","0"
"POOLED","Fluid overload","Fluid overload",,,,"7","7","14774","14570","19877128","14781","14577","19906479","0.65","0.31","1.36","0.65 (0.31, 1.36)","0.65","1.35","-0.63","-1.39","10.8237","0.66","0.29","0","0","0","0","0","0"
"POOLED","Product preparation error","Product preparation error","产品制备错误","Injury, poisoning and procedural complications","各类损伤、中毒及操作并发症","7","7","14774","19758","19871940","14781","19765","19906479","0.48","0.23","1","0.48 (0.23, 1.00)","0.48","4.02","-1.07","-1.82","14.6759","0.49","0.22","0","0","0","0","0","0"
"POOLED","Mental impairment","Mental impairment","精神损害","Nervous system disorders","各类神经系统疾病","7","7","14774","23231","19868467","14781","23238","19906479","0.41","0.19","0.85","0.41 (0.19, 0.85)","0.41","6.11","-1.3","-2.06","17.2547","0.42","0.19","0","0","0","0","0","0"
"POOLED","Abdominal pain lower","Abdominal pain lower","下腹痛","Gastrointestinal disorders","胃肠系统疾病","7","7","14774","24153","19867545","14781","24160","19906479","0.39","0.19","0.82","0.39 (0.19, 0.82)","0.39","6.68","-1.36","-2.11","17.9393","0.41","0.18","0","0","0","0","0","0"
"POOLED","JAUNDICE","JAUNDICE","黄疸","Hepatobiliary disorders","肝胆系统疾病","7","7","14774","25952","19865746","14781","25959","19906479","0.36","0.17","0.76","0.36 (0.17, 0.76)","0.36","7.83","-1.46","-2.22","19.2751","0.38","0.17","0","0","0","0","0","0"
"POOLED","Angina pectoris","Angina pectoris","心绞痛","Cardiac disorders","心脏器官疾病","7","7","14774","27845","19863853","14781","27852","19906479","0.34","0.16","0.71","0.34 (0.16, 0.71)","0.34","9.07","-1.56","-2.32","20.6807","0.35","0.16","0","0","0","0","0","0"
"POOLED","TRANSIENT ISCHAEMIC ATTACK","TRANSIENT ISCHAEMIC ATTACK","短暂性脑缺血发作","Nervous system disorders","各类神经系统疾病","7","7","14774","32708","19858990","14781","32715","19906479","0.29","0.14","0.6","0.29 (0.14, 0.60)","0.29","12.34","-1.8","-2.55","24.2916","0.3","0.13","0","0","0","0","0","0"
"POOLED","Cerebral haemorrhage","Cerebral haemorrhage","脑出血","Nervous system disorders","各类神经系统疾病","7","7","14774","34227","19857471","14781","34234","19906479","0.27","0.13","0.58","0.27 (0.13, 0.58)","0.28","13.38","-1.86","-2.62","25.4195","0.29","0.13","0","0","0","0","0","0"
"POOLED","ABORTION SPONTANEOUS","ABORTION SPONTANEOUS","自发流产","Pregnancy, puerperium and perinatal conditions","妊娠期、产褥期及围产期状况","7","7","14774","38502","19853196","14781","38509","19906479","0.24","0.12","0.51","0.24 (0.12, 0.51)","0.24","16.35","-2.03","-2.79","28.5938","0.26","0.11","0","0","0","0","0","0"
"POOLED","Exposure during pregnancy","Exposure during pregnancy","妊娠过程中暴露","Injury, poisoning and procedural complications","各类损伤、中毒及操作并发症","7","7","14774","57995","19833703","14781","58002","19906479","0.16","0.08","0.34","0.16 (0.08, 0.34)","0.16","30.32","-2.62","-3.38","43.0678","0.17","0.08","0","0","0","0","0","0"
"POOLED","Injection site reaction","Injection site reaction","注射部位反应","General disorders and administration site conditions","全身性疾病及给药部位各种反应","7","7","14774","64916","19826782","14781","64923","19906479","0.14","0.07","0.3","0.14 (0.07, 0.30)","0.15","35.36","-2.78","-3.54","48.2068","0.15","0.07","0","0","0","0","0","0"
"POOLED","Mobility decreased","Mobility decreased","活动度降低","Musculoskeletal and connective tissue disorders","各种肌肉骨骼及结缔组织疾病","7","7","14774","66565","19825133","14781","66572","19906479","0.14","0.07","0.3","0.14 (0.07, 0.30)","0.14","36.57","-2.82","-3.58","49.4312","0.15","0.07","0","0","0","0","0","0"
"POOLED","UNEVALUABLE EVENT","UNEVALUABLE EVENT","无法评估的事件","General disorders and administration site conditions","全身性疾病及给药部位各种反应","7","7","14774","72791","19818907","14781","72798","19906479","0.13","0.06","0.27","0.13 (0.06, 0.27)","0.13","41.14","-2.95","-3.71","54.0541","0.14","0.06","0","0","0","0","0","0"
"POOLED","Device issue","Device issue","装置问题","Product issues","产品问题","7","7","14774","80688","19811010","14781","80695","19906479","0.12","0.06","0.24","0.12 (0.06, 0.24)","0.12","46.96","-3.1","-3.85","59.9178","0.12","0.06","0","0","0","0","0","0"
"POOLED","Injection site haemorrhage","Injection site haemorrhage","注射部位出血","General disorders and administration site conditions","全身性疾病及给药部位各种反应","7","7","14774","75182","19816516","14781","75189","19906479","0.12","0.06","0.26","0.12 (0.06, 0.26)","0.13","42.9","-3","-3.75","55.8295","0.13","0.06","0","0","0","0","0","0"
"POOLED","Intravascular gas","Intravascular gas","血管内气体","Vascular disorders","血管与淋巴管类疾病","6","6","14775","2","19891696","14781","8","19906479","4038.92","815.11","20013.21","4,038.92 (815.11, 20,013.21)","4037.28","6052.93","9.98","8.35","0.0059","12.85","5.49","1","1","1","1","1","1"
"POOLED","Larynx irritation","Larynx irritation","喉刺激","Respiratory, thoracic and mediastinal disorders","呼吸系统、胸及纵隔疾病","6","6","14775","213","19891485","14781","219","19906479","37.92","16.85","85.38","37.92 (16.85, 85.38)","37.91","209.71","5.21","4.38","0.1626","9.81","4.19","1","1","1","1","1","1"
"POOLED","Iodine allergy","Iodine allergy","碘过敏","Immune system disorders","免疫系统疾病","6","6","14775","313","19891385","14781","319","19906479","25.81","11.5","57.89","25.81 (11.50, 57.89)","25.8","140.33","4.66","3.84","0.2369","8.82","3.77","1","1","1","1","1","1"
"POOLED","ORBITAL OEDEMA","ORBITAL OEDEMA","眼眶水肿","Eye disorders","眼器官疾病","6","6","14775","487","19891211","14781","493","19906479","16.59","7.41","37.11","16.59 (7.41, 37.11)","16.58","86.78","4.03","3.21","0.3661","7.51","3.21","1","1","1","1","1","1"
"POOLED","Neurogenic shock","Neurogenic shock","神经源性休克","Vascular disorders","血管与淋巴管类疾病","6","6","14775","505","19891193","14781","511","19906479","16","7.15","35.78","16.00 (7.15, 35.78)","15.99","83.32","3.98","3.16","0.3794","7.39","3.16","1","1","1","1","1","1"
"POOLED","No reaction on previous exposure to drug","No reaction on previous exposure to drug","既往对药物暴露无反应","General disorders and administration site conditions","全身性疾病及给药部位各种反应","6","6","14775","512","19891186","14781","518","19906479","15.78","7.05","35.29","15.78 (7.05, 35.29)","15.77","82.04","3.96","3.14","0.3846","7.35","3.14","1","1","1","1","1","1"
"POOLED","Incorrect product formulation administered","Incorrect product formulation administered","所用产品配方有误","Injury, poisoning and procedural complications","各类损伤、中毒及操作并发症","6","6","14775","766","19890932","14781","772","19906479","10.55","4.72","23.55","10.55 (4.72, 23.55)","10.54","51.42","3.39","2.57","0.5732","6.06","2.59","1","1","1","1","1","1"
"POOLED","AORTIC ANEURYSM RUPTURE","AORTIC ANEURYSM RUPTURE","主动脉瘤破裂","Vascular disorders","血管与淋巴管类疾病","6","6","14775","950","19890748","14781","956","19906479","8.5","3.81","18.98","8.50 (3.81, 18.98)","8.5","39.46","3.08","2.26","0.7099","5.37","2.3","1","1","1","1","1","1"
"POOLED","Oropharyngeal swelling","Oropharyngeal swelling","口咽肿胀","Respiratory, thoracic and mediastinal disorders","呼吸系统、胸及纵隔疾病","6","6","14775","961","19890737","14781","967","19906479","8.41","3.77","18.76","8.41 (3.77, 18.76)","8.4","38.89","3.06","2.24","0.718","5.34","2.28","1","1","1","1","1","1"
"POOLED","Skin oedema","Skin oedema","皮肤水肿","Skin and subcutaneous tissue disorders","皮肤及皮下组织类疾病","6","6","14775","964","19890734","14781","970","19906479","8.38","3.75","18.7","8.38 (3.75, 18.70)","8.38","38.73","3.06","2.24","0.7202","5.33","2.28","1","1","1","1","1","1"
"POOLED","Lip discolouration","Lip discolouration","唇变色","Gastrointestinal disorders","胃肠系统疾病","6","6","14775","1188","19890510","14781","1194","19906479","6.8","3.05","15.17","6.80 (3.05, 15.17)","6.8","29.52","2.76","1.94","0.8866","4.69","2","1","1","1","1","1","1"
"POOLED","PUPILLARY REFLEX IMPAIRED","PUPILLARY REFLEX IMPAIRED","瞳孔反射受损","Eye disorders","眼器官疾病","6","6","14775","1745","19889953","14781","1751","19906479","4.63","2.08","10.32","4.63 (2.08, 10.32)","4.63","17","2.21","1.39","1.3002","3.61","1.54","1","1","1","0","1","0"
"POOLED","Fear of death","Fear of death","死亡恐惧","Psychiatric disorders","精神病类","6","6","14775","2119","19889579","14781","2125","19906479","3.81","1.71","8.5","3.81 (1.71, 8.50)","3.81","12.4","1.93","1.11","1.5779","3.13","1.34","1","1","1","0","1","0"
"POOLED","ELECTROCARDIOGRAM ST SEGMENT DEPRESSION","ELECTROCARDIOGRAM ST SEGMENT DEPRESSION","心电图ST段压低","Investigations","各类检查","6","6","14775","2154","19889544","14781","2160","19906479","3.75","1.68","8.36","3.75 (1.68, 8.36)","3.75","12.06","1.9","1.09","1.6038","3.09","1.32","1","1","1","0","1","0"
"POOLED","Dysaesthesia","Dysaesthesia","感觉反应异常","Nervous system disorders","各类神经系统疾病","6","6","14775","2833","19888865","14781","2839","19906479","2.85","1.28","6.35","2.85 (1.28, 6.35)","2.85","7.19","1.51","0.69","2.108","2.49","1.07","1","1","1","0","1","0"
"POOLED","Skin injury","Skin injury","皮肤损伤","Injury, poisoning and procedural complications","各类损伤、中毒及操作并发症","6","6","14775","3098","19888600","14781","3104","19906479","2.61","1.17","5.81","2.61 (1.17, 5.81)","2.61","5.93","1.38","0.56","2.3048","2.32","0.99","1","1","1","0","1","0"
"POOLED","Muscle contractions involuntary","Muscle contractions involuntary","肌肉不自主收缩","Nervous system disorders","各类神经系统疾病","6","6","14775","3384","19888314","14781","3390","19906479","2.39","1.07","5.32","2.39 (1.07, 5.32)","2.39","4.82","1.25","0.44","2.5171","2.15","0.92","1","1","1","0","1","0"
"POOLED","Asthmatic crisis","Asthmatic crisis","哮喘危象","Respiratory, thoracic and mediastinal disorders","呼吸系统、胸及纵隔疾病","6","6","14775","3496","19888202","14781","3502","19906479","2.31","1.04","5.15","2.31 (1.04, 5.15)","2.31","4.45","1.21","0.39","2.6003","2.1","0.9","1","1","1","0","1","0"
"POOLED","Communication disorder","Communication disorder","交流障碍","Psychiatric disorders","精神病类","6","6","14775","3687","19888011","14781","3693","19906479","2.19","0.98","4.88","2.19 (0.98, 4.88)","2.19","3.87","1.13","0.31","2.7421","2","0.86","0","0","1","0","0","0"
"POOLED","Respiratory acidosis","Respiratory acidosis","呼吸性酸中毒","Respiratory, thoracic and mediastinal disorders","呼吸系统、胸及纵隔疾病","6","6","14775","3733","19887965","14781","3739","19906479","2.16","0.97","4.82","2.16 (0.97, 4.82)","2.16","3.75","1.11","0.29","2.7763","1.98","0.85","0","0","1","0","0","0"
"POOLED","Arthritis bacterial","Arthritis bacterial","细菌性关节炎","Infections and infestations","感染及侵染类疾病","6","6","14775","3875","19887823","14781","3881","19906479","2.08","0.94","4.64","2.08 (0.94, 4.64)","2.08","3.38","1.06","0.24","2.8817","1.92","0.82","0","0","1","0","0","0"
"POOLED","Blood pressure diastolic increased","Blood pressure diastolic increased","舒张压升高","Investigations","各类检查","6","6","14775","4394","19887304","14781","4400","19906479","1.84","0.83","4.09","1.84 (0.83, 4.09)","1.84","2.29","0.88","0.06","3.2671","1.73","0.74","0","0","1","0","0","0"
"POOLED","CORONARY ARTERY STENOSIS","CORONARY ARTERY STENOSIS","冠状动脉狭窄","Cardiac disorders","心脏器官疾病","6","6","14775","4976","19886722","14781","4982","19906479","1.62","0.73","3.61","1.62 (0.73, 3.61)","1.62","1.43","0.7","-0.12","3.6992","1.55","0.66","0","0","0","0","0","0"
"POOLED","Stress cardiomyopathy","Stress cardiomyopathy","应激性心肌病","Cardiac disorders","心脏器官疾病","6","6","14775","5453","19886245","14781","5459","19906479","1.48","0.66","3.3","1.48 (0.66, 3.30)","1.48","0.94","0.57","-0.25","4.0534","1.43","0.61","0","0","0","0","0","0"
"POOLED","ENCEPHALITIS","ENCEPHALITIS","脑炎","Infections and infestations","感染及侵染类疾病","6","6","14775","6486","19885212","14781","6492","19906479","1.25","0.56","2.77","1.25 (0.56, 2.77)","1.24","0.29","0.32","-0.5","4.8205","1.22","0.52","0","0","0","0","0","0"
"POOLED","Defaecation urgency","Defaecation urgency","紧急排便感","Gastrointestinal disorders","胃肠系统疾病","6","6","14775","6507","19885191","14781","6513","19906479","1.24","0.56","2.76","1.24 (0.56, 2.76)","1.24","0.28","0.31","-0.51","4.836","1.22","0.52","0","0","0","0","0","0"
"POOLED","POLYURIA","POLYURIA","多尿","Renal and urinary disorders","肾脏及泌尿系统疾病","6","6","14775","7807","19883891","14781","7813","19906479","1.03","0.46","2.3","1.03 (0.46, 2.30)","1.03","0.01","0.05","-0.77","5.8013","1.03","0.44","0","0","0","0","0","0"
"POOLED","Eosinophil count increased","Eosinophil count increased","嗜酸粒细胞计数增多","Investigations","各类检查","6","6","14775","7826","19883872","14781","7832","19906479","1.03","0.46","2.3","1.03 (0.46, 2.30)","1.03","0.01","0.05","-0.77","5.8154","1.03","0.44","0","0","0","0","0","0"
"POOLED","Ventricular extrasystoles","Ventricular extrasystoles","室性期外收缩","Cardiac disorders","心脏器官疾病","6","6","14775","10080","19881618","14781","10086","19906479","0.8","0.36","1.78","0.80 (0.36, 1.78)","0.8","0.3","-0.32","-1.14","7.4891","0.81","0.35","0","0","0","0","0","0"
"POOLED","CORONARY ARTERY OCCLUSION","CORONARY ARTERY OCCLUSION","冠状动脉闭塞","Cardiac disorders","心脏器官疾病","6","6","14775","13465","19878233","14781","13471","19906479","0.6","0.27","1.33","0.60 (0.27, 1.33)","0.6","1.6","-0.74","-1.55","10.0025","0.62","0.26","0","0","0","0","0","0"
"POOLED","RIB FRACTURE","RIB FRACTURE","肋骨骨折","Injury, poisoning and procedural complications","各类损伤、中毒及操作并发症","6","6","14775","19555","19872143","14781","19561","19906479","0.41","0.19","0.92","0.41 (0.19, 0.92)","0.41","5.01","-1.28","-2.09","14.5245","0.43","0.19","0","0","0","0","0","0"
"POOLED","MELAENA","MELAENA","黑便","Gastrointestinal disorders","胃肠系统疾病","6","6","14775","21167","19870531","14781","21173","19906479","0.38","0.17","0.85","0.38 (0.17, 0.85)","0.38","6.02","-1.39","-2.21","15.7214","0.4","0.17","0","0","0","0","0","0"
"POOLED","WOUND","WOUND","伤口","Injury, poisoning and procedural complications","各类损伤、中毒及操作并发症","6","6","14775","24217","19867481","14781","24223","19906479","0.33","0.15","0.74","0.33 (0.15, 0.74)","0.33","8","-1.58","-2.4","17.9861","0.35","0.15","0","0","0","0","0","0"
"POOLED","Skin lesion","Skin lesion","皮肤病损","Skin and subcutaneous tissue disorders","皮肤及皮下组织类疾病","6","6","14775","25573","19866125","14781","25579","19906479","0.32","0.14","0.7","0.32 (0.14, 0.70)","0.32","8.91","-1.66","-2.48","18.993","0.33","0.14","0","0","0","0","0","0"
"POOLED","FEAR","FEAR","恐惧","Psychiatric disorders","精神病类","6","6","14775","26267","19865431","14781","26273","19906479","0.31","0.14","0.68","0.31 (0.14, 0.68)","0.31","9.37","-1.7","-2.52","19.5083","0.32","0.14","0","0","0","0","0","0"
"POOLED","Ascites","Ascites","腹水","Gastrointestinal disorders","胃肠系统疾病","6","6","14775","27950","19863748","14781","27956","19906479","0.29","0.13","0.64","0.29 (0.13, 0.64)","0.29","10.51","-1.79","-2.61","20.7579","0.31","0.13","0","0","0","0","0","0"
"POOLED","VISUAL ACUITY REDUCED","VISUAL ACUITY REDUCED","视力减退","Eye disorders","眼器官疾病","6","6","14775","32546","19859152","14781","32552","19906479","0.25","0.11","0.55","0.25 (0.11, 0.55)","0.25","13.69","-2.01","-2.83","24.1706","0.26","0.11","0","0","0","0","0","0"
"POOLED","Cellulitis","Cellulitis","蜂窝织炎","Infections and infestations","感染及侵染类疾病","6","6","14775","48342","19843356","14781","48348","19906479","0.17","0.07","0.37","0.17 (0.07, 0.37)","0.17","24.98","-2.58","-3.4","35.8995","0.18","0.08","0","0","0","0","0","0"
"POOLED","Chronic obstructive pulmonary disease","Chronic obstructive pulmonary disease","慢性阻塞性肺疾病","Respiratory, thoracic and mediastinal disorders","呼吸系统、胸及纵隔疾病","6","6","14775","49771","19841927","14781","49777","19906479","0.16","0.07","0.36","0.16 (0.07, 0.36)","0.16","26.02","-2.62","-3.44","36.9605","0.17","0.07","0","0","0","0","0","0"
"POOLED","Hepatic enzyme increased","Hepatic enzyme increased","肝酶升高","Investigations","各类检查","6","6","14775","62067","19829631","14781","62073","19906479","0.13","0.06","0.29","0.13 (0.06, 0.29)","0.13","35.01","-2.94","-3.76","46.0906","0.14","0.06","0","0","0","0","0","0"
"POOLED","Sleep disorder","Sleep disorder","睡眠障碍","Psychiatric disorders","精神病类","6","6","14775","65269","19826429","14781","65275","19906479","0.12","0.06","0.27","0.12 (0.06, 0.27)","0.12","37.36","-3.01","-3.83","48.4681","0.13","0.06","0","0","0","0","0","0"
"POOLED","BALANCE DISORDER","BALANCE DISORDER","平衡障碍","Nervous system disorders","各类神经系统疾病","6","6","14775","82558","19809140","14781","82564","19906479","0.1","0.04","0.22","0.10 (0.04, 0.22)","0.1","50.14","-3.35","-4.17","61.3056","0.11","0.04","0","0","0","0","0","0"
"POOLED","Dyspepsia","Dyspepsia","消化不良","Gastrointestinal disorders","胃肠系统疾病","6","6","14775","92487","19799211","14781","92493","19906479","0.09","0.04","0.19","0.09 (0.04, 0.19)","0.09","57.51","-3.52","-4.33","68.6781","0.09","0.04","0","0","0","0","0","0"
"POOLED","Emotional distress","Emotional distress","情绪困扰","Psychiatric disorders","精神病类","6","6","14775","117350","19774348","14781","117356","19906479","0.07","0.03","0.15","0.07 (0.03, 0.15)","0.07","76.06","-3.86","-4.68","87.1394","0.07","0.03","0","0","0","0","0","0"
"POOLED","Incorrect dose administered","Incorrect dose administered","给用了不正确的剂量","Injury, poisoning and procedural complications","各类损伤、中毒及操作并发症","6","6","14775","209823","19681875","14781","209829","19906479","0.04","0.02","0.08","0.04 (0.02, 0.08)","0.04","145.68","-4.7","-5.52","155.8027","0.04","0.02","0","0","0","0","0","0"
"POOLED","Alopecia","Alopecia","脱发","Skin and subcutaneous tissue disorders","皮肤及皮下组织类疾病","6","6","14775","185071","19706627","14781","185077","19906479","0.04","0.02","0.1","0.04 (0.02, 0.10)","0.04","126.96","-4.52","-5.33","137.4238","0.05","0.02","0","0","0","0","0","0"
"POOLED","WEIGHT DECREASED","WEIGHT DECREASED","体重降低","Investigations","各类检查","6","6","14775","265509","19626189","14781","265515","19906479","0.03","0.01","0.07","0.03 (0.01, 0.07)","0.03","187.98","-5.04","-5.85","197.1507","0.03","0.01","0","0","0","0","0","0"
"POOLED","Iodine overload","Iodine overload","碘超负荷","Metabolism and nutrition disorders","代谢及营养类疾病","5","5","14776","23","19891675","14781","28","19906479","292.66","111.24","769.9","292.66 (111.24, 769.90)","292.56","1193.37","7.91","6.92","0.0208","10.56","4.29","1","1","1","1","1","1"
"POOLED","Product administered from unauthorised provider","Product administered from unauthorised provider","施用了来自未获批提供商的产品","Injury, poisoning and procedural complications","各类损伤、中毒及操作并发症","5","5","14776","68","19891630","14781","73","19906479","98.99","39.91","245.5","98.99 (39.91, 245.50)","98.95","451.61","6.53","5.6","0.0542","9.92","4.03","1","1","1","1","1","1"
"POOLED","Fixed drug eruption","Fixed drug eruption",,,,"5","5","14776","117","19891581","14781","122","19906479","57.53","23.5","140.83","57.53 (23.50, 140.83)","57.51","266.27","5.79","4.87","0.0906","9.31","3.78","1","1","1","1","1","1"
"POOLED","Laryngeal obstruction","Laryngeal obstruction","喉阻塞","Respiratory, thoracic and mediastinal disorders","呼吸系统、胸及纵隔疾病","5","5","14776","167","19891531","14781","172","19906479","40.31","16.56","98.12","40.31 (16.56, 98.12)","40.29","186.02","5.29","4.38","0.1277","8.76","3.56","1","1","1","1","1","1"
"POOLED","Agonal respiration","Agonal respiration","濒死期呼吸","Respiratory, thoracic and mediastinal disorders","呼吸系统、胸及纵隔疾病","5","5","14776","229","19891469","14781","234","19906479","29.39","12.12","71.3","29.39 (12.12, 71.30)","29.38","134.16","4.85","3.94","0.1738","8.16","3.32","1","1","1","1","1","1"
"POOLED","Laryngeal pain","Laryngeal pain","喉部疼痛","Respiratory, thoracic and mediastinal disorders","呼吸系统、胸及纵隔疾病","5","5","14776","360","19891338","14781","365","19906479","18.7","7.73","45.2","18.70 (7.73, 45.20)","18.69","82.58","4.21","3.3","0.271","7.13","2.9","1","1","1","1","1","1"
"POOLED","HYPOXIC ENCEPHALOPATHY","HYPOXIC ENCEPHALOPATHY",,,,"5","5","14776","422","19891276","14781","427","19906479","15.95","6.6","38.53","15.95 (6.60, 38.53)","15.95","69.22","3.98","3.08","0.3171","6.73","2.73","1","1","1","1","1","1"
"POOLED","PAROTID GLAND ENLARGEMENT","PAROTID GLAND ENLARGEMENT","腮腺增大","Gastrointestinal disorders","胃肠系统疾病","5","5","14776","621","19891077","14781","626","19906479","10.84","4.49","26.14","10.84 (4.49, 26.14)","10.84","44.28","3.43","2.53","0.4648","5.7","2.32","1","1","1","1","1","1"
"POOLED","Lip erosion","Lip erosion","嘴唇糜烂","Gastrointestinal disorders","胃肠系统疾病","5","5","14776","705","19890993","14781","710","19906479","9.55","3.96","23.01","9.55 (3.96, 23.01)","9.54","37.98","3.25","2.35","0.5272","5.35","2.17","1","1","1","1","1","1"
"POOLED","Symmetrical drug-related intertriginous and flexural exanthema","Symmetrical drug-related intertriginous and flexural exanthema","对称性药物相关性擦烂疹和弯曲疹","Skin and subcutaneous tissue disorders","皮肤及皮下组织类疾病","5","5","14776","731","19890967","14781","736","19906479","9.21","3.82","22.19","9.21 (3.82, 22.19)","9.2","36.32","3.19","2.3","0.5465","5.26","2.13","1","1","1","1","1","1"
"POOLED","VASOSPASM","VASOSPASM","血管痉挛","Vascular disorders","血管与淋巴管类疾病","5","5","14776","875","19890823","14781","880","19906479","7.69","3.19","18.53","7.69 (3.19, 18.53)","7.69","28.94","2.94","2.04","0.6534","4.77","1.94","1","1","1","0","1","0"
"POOLED","Venous injury","Venous injury","静脉损伤","Injury, poisoning and procedural complications","各类损伤、中毒及操作并发症","5","5","14776","887","19890811","14781","892","19906479","7.59","3.15","18.28","7.59 (3.15, 18.28)","7.59","28.43","2.92","2.02","0.6623","4.73","1.92","1","1","1","0","1","0"
"POOLED","Amaurosis fugax","Amaurosis fugax","一过性黑朦","Eye disorders","眼器官疾病","5","5","14776","916","19890782","14781","921","19906479","7.35","3.05","17.7","7.35 (3.05, 17.70)","7.35","27.26","2.87","1.97","0.6839","4.65","1.89","1","1","1","0","1","0"
"POOLED","HYPOPERFUSION","HYPOPERFUSION","灌注不足","Vascular disorders","血管与淋巴管类疾病","5","5","14776","1001","19890697","14781","1006","19906479","6.72","2.79","16.19","6.72 (2.79, 16.19)","6.72","24.23","2.74","1.85","0.747","4.41","1.79","1","1","1","0","1","0"
"POOLED","IMMEDIATE POST-INJECTION REACTION","IMMEDIATE POST-INJECTION REACTION","注射后即时反应","General disorders and administration site conditions","全身性疾病及给药部位各种反应","5","5","14776","1064","19890634","14781","1069","19906479","6.33","2.63","15.23","6.33 (2.63, 15.23)","6.32","22.31","2.66","1.76","0.7938","4.25","1.73","1","1","1","0","1","0"
"POOLED","Moaning","Moaning","呻吟","General disorders and administration site conditions","全身性疾病及给药部位各种反应","5","5","14776","1071","19890627","14781","1076","19906479","6.28","2.61","15.13","6.28 (2.61, 15.13)","6.28","22.11","2.65","1.75","0.799","4.23","1.72","1","1","1","0","1","0"
"POOLED","Sense of oppression","Sense of oppression","压抑感","General disorders and administration site conditions","全身性疾病及给药部位各种反应","5","5","14776","1130","19890568","14781","1135","19906479","5.96","2.47","14.34","5.96 (2.47, 14.34)","5.95","20.52","2.57","1.67","0.8428","4.1","1.66","1","1","1","0","1","0"
"POOLED","EMBOLISM ARTERIAL","EMBOLISM ARTERIAL","动脉栓塞","Vascular disorders","血管与淋巴管类疾病","5","5","14776","1138","19890560","14781","1143","19906479","5.91","2.46","14.24","5.91 (2.46, 14.24)","5.91","20.32","2.56","1.66","0.8487","4.08","1.66","1","1","1","0","1","0"
"POOLED","Cerebral artery embolism","Cerebral artery embolism","大脑动脉栓塞","Nervous system disorders","各类神经系统疾病","5","5","14776","1187","19890511","14781","1192","19906479","5.67","2.36","13.65","5.67 (2.36, 13.65)","5.67","19.15","2.5","1.6","0.8851","3.97","1.61","1","1","1","0","1","0"
"POOLED","Palatal oedema","Palatal oedema","上颚水肿","Gastrointestinal disorders","胃肠系统疾病","5","5","14776","1197","19890501","14781","1202","19906479","5.62","2.34","13.54","5.62 (2.34, 13.54)","5.62","18.92","2.49","1.59","0.8925","3.95","1.6","1","1","1","0","1","0"
"POOLED","NODAL RHYTHM","NODAL RHYTHM","结性心律","Cardiac disorders","心脏器官疾病","5","5","14776","1416","19890282","14781","1421","19906479","4.75","1.98","11.44","4.75 (1.98, 11.44)","4.75","14.76","2.24","1.35","1.0551","3.54","1.44","1","1","1","0","1","0"
"POOLED","CEREBELLAR INFARCTION","CEREBELLAR INFARCTION","小脑梗死","Nervous system disorders","各类神经系统疾病","5","5","14776","1621","19890077","14781","1626","19906479","4.15","1.73","9.99","4.15 (1.73, 9.99)","4.15","11.92","2.05","1.15","1.2073","3.22","1.31","1","1","1","0","1","0"
"POOLED","Pupil fixed","Pupil fixed","固定瞳孔","Eye disorders","眼器官疾病","5","5","14776","1692","19890006","14781","1697","19906479","3.98","1.65","9.57","3.98 (1.65, 9.57)","3.98","11.11","1.99","1.09","1.2601","3.12","1.27","1","1","1","0","1","0"
"POOLED","CONVERSION DISORDER","CONVERSION DISORDER","转变障碍","Psychiatric disorders","精神病类","5","5","14776","1885","19889813","14781","1890","19906479","3.57","1.48","8.59","3.57 (1.48, 8.59)","3.57","9.23","1.83","0.94","1.4034","2.89","1.17","1","1","1","0","1","0"
"POOLED","Vascular stent thrombosis","Vascular stent thrombosis","血管支架血栓形成","General disorders and administration site conditions","全身性疾病及给药部位各种反应","5","5","14776","1896","19889802","14781","1901","19906479","3.55","1.48","8.54","3.55 (1.48, 8.54)","3.55","9.13","1.82","0.93","1.4115","2.88","1.17","1","1","1","0","1","0"
"POOLED","Language disorder","Language disorder","语言障碍","Nervous system disorders","各类神经系统疾病","5","5","14776","2021","19889677","14781","2026","19906479","3.33","1.38","8.01","3.33 (1.38, 8.01)","3.33","8.13","1.73","0.84","1.5043","2.74","1.11","1","1","1","0","1","0"
"POOLED","Pharyngeal erythema","Pharyngeal erythema","咽部红斑","Respiratory, thoracic and mediastinal disorders","呼吸系统、胸及纵隔疾病","5","5","14776","2123","19889575","14781","2128","19906479","3.17","1.32","7.63","3.17 (1.32, 7.63)","3.17","7.41","1.66","0.77","1.5801","2.64","1.07","1","1","1","0","1","0"
"POOLED","Skin hypertrophy","Skin hypertrophy","皮肤肥厚","Skin and subcutaneous tissue disorders","皮肤及皮下组织类疾病","5","5","14776","2645","19889053","14781","2650","19906479","2.54","1.06","6.12","2.54 (1.06, 6.12)","2.54","4.68","1.35","0.45","1.9677","2.23","0.91","1","1","1","0","1","0"
"POOLED","ENDOTRACHEAL INTUBATION","ENDOTRACHEAL INTUBATION","气管插管术","Surgical and medical procedures","各种手术及医疗操作","5","5","14776","2664","19889034","14781","2669","19906479","2.53","1.05","6.08","2.53 (1.05, 6.08)","2.53","4.6","1.34","0.44","1.9818","2.22","0.9","1","1","1","0","1","0"
"POOLED","Stupor","Stupor","木僵","Nervous system disorders","各类神经系统疾病","5","5","14776","3123","19888575","14781","3128","19906479","2.15","0.9","5.18","2.15 (0.90, 5.18)","2.15","3.09","1.11","0.21","2.3226","1.95","0.79","0","0","1","0","0","0"
"POOLED","Cutaneous vasculitis","Cutaneous vasculitis","皮肤血管炎","Skin and subcutaneous tissue disorders","皮肤及皮下组织类疾病","5","5","14776","3168","19888530","14781","3173","19906479","2.12","0.88","5.11","2.12 (0.88, 5.11)","2.12","2.97","1.09","0.19","2.356","1.93","0.78","0","0","1","0","0","0"
"POOLED","Product contamination","Product contamination","产品污染","Product issues","产品问题","5","5","14776","3223","19888475","14781","3228","19906479","2.09","0.87","5.02","2.09 (0.87, 5.02)","2.09","2.83","1.06","0.17","2.3969","1.9","0.77","0","0","1","0","0","0"
"POOLED","Embolic stroke","Embolic stroke","栓塞性卒中","Nervous system disorders","各类神经系统疾病","5","5","14776","3373","19888325","14781","3378","19906479","2","0.83","4.8","2.00 (0.83, 4.80)","1.99","2.48","1","0.1","2.5082","1.83","0.74","0","0","1","0","0","0"
"POOLED","GLOSSITIS","GLOSSITIS","舌炎","Gastrointestinal disorders","胃肠系统疾病","5","5","14776","3380","19888318","14781","3385","19906479","1.99","0.83","4.79","1.99 (0.83, 4.79)","1.99","2.46","0.99","0.1","2.5134","1.83","0.74","0","0","1","0","0","0"
"POOLED","VIITH NERVE PARALYSIS","VIITH NERVE PARALYSIS",,,,"5","5","14776","3440","19888258","14781","3445","19906479","1.96","0.81","4.7","1.96 (0.81, 4.70)","1.96","2.33","0.97","0.07","2.558","1.8","0.73","0","0","1","0","0","0"
"POOLED","Ventricular arrhythmia","Ventricular arrhythmia","室性心律失常","Cardiac disorders","心脏器官疾病","5","5","14776","3478","19888220","14781","3483","19906479","1.93","0.8","4.65","1.93 (0.80, 4.65)","1.93","2.25","0.95","0.06","2.5862","1.78","0.72","0","0","1","0","0","0"
"POOLED","Abnormal sensation in eye","Abnormal sensation in eye","眼感觉异常","Eye disorders","眼器官疾病","5","5","14776","4073","19887625","14781","4078","19906479","1.65","0.69","3.97","1.65 (0.69, 3.97)","1.65","1.29","0.72","-0.17","3.028","1.56","0.63","0","0","0","0","0","0"
"POOLED","HYPOVOLAEMIC SHOCK","HYPOVOLAEMIC SHOCK","低血容量性休克","Vascular disorders","血管与淋巴管类疾病","5","5","14776","4515","19887183","14781","4520","19906479","1.49","0.62","3.58","1.49 (0.62, 3.58)","1.49","0.81","0.58","-0.32","3.3562","1.43","0.58","0","0","0","0","0","0"
"POOLED","Toxic encephalopathy","Toxic encephalopathy","中毒性脑病","Nervous system disorders","各类神经系统疾病","5","5","14776","4581","19887117","14781","4586","19906479","1.47","0.61","3.53","1.47 (0.61, 3.53)","1.47","0.75","0.55","-0.34","3.4052","1.41","0.57","0","0","0","0","0","0"
"POOLED","Vulvovaginal pruritus","Vulvovaginal pruritus","外阴阴道瘙痒","Reproductive system and breast disorders","生殖系统及乳腺疾病","5","5","14776","4778","19886920","14781","4783","19906479","1.41","0.59","3.39","1.41 (0.59, 3.39)","1.41","0.59","0.49","-0.4","3.5515","1.36","0.55","0","0","0","0","0","0"
"POOLED","Skin necrosis","Skin necrosis","皮肤坏死","Skin and subcutaneous tissue disorders","皮肤及皮下组织类疾病","5","5","14776","4908","19886790","14781","4913","19906479","1.37","0.57","3.3","1.37 (0.57, 3.30)","1.37","0.5","0.45","-0.44","3.648","1.33","0.54","0","0","0","0","0","0"
"POOLED","Cerebral ischaemia","Cerebral ischaemia","大脑缺血","Nervous system disorders","各类神经系统疾病","5","5","14776","5075","19886623","14781","5080","19906479","1.33","0.55","3.19","1.33 (0.55, 3.19)","1.33","0.4","0.41","-0.49","3.772","1.29","0.52","0","0","0","0","0","0"
"POOLED","Hypovolaemia","Hypovolaemia","低血容量","Metabolism and nutrition disorders","代谢及营养类疾病","5","5","14776","5637","19886061","14781","5642","19906479","1.19","0.5","2.87","1.19 (0.50, 2.87)","1.19","0.16","0.26","-0.64","4.1893","1.17","0.48","0","0","0","0","0","0"
"POOLED","PHOTOPSIA","PHOTOPSIA","闪光幻觉","Eye disorders","眼器官疾病","5","5","14776","5960","19885738","14781","5965","19906479","1.13","0.47","2.71","1.13 (0.47, 2.71)","1.13","0.07","0.17","-0.72","4.4291","1.12","0.45","0","0","0","0","0","0"
"POOLED","HEARING IMPAIRED","HEARING IMPAIRED",,,,"5","5","14776","5982","19885716","14781","5987","19906479","1.12","0.47","2.7","1.12 (0.47, 2.70)","1.12","0.07","0.17","-0.73","4.4455","1.11","0.45","0","0","0","0","0","0"
"POOLED","Respiration abnormal","Respiration abnormal","呼吸异常","Respiratory, thoracic and mediastinal disorders","呼吸系统、胸及纵隔疾病","5","5","14776","6390","19885308","14781","6395","19906479","1.05","0.44","2.53","1.05 (0.44, 2.53)","1.05","0.01","0.07","-0.82","4.7484","1.05","0.43","0","0","0","0","0","0"
"POOLED","HAEMOLYSIS","HAEMOLYSIS","溶血症","Blood and lymphatic system disorders","血液及淋巴系统疾病","5","5","14776","7344","19884354","14781","7349","19906479","0.92","0.38","2.2","0.92 (0.38, 2.20)","0.92","0.04","-0.13","-1.02","5.4568","0.92","0.38","0","0","0","0","0","0"
"POOLED","Pulmonary haemorrhage","Pulmonary haemorrhage","肺出血","Respiratory, thoracic and mediastinal disorders","呼吸系统、胸及纵隔疾病","5","5","14776","7525","19884173","14781","7530","19906479","0.89","0.37","2.15","0.89 (0.37, 2.15)","0.89","0.06","-0.16","-1.06","5.5912","0.9","0.37","0","0","0","0","0","0"
"POOLED","Haemolytic anaemia","Haemolytic anaemia","溶血性贫血","Blood and lymphatic system disorders","血液及淋巴系统疾病","5","5","14776","8536","19883162","14781","8541","19906479","0.79","0.33","1.89","0.79 (0.33, 1.89)","0.79","0.28","-0.34","-1.24","6.3419","0.8","0.33","0","0","0","0","0","0"
"POOLED","Posterior reversible encephalopathy syndrome","Posterior reversible encephalopathy syndrome","可逆性后部脑病综合征","Nervous system disorders","各类神经系统疾病","5","5","14776","8855","19882843","14781","8860","19906479","0.76","0.32","1.83","0.76 (0.32, 1.83)","0.76","0.38","-0.4","-1.29","6.5787","0.78","0.32","0","0","0","0","0","0"
"POOLED","Sinus bradycardia","Sinus bradycardia","窦性心动过缓","Cardiac disorders","心脏器官疾病","5","5","14776","9313","19882385","14781","9318","19906479","0.72","0.3","1.74","0.72 (0.30, 1.74)","0.72","0.53","-0.47","-1.36","6.9188","0.74","0.3","0","0","0","0","0","0"
"POOLED","BODY TEMPERATURE DECREASED","BODY TEMPERATURE DECREASED","体温降低","Investigations","各类检查","5","5","14776","9508","19882190","14781","9513","19906479","0.71","0.29","1.7","0.71 (0.29, 1.70)","0.71","0.6","-0.5","-1.39","7.0636","0.73","0.3","0","0","0","0","0","0"
"POOLED","SUDDEN DEATH","SUDDEN DEATH","猝死","General disorders and administration site conditions","全身性疾病及给药部位各种反应","5","5","14776","10321","19881377","14781","10326","19906479","0.65","0.27","1.57","0.65 (0.27, 1.57)","0.65","0.93","-0.62","-1.51","7.6673","0.67","0.27","0","0","0","0","0","0"
"POOLED","GASTRIC HAEMORRHAGE","GASTRIC HAEMORRHAGE","胃出血","Gastrointestinal disorders","胃肠系统疾病","5","5","14776","11220","19880478","14781","11225","19906479","0.6","0.25","1.44","0.60 (0.25, 1.44)","0.6","1.34","-0.74","-1.63","8.3348","0.62","0.25","0","0","0","0","0","0"
"POOLED","Spinal pain","Spinal pain","脊柱疼痛","Musculoskeletal and connective tissue disorders","各种肌肉骨骼及结缔组织疾病","5","5","14776","11152","19880546","14781","11157","19906479","0.6","0.25","1.45","0.60 (0.25, 1.45)","0.6","1.3","-0.73","-1.62","8.2843","0.63","0.25","0","0","0","0","0","0"
"POOLED","INJECTION SITE INDURATION","INJECTION SITE INDURATION","注射部位硬结","General disorders and administration site conditions","全身性疾病及给药部位各种反应","5","5","14776","12475","19879223","14781","12480","19906479","0.54","0.22","1.3","0.54 (0.22, 1.30)","0.54","1.97","-0.89","-1.78","9.2667","0.56","0.23","0","0","0","0","0","0"
"POOLED","DRUG LEVEL INCREASED","DRUG LEVEL INCREASED","药物水平升高","Investigations","各类检查","5","5","14776","15842","19875856","14781","15847","19906479","0.42","0.18","1.02","0.42 (0.18, 1.02)","0.42","3.9","-1.23","-2.13","11.7667","0.45","0.18","0","0","0","0","0","0"
"POOLED","Scar","Scar","瘢痕","Injury, poisoning and procedural complications","各类损伤、中毒及操作并发症","5","5","14776","16513","19875185","14781","16518","19906479","0.41","0.17","0.98","0.41 (0.17, 0.98)","0.41","4.31","-1.29","-2.19","12.265","0.43","0.18","0","0","0","0","0","0"
"POOLED","ISCHAEMIC STROKE","ISCHAEMIC STROKE","缺血性卒中","Nervous system disorders","各类神经系统疾病","5","5","14776","17058","19874640","14781","17063","19906479","0.39","0.16","0.95","0.39 (0.16, 0.95)","0.39","4.65","-1.34","-2.24","12.6697","0.42","0.17","0","0","0","0","0","0"
"POOLED","Glossodynia","Glossodynia","舌痛","Gastrointestinal disorders","胃肠系统疾病","5","5","14776","18660","19873038","14781","18665","19906479","0.36","0.15","0.87","0.36 (0.15, 0.87)","0.36","5.67","-1.47","-2.37","13.8592","0.38","0.16","0","0","0","0","0","0"
"POOLED","Oral pain","Oral pain","口腔疼痛","Gastrointestinal disorders","胃肠系统疾病","5","5","14776","21505","19870193","14781","21510","19906479","0.31","0.13","0.75","0.31 (0.13, 0.75)","0.31","7.55","-1.68","-2.57","15.9716","0.33","0.14","0","0","0","0","0","0"
"POOLED","Liver injury","Liver injury","肝损伤","Hepatobiliary disorders","肝胆系统疾病","5","5","14776","21557","19870141","14781","21562","19906479","0.31","0.13","0.75","0.31 (0.13, 0.75)","0.31","7.59","-1.68","-2.57","16.0103","0.33","0.14","0","0","0","0","0","0"
"POOLED","Skin ulcer","Skin ulcer","皮肤溃疡","Skin and subcutaneous tissue disorders","皮肤及皮下组织类疾病","5","5","14776","24487","19867211","14781","24492","19906479","0.27","0.11","0.66","0.27 (0.11, 0.66)","0.27","9.58","-1.86","-2.76","18.1859","0.29","0.12","0","0","0","0","0","0"
"POOLED","Psychotic disorder","Psychotic disorder","精神病性障碍","Psychiatric disorders","精神病类","5","5","14776","28174","19863524","14781","28179","19906479","0.24","0.1","0.57","0.24 (0.10, 0.57)","0.24","12.14","-2.07","-2.96","20.9235","0.26","0.1","0","0","0","0","0","0"
"POOLED","Blood creatine phosphokinase increased","Blood creatine phosphokinase increased","血肌酸磷酸激酶升高","Investigations","各类检查","5","5","14776","28566","19863132","14781","28571","19906479","0.24","0.1","0.57","0.24 (0.10, 0.57)","0.24","12.42","-2.09","-2.98","21.2146","0.25","0.1","0","0","0","0","0","0"
"POOLED","RENAL INJURY","RENAL INJURY","肾损伤","Renal and urinary disorders","肾脏及泌尿系统疾病","5","5","14776","29025","19862673","14781","29030","19906479","0.23","0.1","0.56","0.23 (0.10, 0.56)","0.23","12.74","-2.11","-3","21.5554","0.25","0.1","0","0","0","0","0","0"
"POOLED","DRUG EXPOSURE DURING PREGNANCY","DRUG EXPOSURE DURING PREGNANCY",,,,"5","5","14776","33993","19857705","14781","33998","19906479","0.2","0.08","0.48","0.20 (0.08, 0.48)","0.2","16.27","-2.34","-3.23","25.2443","0.21","0.09","0","0","0","0","0","0"
"POOLED","ACCIDENTAL OVERDOSE","ACCIDENTAL OVERDOSE","意外用药过量","Injury, poisoning and procedural complications","各类损伤、中毒及操作并发症","5","5","14776","34742","19856956","14781","34747","19906479","0.19","0.08","0.46","0.19 (0.08, 0.46)","0.19","16.81","-2.37","-3.26","25.8004","0.21","0.08","0","0","0","0","0","0"
"POOLED","DEVICE BREAKAGE","DEVICE BREAKAGE","器械破裂","Product issues","产品问题","5","5","14776","35258","19856440","14781","35263","19906479","0.19","0.08","0.46","0.19 (0.08, 0.46)","0.19","17.18","-2.39","-3.28","26.1836","0.21","0.08","0","0","0","0","0","0"
"POOLED","Lung disorder","Lung disorder","肺部疾病","Respiratory, thoracic and mediastinal disorders","呼吸系统、胸及纵隔疾病","5","5","14776","46006","19845692","14781","46011","19906479","0.15","0.06","0.35","0.15 (0.06, 0.35)","0.15","24.97","-2.77","-3.67","34.1642","0.16","0.06","0","0","0","0","0","0"
"POOLED","Leukopenia","Leukopenia","白细胞减少症","Blood and lymphatic system disorders","血液及淋巴系统疾病","5","5","14776","47271","19844427","14781","47276","19906479","0.14","0.06","0.34","0.14 (0.06, 0.34)","0.14","25.9","-2.81","-3.71","35.1035","0.15","0.06","0","0","0","0","0","0"
"POOLED","Blood glucose decreased","Blood glucose decreased","血葡萄糖降低","Investigations","各类检查","5","5","14776","46353","19845345","14781","46358","19906479","0.14","0.06","0.35","0.14 (0.06, 0.35)","0.15","25.23","-2.78","-3.68","34.4218","0.16","0.06","0","0","0","0","0","0"
"POOLED","Depressed mood","Depressed mood","心境抑郁","Psychiatric disorders","精神病类","5","5","14776","49754","19841944","14781","49759","19906479","0.13","0.06","0.32","0.13 (0.06, 0.32)","0.14","27.71","-2.89","-3.78","36.9472","0.15","0.06","0","0","0","0","0","0"
"POOLED","Musculoskeletal pain","Musculoskeletal pain","骨骼肌肉疼痛","Musculoskeletal and connective tissue disorders","各种肌肉骨骼及结缔组织疾病","5","5","14776","50603","19841095","14781","50608","19906479","0.13","0.06","0.32","0.13 (0.06, 0.32)","0.13","28.34","-2.91","-3.8","37.5776","0.14","0.06","0","0","0","0","0","0"
"POOLED","Bone pain","Bone pain","骨痛","Musculoskeletal and connective tissue disorders","各种肌肉骨骼及结缔组织疾病","5","5","14776","55878","19835820","14781","55883","19906479","0.12","0.05","0.29","0.12 (0.05, 0.29)","0.12","32.21","-3.05","-3.95","41.4944","0.13","0.05","0","0","0","0","0","0"
"POOLED","Herpes zoster","Herpes zoster","带状疱疹","Infections and infestations","感染及侵染类疾病","5","5","14776","54762","19836936","14781","54767","19906479","0.12","0.05","0.29","0.12 (0.05, 0.29)","0.12","31.39","-3.02","-3.92","40.6657","0.13","0.05","0","0","0","0","0","0"
"POOLED","Hallucination","Hallucination","幻觉","Psychiatric disorders","精神病类","5","5","14776","70591","19821107","14781","70596","19906479","0.1","0.04","0.23","0.10 (0.04, 0.23)","0.1","43.08","-3.39","-4.28","52.4191","0.1","0.04","0","0","0","0","0","0"
"POOLED","Gastrooesophageal reflux disease","Gastrooesophageal reflux disease","胃食管反流病","Gastrointestinal disorders","胃肠系统疾病","5","5","14776","75153","19816545","14781","75158","19906479","0.09","0.04","0.21","0.09 (0.04, 0.21)","0.09","46.46","-3.48","-4.38","55.8065","0.1","0.04","0","0","0","0","0","0"
"POOLED","Injection site bruising","Injection site bruising","注射部位瘀青","General disorders and administration site conditions","全身性疾病及给药部位各种反应","5","5","14776","74001","19817697","14781","74006","19906479","0.09","0.04","0.22","0.09 (0.04, 0.22)","0.09","45.61","-3.46","-4.35","54.9511","0.1","0.04","0","0","0","0","0","0"
"POOLED","Acne","Acne","痤疮","Skin and subcutaneous tissue disorders","皮肤及皮下组织类疾病","5","5","14776","73338","19818360","14781","73343","19906479","0.09","0.04","0.22","0.09 (0.04, 0.22)","0.09","45.12","-3.45","-4.34","54.4588","0.1","0.04","0","0","0","0","0","0"
"POOLED","Neuropathy peripheral","Neuropathy peripheral","周围神经病变","Nervous system disorders","各类神经系统疾病","5","5","14776","88710","19802988","14781","88715","19906479","0.08","0.03","0.18","0.08 (0.03, 0.18)","0.08","56.55","-3.72","-4.61","65.8728","0.08","0.03","0","0","0","0","0","0"
"POOLED","MIGRAINE","MIGRAINE","偏头痛","Nervous system disorders","各类神经系统疾病","5","5","14776","89162","19802536","14781","89167","19906479","0.08","0.03","0.18","0.08 (0.03, 0.18)","0.08","56.88","-3.73","-4.62","66.2085","0.08","0.03","0","0","0","0","0","0"
"POOLED","Illness","Illness","患病","General disorders and administration site conditions","全身性疾病及给药部位各种反应","5","5","14776","89995","19801703","14781","90000","19906479","0.07","0.03","0.18","0.07 (0.03, 0.18)","0.07","57.5","-3.74","-4.64","66.827","0.08","0.03","0","0","0","0","0","0"
"POOLED","Disease progression","Disease progression","疾病进展","General disorders and administration site conditions","全身性疾病及给药部位各种反应","5","5","14776","111946","19779752","14781","111951","19906479","0.06","0.02","0.14","0.06 (0.02, 0.14)","0.06","73.9","-4.06","-4.95","83.1261","0.07","0.03","0","0","0","0","0","0"
"POOLED","White blood cell count decreased","White blood cell count decreased","白细胞计数降低","Investigations","各类检查","5","5","14776","103671","19788027","14781","103676","19906479","0.06","0.03","0.16","0.06 (0.03, 0.16)","0.06","67.71","-3.94","-4.84","76.9817","0.07","0.03","0","0","0","0","0","0"
"POOLED","Product use issue","Product use issue","产品使用问题","Injury, poisoning and procedural complications","各类损伤、中毒及操作并发症","5","5","14776","173245","19718453","14781","173250","19906479","0.04","0.02","0.09","0.04 (0.02, 0.09)","0.04","119.97","-4.69","-5.58","128.6419","0.04","0.02","0","0","0","0","0","0"
"POOLED","CONSTIPATION","CONSTIPATION","便秘","Gastrointestinal disorders","胃肠系统疾病","5","5","14776","202944","19688754","14781","202949","19906479","0.03","0.01","0.08","0.03 (0.01, 0.08)","0.03","142.42","-4.91","-5.81","150.6941","0.04","0.01","0","0","0","0","0","0"
"POOLED","Depression","Depression","抑郁","Psychiatric disorders","精神病类","5","5","14776","219257","19672441","14781","219262","19906479","0.03","0.01","0.07","0.03 (0.01, 0.07)","0.03","154.78","-5.03","-5.92","162.8069","0.03","0.01","0","0","0","0","0","0"
"POOLED","Skin temperature increased","Skin temperature increased","皮肤温度增高","Investigations","各类检查","4","4","14777","47","19891651","14781","51","19906479","114.56","41.27","318.02","114.56 (41.27, 318.02)","114.53","414.86","6.72","5.68","0.0379","8.37","3.16","1","1","1","1","1","1"
"POOLED","PHARYNGOLARYNGEAL DISCOMFORT","PHARYNGOLARYNGEAL DISCOMFORT",,,,"4","4","14777","99","19891599","14781","103","19906479","54.39","20.01","147.8","54.39 (20.01, 147.80)","54.37","201.43","5.71","4.69","0.0765","7.81","2.95","1","1","1","1","1","1"
"POOLED","Noninfective sialoadenitis","Noninfective sialoadenitis","非感染性涎腺炎","Gastrointestinal disorders","胃肠系统疾病","4","4","14777","147","19891551","14781","151","19906479","36.63","13.56","98.91","36.63 (13.56, 98.91)","36.62","134.92","5.16","4.14","0.1121","7.35","2.78","1","1","1","1","1","1"
"POOLED","Primary hypothyroidism","Primary hypothyroidism","原发性甲状腺功能减退症","Endocrine disorders","内分泌系统疾病","4","4","14777","182","19891516","14781","186","19906479","29.58","10.98","79.69","29.58 (10.98, 79.69)","29.58","108.07","4.86","3.85","0.1381","7.05","2.66","1","1","1","1","1","1"
"POOLED","RHYTHM IDIOVENTRICULAR","RHYTHM IDIOVENTRICULAR","心室自身节律","Cardiac disorders","心脏器官疾病","4","4","14777","307","19891391","14781","311","19906479","17.54","6.54","47.04","17.54 (6.54, 47.04)","17.53","61.56","4.11","3.11","0.2309","6.16","2.33","1","1","1","1","1","1"
"POOLED","SEPTIC ARTHRITIS STAPHYLOCOCCAL","SEPTIC ARTHRITIS STAPHYLOCOCCAL","葡萄球菌性脓毒性关节炎","Infections and infestations","感染及侵染类疾病","4","4","14777","333","19891365","14781","337","19906479","16.17","6.03","43.34","16.17 (6.03, 43.34)","16.17","56.23","4","2.99","0.2502","6","2.27","1","1","1","1","1","1"
"POOLED","Circumoral oedema","Circumoral oedema","口周水肿","Skin and subcutaneous tissue disorders","皮肤及皮下组织类疾病","4","4","14777","334","19891364","14781","338","19906479","16.12","6.01","43.21","16.12 (6.01, 43.21)","16.12","56.05","3.99","2.99","0.251","5.99","2.26","1","1","1","1","1","1"
"POOLED","NEUROLOGIC NEGLECT SYNDROME","NEUROLOGIC NEGLECT SYNDROME","神经忽略综合征","Nervous system disorders","各类神经系统疾病","4","4","14777","457","19891241","14781","461","19906479","11.78","4.4","31.53","11.78 (4.40, 31.53)","11.78","39.11","3.55","2.54","0.3423","5.34","2.02","1","1","1","1","1","1"
"POOLED","RETROGRADE AMNESIA","RETROGRADE AMNESIA","逆行性遗忘","Nervous system disorders","各类神经系统疾病","4","4","14777","472","19891226","14781","476","19906479","11.41","4.26","30.53","11.41 (4.26, 30.53)","11.4","37.65","3.5","2.5","0.3534","5.27","1.99","1","1","1","0","1","0"
"POOLED","TYPE III IMMUNE COMPLEX MEDIATED REACTION","TYPE III IMMUNE COMPLEX MEDIATED REACTION","III型免疫复合物介导的反应","Immune system disorders","免疫系统疾病","4","4","14777","527","19891171","14781","531","19906479","10.22","3.82","27.33","10.22 (3.82, 27.33)","10.21","33","3.34","2.34","0.3943","5.03","1.9","1","1","1","0","1","0"
"POOLED","BRAIN SCAN ABNORMAL","BRAIN SCAN ABNORMAL","脑扫描异常","Investigations","各类检查","4","4","14777","530","19891168","14781","534","19906479","10.16","3.8","27.17","10.16 (3.80, 27.17)","10.16","32.77","3.33","2.33","0.3965","5.02","1.9","1","1","1","0","1","0"
"POOLED","Enanthema","Enanthema","黏膜疹","General disorders and administration site conditions","全身性疾病及给药部位各种反应","4","4","14777","546","19891152","14781","550","19906479","9.86","3.69","26.37","9.86 (3.69, 26.37)","9.86","31.61","3.29","2.29","0.4084","4.95","1.87","1","1","1","0","1","0"
"POOLED","Radioisotope scan abnormal","Radioisotope scan abnormal","放射性同位素扫描异常","Investigations","各类检查","4","4","14777","560","19891138","14781","564","19906479","9.61","3.6","25.71","9.61 (3.60, 25.71)","9.61","30.65","3.26","2.25","0.4188","4.9","1.85","1","1","1","0","1","0"
"POOLED","AURICULAR SWELLING","AURICULAR SWELLING","耳肿胀","Ear and labyrinth disorders","耳及迷路类疾病","4","4","14777","594","19891104","14781","598","19906479","9.06","3.39","24.23","9.06 (3.39, 24.23)","9.06","28.5","3.17","2.17","0.444","4.77","1.8","1","1","1","0","1","0"
"POOLED","TRYPTASE INCREASED","TRYPTASE INCREASED","类胰蛋白酶增多","Investigations","各类检查","4","4","14777","648","19891050","14781","652","19906479","8.31","3.11","22.21","8.31 (3.11, 22.21)","8.31","25.55","3.05","2.04","0.4841","4.57","1.73","1","1","1","0","1","0"
"POOLED","Clonic convulsion","Clonic convulsion","阵挛性惊厥","Nervous system disorders","各类神经系统疾病","4","4","14777","689","19891009","14781","693","19906479","7.81","2.92","20.88","7.81 (2.92, 20.88)","7.81","23.63","2.96","1.96","0.5146","4.44","1.68","1","1","1","0","1","0"
"POOLED","CSF PROTEIN INCREASED","CSF PROTEIN INCREASED","脑脊液蛋白升高","Investigations","各类检查","4","4","14777","789","19890909","14781","793","19906479","6.82","2.55","18.23","6.82 (2.55, 18.23)","6.82","19.78","2.76","1.76","0.5888","4.13","1.56","1","1","1","0","1","0"
"POOLED","SYNCOPE VASOVAGAL","SYNCOPE VASOVAGAL",,,,"4","4","14777","851","19890847","14781","855","19906479","6.33","2.37","16.9","6.33 (2.37, 16.90)","6.33","17.85","2.66","1.65","0.6349","3.97","1.5","1","1","1","0","1","0"
"POOLED","SENSATION OF PRESSURE","SENSATION OF PRESSURE",,,,"4","4","14777","887","19890811","14781","891","19906479","6.07","2.27","16.21","6.07 (2.27, 16.21)","6.07","16.86","2.6","1.59","0.6616","3.87","1.46","1","1","1","0","1","0"
"POOLED","Reduced facial expression","Reduced facial expression","面部表情减少","Nervous system disorders","各类神经系统疾病","4","4","14777","914","19890784","14781","918","19906479","5.89","2.21","15.73","5.89 (2.21, 15.73)","5.89","16.17","2.55","1.55","0.6816","3.81","1.44","1","1","1","0","1","0"
"POOLED","HEMIANOPIA","HEMIANOPIA","偏盲","Nervous system disorders","各类神经系统疾病","4","4","14777","961","19890737","14781","965","19906479","5.6","2.1","14.96","5.60 (2.10, 14.96)","5.6","15.06","2.48","1.48","0.7165","3.7","1.4","1","1","1","0","1","0"
"POOLED","Thyrotoxic crisis","Thyrotoxic crisis","甲状腺毒危象","Endocrine disorders","内分泌系统疾病","4","4","14777","1039","19890659","14781","1043","19906479","5.18","1.94","13.84","5.18 (1.94, 13.84)","5.18","13.44","2.37","1.37","0.7745","3.53","1.33","1","1","1","0","1","0"
"POOLED","Suspected transmission of an infectious agent via product","Suspected transmission of an infectious agent via product","感染性病原体疑似通过产品传播","Infections and infestations","感染及侵染类疾病","4","4","14777","1136","19890562","14781","1140","19906479","4.74","1.78","12.65","4.74 (1.78, 12.65)","4.74","11.76","2.24","1.24","0.8465","3.34","1.26","1","1","1","0","1","0"
"POOLED","CATHETER RELATED COMPLICATION","CATHETER RELATED COMPLICATION",,,,"4","4","14777","1135","19890563","14781","1139","19906479","4.74","1.78","12.66","4.74 (1.78, 12.66)","4.74","11.77","2.24","1.24","0.8457","3.34","1.26","1","1","1","0","1","0"
"POOLED","NEPHRITIS INTERSTITIAL","NEPHRITIS INTERSTITIAL",,,,"4","4","14777","1284","19890414","14781","1288","19906479","4.19","1.57","11.19","4.19 (1.57, 11.19)","4.19","9.69","2.06","1.06","0.9564","3.09","1.17","1","1","1","0","1","0"
"POOLED","Rhonchi","Rhonchi","干性啰音","Respiratory, thoracic and mediastinal disorders","呼吸系统、胸及纵隔疾病","4","4","14777","1316","19890382","14781","1320","19906479","4.09","1.53","10.92","4.09 (1.53, 10.92)","4.09","9.31","2.03","1.03","0.9801","3.04","1.15","1","1","1","0","1","0"
"POOLED","TONIC CONVULSION","TONIC CONVULSION","强直性惊厥","Nervous system disorders","各类神经系统疾病","4","4","14777","1326","19890372","14781","1330","19906479","4.06","1.52","10.84","4.06 (1.52, 10.84)","4.06","9.2","2.02","1.02","0.9876","3.03","1.14","1","1","1","0","1","0"
"POOLED","NUCLEAR MAGNETIC RESONANCE IMAGING BRAIN ABNORMAL","NUCLEAR MAGNETIC RESONANCE IMAGING BRAIN ABNORMAL",,,,"4","4","14777","1468","19890230","14781","1472","19906479","3.67","1.37","9.79","3.67 (1.37, 9.79)","3.67","7.74","1.87","0.87","1.093","2.82","1.07","1","1","1","0","1","0"
"POOLED","Cardiovascular insufficiency","Cardiovascular insufficiency","心血管功能不全","Cardiac disorders","心脏器官疾病","4","4","14777","1570","19890128","14781","1574","19906479","3.43","1.29","9.15","3.43 (1.29, 9.15)","3.43","6.86","1.78","0.77","1.1687","2.7","1.02","1","1","1","0","1","0"
"POOLED","HEPATORENAL SYNDROME","HEPATORENAL SYNDROME","肝肾综合征","Hepatobiliary disorders","肝胆系统疾病","4","4","14777","1625","19890073","14781","1629","19906479","3.31","1.24","8.84","3.31 (1.24, 8.84)","3.31","6.44","1.73","0.72","1.2096","2.63","0.99","1","1","1","0","1","0"
"POOLED","Nasal oedema","Nasal oedema","鼻水肿","Respiratory, thoracic and mediastinal disorders","呼吸系统、胸及纵隔疾病","4","4","14777","1670","19890028","14781","1674","19906479","3.22","1.21","8.6","3.22 (1.21, 8.60)","3.22","6.12","1.69","0.68","1.243","2.58","0.98","1","1","1","0","1","0"
"POOLED","INJECTION SITE NECROSIS","INJECTION SITE NECROSIS","注射部位坏死","General disorders and administration site conditions","全身性疾病及给药部位各种反应","4","4","14777","1972","19889726","14781","1976","19906479","2.73","1.02","7.28","2.73 (1.02, 7.28)","2.73","4.38","1.45","0.45","1.4672","2.29","0.86","1","1","1","0","1","0"
"POOLED","Exophthalmos","Exophthalmos","突眼症","Eye disorders","眼器官疾病","4","4","14777","2001","19889697","14781","2005","19906479","2.69","1.01","7.18","2.69 (1.01, 7.18)","2.69","4.24","1.43","0.42","1.4888","2.26","0.86","1","1","1","0","1","0"
"POOLED","Oesophageal varices haemorrhage","Oesophageal varices haemorrhage","食管静脉曲张出血","Gastrointestinal disorders","胃肠系统疾病","4","4","14777","2078","19889620","14781","2082","19906479","2.59","0.97","6.91","2.59 (0.97, 6.91)","2.59","3.9","1.37","0.37","1.5459","2.2","0.83","0","0","1","0","0","0"
"POOLED","FACIAL PALSY","FACIAL PALSY",,,,"4","4","14777","2181","19889517","14781","2185","19906479","2.47","0.93","6.58","2.47 (0.93, 6.58)","2.47","3.49","1.3","0.3","1.6224","2.12","0.8","0","0","1","0","0","0"
"POOLED","OXYGEN SATURATION ABNORMAL","OXYGEN SATURATION ABNORMAL","血氧饱和度异常","Investigations","各类检查","4","4","14777","2577","19889121","14781","2581","19906479","2.09","0.78","5.57","2.09 (0.78, 5.57)","2.09","2.27","1.06","0.06","1.9164","1.86","0.7","0","0","1","0","0","0"
"POOLED","ANGIONEUROTIC OEDEMA","ANGIONEUROTIC OEDEMA",,,,"4","4","14777","2688","19889010","14781","2692","19906479","2","0.75","5.34","2.00 (0.75, 5.34)","2","2.01","1","-0","1.9989","1.8","0.68","0","0","0","0","0","0"
"POOLED","Renal tubular disorder","Renal tubular disorder","肾小管疾病","Renal and urinary disorders","肾脏及泌尿系统疾病","4","4","14777","2748","19888950","14781","2752","19906479","1.96","0.73","5.22","1.96 (0.73, 5.22)","1.96","1.88","0.97","-0.03","2.0434","1.77","0.67","0","0","0","0","0","0"
"POOLED","Gastrointestinal necrosis","Gastrointestinal necrosis","胃肠坏死","Gastrointestinal disorders","胃肠系统疾病","4","4","14777","2770","19888928","14781","2774","19906479","1.94","0.73","5.18","1.94 (0.73, 5.18)","1.94","1.83","0.96","-0.04","2.0598","1.76","0.66","0","0","0","0","0","0"
"POOLED","Craniocerebral injury","Craniocerebral injury","颅脑损伤","Injury, poisoning and procedural complications","各类损伤、中毒及操作并发症","4","4","14777","2795","19888903","14781","2799","19906479","1.93","0.72","5.14","1.93 (0.72, 5.14)","1.93","1.78","0.94","-0.06","2.0783","1.75","0.66","0","0","0","0","0","0"
"POOLED","CREPITATIONS","CREPITATIONS","捻发音","General disorders and administration site conditions","全身性疾病及给药部位各种反应","4","4","14777","2857","19888841","14781","2861","19906479","1.88","0.71","5.03","1.88 (0.71, 5.03)","1.88","1.66","0.91","-0.09","2.1244","1.71","0.65","0","0","0","0","0","0"
"POOLED","BLOOD CULTURE POSITIVE","BLOOD CULTURE POSITIVE","血培养阳性","Investigations","各类检查","4","4","14777","2971","19888727","14781","2975","19906479","1.81","0.68","4.83","1.81 (0.68, 4.83)","1.81","1.45","0.86","-0.14","2.209","1.66","0.63","0","0","0","0","0","0"
"POOLED","Skin erosion","Skin erosion","皮肤糜烂","Skin and subcutaneous tissue disorders","皮肤及皮下组织类疾病","4","4","14777","2972","19888726","14781","2976","19906479","1.81","0.68","4.83","1.81 (0.68, 4.83)","1.81","1.45","0.86","-0.14","2.2097","1.66","0.63","0","0","0","0","0","0"
"POOLED","ELECTROENCEPHALOGRAM ABNORMAL","ELECTROENCEPHALOGRAM ABNORMAL","脑电图异常","Investigations","各类检查","4","4","14777","3072","19888626","14781","3076","19906479","1.75","0.66","4.67","1.75 (0.66, 4.67)","1.75","1.29","0.81","-0.19","2.284","1.62","0.61","0","0","0","0","0","0"
"POOLED","NEPHRITIS","NEPHRITIS","肾炎","Renal and urinary disorders","肾脏及泌尿系统疾病","4","4","14777","3113","19888585","14781","3117","19906479","1.73","0.65","4.61","1.73 (0.65, 4.61)","1.73","1.23","0.79","-0.21","2.3144","1.6","0.6","0","0","0","0","0","0"
"POOLED","Thrombosis in device","Thrombosis in device","器械中血栓形成","Product issues","产品问题","4","4","14777","3232","19888466","14781","3236","19906479","1.67","0.62","4.44","1.67 (0.62, 4.44)","1.67","1.06","0.74","-0.27","2.4028","1.55","0.59","0","0","0","0","0","0"
"POOLED","Left ventricular failure","Left ventricular failure","左心室衰竭","Cardiac disorders","心脏器官疾病","4","4","14777","3275","19888423","14781","3279","19906479","1.64","0.62","4.38","1.64 (0.62, 4.38)","1.64","1.01","0.72","-0.28","2.4347","1.53","0.58","0","0","0","0","0","0"
"POOLED","Sudden cardiac death","Sudden cardiac death","心源性猝死","General disorders and administration site conditions","全身性疾病及给药部位各种反应","4","4","14777","3368","19888330","14781","3372","19906479","1.6","0.6","4.26","1.60 (0.60, 4.26)","1.6","0.89","0.68","-0.32","2.5038","1.5","0.57","0","0","0","0","0","0"
"POOLED","BLOOD CREATINE INCREASED","BLOOD CREATINE INCREASED","血肌酸升高","Investigations","各类检查","4","4","14777","4224","19887474","14781","4228","19906479","1.27","0.48","3.4","1.27 (0.48, 3.40)","1.27","0.24","0.35","-0.65","3.1394","1.24","0.47","0","0","0","0","0","0"
"POOLED","Ischaemia","Ischaemia","缺血","Vascular disorders","血管与淋巴管类疾病","4","4","14777","4495","19887203","14781","4499","19906479","1.2","0.45","3.19","1.20 (0.45, 3.19)","1.2","0.13","0.26","-0.74","3.3406","1.17","0.44","0","0","0","0","0","0"
"POOLED","Product colour issue","Product colour issue","产品颜色问题","Product issues","产品问题","4","4","14777","4727","19886971","14781","4731","19906479","1.14","0.43","3.04","1.14 (0.43, 3.04)","1.14","0.07","0.19","-0.81","3.5129","1.12","0.42","0","0","0","0","0","0"
"POOLED","Staphylococcal sepsis","Staphylococcal sepsis","葡萄球菌脓毒症","Infections and infestations","感染及侵染类疾病","4","4","14777","4789","19886909","14781","4793","19906479","1.12","0.42","3","1.12 (0.42, 3.00)","1.12","0.05","0.17","-0.83","3.5589","1.11","0.42","0","0","0","0","0","0"
"POOLED","NYSTAGMUS","NYSTAGMUS","眼球震颤","Nervous system disorders","各类神经系统疾病","4","4","14777","5119","19886579","14781","5123","19906479","1.05","0.39","2.8","1.05 (0.39, 2.80)","1.05","0.01","0.07","-0.93","3.8039","1.05","0.4","0","0","0","0","0","0"
"POOLED","Cheilitis","Cheilitis","唇炎","Gastrointestinal disorders","胃肠系统疾病","4","4","14777","5162","19886536","14781","5166","19906479","1.04","0.39","2.78","1.04 (0.39, 2.78)","1.04","0.01","0.06","-0.94","3.8359","1.04","0.39","0","0","0","0","0","0"
"POOLED","Intestinal ischaemia","Intestinal ischaemia","肠缺血","Gastrointestinal disorders","胃肠系统疾病","4","4","14777","5184","19886514","14781","5188","19906479","1.04","0.39","2.77","1.04 (0.39, 2.77)","1.04","0.01","0.05","-0.95","3.8522","1.03","0.39","0","0","0","0","0","0"
"POOLED","Hydrocephalus","Hydrocephalus","脑积水","Nervous system disorders","各类神经系统疾病","4","4","14777","5193","19886505","14781","5197","19906479","1.04","0.39","2.76","1.04 (0.39, 2.76)","1.04","0.01","0.05","-0.95","3.8589","1.03","0.39","0","0","0","0","0","0"
"POOLED","Neurological symptom","Neurological symptom","神经病学症状","Nervous system disorders","各类神经系统疾病","4","4","14777","5310","19886388","14781","5314","19906479","1.01","0.38","2.7","1.01 (0.38, 2.70)","1.01","0","0.02","-0.98","3.9458","1.01","0.38","0","0","0","0","0","0"
"POOLED","Product label confusion","Product label confusion","产品标签混淆","Injury, poisoning and procedural complications","各类损伤、中毒及操作并发症","4","4","14777","5369","19886329","14781","5373","19906479","1","0.38","2.67","1.00 (0.38, 2.67)","1","0","0","-1","3.9896","1","0.38","0","0","0","0","0","0"
"POOLED","ANGIOPATHY","ANGIOPATHY","血管病","Vascular disorders","血管与淋巴管类疾病","4","4","14777","5424","19886274","14781","5428","19906479","0.99","0.37","2.65","0.99 (0.37, 2.65)","0.99","0","-0.01","-1.01","4.0304","0.99","0.38","0","0","0","0","0","0"
"POOLED","INFARCTION","INFARCTION","梗死","Vascular disorders","血管与淋巴管类疾病","4","4","14777","6656","19885042","14781","6660","19906479","0.81","0.3","2.16","0.81 (0.30, 2.16)","0.81","0.18","-0.31","-1.31","4.9452","0.83","0.31","0","0","0","0","0","0"
"POOLED","Formication","Formication","蚁行感","Nervous system disorders","各类神经系统疾病","4","4","14777","6730","19884968","14781","6734","19906479","0.8","0.3","2.13","0.80 (0.30, 2.13)","0.8","0.2","-0.32","-1.32","5.0001","0.82","0.31","0","0","0","0","0","0"
"POOLED","Cerebral disorder","Cerebral disorder","大脑疾病","Nervous system disorders","各类神经系统疾病","4","4","14777","7031","19884667","14781","7035","19906479","0.77","0.29","2.04","0.77 (0.29, 2.04)","0.77","0.29","-0.39","-1.39","5.2236","0.79","0.3","0","0","0","0","0","0"
"POOLED","BLOOD PRESSURE DIASTOLIC DECREASED","BLOOD PRESSURE DIASTOLIC DECREASED","舒张压降低","Investigations","各类检查","4","4","14777","7088","19884610","14781","7092","19906479","0.76","0.28","2.02","0.76 (0.28, 2.02)","0.76","0.3","-0.4","-1.4","5.266","0.78","0.29","0","0","0","0","0","0"
"POOLED","MEDICAL DEVICE COMPLICATION","MEDICAL DEVICE COMPLICATION",,,,"4","4","14777","7376","19884322","14781","7380","19906479","0.73","0.27","1.95","0.73 (0.27, 1.95)","0.73","0.4","-0.45","-1.45","5.4798","0.75","0.28","0","0","0","0","0","0"
"POOLED","Low birth weight baby","Low birth weight baby","出生体重偏轻的婴儿","Pregnancy, puerperium and perinatal conditions","妊娠期、产褥期及围产期状况","4","4","14777","7541","19884157","14781","7545","19906479","0.71","0.27","1.9","0.71 (0.27, 1.90)","0.71","0.46","-0.49","-1.49","5.6023","0.74","0.28","0","0","0","0","0","0"
"POOLED","Miosis","Miosis","瞳孔缩小","Eye disorders","眼器官疾病","4","4","14777","7544","19884154","14781","7548","19906479","0.71","0.27","1.9","0.71 (0.27, 1.90)","0.71","0.46","-0.49","-1.49","5.6046","0.74","0.28","0","0","0","0","0","0"
"POOLED","Shock haemorrhagic","Shock haemorrhagic","出血性休克","Vascular disorders","血管与淋巴管类疾病","4","4","14777","7640","19884058","14781","7644","19906479","0.7","0.26","1.88","0.70 (0.26, 1.88)","0.7","0.5","-0.5","-1.51","5.6758","0.73","0.28","0","0","0","0","0","0"
"POOLED","HICCUPS","HICCUPS","呃逆","Respiratory, thoracic and mediastinal disorders","呼吸系统、胸及纵隔疾病","4","4","14777","7693","19884005","14781","7697","19906479","0.7","0.26","1.86","0.70 (0.26, 1.86)","0.7","0.52","-0.51","-1.52","5.7152","0.72","0.27","0","0","0","0","0","0"
"POOLED","Facial paralysis","Facial paralysis","面部瘫痪","Nervous system disorders","各类神经系统疾病","4","4","14777","7879","19883819","14781","7883","19906479","0.68","0.26","1.82","0.68 (0.26, 1.82)","0.68","0.59","-0.55","-1.55","5.8533","0.71","0.27","0","0","0","0","0","0"
"POOLED","Facial pain","Facial pain","面痛","General disorders and administration site conditions","全身性疾病及给药部位各种反应","4","4","14777","8502","19883196","14781","8506","19906479","0.63","0.24","1.69","0.63 (0.24, 1.69)","0.63","0.85","-0.66","-1.66","6.3159","0.66","0.25","0","0","0","0","0","0"
"POOLED","LUNG INFILTRATION","LUNG INFILTRATION","肺浸润","Respiratory, thoracic and mediastinal disorders","呼吸系统、胸及纵隔疾病","4","4","14777","8709","19882989","14781","8713","19906479","0.62","0.23","1.65","0.62 (0.23, 1.65)","0.62","0.94","-0.69","-1.69","6.4696","0.65","0.24","0","0","0","0","0","0"
"POOLED","Eye discharge","Eye discharge","眼分泌物","Eye disorders","眼器官疾病","4","4","14777","9539","19882159","14781","9543","19906479","0.56","0.21","1.5","0.56 (0.21, 1.50)","0.56","1.35","-0.82","-1.83","7.0859","0.59","0.22","0","0","0","0","0","0"
"POOLED","Tenderness","Tenderness","触痛","General disorders and administration site conditions","全身性疾病及给药部位各种反应","4","4","14777","9947","19881751","14781","9951","19906479","0.54","0.2","1.44","0.54 (0.20, 1.44)","0.54","1.56","-0.89","-1.89","7.3888","0.57","0.22","0","0","0","0","0","0"
"POOLED","NERVE INJURY","NERVE INJURY","神经损伤","Injury, poisoning and procedural complications","各类损伤、中毒及操作并发症","4","4","14777","10644","19881054","14781","10648","19906479","0.51","0.19","1.35","0.51 (0.19, 1.35)","0.51","1.93","-0.98","-1.98","7.9064","0.54","0.2","0","0","0","0","0","0"
"POOLED","Myoclonus","Myoclonus","肌阵挛","Nervous system disorders","各类神经系统疾病","4","4","14777","11387","19880311","14781","11391","19906479","0.47","0.18","1.26","0.47 (0.18, 1.26)","0.47","2.35","-1.08","-2.08","8.4581","0.5","0.19","0","0","0","0","0","0"
"POOLED","Injection site discolouration","Injection site discolouration","注射部位变色","General disorders and administration site conditions","全身性疾病及给药部位各种反应","4","4","14777","11737","19879961","14781","11741","19906479","0.46","0.17","1.22","0.46 (0.17, 1.22)","0.46","2.56","-1.12","-2.12","8.718","0.49","0.18","0","0","0","0","0","0"
"POOLED","Brain fog","Brain fog","脑雾","Nervous system disorders","各类神经系统疾病","4","4","14777","11961","19879737","14781","11965","19906479","0.45","0.17","1.2","0.45 (0.17, 1.20)","0.45","2.69","-1.15","-2.15","8.8843","0.48","0.18","0","0","0","0","0","0"
"POOLED","Acute hepatic failure","Acute hepatic failure","急性肝衰竭","Hepatobiliary disorders","肝胆系统疾病","4","4","14777","12772","19878926","14781","12776","19906479","0.42","0.16","1.12","0.42 (0.16, 1.12)","0.42","3.18","-1.25","-2.25","9.4865","0.45","0.17","0","0","0","0","0","0"
"POOLED","Respiratory tract congestion","Respiratory tract congestion","呼吸道充血","Respiratory, thoracic and mediastinal disorders","呼吸系统、胸及纵隔疾病","4","4","14777","14971","19876727","14781","14975","19906479","0.36","0.13","0.96","0.36 (0.13, 0.96)","0.36","4.57","-1.47","-2.48","11.1193","0.39","0.15","0","0","0","0","0","0"
"POOLED","Premature delivery","Premature delivery","分娩提前","Pregnancy, puerperium and perinatal conditions","妊娠期、产褥期及围产期状况","4","4","14777","15303","19876395","14781","15307","19906479","0.35","0.13","0.94","0.35 (0.13, 0.94)","0.35","4.78","-1.51","-2.51","11.3658","0.38","0.14","0","0","0","0","0","0"
"POOLED","Musculoskeletal discomfort","Musculoskeletal discomfort","肌肉骨骼不适","Musculoskeletal and connective tissue disorders","各种肌肉骨骼及结缔组织疾病","4","4","14777","16388","19875310","14781","16392","19906479","0.33","0.12","0.87","0.33 (0.12, 0.87)","0.33","5.49","-1.61","-2.61","12.1714","0.36","0.13","0","0","0","0","0","0"
"POOLED","SYRINGE ISSUE","SYRINGE ISSUE","针管问题","Product issues","产品问题","4","4","14777","16816","19874882","14781","16820","19906479","0.32","0.12","0.85","0.32 (0.12, 0.85)","0.32","5.78","-1.64","-2.64","12.4892","0.35","0.13","0","0","0","0","0","0"
"POOLED","Hypocalcaemia","Hypocalcaemia","低钙血症","Metabolism and nutrition disorders","代谢及营养类疾病","4","4","14777","17838","19873860","14781","17842","19906479","0.3","0.11","0.8","0.30 (0.11, 0.80)","0.3","6.47","-1.73","-2.73","13.2481","0.33","0.12","0","0","0","0","0","0"
"POOLED","Cholestasis","Cholestasis","胆汁淤积","Hepatobiliary disorders","肝胆系统疾病","4","4","14777","18090","19873608","14781","18094","19906479","0.3","0.11","0.79","0.30 (0.11, 0.79)","0.3","6.64","-1.75","-2.75","13.4352","0.32","0.12","0","0","0","0","0","0"
"POOLED","SINUS DISORDER","SINUS DISORDER","鼻窦疾病","Respiratory, thoracic and mediastinal disorders","呼吸系统、胸及纵隔疾病","4","4","14777","18797","19872901","14781","18801","19906479","0.29","0.11","0.76","0.29 (0.11, 0.76)","0.29","7.12","-1.8","-2.8","13.9602","0.31","0.12","0","0","0","0","0","0"
"POOLED","CHROMATURIA","CHROMATURIA","色素尿","Renal and urinary disorders","肾脏及泌尿系统疾病","4","4","14777","21514","19870184","14781","21518","19906479","0.25","0.09","0.67","0.25 (0.09, 0.67)","0.25","9","-2","-3","15.9776","0.27","0.1","0","0","0","0","0","0"
"POOLED","Neuralgia","Neuralgia","神经痛","Nervous system disorders","各类神经系统疾病","4","4","14777","22931","19868767","14781","22935","19906479","0.23","0.09","0.63","0.23 (0.09, 0.63)","0.23","9.99","-2.09","-3.09","17.0297","0.26","0.1","0","0","0","0","0","0"
"POOLED","ABASIA","ABASIA",,,,"4","4","14777","24710","19866988","14781","24714","19906479","0.22","0.08","0.58","0.22 (0.08, 0.58)","0.22","11.24","-2.2","-3.2","18.3507","0.24","0.09","0","0","0","0","0","0"
"POOLED","Hepatitis","Hepatitis","肝炎","Hepatobiliary disorders","肝胆系统疾病","4","4","14777","24146","19867552","14781","24150","19906479","0.22","0.08","0.59","0.22 (0.08, 0.59)","0.22","10.85","-2.16","-3.16","17.9319","0.24","0.09","0","0","0","0","0","0"
"POOLED","BLOOD BILIRUBIN INCREASED","BLOOD BILIRUBIN INCREASED","血胆红素升高","Investigations","各类检查","4","4","14777","26015","19865683","14781","26019","19906479","0.21","0.08","0.55","0.21 (0.08, 0.55)","0.21","12.17","-2.27","-3.27","19.3197","0.23","0.09","0","0","0","0","0","0"
"POOLED","Procedural pain","Procedural pain","操作性疼痛","Injury, poisoning and procedural complications","各类损伤、中毒及操作并发症","4","4","14777","25742","19865956","14781","25746","19906479","0.21","0.08","0.56","0.21 (0.08, 0.56)","0.21","11.98","-2.26","-3.26","19.117","0.23","0.09","0","0","0","0","0","0"
"POOLED","Blood potassium decreased","Blood potassium decreased","血钾降低","Investigations","各类检查","4","4","14777","28873","19862825","14781","28877","19906479","0.19","0.07","0.5","0.19 (0.07, 0.50)","0.19","14.22","-2.42","-3.42","21.4418","0.21","0.08","0","0","0","0","0","0"
"POOLED","Head injury","Head injury","头部损伤","Injury, poisoning and procedural complications","各类损伤、中毒及操作并发症","4","4","14777","30012","19861686","14781","30016","19906479","0.18","0.07","0.48","0.18 (0.07, 0.48)","0.18","15.04","-2.48","-3.48","22.2875","0.2","0.07","0","0","0","0","0","0"
"POOLED","LIMB DISCOMFORT","LIMB DISCOMFORT","肢体不适","Musculoskeletal and connective tissue disorders","各种肌肉骨骼及结缔组织疾病","4","4","14777","29399","19862299","14781","29403","19906479","0.18","0.07","0.49","0.18 (0.07, 0.49)","0.18","14.6","-2.45","-3.45","21.8324","0.2","0.08","0","0","0","0","0","0"
"POOLED","ELECTROCARDIOGRAM QT PROLONGED","ELECTROCARDIOGRAM QT PROLONGED","心电图QT间期延长","Investigations","各类检查","4","4","14777","33923","19857775","14781","33927","19906479","0.16","0.06","0.42","0.16 (0.06, 0.42)","0.16","17.87","-2.65","-3.66","25.1915","0.18","0.07","0","0","0","0","0","0"
"POOLED","Crying","Crying","哭","General disorders and administration site conditions","全身性疾病及给药部位各种反应","4","4","14777","35190","19856508","14781","35194","19906479","0.15","0.06","0.41","0.15 (0.06, 0.41)","0.15","18.79","-2.71","-3.71","26.1323","0.17","0.06","0","0","0","0","0","0"
"POOLED","Skin irritation","Skin irritation","皮肤刺激","Skin and subcutaneous tissue disorders","皮肤及皮下组织类疾病","4","4","14777","43957","19847741","14781","43961","19906479","0.12","0.05","0.33","0.12 (0.05, 0.33)","0.12","25.21","-3.03","-4.03","32.642","0.14","0.05","0","0","0","0","0","0"
"POOLED","RENAL DISORDER","RENAL DISORDER","肾脏疾病","Renal and urinary disorders","肾脏及泌尿系统疾病","4","4","14777","44457","19847241","14781","44461","19906479","0.12","0.05","0.32","0.12 (0.05, 0.32)","0.12","25.57","-3.04","-4.05","33.0133","0.13","0.05","0","0","0","0","0","0"
"POOLED","INTERSTITIAL LUNG DISEASE","INTERSTITIAL LUNG DISEASE","间质性肺疾病","Respiratory, thoracic and mediastinal disorders","呼吸系统、胸及纵隔疾病","4","4","14777","45251","19846447","14781","45255","19906479","0.12","0.04","0.32","0.12 (0.04, 0.32)","0.12","26.16","-3.07","-4.07","33.6028","0.13","0.05","0","0","0","0","0","0"
"POOLED","DISEASE RECURRENCE","DISEASE RECURRENCE","疾病复发","General disorders and administration site conditions","全身性疾病及给药部位各种反应","4","4","14777","45839","19845859","14781","45843","19906479","0.12","0.04","0.31","0.12 (0.04, 0.31)","0.12","26.59","-3.09","-4.09","34.0394","0.13","0.05","0","0","0","0","0","0"
"POOLED","Drug effect decreased","Drug effect decreased",,,,"4","4","14777","53517","19838181","14781","53521","19906479","0.1","0.04","0.27","0.10 (0.04, 0.27)","0.1","32.25","-3.31","-4.31","39.7405","0.11","0.04","0","0","0","0","0","0"
"POOLED","Injection site pruritus","Injection site pruritus","注射部位瘙痒","General disorders and administration site conditions","全身性疾病及给药部位各种反应","4","4","14777","62852","19828846","14781","62856","19906479","0.09","0.03","0.23","0.09 (0.03, 0.23)","0.09","39.17","-3.54","-4.54","46.672","0.1","0.04","0","0","0","0","0","0"
"POOLED","Adverse drug reaction","Adverse drug reaction","药品不良反应","General disorders and administration site conditions","全身性疾病及给药部位各种反应","4","4","14777","83513","19808185","14781","83517","19906479","0.06","0.02","0.17","0.06 (0.02, 0.17)","0.06","54.54","-3.95","-4.95","62.0132","0.07","0.03","0","0","0","0","0","0"
"POOLED","NEUTROPENIA","NEUTROPENIA","中性粒细胞减少症","Blood and lymphatic system disorders","血液及淋巴系统疾病","4","4","14777","128089","19763609","14781","128093","19906479","0.04","0.02","0.11","0.04 (0.02, 0.11)","0.04","87.91","-4.57","-5.57","95.1119","0.05","0.02","0","0","0","0","0","0"
"POOLED","Wrong technique in product usage process","Wrong technique in product usage process","产品使用过程中的技术性错误","Injury, poisoning and procedural complications","各类损伤、中毒及操作并发症","4","4","14777","192349","19699349","14781","192353","19906479","0.03","0.01","0.07","0.03 (0.01, 0.07)","0.03","136.36","-5.16","-6.16","142.8263","0.03","0.01","0","0","0","0","0","0"
"POOLED","Insomnia","Insomnia","失眠","Psychiatric disorders","精神病类","4","4","14777","254710","19636988","14781","254714","19906479","0.02","0.01","0.06","0.02 (0.01, 0.06)","0.02","183.7","-5.56","-6.56","189.1308","0.02","0.01","0","0","0","0","0","0"
"POOLED","VESSEL PUNCTURE SITE DISCHARGE","VESSEL PUNCTURE SITE DISCHARGE","血管穿刺部位分泌物","General disorders and administration site conditions","全身性疾病及给药部位各种反应","3","3","14778","1","19891697","14781","4","19906479","4038.1","420","38824.27","4,038.10 (420.00, 38,824.27)","4037.28","3026.46","9.98","7.67","0.003","6.96","2.36","1","1","1","1","1","1"
"POOLED","Venous intravasation","Venous intravasation","静脉内渗","Injury, poisoning and procedural complications","各类损伤、中毒及操作并发症","3","3","14778","10","19891688","14781","13","19906479","403.81","111.12","1467.44","403.81 (111.12, 1,467.44)","403.73","927.07","8.28","6.96","0.0097","6.87","2.33","1","1","1","1","1","1"
"POOLED","Postresuscitation encephalopathy","Postresuscitation encephalopathy","复苏后脑病","Nervous system disorders","各类神经系统疾病","3","3","14778","62","19891636","14781","65","19906479","65.13","20.44","207.51","65.13 (20.44, 207.51)","65.12","180.66","5.96","4.78","0.0483","6.38","2.16","1","1","1","1","1","1"
"POOLED","NIH STROKE SCALE SCORE INCREASED","NIH STROKE SCALE SCORE INCREASED","美国国立卫生研究院卒中量表分数增加","Investigations","各类检查","3","3","14778","74","19891624","14781","77","19906479","54.57","17.2","173.1","54.57 (17.20, 173.10)","54.56","151.58","5.71","4.54","0.0572","6.28","2.13","1","1","1","1","1","1"
"POOLED","Gingival pruritus","Gingival pruritus","牙龈瘙痒","Gastrointestinal disorders","胃肠系统疾病","3","3","14778","81","19891617","14781","84","19906479","49.85","15.75","157.84","49.85 (15.75, 157.84)","49.84","138.46","5.59","4.41","0.0624","6.22","2.11","1","1","1","1","1","1"
"POOLED","Lacrimation disorder","Lacrimation disorder","流泪障碍","Eye disorders","眼器官疾病","3","3","14778","113","19891585","14781","116","19906479","35.74","11.35","112.48","35.74 (11.35, 112.48)","35.73","98.65","5.12","3.95","0.0861","5.97","2.02","1","1","1","1","1","1"
"POOLED","CORONARY ARTERY PERFORATION","CORONARY ARTERY PERFORATION","冠状动脉穿孔","Cardiac disorders","心脏器官疾病","3","3","14778","118","19891580","14781","121","19906479","34.22","10.88","107.65","34.22 (10.88, 107.65)","34.21","94.33","5.06","3.89","0.0898","5.93","2.01","1","1","1","1","1","1"
"POOLED","Oropharyngeal oedema","Oropharyngeal oedema","口咽水肿","Respiratory, thoracic and mediastinal disorders","呼吸系统、胸及纵隔疾病","3","3","14778","132","19891566","14781","135","19906479","30.59","9.74","96.08","30.59 (9.74, 96.08)","30.59","83.95","4.9","3.74","0.1002","5.83","1.97","1","1","1","0","1","0"
"POOLED","Histamine level increased","Histamine level increased","组胺水平升高","Investigations","各类检查","3","3","14778","195","19891503","14781","198","19906479","20.71","6.62","64.77","20.71 (6.62, 64.77)","20.7","55.41","4.35","3.19","0.147","5.41","1.83","1","1","1","0","1","0"
"POOLED","Post procedural hypothyroidism","Post procedural hypothyroidism","操作后甲状腺功能减退症","Injury, poisoning and procedural complications","各类损伤、中毒及操作并发症","3","3","14778","197","19891501","14781","200","19906479","20.5","6.55","64.11","20.50 (6.55, 64.11)","20.49","54.79","4.34","3.17","0.1485","5.4","1.83","1","1","1","0","1","0"
"POOLED","Rash scarlatiniform","Rash scarlatiniform","猩红热样皮疹","Skin and subcutaneous tissue disorders","皮肤及皮下组织类疾病","3","3","14778","211","19891487","14781","214","19906479","19.14","6.12","59.82","19.14 (6.12, 59.82)","19.13","50.84","4.24","3.08","0.1589","5.31","1.8","1","1","1","0","1","0"
"POOLED","THERAPEUTIC PRODUCT CONTAMINATION","THERAPEUTIC PRODUCT CONTAMINATION",,,,"3","3","14778","256","19891442","14781","259","19906479","15.77","5.05","49.24","15.77 (5.05, 49.24)","15.77","41.02","3.96","2.8","0.1923","5.06","1.71","1","1","1","0","1","0"
"POOLED","SIMILAR REACTION ON PREVIOUS EXPOSURE TO DRUG","SIMILAR REACTION ON PREVIOUS EXPOSURE TO DRUG","用药反应与前次药物暴露相似","General disorders and administration site conditions","全身性疾病及给药部位各种反应","3","3","14778","295","19891403","14781","298","19906479","13.69","4.39","42.69","13.69 (4.39, 42.69)","13.69","34.92","3.76","2.6","0.2213","4.85","1.64","1","1","1","0","1","0"
"POOLED","Oral discharge","Oral discharge","口腔分泌物","Gastrointestinal disorders","胃肠系统疾病","3","3","14778","344","19891354","14781","347","19906479","11.74","3.77","36.58","11.74 (3.77, 36.58)","11.74","29.21","3.54","2.38","0.2577","4.62","1.56","1","1","1","0","1","0"
"POOLED","Trance","Trance","恍惚","Psychiatric disorders","精神病类","3","3","14778","348","19891350","14781","351","19906479","11.6","3.72","36.16","11.60 (3.72, 36.16)","11.6","28.81","3.52","2.37","0.2606","4.6","1.56","1","1","1","0","1","0"
"POOLED","Exposure via eye contact","Exposure via eye contact","经由目光接触暴露","Injury, poisoning and procedural complications","各类损伤、中毒及操作并发症","3","3","14778","367","19891331","14781","370","19906479","11","3.53","34.28","11.00 (3.53, 34.28)","11","27.05","3.45","2.29","0.2747","4.52","1.53","1","1","1","0","1","0"
"POOLED","Use of accessory respiratory muscles","Use of accessory respiratory muscles","使用辅助呼吸肌","Respiratory, thoracic and mediastinal disorders","呼吸系统、胸及纵隔疾病","3","3","14778","370","19891328","14781","373","19906479","10.91","3.5","34","10.91 (3.50, 34.00)","10.91","26.79","3.44","2.28","0.277","4.5","1.53","1","1","1","0","1","0"
"POOLED","Transient tachypnoea of the newborn","Transient tachypnoea of the newborn","新生儿短暂性呼吸过速","Respiratory, thoracic and mediastinal disorders","呼吸系统、胸及纵隔疾病","3","3","14778","374","19891324","14781","377","19906479","10.8","3.47","33.63","10.80 (3.47, 33.63)","10.79","26.45","3.42","2.26","0.2799","4.49","1.52","1","1","1","0","1","0"
"POOLED","Mouth breathing","Mouth breathing","口腔呼吸","Respiratory, thoracic and mediastinal disorders","呼吸系统、胸及纵隔疾病","3","3","14778","410","19891288","14781","413","19906479","9.85","3.16","30.67","9.85 (3.16, 30.67)","9.85","23.67","3.29","2.13","0.3067","4.34","1.47","1","1","1","0","1","0"
"POOLED","Epidermolysis","Epidermolysis","表皮松解","Skin and subcutaneous tissue disorders","皮肤及皮下组织类疾病","3","3","14778","432","19891266","14781","435","19906479","9.35","3","29.1","9.35 (3.00, 29.10)","9.35","22.2","3.22","2.06","0.323","4.25","1.44","1","1","1","0","1","0"
"POOLED","Vein discolouration","Vein discolouration","静脉变色","Vascular disorders","血管与淋巴管类疾病","3","3","14778","447","19891251","14781","450","19906479","9.03","2.9","28.12","9.03 (2.90, 28.12)","9.03","21.29","3.17","2.01","0.3341","4.2","1.42","1","1","1","0","1","0"
"POOLED","DYSPHASIA","DYSPHASIA",,,,"3","3","14778","468","19891230","14781","471","19906479","8.63","2.77","26.85","8.63 (2.77, 26.85)","8.63","20.1","3.1","1.94","0.3497","4.12","1.39","1","1","1","0","1","0"
"POOLED","Sepsis syndrome","Sepsis syndrome","脓毒症综合征","Infections and infestations","感染及侵染类疾病","3","3","14778","497","19891201","14781","500","19906479","8.12","2.61","25.28","8.12 (2.61, 25.28)","8.12","18.63","3.01","1.86","0.3713","4.02","1.36","1","1","1","0","1","0"
"POOLED","Salivary gland enlargement","Salivary gland enlargement","唾液腺增大","Gastrointestinal disorders","胃肠系统疾病","3","3","14778","499","19891199","14781","502","19906479","8.09","2.6","25.18","8.09 (2.60, 25.18)","8.09","18.53","3.01","1.85","0.3727","4.01","1.36","1","1","1","0","1","0"
"POOLED","Manufacturing product shipping issue","Manufacturing product shipping issue","生产产品运输问题","Product issues","产品问题","3","3","14778","502","19891196","14781","505","19906479","8.04","2.59","25.03","8.04 (2.59, 25.03)","8.04","18.39","3","1.84","0.375","4","1.35","1","1","1","0","1","0"
"POOLED","Allergic oedema","Allergic oedema","过敏性水肿","Immune system disorders","免疫系统疾病","3","3","14778","621","19891077","14781","624","19906479","6.5","2.09","20.22","6.50 (2.09, 20.22)","6.5","13.9","2.69","1.54","0.4633","3.63","1.23","1","1","1","0","1","0"
"POOLED","Glassy eyes","Glassy eyes","目光呆滞","General disorders and administration site conditions","全身性疾病及给药部位各种反应","3","3","14778","664","19891034","14781","667","19906479","6.08","1.96","18.91","6.08 (1.96, 18.91)","6.08","12.68","2.6","1.44","0.4953","3.52","1.19","1","1","1","0","1","0"
"POOLED","ARACHNOIDITIS","ARACHNOIDITIS","蛛网膜炎","Nervous system disorders","各类神经系统疾病","3","3","14778","664","19891034","14781","667","19906479","6.08","1.96","18.91","6.08 (1.96, 18.91)","6.08","12.68","2.6","1.44","0.4953","3.52","1.19","1","1","1","0","1","0"
"POOLED","Cerebral vasoconstriction","Cerebral vasoconstriction","大脑血管收缩","Nervous system disorders","各类神经系统疾病","3","3","14778","717","19890981","14781","720","19906479","5.63","1.81","17.51","5.63 (1.81, 17.51)","5.63","11.38","2.49","1.33","0.5346","3.38","1.15","1","1","1","0","1","0"
"POOLED","EYE ROLLING","EYE ROLLING",,,,"3","3","14778","717","19890981","14781","720","19906479","5.63","1.81","17.51","5.63 (1.81, 17.51)","5.63","11.38","2.49","1.33","0.5346","3.38","1.15","1","1","1","0","1","0"
"POOLED","Carotid artery thrombosis","Carotid artery thrombosis","颈动脉血栓形成","Nervous system disorders","各类神经系统疾病","3","3","14778","744","19890954","14781","747","19906479","5.43","1.75","16.87","5.43 (1.75, 16.87)","5.43","10.79","2.44","1.28","0.5547","3.32","1.12","1","1","1","0","1","0"
"POOLED","Coronary artery dissection","Coronary artery dissection","冠状动脉夹层","Cardiac disorders","心脏器官疾病","3","3","14778","807","19890891","14781","810","19906479","5","1.61","15.55","5.00 (1.61, 15.55)","5","9.57","2.32","1.16","0.6014","3.18","1.08","1","1","1","0","1","0"
"POOLED","NUCHAL RIGIDITY","NUCHAL RIGIDITY","颈强直","Musculoskeletal and connective tissue disorders","各种肌肉骨骼及结缔组织疾病","3","3","14778","868","19890830","14781","871","19906479","4.65","1.5","14.45","4.65 (1.50, 14.45)","4.65","8.57","2.21","1.06","0.6467","3.05","1.03","1","1","1","0","1","0"
"POOLED","Alpha haemolytic streptococcal infection","Alpha haemolytic streptococcal infection","α-溶血性链球菌感染","Infections and infestations","感染及侵染类疾病","3","3","14778","884","19890814","14781","887","19906479","4.57","1.47","14.19","4.57 (1.47, 14.19)","4.57","8.33","2.19","1.03","0.6586","3.02","1.02","1","1","1","0","1","0"
"POOLED","Injection site ulcer","Injection site ulcer","注射部位溃疡","General disorders and administration site conditions","全身性疾病及给药部位各种反应","3","3","14778","910","19890788","14781","913","19906479","4.44","1.43","13.79","4.44 (1.43, 13.79)","4.44","7.96","2.15","0.99","0.6779","2.97","1.01","1","1","1","0","1","0"
"POOLED","Electrocardiogram change","Electrocardiogram change","心电图改变","Investigations","各类检查","3","3","14778","920","19890778","14781","923","19906479","4.39","1.41","13.64","4.39 (1.41, 13.64)","4.39","7.82","2.13","0.97","0.6853","2.95","1","1","1","1","0","1","0"
"POOLED","Prinzmetal angina","Prinzmetal angina","变异性心绞痛","Cardiac disorders","心脏器官疾病","3","3","14778","942","19890756","14781","945","19906479","4.29","1.38","13.32","4.29 (1.38, 13.32)","4.29","7.53","2.1","0.94","0.7017","2.91","0.99","1","1","1","0","1","0"
"POOLED","NON-CARDIOGENIC PULMONARY OEDEMA","NON-CARDIOGENIC PULMONARY OEDEMA","非心源性肺水肿","Respiratory, thoracic and mediastinal disorders","呼吸系统、胸及纵隔疾病","3","3","14778","978","19890720","14781","981","19906479","4.13","1.33","12.83","4.13 (1.33, 12.83)","4.13","7.09","2.04","0.89","0.7284","2.85","0.96","1","1","1","0","1","0"
"POOLED","Piloerection","Piloerection","立毛","Skin and subcutaneous tissue disorders","皮肤及皮下组织类疾病","3","3","14778","1023","19890675","14781","1026","19906479","3.95","1.27","12.26","3.95 (1.27, 12.26)","3.95","6.58","1.98","0.82","0.7618","2.77","0.94","1","1","1","0","1","0"
"POOLED","CLAUSTROPHOBIA","CLAUSTROPHOBIA","幽闭恐怖症","Psychiatric disorders","精神病类","3","3","14778","1030","19890668","14781","1033","19906479","3.92","1.26","12.18","3.92 (1.26, 12.18)","3.92","6.51","1.97","0.81","0.767","2.76","0.94","1","1","1","0","1","0"
"POOLED","CEREBRAL ARTERY OCCLUSION","CEREBRAL ARTERY OCCLUSION","大脑动脉闭塞","Nervous system disorders","各类神经系统疾病","3","3","14778","1055","19890643","14781","1058","19906479","3.83","1.23","11.89","3.83 (1.23, 11.89)","3.83","6.25","1.93","0.78","0.7856","2.72","0.92","1","1","1","0","1","0"
"POOLED","Halo vision","Halo vision","虹视","Eye disorders","眼器官疾病","3","3","14778","1078","19890620","14781","1081","19906479","3.75","1.21","11.63","3.75 (1.21, 11.63)","3.75","6.02","1.9","0.75","0.8027","2.69","0.91","1","1","1","0","1","0"
"POOLED","Product contamination microbial","Product contamination microbial","产品微生物污染","Product issues","产品问题","3","3","14778","1080","19890618","14781","1083","19906479","3.74","1.2","11.61","3.74 (1.20, 11.61)","3.74","6","1.9","0.74","0.8042","2.68","0.91","1","1","1","0","1","0"
"POOLED","PALMAR ERYTHEMA","PALMAR ERYTHEMA","手掌红斑","Skin and subcutaneous tissue disorders","皮肤及皮下组织类疾病","3","3","14778","1088","19890610","14781","1091","19906479","3.71","1.19","11.53","3.71 (1.19, 11.53)","3.71","5.92","1.89","0.73","0.8101","2.67","0.9","1","1","1","0","1","0"
"POOLED","Parotitis","Parotitis","腮腺炎","Infections and infestations","感染及侵染类疾病","3","3","14778","1111","19890587","14781","1114","19906479","3.63","1.17","11.29","3.63 (1.17, 11.29)","3.63","5.71","1.86","0.7","0.8272","2.64","0.89","1","1","1","0","1","0"
"POOLED","PO2 decreased","PO2 decreased","PO2降低","Investigations","各类检查","3","3","14778","1134","19890564","14781","1137","19906479","3.56","1.15","11.06","3.56 (1.15, 11.06)","3.56","5.51","1.83","0.67","0.8442","2.6","0.88","1","1","1","0","1","0"
"POOLED","Slow response to stimuli","Slow response to stimuli","刺激反应慢","Nervous system disorders","各类神经系统疾病","3","3","14778","1208","19890490","14781","1211","19906479","3.34","1.08","10.38","3.34 (1.08, 10.38)","3.34","4.91","1.74","0.58","0.8992","2.5","0.85","1","1","1","0","1","0"
"POOLED","Band sensation","Band sensation","束紧感","Nervous system disorders","各类神经系统疾病","3","3","14778","1235","19890463","14781","1238","19906479","3.27","1.05","10.15","3.27 (1.05, 10.15)","3.27","4.71","1.71","0.55","0.9192","2.47","0.84","1","1","1","0","1","0"
"POOLED","Extradural haematoma","Extradural haematoma","硬膜外血肿","Injury, poisoning and procedural complications","各类损伤、中毒及操作并发症","3","3","14778","1275","19890423","14781","1278","19906479","3.17","1.02","9.83","3.17 (1.02, 9.83)","3.17","4.44","1.66","0.5","0.9489","2.42","0.82","1","1","1","0","1","0"
"POOLED","Vascular purpura","Vascular purpura","血管性紫癜","Skin and subcutaneous tissue disorders","皮肤及皮下组织类疾病","3","3","14778","1311","19890387","14781","1314","19906479","3.08","0.99","9.56","3.08 (0.99, 9.56)","3.08","4.2","1.62","0.46","0.9757","2.37","0.8","0","1","1","0","0","0"
"POOLED","Apraxia","Apraxia","运用失能","Nervous system disorders","各类神经系统疾病","3","3","14778","1428","19890270","14781","1431","19906479","2.83","0.91","8.78","2.83 (0.91, 8.78)","2.83","3.54","1.5","0.34","1.0625","2.24","0.76","0","0","1","0","0","0"
"POOLED","Vasoplegia syndrome","Vasoplegia syndrome","血管麻痹综合征","Injury, poisoning and procedural complications","各类损伤、中毒及操作并发症","3","3","14778","1500","19890198","14781","1503","19906479","2.69","0.87","8.36","2.69 (0.87, 8.36)","2.69","3.18","1.43","0.27","1.116","2.17","0.73","0","0","1","0","0","0"
"POOLED","HYPOAESTHESIA FACIAL","HYPOAESTHESIA FACIAL",,,,"3","3","14778","1514","19890184","14781","1517","19906479","2.67","0.86","8.28","2.67 (0.86, 8.28)","2.67","3.12","1.41","0.26","1.1264","2.15","0.73","0","0","1","0","0","0"
"POOLED","Quadriparesis","Quadriparesis","四肢轻瘫","Nervous system disorders","各类神经系统疾病","3","3","14778","1548","19890150","14781","1551","19906479","2.61","0.84","8.1","2.61 (0.84, 8.10)","2.61","2.97","1.38","0.23","1.1517","2.12","0.72","0","0","1","0","0","0"
"POOLED","Seizure like phenomena","Seizure like phenomena","癫痫样现象","Nervous system disorders","各类神经系统疾病","3","3","14778","1567","19890131","14781","1570","19906479","2.58","0.83","8","2.58 (0.83, 8.00)","2.58","2.89","1.36","0.21","1.1658","2.1","0.71","0","0","1","0","0","0"
"POOLED","Tonsillar hypertrophy","Tonsillar hypertrophy","扁桃体肥大","Respiratory, thoracic and mediastinal disorders","呼吸系统、胸及纵隔疾病","3","3","14778","1589","19890109","14781","1592","19906479","2.54","0.82","7.89","2.54 (0.82, 7.89)","2.54","2.8","1.34","0.19","1.1821","2.08","0.7","0","0","1","0","0","0"
"POOLED","SPINAL CORD INJURY","SPINAL CORD INJURY","脊髓损伤","Injury, poisoning and procedural complications","各类损伤、中毒及操作并发症","3","3","14778","1644","19890054","14781","1647","19906479","2.46","0.79","7.62","2.46 (0.79, 7.62)","2.46","2.58","1.29","0.14","1.2229","2.03","0.69","0","0","1","0","0","0"
"POOLED","VASCULAR PSEUDOANEURYSM","VASCULAR PSEUDOANEURYSM","血管假性动脉瘤","Injury, poisoning and procedural complications","各类损伤、中毒及操作并发症","3","3","14778","1655","19890043","14781","1658","19906479","2.44","0.79","7.57","2.44 (0.79, 7.57)","2.44","2.54","1.29","0.13","1.2311","2.02","0.68","0","0","1","0","0","0"
"POOLED","BLOOD PH DECREASED","BLOOD PH DECREASED","血pH值降低","Investigations","各类检查","3","3","14778","1684","19890014","14781","1687","19906479","2.4","0.77","7.44","2.40 (0.77, 7.44)","2.4","2.44","1.26","0.1","1.2526","2","0.68","0","0","1","0","0","0"
"POOLED","Intervertebral discitis","Intervertebral discitis","椎间盘炎","Infections and infestations","感染及侵染类疾病","3","3","14778","1745","19889953","14781","1748","19906479","2.31","0.75","7.18","2.31 (0.75, 7.18)","2.31","2.23","1.21","0.05","1.2979","1.95","0.66","0","0","1","0","0","0"
"POOLED","Lip disorder","Lip disorder","唇病变","Gastrointestinal disorders","胃肠系统疾病","3","3","14778","1836","19889862","14781","1839","19906479","2.2","0.71","6.83","2.20 (0.71, 6.83)","2.2","1.96","1.14","-0.02","1.3655","1.88","0.64","0","0","0","0","0","0"
"POOLED","ARTERIAL DISORDER","ARTERIAL DISORDER","动脉性疾病","Vascular disorders","血管与淋巴管类疾病","3","3","14778","1856","19889842","14781","1859","19906479","2.18","0.7","6.75","2.18 (0.70, 6.75)","2.18","1.9","1.12","-0.04","1.3803","1.86","0.63","0","0","0","0","0","0"
"POOLED","Distributive shock","Distributive shock","分布性休克","Vascular disorders","血管与淋巴管类疾病","3","3","14778","1936","19889762","14781","1939","19906479","2.09","0.67","6.47","2.09 (0.67, 6.47)","2.09","1.69","1.06","-0.1","1.4398","1.8","0.61","0","0","0","0","0","0"
"POOLED","Oculogyric crisis","Oculogyric crisis","动眼神经危象","Eye disorders","眼器官疾病","3","3","14778","1953","19889745","14781","1956","19906479","2.07","0.67","6.42","2.07 (0.67, 6.42)","2.07","1.65","1.05","-0.11","1.4524","1.79","0.61","0","0","0","0","0","0"
"POOLED","Pustule","Pustule","脓疱","Infections and infestations","感染及侵染类疾病","3","3","14778","2085","19889613","14781","2088","19906479","1.94","0.62","6.01","1.94 (0.62, 6.01)","1.94","1.36","0.95","-0.2","1.5504","1.71","0.58","0","0","0","0","0","0"
"POOLED","PARESIS","PARESIS","轻瘫","Nervous system disorders","各类神经系统疾病","3","3","14778","2165","19889533","14781","2168","19906479","1.86","0.6","5.79","1.86 (0.60, 5.79)","1.86","1.2","0.9","-0.26","1.6098","1.66","0.56","0","0","0","0","0","0"
"POOLED","Basedow's disease","Basedow's disease",,,,"3","3","14778","2187","19889511","14781","2190","19906479","1.85","0.59","5.73","1.85 (0.59, 5.73)","1.85","1.16","0.88","-0.27","1.6261","1.65","0.56","0","0","0","0","0","0"
"POOLED","Lacunar infarction","Lacunar infarction","腔隙性脑梗死","Nervous system disorders","各类神经系统疾病","3","3","14778","2362","19889336","14781","2365","19906479","1.71","0.55","5.3","1.71 (0.55, 5.30)","1.71","0.88","0.77","-0.38","1.7561","1.55","0.53","0","0","0","0","0","0"
"POOLED","VASODILATATION","VASODILATATION","血管舒张","Vascular disorders","血管与淋巴管类疾病","3","3","14778","2394","19889304","14781","2397","19906479","1.69","0.54","5.23","1.69 (0.54, 5.23)","1.69","0.84","0.75","-0.4","1.7798","1.54","0.52","0","0","0","0","0","0"
"POOLED","RETROPERITONEAL HAEMORRHAGE","RETROPERITONEAL HAEMORRHAGE","腹膜后出血","Gastrointestinal disorders","胃肠系统疾病","3","3","14778","2406","19889292","14781","2409","19906479","1.68","0.54","5.21","1.68 (0.54, 5.21)","1.68","0.82","0.75","-0.41","1.7887","1.53","0.52","0","0","0","0","0","0"
"POOLED","Hyperlactacidaemia","Hyperlactacidaemia","高乳酸血症","Metabolism and nutrition disorders","代谢及营养类疾病","3","3","14778","2433","19889265","14781","2436","19906479","1.66","0.53","5.15","1.66 (0.53, 5.15)","1.66","0.79","0.73","-0.43","1.8088","1.52","0.51","0","0","0","0","0","0"
"POOLED","VENTRICULAR DYSFUNCTION","VENTRICULAR DYSFUNCTION","心室机能障碍","Cardiac disorders","心脏器官疾病","3","3","14778","2491","19889207","14781","2494","19906479","1.62","0.52","5.03","1.62 (0.52, 5.03)","1.62","0.71","0.7","-0.46","1.8519","1.49","0.5","0","0","0","0","0","0"
"POOLED","INFUSION SITE REACTION","INFUSION SITE REACTION","输液部位反应","General disorders and administration site conditions","全身性疾病及给药部位各种反应","3","3","14778","2565","19889133","14781","2568","19906479","1.57","0.51","4.88","1.57 (0.51, 4.88)","1.57","0.63","0.65","-0.5","1.9068","1.45","0.49","0","0","0","0","0","0"
"POOLED","HYPERCAPNIA","HYPERCAPNIA","高碳酸血症","Respiratory, thoracic and mediastinal disorders","呼吸系统、胸及纵隔疾病","3","3","14778","2833","19888865","14781","2836","19906479","1.43","0.46","4.42","1.43 (0.46, 4.42)","1.43","0.38","0.51","-0.64","2.1058","1.34","0.45","0","0","0","0","0","0"
"POOLED","Hepatitis fulminant","Hepatitis fulminant","暴发性肝炎","Hepatobiliary disorders","肝胆系统疾病","3","3","14778","2826","19888872","14781","2829","19906479","1.43","0.46","4.43","1.43 (0.46, 4.43)","1.43","0.39","0.51","-0.64","2.1006","1.35","0.46","0","0","0","0","0","0"
"POOLED","Portal vein thrombosis","Portal vein thrombosis","门静脉血栓形成","Hepatobiliary disorders","肝胆系统疾病","3","3","14778","3063","19888635","14781","3066","19906479","1.32","0.42","4.09","1.32 (0.42, 4.09)","1.32","0.23","0.4","-0.76","2.2766","1.26","0.43","0","0","0","0","0","0"
"POOLED","INTRACARDIAC THROMBUS","INTRACARDIAC THROMBUS",,,,"3","3","14778","3068","19888630","14781","3071","19906479","1.32","0.42","4.08","1.32 (0.42, 4.08)","1.32","0.23","0.4","-0.76","2.2803","1.26","0.43","0","0","0","0","0","0"
"POOLED","Orthopnoea","Orthopnoea","端坐呼吸","Respiratory, thoracic and mediastinal disorders","呼吸系统、胸及纵隔疾病","3","3","14778","3098","19888600","14781","3101","19906479","1.3","0.42","4.04","1.30 (0.42, 4.04)","1.3","0.21","0.38","-0.77","2.3026","1.25","0.42","0","0","0","0","0","0"
"POOLED","Listless","Listless","无精打采","Psychiatric disorders","精神病类","3","3","14778","3116","19888582","14781","3119","19906479","1.3","0.42","4.02","1.30 (0.42, 4.02)","1.3","0.2","0.37","-0.78","2.3159","1.24","0.42","0","0","0","0","0","0"
"POOLED","Posture abnormal","Posture abnormal","姿势异常","Musculoskeletal and connective tissue disorders","各种肌肉骨骼及结缔组织疾病","3","3","14778","3116","19888582","14781","3119","19906479","1.3","0.42","4.02","1.30 (0.42, 4.02)","1.3","0.2","0.37","-0.78","2.3159","1.24","0.42","0","0","0","0","0","0"
"POOLED","INJECTION SITE INFECTION","INJECTION SITE INFECTION","注射部位感染","Infections and infestations","感染及侵染类疾病","3","3","14778","3126","19888572","14781","3129","19906479","1.29","0.42","4.01","1.29 (0.42, 4.01)","1.29","0.2","0.37","-0.79","2.3234","1.24","0.42","0","0","0","0","0","0"
"POOLED","CEREBRAL HAEMATOMA","CEREBRAL HAEMATOMA","大脑血肿","Nervous system disorders","各类神经系统疾病","3","3","14778","3195","19888503","14781","3198","19906479","1.26","0.41","3.92","1.26 (0.41, 3.92)","1.26","0.16","0.34","-0.82","2.3746","1.22","0.41","0","0","0","0","0","0"
"POOLED","DRUG RASH WITH EOSINOPHILIA AND SYSTEMIC SYMPTOMS","DRUG RASH WITH EOSINOPHILIA AND SYSTEMIC SYMPTOMS",,,,"3","3","14778","3234","19888464","14781","3237","19906479","1.25","0.4","3.87","1.25 (0.40, 3.87)","1.25","0.15","0.32","-0.84","2.4035","1.21","0.41","0","0","0","0","0","0"
"POOLED","SUPRAVENTRICULAR EXTRASYSTOLES","SUPRAVENTRICULAR EXTRASYSTOLES","室上性期外收缩","Cardiac disorders","心脏器官疾病","3","3","14778","3312","19888386","14781","3315","19906479","1.22","0.39","3.78","1.22 (0.39, 3.78)","1.22","0.12","0.29","-0.87","2.4615","1.18","0.4","0","0","0","0","0","0"
"POOLED","Thrombotic thrombocytopenic purpura","Thrombotic thrombocytopenic purpura","血栓性血小板减少性紫癜","Blood and lymphatic system disorders","血液及淋巴系统疾病","3","3","14778","3371","19888327","14781","3374","19906479","1.2","0.39","3.72","1.20 (0.39, 3.72)","1.2","0.1","0.26","-0.9","2.5053","1.16","0.39","0","0","0","0","0","0"
"POOLED","Facial paresis","Facial paresis","面轻瘫","Nervous system disorders","各类神经系统疾病","3","3","14778","3434","19888264","14781","3437","19906479","1.18","0.38","3.65","1.18 (0.38, 3.65)","1.18","0.08","0.23","-0.92","2.552","1.15","0.39","0","0","0","0","0","0"
"POOLED","CAROTID ARTERY STENOSIS","CAROTID ARTERY STENOSIS","颈动脉狭窄","Nervous system disorders","各类神经系统疾病","3","3","14778","3443","19888255","14781","3446","19906479","1.17","0.38","3.64","1.17 (0.38, 3.64)","1.17","0.08","0.23","-0.93","2.5587","1.14","0.39","0","0","0","0","0","0"
"POOLED","Haemorrhage subcutaneous","Haemorrhage subcutaneous","皮下出血","Skin and subcutaneous tissue disorders","皮肤及皮下组织类疾病","3","3","14778","3444","19888254","14781","3447","19906479","1.17","0.38","3.64","1.17 (0.38, 3.64)","1.17","0.08","0.23","-0.93","2.5595","1.14","0.39","0","0","0","0","0","0"
"POOLED","SYSTEMIC INFLAMMATORY RESPONSE SYNDROME","SYSTEMIC INFLAMMATORY RESPONSE SYNDROME","全身性炎症反应综合征","General disorders and administration site conditions","全身性疾病及给药部位各种反应","3","3","14778","3613","19888085","14781","3616","19906479","1.12","0.36","3.47","1.12 (0.36, 3.47)","1.12","0.04","0.16","-1","2.685","1.1","0.37","0","0","0","0","0","0"
"POOLED","Cardiopulmonary failure","Cardiopulmonary failure","心肺衰竭","Cardiac disorders","心脏器官疾病","3","3","14778","3798","19887900","14781","3801","19906479","1.06","0.34","3.3","1.06 (0.34, 3.30)","1.06","0.01","0.09","-1.07","2.8223","1.05","0.36","0","0","0","0","0","0"
"POOLED","Azotaemia","Azotaemia","氮质血症","Renal and urinary disorders","肾脏及泌尿系统疾病","3","3","14778","3827","19887871","14781","3830","19906479","1.05","0.34","3.27","1.05 (0.34, 3.27)","1.05","0.01","0.08","-1.08","2.8439","1.05","0.35","0","0","0","0","0","0"
"POOLED","BUNDLE BRANCH BLOCK LEFT","BUNDLE BRANCH BLOCK LEFT","左束支阻滞","Cardiac disorders","心脏器官疾病","3","3","14778","4123","19887575","14781","4126","19906479","0.98","0.32","3.04","0.98 (0.32, 3.04)","0.98","0","-0.03","-1.19","3.0636","0.98","0.33","0","0","0","0","0","0"
"POOLED","LEFT VENTRICULAR HYPERTROPHY","LEFT VENTRICULAR HYPERTROPHY","左心室肥大","Cardiac disorders","心脏器官疾病","3","3","14778","4126","19887572","14781","4129","19906479","0.98","0.32","3.04","0.98 (0.32, 3.04)","0.98","0","-0.03","-1.19","3.0659","0.98","0.33","0","0","0","0","0","0"
"POOLED","Monoplegia","Monoplegia","单瘫","Nervous system disorders","各类神经系统疾病","3","3","14778","4183","19887515","14781","4186","19906479","0.97","0.31","2.99","0.97 (0.31, 2.99)","0.97","0","-0.05","-1.21","3.1082","0.97","0.33","0","0","0","0","0","0"
"POOLED","Product temperature excursion issue","Product temperature excursion issue","产品温度偏移问题","Product issues","产品问题","3","3","14778","4222","19887476","14781","4225","19906479","0.96","0.31","2.97","0.96 (0.31, 2.97)","0.96","0.01","-0.06","-1.22","3.1372","0.96","0.33","0","0","0","0","0","0"
"POOLED","Ileus paralytic","Ileus paralytic","麻痹性肠梗阻","Gastrointestinal disorders","胃肠系统疾病","3","3","14778","4189","19887509","14781","4192","19906479","0.96","0.31","2.99","0.96 (0.31, 2.99)","0.96","0","-0.05","-1.21","3.1127","0.97","0.33","0","0","0","0","0","0"
"POOLED","Tongue discolouration","Tongue discolouration","舌变色","Gastrointestinal disorders","胃肠系统疾病","3","3","14778","4248","19887450","14781","4251","19906479","0.95","0.31","2.95","0.95 (0.31, 2.95)","0.95","0.01","-0.07","-1.23","3.1565","0.96","0.32","0","0","0","0","0","0"
"POOLED","BLOOD THYROID STIMULATING HORMONE DECREASED","BLOOD THYROID STIMULATING HORMONE DECREASED","血促甲状腺激素降低","Investigations","各类检查","3","3","14778","4397","19887301","14781","4400","19906479","0.92","0.3","2.85","0.92 (0.30, 2.85)","0.92","0.02","-0.12","-1.28","3.2671","0.93","0.31","0","0","0","0","0","0"
"POOLED","Vulvovaginal pain","Vulvovaginal pain","外阴阴道疼痛","Reproductive system and breast disorders","生殖系统及乳腺疾病","3","3","14778","4507","19887191","14781","4510","19906479","0.9","0.29","2.78","0.90 (0.29, 2.78)","0.9","0.04","-0.16","-1.31","3.3488","0.91","0.31","0","0","0","0","0","0"
"POOLED","INJECTION SITE INFLAMMATION","INJECTION SITE INFLAMMATION","注射部位炎症","General disorders and administration site conditions","全身性疾病及给药部位各种反应","3","3","14778","4641","19887057","14781","4644","19906479","0.87","0.28","2.7","0.87 (0.28, 2.70)","0.87","0.06","-0.2","-1.36","3.4483","0.89","0.3","0","0","0","0","0","0"
"POOLED","HEPARIN-INDUCED THROMBOCYTOPENIA","HEPARIN-INDUCED THROMBOCYTOPENIA","肝素诱导性血小板减少症","Blood and lymphatic system disorders","血液及淋巴系统疾病","3","3","14778","4740","19886958","14781","4743","19906479","0.85","0.27","2.64","0.85 (0.27, 2.64)","0.85","0.08","-0.23","-1.39","3.5218","0.87","0.29","0","0","0","0","0","0"
"POOLED","Product residue present","Product residue present","检出残留产品","Investigations","各类检查","3","3","14778","4920","19886778","14781","4923","19906479","0.82","0.26","2.55","0.82 (0.26, 2.55)","0.82","0.12","-0.29","-1.44","3.6554","0.84","0.29","0","0","0","0","0","0"
"POOLED","Cholecystitis acute","Cholecystitis acute","急性胆囊炎","Hepatobiliary disorders","肝胆系统疾病","3","3","14778","5440","19886258","14781","5443","19906479","0.74","0.24","2.3","0.74 (0.24, 2.30)","0.74","0.27","-0.43","-1.59","4.0415","0.77","0.26","0","0","0","0","0","0"
"POOLED","Infusion site swelling","Infusion site swelling","输液部位肿胀","General disorders and administration site conditions","全身性疾病及给药部位各种反应","3","3","14778","5735","19885963","14781","5738","19906479","0.7","0.23","2.18","0.70 (0.23, 2.18)","0.7","0.37","-0.51","-1.66","4.2606","0.74","0.25","0","0","0","0","0","0"
"POOLED","EPSTEIN-BARR VIRUS INFECTION","EPSTEIN-BARR VIRUS INFECTION","EB病毒感染","Infections and infestations","感染及侵染类疾病","3","3","14778","5867","19885831","14781","5870","19906479","0.69","0.22","2.13","0.69 (0.22, 2.13)","0.69","0.42","-0.54","-1.69","4.3586","0.72","0.24","0","0","0","0","0","0"
"POOLED","Tension","Tension","紧张","Psychiatric disorders","精神病类","3","3","14778","5876","19885822","14781","5879","19906479","0.69","0.22","2.13","0.69 (0.22, 2.13)","0.69","0.43","-0.54","-1.7","4.3653","0.72","0.24","0","0","0","0","0","0"
"POOLED","Product formulation issue","Product formulation issue","产品配方问题","Product issues","产品问题","3","3","14778","6329","19885369","14781","6332","19906479","0.64","0.21","1.98","0.64 (0.21, 1.98)","0.64","0.62","-0.65","-1.8","4.7016","0.67","0.23","0","0","0","0","0","0"
"POOLED","LYMPHOEDEMA","LYMPHOEDEMA","淋巴水肿","Vascular disorders","血管与淋巴管类疾病","3","3","14778","6454","19885244","14781","6457","19906479","0.63","0.2","1.94","0.63 (0.20, 1.94)","0.63","0.67","-0.68","-1.83","4.7945","0.66","0.22","0","0","0","0","0","0"
"POOLED","Thermal burn","Thermal burn","热灼伤","Injury, poisoning and procedural complications","各类损伤、中毒及操作并发症","3","3","14778","6801","19884897","14781","6804","19906479","0.59","0.19","1.84","0.59 (0.19, 1.84)","0.59","0.83","-0.75","-1.91","5.0521","0.63","0.21","0","0","0","0","0","0"
"POOLED","Aortic aneurysm","Aortic aneurysm","主动脉瘤","Vascular disorders","血管与淋巴管类疾病","3","3","14778","7393","19884305","14781","7396","19906479","0.55","0.18","1.69","0.55 (0.18, 1.69)","0.55","1.13","-0.87","-2.03","5.4917","0.58","0.2","0","0","0","0","0","0"
"POOLED","MATERNAL DRUGS AFFECTING FOETUS","MATERNAL DRUGS AFFECTING FOETUS","影响胎儿的孕产妇用药","Injury, poisoning and procedural complications","各类损伤、中毒及操作并发症","3","3","14778","7578","19884120","14781","7581","19906479","0.53","0.17","1.65","0.53 (0.17, 1.65)","0.53","1.23","-0.91","-2.06","5.6291","0.57","0.19","0","0","0","0","0","0"
"POOLED","Electrocardiogram abnormal","Electrocardiogram abnormal","心电图异常","Investigations","各类检查","3","3","14778","7629","19884069","14781","7632","19906479","0.53","0.17","1.64","0.53 (0.17, 1.64)","0.53","1.26","-0.92","-2.07","5.6669","0.57","0.19","0","0","0","0","0","0"
"POOLED","PYELONEPHRITIS","PYELONEPHRITIS","肾盂肾炎","Infections and infestations","感染及侵染类疾病","3","3","14778","8215","19883483","14781","8218","19906479","0.49","0.16","1.52","0.49 (0.16, 1.52)","0.49","1.58","-1.02","-2.18","6.102","0.53","0.18","0","0","0","0","0","0"
"POOLED","Dizziness postural","Dizziness postural","体位性头晕","Nervous system disorders","各类神经系统疾病","3","3","14778","8995","19882703","14781","8998","19906479","0.45","0.14","1.39","0.45 (0.14, 1.39)","0.45","2.03","-1.16","-2.31","6.6812","0.49","0.17","0","0","0","0","0","0"
"POOLED","Atelectasis","Atelectasis","肺不张","Respiratory, thoracic and mediastinal disorders","呼吸系统、胸及纵隔疾病","3","3","14778","9421","19882277","14781","9424","19906479","0.43","0.14","1.33","0.43 (0.14, 1.33)","0.43","2.29","-1.22","-2.38","6.9975","0.47","0.16","0","0","0","0","0","0"
"POOLED","Eyelid ptosis","Eyelid ptosis","上睑下垂","Eye disorders","眼器官疾病","3","3","14778","9567","19882131","14781","9570","19906479","0.42","0.14","1.31","0.42 (0.14, 1.31)","0.42","2.38","-1.24","-2.4","7.1059","0.46","0.16","0","0","0","0","0","0"
"POOLED","Brain injury","Brain injury","脑损伤","Nervous system disorders","各类神经系统疾病","3","3","14778","9507","19882191","14781","9510","19906479","0.42","0.14","1.32","0.42 (0.14, 1.32)","0.42","2.34","-1.23","-2.39","7.0614","0.46","0.16","0","0","0","0","0","0"
"POOLED","Electrolyte imbalance","Electrolyte imbalance","电解质失衡","Metabolism and nutrition disorders","代谢及营养类疾病","3","3","14778","10818","19880880","14781","10821","19906479","0.37","0.12","1.16","0.37 (0.12, 1.16)","0.37","3.16","-1.42","-2.58","8.0348","0.41","0.14","0","0","0","0","0","0"
"POOLED","Vasculitis","Vasculitis","血管炎","Vascular disorders","血管与淋巴管类疾病","3","3","14778","10948","19880750","14781","10951","19906479","0.37","0.12","1.14","0.37 (0.12, 1.14)","0.37","3.24","-1.44","-2.59","8.1314","0.41","0.14","0","0","0","0","0","0"
"POOLED","Infusion site pain","Infusion site pain","输液部位疼痛","General disorders and administration site conditions","全身性疾病及给药部位各种反应","3","3","14778","11964","19879734","14781","11967","19906479","0.34","0.11","1.05","0.34 (0.11, 1.05)","0.34","3.9","-1.57","-2.72","8.8858","0.37","0.13","0","0","0","0","0","0"
"POOLED","Cardiomegaly","Cardiomegaly","心脏扩大","Cardiac disorders","心脏器官疾病","3","3","14778","12209","19879489","14781","12212","19906479","0.33","0.11","1.03","0.33 (0.11, 1.03)","0.33","4.07","-1.6","-2.75","9.0677","0.37","0.12","0","0","0","0","0","0"
"POOLED","Seasonal allergy","Seasonal allergy","季节性过敏","Immune system disorders","免疫系统疾病","3","3","14778","13205","19878493","14781","13208","19906479","0.31","0.1","0.95","0.31 (0.10, 0.95)","0.31","4.73","-1.71","-2.86","9.8072","0.34","0.11","0","0","0","0","0","0"
"POOLED","ANOREXIA","ANOREXIA",,,,"3","3","14778","13136","19878562","14781","13139","19906479","0.31","0.1","0.95","0.31 (0.10, 0.95)","0.31","4.69","-1.7","-2.86","9.756","0.34","0.12","0","0","0","0","0","0"
"POOLED","Coordination abnormal","Coordination abnormal","协调功能失常","Nervous system disorders","各类神经系统疾病","3","3","14778","13499","19878199","14781","13502","19906479","0.3","0.1","0.93","0.30 (0.10, 0.93)","0.3","4.93","-1.74","-2.9","10.0255","0.33","0.11","0","0","0","0","0","0"
"POOLED","Hepatocellular injury","Hepatocellular injury","肝细胞损伤","Hepatobiliary disorders","肝胆系统疾病","3","3","14778","13611","19878087","14781","13614","19906479","0.3","0.1","0.92","0.30 (0.10, 0.92)","0.3","5.01","-1.75","-2.91","10.1087","0.33","0.11","0","0","0","0","0","0"
"POOLED","Lymphopenia","Lymphopenia","淋巴细胞减少症","Blood and lymphatic system disorders","血液及淋巴系统疾病","3","3","14778","13235","19878463","14781","13238","19906479","0.3","0.1","0.95","0.30 (0.10, 0.95)","0.31","4.75","-1.71","-2.87","9.8295","0.34","0.11","0","0","0","0","0","0"
"POOLED","DRUG TOXICITY","DRUG TOXICITY",,,,"3","3","14778","13758","19877940","14781","13761","19906479","0.29","0.09","0.91","0.29 (0.09, 0.91)","0.29","5.11","-1.77","-2.92","10.2178","0.33","0.11","0","0","0","0","0","0"
"POOLED","Pulmonary mass","Pulmonary mass","肺部肿块","Respiratory, thoracic and mediastinal disorders","呼吸系统、胸及纵隔疾病","3","3","14778","14002","19877696","14781","14005","19906479","0.29","0.09","0.89","0.29 (0.09, 0.89)","0.29","5.27","-1.79","-2.95","10.399","0.32","0.11","0","0","0","0","0","0"
"POOLED","CARDIOMYOPATHY","CARDIOMYOPATHY","心肌病","Cardiac disorders","心脏器官疾病","3","3","14778","14275","19877423","14781","14278","19906479","0.28","0.09","0.88","0.28 (0.09, 0.88)","0.28","5.46","-1.82","-2.98","10.6017","0.32","0.11","0","0","0","0","0","0"
"POOLED","Device failure","Device failure","装置故障","Product issues","产品问题","3","3","14778","14258","19877440","14781","14261","19906479","0.28","0.09","0.88","0.28 (0.09, 0.88)","0.28","5.45","-1.82","-2.97","10.5891","0.32","0.11","0","0","0","0","0","0"
"POOLED","Upper gastrointestinal haemorrhage","Upper gastrointestinal haemorrhage","上消化道出血","Gastrointestinal disorders","胃肠系统疾病","3","3","14778","16199","19875499","14781","16202","19906479","0.25","0.08","0.77","0.25 (0.08, 0.77)","0.25","6.79","-2","-3.16","12.0303","0.28","0.09","0","0","0","0","0","0"
"POOLED","PELVIC PAIN","PELVIC PAIN","盆腔疼痛","Reproductive system and breast disorders","生殖系统及乳腺疾病","3","3","14778","17087","19874611","14781","17090","19906479","0.24","0.08","0.73","0.24 (0.08, 0.73)","0.24","7.41","-2.08","-3.24","12.6897","0.27","0.09","0","0","0","0","0","0"
"POOLED","Eructation","Eructation","嗳气","Gastrointestinal disorders","胃肠系统疾病","3","3","14778","17156","19874542","14781","17159","19906479","0.24","0.08","0.73","0.24 (0.08, 0.73)","0.24","7.46","-2.09","-3.24","12.7409","0.26","0.09","0","0","0","0","0","0"
"POOLED","PROTEINURIA","PROTEINURIA","蛋白尿","Renal and urinary disorders","肾脏及泌尿系统疾病","3","3","14778","17635","19874063","14781","17638","19906479","0.23","0.07","0.71","0.23 (0.07, 0.71)","0.23","7.8","-2.13","-3.28","13.0966","0.26","0.09","0","0","0","0","0","0"
"POOLED","HEPATIC CIRRHOSIS","HEPATIC CIRRHOSIS","肝硬化","Hepatobiliary disorders","肝胆系统疾病","3","3","14778","17496","19874202","14781","17499","19906479","0.23","0.07","0.72","0.23 (0.07, 0.72)","0.23","7.7","-2.11","-3.27","12.9934","0.26","0.09","0","0","0","0","0","0"
"POOLED","Taste disorder","Taste disorder","味觉障碍","Nervous system disorders","各类神经系统疾病","3","3","14778","18171","19873527","14781","18174","19906479","0.22","0.07","0.69","0.22 (0.07, 0.69)","0.22","8.18","-2.17","-3.32","13.4946","0.25","0.08","0","0","0","0","0","0"
"POOLED","Feeling jittery","Feeling jittery","感到坐立不安","General disorders and administration site conditions","全身性疾病及给药部位各种反应","3","3","14778","18358","19873340","14781","18361","19906479","0.22","0.07","0.68","0.22 (0.07, 0.68)","0.22","8.31","-2.18","-3.34","13.6334","0.25","0.08","0","0","0","0","0","0"
"POOLED","Blood sodium decreased","Blood sodium decreased","血钠降低","Investigations","各类检查","3","3","14778","18015","19873683","14781","18018","19906479","0.22","0.07","0.69","0.22 (0.07, 0.69)","0.22","8.06","-2.16","-3.31","13.3788","0.25","0.09","0","0","0","0","0","0"
"POOLED","Hypophagia","Hypophagia","摄食量减少","Metabolism and nutrition disorders","代谢及营养类疾病","3","3","14778","23850","19867848","14781","23853","19906479","0.17","0.05","0.52","0.17 (0.05, 0.52)","0.17","12.24","-2.56","-3.72","17.7114","0.19","0.07","0","0","0","0","0","0"
"POOLED","Sedation","Sedation","镇静","Nervous system disorders","各类神经系统疾病","3","3","14778","24084","19867614","14781","24087","19906479","0.17","0.05","0.52","0.17 (0.05, 0.52)","0.17","12.41","-2.58","-3.73","17.8851","0.19","0.06","0","0","0","0","0","0"
"POOLED","PAIN IN JAW","PAIN IN JAW","颌骨疼痛","Musculoskeletal and connective tissue disorders","各种肌肉骨骼及结缔组织疾病","3","3","14778","27212","19864486","14781","27215","19906479","0.15","0.05","0.46","0.15 (0.05, 0.46)","0.15","14.68","-2.75","-3.91","20.2077","0.17","0.06","0","0","0","0","0","0"
"POOLED","Liver function test abnormal","Liver function test abnormal","肝功检查异常","Investigations","各类检查","3","3","14778","28159","19863539","14781","28162","19906479","0.14","0.05","0.44","0.14 (0.05, 0.44)","0.14","15.37","-2.8","-3.96","20.9109","0.16","0.06","0","0","0","0","0","0"
"POOLED","Viral infection","Viral infection","病毒感染","Infections and infestations","感染及侵染类疾病","3","3","14778","31445","19860253","14781","31448","19906479","0.13","0.04","0.4","0.13 (0.04, 0.40)","0.13","17.78","-2.96","-4.12","23.3508","0.15","0.05","0","0","0","0","0","0"
"POOLED","Coronary artery disease","Coronary artery disease","冠状动脉疾病","Cardiac disorders","心脏器官疾病","3","3","14778","30229","19861469","14781","30232","19906479","0.13","0.04","0.41","0.13 (0.04, 0.41)","0.13","16.89","-2.9","-4.06","22.4479","0.15","0.05","0","0","0","0","0","0"
"POOLED","Hyperglycaemia","Hyperglycaemia","高血糖症","Metabolism and nutrition disorders","代谢及营养类疾病","3","3","14778","34670","19857028","14781","34673","19906479","0.12","0.04","0.36","0.12 (0.04, 0.36)","0.12","20.15","-3.1","-4.26","25.7455","0.13","0.05","0","0","0","0","0","0"
"POOLED","Dyspnoea exertional","Dyspnoea exertional","劳力性呼吸困难","Respiratory, thoracic and mediastinal disorders","呼吸系统、胸及纵隔疾病","3","3","14778","35322","19856376","14781","35325","19906479","0.11","0.04","0.35","0.11 (0.04, 0.35)","0.11","20.62","-3.13","-4.28","26.2296","0.13","0.04","0","0","0","0","0","0"
"POOLED","THERAPY NON-RESPONDER","THERAPY NON-RESPONDER","治疗无反应者","General disorders and administration site conditions","全身性疾病及给药部位各种反应","3","3","14778","41072","19850626","14781","41075","19906479","0.1","0.03","0.3","0.10 (0.03, 0.30)","0.1","24.86","-3.35","-4.5","30.4991","0.11","0.04","0","0","0","0","0","0"
"POOLED","DEVICE LEAKAGE","DEVICE LEAKAGE","装置渗漏","Product issues","产品问题","3","3","14778","38471","19853227","14781","38474","19906479","0.1","0.03","0.32","0.10 (0.03, 0.32)","0.1","22.94","-3.25","-4.41","28.5678","0.12","0.04","0","0","0","0","0","0"
"POOLED","Hypoacusis","Hypoacusis","听觉减退","Ear and labyrinth disorders","耳及迷路类疾病","3","3","14778","40483","19851215","14781","40486","19906479","0.1","0.03","0.31","0.10 (0.03, 0.31)","0.1","24.43","-3.32","-4.48","30.0617","0.11","0.04","0","0","0","0","0","0"
"POOLED","ROAD TRAFFIC ACCIDENT","ROAD TRAFFIC ACCIDENT","道路交通事故","Injury, poisoning and procedural complications","各类损伤、中毒及操作并发症","3","3","14778","39790","19851908","14781","39793","19906479","0.1","0.03","0.31","0.10 (0.03, 0.31)","0.1","23.92","-3.3","-4.45","29.5472","0.12","0.04","0","0","0","0","0","0"
"POOLED","Pollakiuria","Pollakiuria","尿频","Renal and urinary disorders","肾脏及泌尿系统疾病","3","3","14778","39677","19852021","14781","39680","19906479","0.1","0.03","0.31","0.10 (0.03, 0.31)","0.1","23.83","-3.3","-4.45","29.4633","0.12","0.04","0","0","0","0","0","0"
"POOLED","Fluid retention","Fluid retention","体液潴留","Metabolism and nutrition disorders","代谢及营养类疾病","3","3","14778","48489","19843209","14781","48492","19906479","0.08","0.03","0.26","0.08 (0.03, 0.26)","0.08","30.35","-3.59","-4.74","36.0064","0.1","0.03","0","0","0","0","0","0"
"POOLED","Haematochezia","Haematochezia","便血","Gastrointestinal disorders","胃肠系统疾病","3","3","14778","52005","19839693","14781","52008","19906479","0.08","0.02","0.24","0.08 (0.02, 0.24)","0.08","32.96","-3.69","-4.84","38.6171","0.09","0.03","0","0","0","0","0","0"
"POOLED","Pancytopenia","Pancytopenia","全血细胞减少症","Blood and lymphatic system disorders","血液及淋巴系统疾病","3","3","14778","52844","19838854","14781","52847","19906479","0.08","0.02","0.24","0.08 (0.02, 0.24)","0.08","33.58","-3.71","-4.86","39.2401","0.09","0.03","0","0","0","0","0","0"
"POOLED","ILL-DEFINED DISORDER","ILL-DEFINED DISORDER","未明确定义的疾病","General disorders and administration site conditions","全身性疾病及给药部位各种反应","3","3","14778","57150","19834548","14781","57153","19906479","0.07","0.02","0.22","0.07 (0.02, 0.22)","0.07","36.78","-3.82","-4.98","42.4374","0.08","0.03","0","0","0","0","0","0"
"POOLED","Deep vein thrombosis","Deep vein thrombosis","深静脉血栓形成","Vascular disorders","血管与淋巴管类疾病","3","3","14778","62901","19828797","14781","62904","19906479","0.06","0.02","0.2","0.06 (0.02, 0.20)","0.06","41.06","-3.96","-5.12","46.7076","0.07","0.03","0","0","0","0","0","0"
"POOLED","Stress","Stress","应激","Psychiatric disorders","精神病类","3","3","14778","68113","19823585","14781","68116","19906479","0.06","0.02","0.18","0.06 (0.02, 0.18)","0.06","44.94","-4.08","-5.23","50.5776","0.07","0.02","0","0","0","0","0","0"
"POOLED","Nasopharyngitis","Nasopharyngitis","鼻咽炎","Infections and infestations","感染及侵染类疾病","3","3","14778","173724","19717974","14781","173727","19906479","0.02","0.01","0.07","0.02 (0.01, 0.07)","0.02","124.24","-5.43","-6.58","128.9961","0.03","0.01","0","0","0","0","0","0"
"POOLED","WEIGHT INCREASED","WEIGHT INCREASED","体重增加","Investigations","各类检查","3","3","14778","209682","19682016","14781","209685","19906479","0.02","0.01","0.06","0.02 (0.01, 0.06)","0.02","151.46","-5.7","-6.85","155.6957","0.02","0.01","0","0","0","0","0","0"
