"pt_standard_en","analysis_group","pt","pt_cn","soc_en","soc_cn","cases","a","b","c","d","a_plus_b","a_plus_c","a_plus_b_plus_c_plus_d","ROR","ROR_025","ROR_975","PRR","chi_squared","IC","IC025","expected_E","EBGM","EBGM05","is_ror_signal","is_prr_signal","is_bcpnn_signal","is_mgps_signal","is_core_ror_prr_signal","is_strict_four_algorithm_signal","ror_95ci_range"
"Contrast encephalopathy","Iodixanol","Contrast encephalopathy","造影剂脑病","Injury, poisoning and procedural complications","各类损伤、中毒及操作并发症","33","33","2236","197","19904013","2269","230","19906479","1491.13","1028.96","2160.9","1469.46","41478.61","10.3","9.92","0.0262","63.66","35.16","1","1","1","1","1","1","1,491.13 (1,028.96, 2,160.90)"
"Iodine overload","Iodixanol","Iodine overload","碘超负荷","Metabolism and nutrition disorders","代谢及营养类疾病","4","4","2265","24","19904186","2269","28","19906479","1464.62","507.77","4224.57","1462.04","5005.86","10.29","9.21","0.0032","8.94","3.38","1","1","1","1","1","1","1,464.62 (507.77, 4,224.57)"
"Skin temperature increased","Iodixanol","Skin temperature increased","皮肤温度增高","Investigations","各类检查","4","4","2265","47","19904163","2269","51","19906479","747.89","269.23","2077.53","746.57","2744.71","9.43","8.38","0.0058","8.9","3.36","1","1","1","1","1","1","747.89 (269.23, 2,077.53)"
"Contrast media allergy","Iodixanol","Contrast media allergy","造影剂过敏","Immune system disorders","免疫系统疾病","88","88","2181","1501","19902709","2269","1589","19906479","535.01","429.77","666.01","514.3","42588.86","8.92","8.7","0.1811","129.93","75.04","1","1","1","1","1","1","535.01 (429.77, 666.01)"
"ANAPHYLACTOID SHOCK","Iodixanol","ANAPHYLACTOID SHOCK","类过敏性休克","Immune system disorders","免疫系统疾病","20","20","2249","441","19903769","2269","461","19906479","401.36","255.92","629.46","397.83","7573.45","8.57","8.11","0.0525","37.1","19.62","1","1","1","1","1","1","401.36 (255.92, 629.46)"
"CONTRAST MEDIA REACTION","Iodixanol","CONTRAST MEDIA REACTION","造影剂反应","Immune system disorders","免疫系统疾病","78","78","2191","2180","19902030","2269","2258","19906479","325.01","258.3","408.94","313.87","23488.39","8.24","8.01","0.2574","103.65","59.65","1","1","1","1","1","1","325.01 (258.30, 408.94)"
"Blood brain barrier defect","Iodixanol","Blood brain barrier defect","血脑屏障功能障碍","Nervous system disorders","各类神经系统疾病","4","4","2265","140","19904070","2269","144","19906479","251.08","92.85","678.93","250.64","966.94","7.93","6.91","0.0164","8.71","3.29","1","1","1","1","1","1","251.08 (92.85, 678.93)"
"Rash scarlatiniform","Iodixanol","Rash scarlatiniform","猩红热样皮疹","Skin and subcutaneous tissue disorders","皮肤及皮下组织类疾病","3","3","2266","211","19903999","2269","214","19906479","124.89","39.93","390.64","124.72","363.04","6.94","5.78","0.0244","6.67","2.26","1","1","1","1","1","1","124.89 (39.93, 390.64)"
"Laryngeal discomfort","Iodixanol","Laryngeal discomfort","喉部不适","Respiratory, thoracic and mediastinal disorders","呼吸系统、胸及纵隔疾病","7","7","2262","593","19903617","2269","600","19906479","103.87","49.25","219.08","103.55","702.65","6.68","5.92","0.0684","13.2","5.87","1","1","1","1","1","1","103.87 (49.25, 219.08)"
"Henoch-Schonlein purpura","Iodixanol","Henoch-Schonlein purpura","过敏性紫癜","Skin and subcutaneous tissue disorders","皮肤及皮下组织类疾病","23","23","2246","1968","19902242","2269","1991","19906479","103.56","68.51","156.54","102.52","2285.73","6.66","6.24","0.2269","32.33","17.34","1","1","1","1","1","1","103.56 (68.51, 156.54)"
"Dysphoria","Iodixanol","Dysphoria","烦躁不安","Psychiatric disorders","精神病类","36","36","2233","4892","19899318","2269","4928","19906479","65.58","47.12","91.26","64.55","2236.62","6","5.66","0.5617","34.38","19.09","1","1","1","1","1","1","65.58 (47.12, 91.26)"
"Anaphylactoid reaction","Iodixanol","Anaphylactoid reaction","类过敏反应","Immune system disorders","免疫系统疾病","28","28","2241","3935","19900275","2269","3963","19906479","63.19","43.47","91.85","62.42","1680.59","5.95","5.57","0.4517","29.95","16.34","1","1","1","1","1","1","63.19 (43.47, 91.85)"
"Blood pressure immeasurable","Iodixanol","Blood pressure immeasurable","血压不可测","Investigations","各类检查","10","10","2259","1470","19902740","2269","1480","19906479","59.93","32.14","111.78","59.68","573.06","5.89","5.25","0.1687","15.7","7.52","1","1","1","1","1","1","59.93 (32.14, 111.78)"
"Sepsis syndrome","Iodixanol","Sepsis syndrome","脓毒症综合征","Infections and infestations","感染及侵染类疾病","3","3","2266","497","19903713","2269","500","19906479","53.02","17.03","165.08","52.95","152","5.72","4.56","0.057","6.28","2.13","1","1","1","1","1","1","53.02 (17.03, 165.08)"
"AURICULAR SWELLING","Iodixanol","AURICULAR SWELLING","耳肿胀","Ear and labyrinth disorders","耳及迷路类疾病","3","3","2266","595","19903615","2269","598","19906479","44.29","14.23","137.81","44.23","126.13","5.46","4.3","0.0682","6.16","2.09","1","1","1","1","1","1","44.29 (14.23, 137.81)"
"Parotid gland enlargement","Iodixanol","Parotid gland enlargement","腮腺增大","Gastrointestinal disorders","胃肠系统疾病","3","3","2266","623","19903587","2269","626","19906479","42.3","13.59","131.6","42.24","120.22","5.39","4.24","0.0714","6.13","2.07","1","1","1","1","1","1","42.30 (13.59, 131.60)"
"Skin induration","Iodixanol","Skin induration","皮肤硬结","Skin and subcutaneous tissue disorders","皮肤及皮下组织类疾病","9","9","2260","1958","19902252","2269","1967","19906479","40.48","21","78.01","40.32","343.57","5.33","4.66","0.2242","13.12","6.16","1","1","1","1","1","1","40.48 (21.00, 78.01)"
"TYPE IV HYPERSENSITIVITY REACTION","Iodixanol","TYPE IV HYPERSENSITIVITY REACTION","IV型超敏反应","Immune system disorders","免疫系统疾病","11","11","2258","2575","19901635","2269","2586","19906479","37.65","20.79","68.17","37.47","388.89","5.22","4.62","0.2948","14.47","7.05","1","1","1","1","1","1","37.65 (20.79, 68.17)"
"EYELID OEDEMA","Iodixanol","EYELID OEDEMA","眼睑水肿","Eye disorders","眼器官疾病","46","46","2223","11334","19892876","2269","11380","19906479","36.32","27.11","48.66","35.6","1541.65","5.15","4.85","1.2971","25.87","14.57","1","1","1","1","1","1","36.32 (27.11, 48.66)"
"Symmetrical drug-related intertriginous and flexural exanthema","Iodixanol","Symmetrical drug-related intertriginous and flexural exanthema","对称性药物相关性擦烂疹和弯曲疹","Skin and subcutaneous tissue disorders","皮肤及皮下组织类疾病","3","3","2266","733","19903477","2269","736","19906479","35.95","11.56","111.81","35.9","101.38","5.16","4","0.0839","5.99","2.03","1","1","1","1","1","1","35.95 (11.56, 111.81)"
"EXTRAVASATION","Iodixanol","EXTRAVASATION","外渗","General disorders and administration site conditions","全身性疾病及给药部位各种反应","16","16","2253","3950","19900260","2269","3966","19906479","35.78","21.86","58.56","35.53","534.92","5.15","4.64","0.4521","17.33","8.93","1","1","1","1","1","1","35.78 (21.86, 58.56)"
"Hyperaemia","Iodixanol","Hyperaemia","充血","Vascular disorders","血管与淋巴管类疾病","7","7","2262","1868","19902342","2269","1875","19906479","32.97","15.68","69.34","32.87","215.53","5.03","4.28","0.2137","10.51","4.67","1","1","1","1","1","1","32.97 (15.68, 69.34)"
"Acute generalised exanthematous pustulosis","Iodixanol","Acute generalised exanthematous pustulosis","急性泛发性发疹性脓疱病","Skin and subcutaneous tissue disorders","皮肤及皮下组织类疾病","24","24","2245","7263","19896947","2269","7287","19906479","29.29","19.57","43.82","28.99","646.62","4.85","4.44","0.8306","18.41","9.91","1","1","1","1","1","1","29.29 (19.57, 43.82)"
"Laryngeal oedema","Iodixanol","Laryngeal oedema","喉水肿","Respiratory, thoracic and mediastinal disorders","呼吸系统、胸及纵隔疾病","19","19","2250","5856","19898354","2269","5875","19906479","28.69","18.25","45.1","28.46","501.96","4.83","4.36","0.6697","16.67","8.77","1","1","1","1","1","1","28.69 (18.25, 45.10)"
"Nephropathy toxic","Iodixanol","Nephropathy toxic","中毒性肾病","Renal and urinary disorders","肾脏及泌尿系统疾病","31","31","2238","10373","19893837","2269","10404","19906479","26.57","18.63","37.89","26.22","750.03","4.71","4.35","1.1859","18.68","10.27","1","1","1","1","1","1","26.57 (18.63, 37.89)"
"Lip oedema","Iodixanol","Lip oedema","唇部水肿","Gastrointestinal disorders","胃肠系统疾病","12","12","2257","4021","19900189","2269","4033","19906479","26.31","14.91","46.44","26.18","289.8","4.71","4.13","0.4597","13.02","6.44","1","1","1","1","1","1","26.31 (14.91, 46.44)"
"Kounis syndrome","Iodixanol","Kounis syndrome","过敏性冠状动脉痉挛综合征","Cardiac disorders","心脏器官疾病","6","6","2263","2052","19902158","2269","2058","19906479","25.72","11.53","57.37","25.65","141.73","4.68","3.86","0.2346","8.85","3.78","1","1","1","1","1","1","25.72 (11.53, 57.37)"
"Face oedema","Iodixanol","Face oedema","面部水肿","General disorders and administration site conditions","全身性疾病及给药部位各种反应","43","43","2226","16224","19887986","2269","16267","19906479","23.68","17.5","32.03","23.25","913.92","4.54","4.23","1.8542","18.48","10.37","1","1","1","1","1","1","23.68 (17.50, 32.03)"
"Skin tightness","Iodixanol","Skin tightness","皮肤紧缩感","Skin and subcutaneous tissue disorders","皮肤及皮下组织类疾病","12","12","2257","4470","19899740","2269","4482","19906479","23.67","13.41","41.77","23.55","258.47","4.55","3.97","0.5109","12.37","6.11","1","1","1","1","1","1","23.67 (13.41, 41.77)"
"Dermatitis allergic","Iodixanol","Dermatitis allergic","过敏性皮炎","Skin and subcutaneous tissue disorders","皮肤及皮下组织类疾病","30","30","2239","11540","19892670","2269","11570","19906479","23.1","16.1","33.13","22.8","624.2","4.51","4.14","1.3188","16.77","9.2","1","1","1","1","1","1","23.10 (16.10, 33.13)"
"Pulse absent","Iodixanol","Pulse absent","脉搏消失","Investigations","各类检查","12","12","2257","4610","19899600","2269","4622","19906479","22.95","13","40.5","22.83","249.95","4.51","3.93","0.5268","12.17","6.02","1","1","1","1","1","1","22.95 (13.00, 40.50)"
"Dermatitis exfoliative","Iodixanol","Dermatitis exfoliative","剥脱性皮炎","Skin and subcutaneous tissue disorders","皮肤及皮下组织类疾病","11","11","2258","4907","19899303","2269","4918","19906479","19.76","10.92","35.75","19.66","194.48","4.29","3.69","0.5606","10.84","5.28","1","1","1","1","1","1","19.76 (10.92, 35.75)"
"NEPHROPATHY","Iodixanol","NEPHROPATHY","肾病","Renal and urinary disorders","肾脏及泌尿系统疾病","20","20","2249","8974","19895236","2269","8994","19906479","19.72","12.69","30.63","19.55","351.41","4.29","3.84","1.0252","13.44","7.11","1","1","1","1","1","1","19.72 (12.69, 30.63)"
"Rash pustular","Iodixanol","Rash pustular","脓疱疹","Infections and infestations","感染及侵染类疾病","15","15","2254","7061","19897149","2269","7076","19906479","18.75","11.28","31.18","18.64","249.89","4.22","3.7","0.8065","11.86","6.06","1","1","1","1","1","1","18.75 (11.28, 31.18)"
"ANAPHYLACTIC SHOCK","Iodixanol","ANAPHYLACTIC SHOCK","过敏性休克","Immune system disorders","免疫系统疾病","50","50","2219","24057","19880153","2269","24107","19906479","18.62","14.06","24.65","18.23","813.65","4.19","3.9","2.7478","15.55","8.79","1","1","1","1","1","1","18.62 (14.06, 24.65)"
"Cyanosis","Iodixanol","Cyanosis","发绀","Vascular disorders","血管与淋巴管类疾病","31","31","2238","15116","19889094","2269","15147","19906479","18.23","12.78","25.99","17.99","496.78","4.17","3.8","1.7265","14.15","7.78","1","1","1","1","1","1","18.23 (12.78, 25.99)"
"Foaming at mouth","Iodixanol","Foaming at mouth","口吐白沫","General disorders and administration site conditions","全身性疾病及给药部位各种反应","4","4","2265","1929","19902281","2269","1933","19906479","18.22","6.83","48.64","18.19","64.85","4.18","3.18","0.2203","6.25","2.36","1","1","1","1","1","1","18.22 (6.83, 48.64)"
"RENAL TUBULAR NECROSIS","Iodixanol","RENAL TUBULAR NECROSIS","肾小管坏死","Renal and urinary disorders","肾脏及泌尿系统疾病","19","19","2250","9348","19894862","2269","9367","19906479","17.97","11.44","28.24","17.83","301.36","4.15","3.69","1.0677","12.44","6.54","1","1","1","1","1","1","17.97 (11.44, 28.24)"
"ERYTHEMA MULTIFORME","Iodixanol","ERYTHEMA MULTIFORME","多形性红斑","Skin and subcutaneous tissue disorders","皮肤及皮下组织类疾病","18","18","2251","8870","19895340","2269","8888","19906479","17.94","11.27","28.53","17.8","284.99","4.15","3.68","1.0131","12.23","6.39","1","1","1","1","1","1","17.94 (11.27, 28.53)"
"Dermatitis bullous","Iodixanol","Dermatitis bullous","大疱性皮炎","Skin and subcutaneous tissue disorders","皮肤及皮下组织类疾病","13","13","2256","6842","19897368","2269","6855","19906479","16.76","9.71","28.92","16.67","191.16","4.06","3.5","0.7814","10.54","5.27","1","1","1","1","1","1","16.76 (9.71, 28.92)"
"Purpura","Iodixanol","Purpura","紫癜","Skin and subcutaneous tissue disorders","皮肤及皮下组织类疾病","16","16","2253","8449","19895761","2269","8465","19906479","16.72","10.22","27.36","16.61","234.41","4.05","3.55","0.9649","11.26","5.8","1","1","1","1","1","1","16.72 (10.22, 27.36)"
"Macule","Iodixanol","Macule","斑疹","Skin and subcutaneous tissue disorders","皮肤及皮下组织类疾病","5","5","2264","2651","19901559","2269","2656","19906479","16.58","6.89","39.9","16.55","72.9","4.05","3.15","0.3027","6.85","2.78","1","1","1","1","1","1","16.58 (6.89, 39.90)"
"Anaphylactic reaction","Iodixanol","Anaphylactic reaction","速发严重过敏反应","Immune system disorders","免疫系统疾病","90","90","2179","51321","19852889","2269","51411","19906479","15.98","12.94","19.73","15.38","1211.38","3.94","3.73","5.86","14.23","8.22","1","1","1","1","1","1","15.98 (12.94, 19.73)"
"Papule","Iodixanol","Papule","丘疹","Skin and subcutaneous tissue disorders","皮肤及皮下组织类疾病","11","11","2258","6501","19897709","2269","6512","19906479","14.91","8.24","26.98","14.84","141.82","3.89","3.28","0.7423","9.26","4.51","1","1","1","1","1","1","14.91 (8.24, 26.98)"
"Rash maculo-papular","Iodixanol","Rash maculo-papular","斑丘疹","Skin and subcutaneous tissue disorders","皮肤及皮下组织类疾病","34","34","2235","20907","19883303","2269","20941","19906479","14.47","10.31","20.31","14.27","419.18","3.83","3.49","2.3869","11.95","6.61","1","1","1","1","1","1","14.47 (10.31, 20.31)"
"SNEEZING","Iodixanol","SNEEZING","喷嚏","Respiratory, thoracic and mediastinal disorders","呼吸系统、胸及纵隔疾病","34","34","2235","21137","19883073","2269","21171","19906479","14.31","10.2","20.08","14.11","413.95","3.82","3.47","2.4131","11.84","6.55","1","1","1","1","1","1","14.31 (10.20, 20.08)"
"Eosinophilia","Iodixanol","Eosinophilia","嗜酸性粒细胞增多症","Blood and lymphatic system disorders","血液及淋巴系统疾病","26","26","2243","16364","19887846","2269","16390","19906479","14.09","9.57","20.74","13.94","312.01","3.8","3.4","1.8682","11.19","6.07","1","1","1","1","1","1","14.09 (9.57, 20.74)"
"Bronchospasm","Iodixanol","Bronchospasm","支气管痉挛","Respiratory, thoracic and mediastinal disorders","呼吸系统、胸及纵隔疾病","21","21","2248","13701","19890509","2269","13722","19906479","13.56","8.82","20.85","13.45","241.71","3.75","3.31","1.5641","10.42","5.54","1","1","1","1","1","1","13.56 (8.82, 20.85)"
"Urticaria","Iodixanol","Urticaria","荨麻疹","Skin and subcutaneous tissue disorders","皮肤及皮下组织类疾病","213","213","2056","155821","19748389","2269","156034","19906479","13.13","11.4","15.12","11.99","2159.9","3.58","3.44","17.7852","11.68","6.86","1","1","1","1","1","1","13.13 (11.40, 15.12)"
"Coma scale abnormal","Iodixanol","Coma scale abnormal","昏迷评分异常","Investigations","各类检查","4","4","2265","2690","19901520","2269","2694","19906479","13.07","4.9","34.87","13.04","44.42","3.7","2.7","0.3071","5.58","2.11","1","1","1","1","1","1","13.07 (4.90, 34.87)"
"Skin warm","Iodixanol","Skin warm","皮肤发热","Skin and subcutaneous tissue disorders","皮肤及皮下组织类疾病","8","8","2261","5544","19898666","2269","5552","19906479","12.7","6.34","25.44","12.66","85.8","3.66","2.95","0.6328","7.5","3.44","1","1","1","1","1","1","12.70 (6.34, 25.44)"
"SWELLING FACE","Iodixanol","SWELLING FACE","面部肿胀","General disorders and administration site conditions","全身性疾病及给药部位各种反应","86","86","2183","61761","19842449","2269","61847","19906479","12.66","10.2","15.7","12.22","887.06","3.61","3.39","7.0495","11.46","6.61","1","1","1","1","1","1","12.66 (10.20, 15.70)"
"Stridor","Iodixanol","Stridor","喘鸣","Respiratory, thoracic and mediastinal disorders","呼吸系统、胸及纵隔疾病","4","4","2265","2810","19901400","2269","2814","19906479","12.51","4.69","33.38","12.49","42.21","3.64","2.64","0.3207","5.48","2.07","1","1","1","1","1","1","12.51 (4.69, 33.38)"
"Tongue oedema","Iodixanol","Tongue oedema","舌水肿","Gastrointestinal disorders","胃肠系统疾病","5","5","2264","3663","19900547","2269","3668","19906479","12","4.99","28.87","11.97","50.23","3.58","2.68","0.4181","5.99","2.43","1","1","1","1","1","1","12.00 (4.99, 28.87)"
"Toxic skin eruption","Iodixanol","Toxic skin eruption","中毒性皮疹","Skin and subcutaneous tissue disorders","皮肤及皮下组织类疾病","13","13","2256","9655","19894555","2269","9668","19906479","11.87","6.88","20.49","11.81","128.54","3.56","3","1.102","8.43","4.22","1","1","1","1","1","1","11.87 (6.88, 20.49)"
"Cold sweat","Iodixanol","Cold sweat","冷汗","Skin and subcutaneous tissue disorders","皮肤及皮下组织类疾病","22","22","2247","16927","19887283","2269","16949","19906479","11.5","7.56","17.51","11.4","208.66","3.51","3.08","1.9319","9.25","4.94","1","1","1","1","1","1","11.50 (7.56, 17.51)"
"Acute pulmonary oedema","Iodixanol","Acute pulmonary oedema","急性肺水肿","Respiratory, thoracic and mediastinal disorders","呼吸系统、胸及纵隔疾病","7","7","2262","5412","19898798","2269","5419","19906479","11.38","5.42","23.91","11.35","65.97","3.5","2.74","0.6177","6.71","2.98","1","1","1","1","1","1","11.38 (5.42, 23.91)"
"Hyperthyroidism","Iodixanol","Hyperthyroidism","甲状腺功能亢进症","Endocrine disorders","内分泌系统疾病","17","17","2252","13553","19890657","2269","13570","19906479","11.08","6.87","17.86","11","154.51","3.46","2.97","1.5467","8.55","4.44","1","1","1","1","1","1","11.08 (6.87, 17.86)"
"Tachypnoea","Iodixanol","Tachypnoea","呼吸急促","Respiratory, thoracic and mediastinal disorders","呼吸系统、胸及纵隔疾病","16","16","2253","12827","19891383","2269","12843","19906479","11.01","6.73","18.01","10.94","144.45","3.45","2.95","1.4639","8.4","4.33","1","1","1","1","1","1","11.01 (6.73, 18.01)"
"THROAT TIGHTNESS","Iodixanol","THROAT TIGHTNESS","咽喉缩紧感","Respiratory, thoracic and mediastinal disorders","呼吸系统、胸及纵隔疾病","31","31","2238","25651","19878559","2269","25682","19906479","10.73","7.53","15.3","10.6","269.59","3.4","3.04","2.9273","9.19","5.05","1","1","1","1","1","1","10.73 (7.53, 15.30)"
"ANURIA","Iodixanol","ANURIA","无尿","Renal and urinary disorders","肾脏及泌尿系统疾病","10","10","2259","8338","19895872","2269","8348","19906479","10.56","5.67","19.67","10.52","86.09","3.39","2.76","0.9515","7.23","3.47","1","1","1","1","1","1","10.56 (5.67, 19.67)"
"HAEMODIALYSIS","Iodixanol","HAEMODIALYSIS","血液透析","Surgical and medical procedures","各种手术及医疗操作","10","10","2259","8384","19895826","2269","8394","19906479","10.5","5.64","19.56","10.46","85.52","3.39","2.75","0.9568","7.21","3.45","1","1","1","1","1","1","10.50 (5.64, 19.56)"
"INFUSION SITE EXTRAVASATION","Iodixanol","INFUSION SITE EXTRAVASATION","输液部位渗出","General disorders and administration site conditions","全身性疾病及给药部位各种反应","7","7","2262","5939","19898271","2269","5946","19906479","10.37","4.94","21.78","10.34","59","3.37","2.61","0.6777","6.37","2.83","1","1","1","1","1","1","10.37 (4.94, 21.78)"
"Pruritus","Iodixanol","Pruritus","瘙痒","Skin and subcutaneous tissue disorders","皮肤及皮下组织类疾病","350","350","1919","349512","19554698","2269","349862","19906479","10.2","9.11","11.44","8.78","2455.15","3.13","3.02","39.8783","8.68","5.12","1","1","1","1","1","1","10.20 (9.11, 11.44)"
"UNRESPONSIVE TO STIMULI","Iodixanol","UNRESPONSIVE TO STIMULI","刺激反应消失","Nervous system disorders","各类神经系统疾病","28","28","2241","24350","19879860","2269","24378","19906479","10.2","7.03","14.81","10.09","229.23","3.33","2.95","2.7787","8.69","4.74","1","1","1","1","1","1","10.20 (7.03, 14.81)"
"Erythema","Iodixanol","Erythema","红斑","Skin and subcutaneous tissue disorders","皮肤及皮下组织类疾病","204","204","2065","195128","19709082","2269","195332","19906479","9.98","8.64","11.52","9.17","1498.3","3.2","3.05","22.2645","8.98","5.27","1","1","1","1","1","1","9.98 (8.64, 11.52)"
"Petechiae","Iodixanol","Petechiae","瘀点","Skin and subcutaneous tissue disorders","皮肤及皮下组织类疾病","11","11","2258","9805","19894405","2269","9816","19906479","9.88","5.46","17.88","9.84","87.32","3.3","2.69","1.1189","7.1","3.46","1","1","1","1","1","1","9.88 (5.46, 17.88)"
"Localised oedema","Iodixanol","Localised oedema","局部水肿","General disorders and administration site conditions","全身性疾病及给药部位各种反应","5","5","2264","4452","19899758","2269","4457","19906479","9.87","4.1","23.75","9.85","39.73","3.3","2.4","0.508","5.46","2.22","1","1","1","1","1","1","9.87 (4.10, 23.75)"
"ANGIOEDEMA","Iodixanol","ANGIOEDEMA","血管性水肿","Skin and subcutaneous tissue disorders","皮肤及皮下组织类疾病","45","45","2224","41793","19862417","2269","41838","19906479","9.62","7.16","12.92","9.45","340.16","3.24","2.94","4.7688","8.64","4.86","1","1","1","1","1","1","9.62 (7.16, 12.92)"
"RASH ERYTHEMATOUS","Iodixanol","RASH ERYTHEMATOUS","红色皮疹","Skin and subcutaneous tissue disorders","皮肤及皮下组织类疾病","45","45","2224","43030","19861180","2269","43075","19906479","9.34","6.95","12.55","9.17","328.1","3.2","2.89","4.9098","8.41","4.73","1","1","1","1","1","1","9.34 (6.95, 12.55)"
"Generalised erythema","Iodixanol","Generalised erythema",,,,"6","6","2263","5684","19898526","2269","5690","19906479","9.28","4.16","20.69","9.26","44.17","3.21","2.39","0.6486","5.66","2.42","1","1","1","1","1","1","9.28 (4.16, 20.69)"
"SHOCK","Iodixanol","SHOCK","休克","Vascular disorders","血管与淋巴管类疾病","22","22","2247","21494","19882716","2269","21516","19906479","9.06","5.95","13.79","8.98","155.99","3.17","2.74","2.4525","7.62","4.07","1","1","1","1","1","1","9.06 (5.95, 13.79)"
"Periorbital oedema","Iodixanol","Periorbital oedema","眼眶周围水肿","Eye disorders","眼器官疾病","5","5","2264","4910","19899300","2269","4915","19906479","8.95","3.72","21.53","8.93","35.2","3.16","2.26","0.5602","5.19","2.11","1","1","1","1","1","1","8.95 (3.72, 21.53)"
"Hypothyroidism","Iodixanol","Hypothyroidism","甲状腺功能减退症","Endocrine disorders","内分泌系统疾病","30","30","2239","29815","19874395","2269","29845","19906479","8.93","6.23","12.81","8.83","208.3","3.14","2.77","3.4018","7.82","4.29","1","1","1","1","1","1","8.93 (6.23, 12.81)"
"Pharyngeal oedema","Iodixanol","Pharyngeal oedema","咽部水肿","Respiratory, thoracic and mediastinal disorders","呼吸系统、胸及纵隔疾病","15","15","2254","15227","19888983","2269","15242","19906479","8.69","5.23","14.45","8.64","101.34","3.11","2.59","1.7373","6.93","3.54","1","1","1","1","1","1","8.69 (5.23, 14.45)"
"Drug eruption","Iodixanol","Drug eruption","药疹","Skin and subcutaneous tissue disorders","皮肤及皮下组织类疾病","16","16","2253","16433","19887777","2269","16449","19906479","8.59","5.25","14.06","8.54","106.52","3.09","2.59","1.8749","6.95","3.58","1","1","1","1","1","1","8.59 (5.25, 14.06)"
"Heart rate abnormal","Iodixanol","Heart rate abnormal","心率异常","Investigations","各类检查","5","5","2264","5213","19898997","2269","5218","19906479","8.43","3.5","20.28","8.41","32.64","3.07","2.18","0.5948","5.02","2.04","1","1","1","1","1","1","8.43 (3.50, 20.28)"
"Rash generalised","Iodixanol","Rash generalised",,,,"24","24","2245","25811","19878399","2269","25835","19906479","8.23","5.51","12.31","8.16","150.76","3.03","2.62","2.9448","7.11","3.83","1","1","1","1","1","1","8.23 (5.51, 12.31)"
"CARDIO-RESPIRATORY ARREST","Iodixanol","CARDIO-RESPIRATORY ARREST","心脏呼吸骤停","Cardiac disorders","心脏器官疾病","37","37","2232","40501","19863709","2269","40538","19906479","8.13","5.87","11.25","8.01","227.39","3","2.67","4.6206","7.32","4.07","1","1","1","1","1","1","8.13 (5.87, 11.25)"
"Skin swelling","Iodixanol","Skin swelling","皮肤肿胀","Skin and subcutaneous tissue disorders","皮肤及皮下组织类疾病","7","7","2262","7777","19896433","2269","7784","19906479","7.92","3.77","16.63","7.9","42.14","2.98","2.22","0.8872","5.41","2.4","1","1","1","1","1","1","7.92 (3.77, 16.63)"
"Cardiogenic shock","Iodixanol","Cardiogenic shock","心源性休克","Cardiac disorders","心脏器官疾病","12","12","2257","13392","19890818","2269","13404","19906479","7.9","4.48","13.93","7.86","71.84","2.97","2.39","1.5278","6.16","3.05","1","1","1","1","1","1","7.90 (4.48, 13.93)"
"Sensation of foreign body","Iodixanol","Sensation of foreign body","异物感","General disorders and administration site conditions","全身性疾病及给药部位各种反应","7","7","2262","7797","19896413","2269","7804","19906479","7.9","3.76","16.59","7.88","42","2.98","2.22","0.8895","5.4","2.4","1","1","1","1","1","1","7.90 (3.76, 16.59)"
"HEMIPLEGIA","Iodixanol","HEMIPLEGIA","偏瘫","Nervous system disorders","各类神经系统疾病","7","7","2262","7959","19896251","2269","7966","19906479","7.74","3.68","16.25","7.72","40.89","2.95","2.19","0.908","5.33","2.37","1","1","1","1","1","1","7.74 (3.68, 16.25)"
"Hemiparesis","Iodixanol","Hemiparesis","单侧轻瘫","Nervous system disorders","各类神经系统疾病","14","14","2255","16328","19887882","2269","16342","19906479","7.56","4.47","12.79","7.52","79.16","2.91","2.37","1.8627","6.14","3.11","1","1","1","1","1","1","7.56 (4.47, 12.79)"
"Circulatory collapse","Iodixanol","Circulatory collapse","循环性虚脱","Vascular disorders","血管与淋巴管类疾病","14","14","2255","16394","19887816","2269","16408","19906479","7.53","4.45","12.74","7.49","78.74","2.9","2.37","1.8702","6.12","3.1","1","1","1","1","1","1","7.53 (4.45, 12.74)"
"Blindness transient","Iodixanol","Blindness transient","一过性失明","Eye disorders","眼器官疾病","6","6","2263","7013","19897197","2269","7019","19906479","7.52","3.37","16.77","7.51","33.81","2.91","2.09","0.8","5","2.14","1","1","1","1","1","1","7.52 (3.37, 16.77)"
"Troponin increased","Iodixanol","Troponin increased","肌钙蛋白升高","Investigations","各类检查","6","6","2263","7040","19897170","2269","7046","19906479","7.49","3.36","16.7","7.48","33.64","2.9","2.08","0.8031","4.99","2.13","1","1","1","1","1","1","7.49 (3.36, 16.70)"
"Ventricular fibrillation","Iodixanol","Ventricular fibrillation","室颤","Cardiac disorders","心脏器官疾病","9","9","2260","10595","19893615","2269","10604","19906479","7.48","3.88","14.39","7.45","50.26","2.9","2.23","1.2087","5.56","2.61","1","1","1","1","1","1","7.48 (3.88, 14.39)"
"Skin reaction","Iodixanol","Skin reaction","皮肤反应","Skin and subcutaneous tissue disorders","皮肤及皮下组织类疾病","11","11","2258","13244","19890966","2269","13255","19906479","7.32","4.05","13.23","7.29","59.65","2.86","2.26","1.5108","5.72","2.79","1","1","1","1","1","1","7.32 (4.05, 13.23)"
"Blood pressure decreased","Iodixanol","Blood pressure decreased","血压降低","Investigations","各类检查","51","51","2218","63228","19840982","2269","63279","19906479","7.22","5.47","9.53","7.08","266.7","2.82","2.54","7.2127","6.68","3.78","1","1","1","1","1","1","7.22 (5.47, 9.53)"
"Rash pruritic","Iodixanol","Rash pruritic","瘙痒性皮疹","Skin and subcutaneous tissue disorders","皮肤及皮下组织类疾病","41","41","2228","50819","19853391","2269","50860","19906479","7.19","5.28","9.79","7.08","214.34","2.82","2.51","5.7972","6.59","3.69","1","1","1","1","1","1","7.19 (5.28, 9.79)"
"FLUSHING","Iodixanol","FLUSHING","潮红","Vascular disorders","血管与淋巴管类疾病","78","78","2191","98129","19806081","2269","98207","19906479","7.19","5.73","9.01","6.97","400.73","2.8","2.57","11.1939","6.71","3.86","1","1","1","1","1","1","7.19 (5.73, 9.01)"
"PARAESTHESIA ORAL","Iodixanol","PARAESTHESIA ORAL","口部异常感觉","Gastrointestinal disorders","胃肠系统疾病","11","11","2258","13576","19890634","2269","13587","19906479","7.14","3.95","12.91","7.11","57.73","2.83","2.22","1.5487","5.61","2.74","1","1","1","1","1","1","7.14 (3.95, 12.91)"
"Eye swelling","Iodixanol","Eye swelling","眼肿","Eye disorders","眼器官疾病","27","27","2242","35212","19868998","2269","35239","19906479","6.8","4.65","9.93","6.73","131.76","2.75","2.36","4.0166","6.09","3.31","1","1","1","1","1","1","6.80 (4.65, 9.93)"
"Chest discomfort","Iodixanol","Chest discomfort","胸部不适","General disorders and administration site conditions","全身性疾病及给药部位各种反应","72","72","2197","96288","19807922","2269","96360","19906479","6.74","5.33","8.53","6.56","340.66","2.71","2.47","10.9834","6.31","3.62","1","1","1","1","1","1","6.74 (5.33, 8.53)"
"Throat irritation","Iodixanol","Throat irritation","咽喉刺激","Respiratory, thoracic and mediastinal disorders","呼吸系统、胸及纵隔疾病","32","32","2237","42132","19862078","2269","42164","19906479","6.74","4.76","9.56","6.66","154.22","2.74","2.38","4.806","6.13","3.38","1","1","1","1","1","1","6.74 (4.76, 9.56)"
"Pallor","Iodixanol","Pallor","苍白","Vascular disorders","血管与淋巴管类疾病","20","20","2249","26263","19877947","2269","26283","19906479","6.73","4.33","10.45","6.68","96.65","2.74","2.29","2.9958","5.86","3.1","1","1","1","1","1","1","6.73 (4.33, 10.45)"
"Brain oedema","Iodixanol","Brain oedema","脑水肿","Nervous system disorders","各类神经系统疾病","9","9","2260","11990","19892220","2269","11999","19906479","6.61","3.43","12.72","6.58","42.62","2.72","2.05","1.3677","5.09","2.39","1","1","1","1","1","1","6.61 (3.43, 12.72)"
"Chills","Iodixanol","Chills","寒战","General disorders and administration site conditions","全身性疾病及给药部位各种反应","80","80","2189","112129","19792081","2269","112209","19906479","6.45","5.16","8.06","6.26","355.23","2.64","2.42","12.7899","6.06","3.49","1","1","1","1","1","1","6.45 (5.16, 8.06)"
"Urinary incontinence","Iodixanol","Urinary incontinence","尿失禁","Renal and urinary disorders","肾脏及泌尿系统疾病","20","20","2249","28367","19875843","2269","28387","19906479","6.23","4.01","9.68","6.18","86.99","2.63","2.18","3.2356","5.49","2.9","1","1","1","1","1","1","6.23 (4.01, 9.68)"
"Pruritus generalised","Iodixanol","Pruritus generalised",,,,"15","15","2254","21573","19882637","2269","21588","19906479","6.13","3.69","10.19","6.1","63.98","2.61","2.09","2.4607","5.24","2.67","1","1","1","1","1","1","6.13 (3.69, 10.19)"
"Aphasia","Iodixanol","Aphasia","失语","Nervous system disorders","各类神经系统疾病","20","20","2249","28877","19875333","2269","28897","19906479","6.12","3.94","9.51","6.08","84.87","2.6","2.15","3.2938","5.4","2.86","1","1","1","1","1","1","6.12 (3.94, 9.51)"
"Hypotension","Iodixanol","Hypotension","低血压","Vascular disorders","血管与淋巴管类疾病","119","119","2150","190283","19713927","2269","190402","19906479","5.73","4.77","6.9","5.49","440.47","2.46","2.27","21.7026","5.38","3.13","1","1","1","1","1","1","5.73 (4.77, 6.90)"
"Acute kidney injury","Iodixanol","Acute kidney injury","急性肾损伤","Renal and urinary disorders","肾脏及泌尿系统疾病","116","116","2153","185645","19718565","2269","185761","19906479","5.72","4.75","6.9","5.48","428.73","2.45","2.26","21.1736","5.38","3.13","1","1","1","1","1","1","5.72 (4.75, 6.90)"
"HYPOAESTHESIA ORAL","Iodixanol","HYPOAESTHESIA ORAL","口腔感觉减退","Gastrointestinal disorders","胃肠系统疾病","9","9","2260","14372","19889838","2269","14381","19906479","5.51","2.86","10.61","5.49","33.08","2.46","1.79","1.6392","4.44","2.09","1","1","1","1","1","1","5.51 (2.86, 10.61)"
"RESPIRATORY DISTRESS","Iodixanol","RESPIRATORY DISTRESS","呼吸窘迫","Respiratory, thoracic and mediastinal disorders","呼吸系统、胸及纵隔疾病","16","16","2253","26394","19877816","2269","26410","19906479","5.35","3.27","8.75","5.32","56.13","2.41","1.91","3.0103","4.7","2.42","1","1","1","1","1","1","5.35 (3.27, 8.75)"
"Blood creatinine increased","Iodixanol","Blood creatinine increased","血肌酐升高","Investigations","各类检查","37","37","2232","62574","19841636","2269","62611","19906479","5.26","3.8","7.27","5.19","125.37","2.37","2.04","7.1366","4.91","2.73","1","1","1","1","1","1","5.26 (3.80, 7.27)"
"RESPIRATORY ARREST","Iodixanol","RESPIRATORY ARREST","呼吸停止","Respiratory, thoracic and mediastinal disorders","呼吸系统、胸及纵隔疾病","16","16","2253","26964","19877246","2269","26980","19906479","5.24","3.2","8.56","5.21","54.4","2.38","1.88","3.0753","4.62","2.38","1","1","1","1","1","1","5.24 (3.20, 8.56)"
"Presyncope","Iodixanol","Presyncope","晕厥前期","Nervous system disorders","各类神经系统疾病","13","13","2256","22785","19881425","2269","22798","19906479","5.03","2.91","8.67","5.01","41.69","2.32","1.77","2.5986","4.36","2.18","1","1","1","1","1","1","5.03 (2.91, 8.67)"
"Rash","Iodixanol","Rash","皮疹","Skin and subcutaneous tissue disorders","皮肤及皮下组织类疾病","210","210","2059","405777","19498433","2269","405987","19906479","4.9","4.25","5.65","4.54","591.39","2.18","2.04","46.2756","4.5","2.64","1","1","1","1","1","1","4.90 (4.25, 5.65)"
"Blister","Iodixanol","Blister","水疱","Skin and subcutaneous tissue disorders","皮肤及皮下组织类疾病","28","28","2241","51899","19852311","2269","51927","19906479","4.78","3.29","6.94","4.73","82.6","2.24","1.86","5.9188","4.44","2.42","1","1","1","1","1","1","4.78 (3.29, 6.94)"
"OXYGEN SATURATION DECREASED","Iodixanol","OXYGEN SATURATION DECREASED","血氧饱和度降低","Investigations","各类检查","28","28","2241","52337","19851873","2269","52365","19906479","4.74","3.26","6.88","4.69","81.54","2.23","1.85","5.9687","4.41","2.4","1","1","1","1","1","1","4.74 (3.26, 6.88)"
"EYE PRURITUS","Iodixanol","EYE PRURITUS","眼睛瘙痒","Eye disorders","眼器官疾病","16","16","2253","30283","19873927","2269","30299","19906479","4.66","2.85","7.62","4.63","45.65","2.21","1.71","3.4536","4.17","2.15","1","1","1","1","1","1","4.66 (2.85, 7.62)"
"Loss of consciousness","Iodixanol","Loss of consciousness","意识丧失","Nervous system disorders","各类神经系统疾病","63","63","2206","122332","19781878","2269","122395","19906479","4.62","3.59","5.93","4.52","173.53","2.17","1.92","13.9509","4.39","2.51","1","1","1","1","1","1","4.62 (3.59, 5.93)"
"DELIRIUM","Iodixanol","DELIRIUM","谵妄","Psychiatric disorders","精神病类","17","17","2252","32562","19871648","2269","32579","19906479","4.61","2.86","7.42","4.58","47.62","2.19","1.71","3.7135","4.15","2.16","1","1","1","1","1","1","4.61 (2.86, 7.42)"
"Swelling","Iodixanol","Swelling","肿胀","General disorders and administration site conditions","全身性疾病及给药部位各种反应","43","43","2226","86223","19817987","2269","86266","19906479","4.44","3.28","6","4.37","112.38","2.13","1.82","9.8329","4.21","2.36","1","1","1","1","1","1","4.44 (3.28, 6.00)"
"Restlessness","Iodixanol","Restlessness","躁动","Psychiatric disorders","精神病类","17","17","2252","35068","19869142","2269","35085","19906479","4.28","2.65","6.89","4.25","42.34","2.09","1.6","3.9991","3.89","2.02","1","1","1","1","1","1","4.28 (2.65, 6.89)"
"Feeling hot","Iodixanol","Feeling hot","感觉热","General disorders and administration site conditions","全身性疾病及给药部位各种反应","27","27","2242","58853","19845357","2269","58880","19906479","4.06","2.78","5.94","4.02","61.52","2.01","1.62","6.7113","3.81","2.07","1","1","1","1","1","1","4.06 (2.78, 5.94)"
"Cardiac arrest","Iodixanol","Cardiac arrest","心脏停搏","Cardiac disorders","心脏器官疾病","36","36","2233","79528","19824682","2269","79564","19906479","4.02","2.89","5.59","3.97","80.3","1.99","1.65","9.0689","3.81","2.12","1","1","1","1","1","1","4.02 (2.89, 5.59)"
"Dysphonia","Iodixanol","Dysphonia","发声困难","Respiratory, thoracic and mediastinal disorders","呼吸系统、胸及纵隔疾病","25","25","2244","55386","19848824","2269","55411","19906479","3.99","2.69","5.92","3.96","55.43","1.98","1.58","6.3159","3.74","2.02","1","1","1","1","1","1","3.99 (2.69, 5.92)"
"Dyspnoea","Iodixanol","Dyspnoea","呼吸困难","Respiratory, thoracic and mediastinal disorders","呼吸系统、胸及纵隔疾病","222","222","2047","536532","19367678","2269","536754","19906479","3.91","3.41","4.5","3.63","434.49","1.86","1.72","61.1808","3.61","2.12","1","1","1","1","1","1","3.91 (3.41, 4.50)"
"Intravascular gas","Iohexol","Intravascular gas","血管内气体","Vascular disorders","血管与淋巴管类疾病","5","5","6438","3","19900033","6443","8","19906479","5151.71","1230.89","21561.71","5147.71","9648.22","10.92","9.45","0.0026","10.94","4.44","1","1","1","1","1","1","5,151.71 (1,230.89, 21,561.71)"
"Venous intravasation","Iohexol","Venous intravasation","静脉内渗","Injury, poisoning and procedural complications","各类损伤、中毒及操作并发症","3","3","6440","10","19900026","6443","13","19906479","927.02","255.06","3369.22","926.59","2133.67","9.48","8.16","0.0042","6.94","2.35","1","1","1","1","1","1","927.02 (255.06, 3,369.22)"
"Contrast encephalopathy","Iohexol","Contrast encephalopathy","造影剂脑病","Injury, poisoning and procedural complications","各类损伤、中毒及操作并发症","46","46","6397","184","19899852","6443","230","19906479","777.7","562.46","1075.31","772.16","28342.16","9.27","8.94","0.0744","80.95","45.6","1","1","1","1","1","1","777.70 (562.46, 1,075.31)"
"Inappropriate release of product for distribution","Iohexol","Inappropriate release of product for distribution","产品被不当分发配送","Product issues","产品问题","7","7","6436","38","19899998","6443","45","19906479","569.58","254.26","1275.92","568.96","3351.37","8.91","8.09","0.0146","14.58","6.48","1","1","1","1","1","1","569.58 (254.26, 1,275.92)"
"Contrast media allergy","Iohexol","Contrast media allergy","造影剂过敏","Immune system disorders","免疫系统疾病","211","211","6232","1378","19898658","6443","1589","19906479","488.91","422.07","566.34","472.93","86179.28","8.68","8.53","0.5143","208.52","122.44","1","1","1","1","1","1","488.91 (422.07, 566.34)"
"Contrast media reaction","Iohexol","Contrast media reaction","造影剂反应","Immune system disorders","免疫系统疾病","280","280","6163","1978","19898058","6443","2258","19906479","457.04","402.28","519.25","437.22","106762.37","8.58","8.45","0.7308","227.89","134.22","1","1","1","1","1","1","457.04 (402.28, 519.25)"
"ANAPHYLACTOID SHOCK","Iohexol","ANAPHYLACTOID SHOCK","类过敏性休克","Immune system disorders","免疫系统疾病","41","41","6402","420","19899616","6443","461","19906479","303.43","219.98","418.55","301.51","11188.12","8.1","7.77","0.1492","63.92","35.78","1","1","1","1","1","1","303.43 (219.98, 418.55)"
"MENINGITIS CHEMICAL","Iohexol","MENINGITIS CHEMICAL","化学性脑膜炎","Injury, poisoning and procedural complications","各类损伤、中毒及操作并发症","19","19","6424","194","19899842","6443","213","19906479","303.39","189.28","486.29","302.49","5200.22","8.11","7.63","0.0689","34.27","18.02","1","1","1","1","1","1","303.39 (189.28, 486.29)"
"Meningitis fungal","Iohexol","Meningitis fungal","真菌性脑膜炎","Infections and infestations","感染及侵染类疾病","19","19","6424","205","19899831","6443","224","19906479","287.11","179.32","459.68","286.26","4943","8.03","7.55","0.0725","34.06","17.91","1","1","1","1","1","1","287.11 (179.32, 459.68)"
"Product administered from unauthorised provider","Iohexol","Product administered from unauthorised provider","施用了来自未获批提供商的产品","Injury, poisoning and procedural complications","各类损伤、中毒及操作并发症","5","5","6438","68","19899968","6443","73","19906479","227.28","91.62","563.8","227.11","1048.46","7.73","6.8","0.0236","10.5","4.27","1","1","1","1","1","1","227.28 (91.62, 563.80)"
"Inadvertent injection air bubble","Iohexol","Inadvertent injection air bubble","不慎注入气泡","Injury, poisoning and procedural complications","各类损伤、中毒及操作并发症","6","6","6437","90","19899946","6443","96","19906479","206.1","90.16","471.13","205.91","1147.02","7.59","6.75","0.0311","12.24","5.23","1","1","1","1","1","1","206.10 (90.16, 471.13)"
"Oxygen saturation immeasurable","Iohexol","Oxygen saturation immeasurable","氧饱和度不可测","Investigations","各类检查","5","5","6438","95","19899941","6443","100","19906479","162.68","66.17","400","162.56","762.69","7.27","6.35","0.0324","10.33","4.2","1","1","1","1","1","1","162.68 (66.17, 400.00)"
"Air embolism","Iohexol","Air embolism","空气栓塞","Vascular disorders","血管与淋巴管类疾病","18","18","6425","437","19899599","6443","455","19906479","127.57","79.57","204.53","127.22","2164.98","6.93","6.45","0.1473","28.58","14.94","1","1","1","1","1","1","127.57 (79.57, 204.53)"
"Extravasation","Iohexol","Extravasation","外渗","General disorders and administration site conditions","全身性疾病及给药部位各种反应","148","148","6295","3818","19896218","6443","3966","19906479","122.52","103.77","144.65","119.73","16777.91","6.85","6.68","1.2836","83.26","48.64","1","1","1","1","1","1","122.52 (103.77, 144.65)"
"Gingival pruritus","Iohexol","Gingival pruritus","牙龈瘙痒","Gastrointestinal disorders","胃肠系统疾病","3","3","6440","81","19899955","6443","84","19906479","114.45","36.14","362.4","114.39","325.17","6.79","5.61","0.0272","6.64","2.25","1","1","1","1","1","1","114.45 (36.14, 362.40)"
"RADIAL PULSE ABNORMAL","Iohexol","RADIAL PULSE ABNORMAL","桡动脉脉搏异常","Investigations","各类检查","4","4","6439","117","19899919","6443","121","19906479","105.66","38.99","286.33","105.59","400.72","6.67","5.66","0.0392","8.35","3.15","1","1","1","1","1","1","105.66 (38.99, 286.33)"
"Product with quality issue administered","Iohexol","Product with quality issue administered","给用了有质量问题的产品","Injury, poisoning and procedural complications","各类损伤、中毒及操作并发症","7","7","6436","212","19899824","6443","219","19906479","102.09","48.06","216.85","101.98","677.58","6.63","5.86","0.0709","13.14","5.84","1","1","1","1","1","1","102.09 (48.06, 216.85)"
"Laryngeal obstruction","Iohexol","Laryngeal obstruction","喉阻塞","Respiratory, thoracic and mediastinal disorders","呼吸系统、胸及纵隔疾病","5","5","6438","167","19899869","6443","172","19906479","92.54","38.01","225.34","92.47","439.28","6.49","5.58","0.0557","9.9","4.02","1","1","1","1","1","1","92.54 (38.01, 225.34)"
"Sneezing","Iohexol","Sneezing","喷嚏","Respiratory, thoracic and mediastinal disorders","呼吸系统、胸及纵隔疾病","559","559","5884","20612","19879424","6443","21171","19906479","91.63","83.92","100.04","83.76","44553.13","6.35","6.26","6.8523","76.1","45.02","1","1","1","1","1","1","91.63 (83.92, 100.04)"
"Larynx irritation","Iohexol","Larynx irritation","喉刺激","Respiratory, thoracic and mediastinal disorders","呼吸系统、胸及纵隔疾病","6","6","6437","213","19899823","6443","219","19906479","87.08","38.67","196.09","87","496.12","6.4","5.58","0.0709","11.39","4.87","1","1","1","1","1","1","87.08 (38.67, 196.09)"
"Lacrimation disorder","Iohexol","Lacrimation disorder","流泪障碍","Eye disorders","眼器官疾病","3","3","6440","113","19899923","6443","116","19906479","82.04","26.06","258.26","82","233.83","6.32","5.15","0.0375","6.51","2.2","1","1","1","1","1","1","82.04 (26.06, 258.26)"
"Blindness cortical","Iohexol","Blindness cortical","皮质盲","Eye disorders","眼器官疾病","12","12","6431","455","19899581","6443","467","19906479","81.61","45.98","144.85","81.46","929.16","6.31","5.73","0.1512","19.2","9.49","1","1","1","1","1","1","81.61 (45.98, 144.85)"
"Fixed drug eruption","Iohexol","Fixed drug eruption",,,,"3","3","6440","119","19899917","6443","122","19906479","77.9","24.76","245.05","77.86","222.04","6.25","5.08","0.0395","6.49","2.2","1","1","1","1","1","1","77.90 (24.76, 245.05)"
"Anaphylactoid reaction","Iohexol","Anaphylactoid reaction","类过敏反应","Immune system disorders","免疫系统疾病","93","93","6350","3870","19896166","6443","3963","19906479","75.3","61.21","92.62","74.22","6561.63","6.18","5.97","1.2827","52.45","30.34","1","1","1","1","1","1","75.30 (61.21, 92.62)"
"BLOOD BRAIN BARRIER DEFECT","Iohexol","BLOOD BRAIN BARRIER DEFECT","血脑屏障功能障碍","Nervous system disorders","各类神经系统疾病","3","3","6440","141","19899895","6443","144","19906479","65.75","20.95","206.36","65.72","187.21","6.01","4.84","0.0466","6.4","2.17","1","1","1","1","1","1","65.75 (20.95, 206.36)"
"Blood pressure immeasurable","Iohexol","Blood pressure immeasurable","血压不可测","Investigations","各类检查","30","30","6413","1450","19898586","6443","1480","19906479","64.2","44.68","92.23","63.9","1820.03","5.97","5.6","0.479","31.15","17.09","1","1","1","1","1","1","64.20 (44.68, 92.23)"
"Urticaria papular","Iohexol","Urticaria papular","丘疹性荨麻疹","Skin and subcutaneous tissue disorders","皮肤及皮下组织类疾病","5","5","6438","241","19899795","6443","246","19906479","64.13","26.44","155.53","64.08","304.17","5.97","5.07","0.0796","9.49","3.85","1","1","1","1","1","1","64.13 (26.44, 155.53)"
"Aneurysm ruptured","Iohexol","Aneurysm ruptured","动脉瘤破裂","Vascular disorders","血管与淋巴管类疾病","17","17","6426","852","19899184","6443","869","19906479","61.79","38.21","99.93","61.63","994.15","5.92","5.43","0.2813","22.4","11.63","1","1","1","1","1","1","61.79 (38.21, 99.93)"
"Tongue pruritus","Iohexol","Tongue pruritus","舌痒","Gastrointestinal disorders","胃肠系统疾病","14","14","6429","747","19899289","6443","761","19906479","58.01","34.17","98.48","57.89","768.28","5.83","5.29","0.2463","19.43","9.83","1","1","1","1","1","1","58.01 (34.17, 98.48)"
"Laryngeal discomfort","Iohexol","Laryngeal discomfort","喉部不适","Respiratory, thoracic and mediastinal disorders","呼吸系统、胸及纵隔疾病","11","11","6432","589","19899447","6443","600","19906479","57.78","31.81","104.96","57.68","601.48","5.82","5.21","0.1942","16.57","8.07","1","1","1","1","1","1","57.78 (31.81, 104.96)"
"Nasal pruritus","Iohexol","Nasal pruritus","鼻瘙痒","Respiratory, thoracic and mediastinal disorders","呼吸系统、胸及纵隔疾病","17","17","6426","1143","19898893","6443","1160","19906479","46.06","28.51","74.39","45.94","736.4","5.5","5.01","0.3754","19.99","10.38","1","1","1","1","1","1","46.06 (28.51, 74.39)"
"Amaurosis","Iohexol","Amaurosis","黑朦","Eye disorders","眼器官疾病","11","11","6432","771","19899265","6443","782","19906479","44.14","24.33","80.08","44.07","456.48","5.44","4.83","0.2531","15.27","7.44","1","1","1","1","1","1","44.14 (24.33, 80.08)"
"Anal sphincter atony","Iohexol","Anal sphincter atony","肛门括约肌张力缺乏","Gastrointestinal disorders","胃肠系统疾病","5","5","6438","416","19899620","6443","421","19906479","37.15","15.38","89.76","37.12","173.67","5.2","4.3","0.1363","8.64","3.51","1","1","1","1","1","1","37.15 (15.38, 89.76)"
"Respiratory tract oedema","Iohexol","Respiratory tract oedema","呼吸道水肿","Respiratory, thoracic and mediastinal disorders","呼吸系统、胸及纵隔疾病","7","7","6436","673","19899363","6443","680","19906479","32.16","15.27","67.75","32.13","208.93","4.99","4.23","0.2201","10.42","4.63","1","1","1","1","1","1","32.16 (15.27, 67.75)"
"Oral pruritus","Iohexol","Oral pruritus","口腔瘙痒","Gastrointestinal disorders","胃肠系统疾病","21","21","6422","2131","19897905","6443","2152","19906479","30.53","19.85","46.96","30.44","592.1","4.91","4.47","0.6965","17.97","9.55","1","1","1","1","1","1","30.53 (19.85, 46.96)"
"Laryngeal oedema","Iohexol","Laryngeal oedema","喉水肿","Respiratory, thoracic and mediastinal disorders","呼吸系统、胸及纵隔疾病","55","55","6388","5820","19894216","6443","5875","19906479","29.43","22.54","38.42","29.19","1483.65","4.85","4.58","1.9015","23.11","13.13","1","1","1","1","1","1","29.43 (22.54, 38.42)"
"Resuscitation","Iohexol","Resuscitation","复苏","Surgical and medical procedures","各种手术及医疗操作","15","15","6428","1605","19898431","6443","1620","19906479","28.93","17.39","48.13","28.87","399.8","4.84","4.32","0.5243","15.13","7.73","1","1","1","1","1","1","28.93 (17.39, 48.13)"
"Meningitis bacterial","Iohexol","Meningitis bacterial","细菌性脑膜炎","Infections and infestations","感染及侵染类疾病","12","12","6431","1345","19898691","6443","1357","19906479","27.61","15.63","48.76","27.56","304.42","4.77","4.19","0.4392","13.31","6.58","1","1","1","1","1","1","27.61 (15.63, 48.76)"
"Nasal obstruction","Iohexol","Nasal obstruction","鼻塞","Respiratory, thoracic and mediastinal disorders","呼吸系统、胸及纵隔疾病","14","14","6429","1622","19898414","6443","1636","19906479","26.71","15.78","45.24","26.66","342.82","4.72","4.19","0.5295","14.08","7.13","1","1","1","1","1","1","26.71 (15.78, 45.24)"
"THROAT TIGHTNESS","Iohexol","THROAT TIGHTNESS","咽喉缩紧感","Respiratory, thoracic and mediastinal disorders","呼吸系统、胸及纵隔疾病","210","210","6233","25472","19874564","6443","25682","19906479","26.29","22.9","30.18","25.46","4901.6","4.66","4.52","8.3123","23.89","14.03","1","1","1","1","1","1","26.29 (22.90, 30.18)"
"PULSE ABNORMAL","Iohexol","PULSE ABNORMAL","脉搏异常","Investigations","各类检查","19","19","6424","2286","19897750","6443","2305","19906479","25.74","16.38","40.46","25.67","446.83","4.67","4.21","0.746","15.65","8.23","1","1","1","1","1","1","25.74 (16.38, 40.46)"
"PULSE PRESSURE DECREASED","Iohexol","PULSE PRESSURE DECREASED","脉压降低","Investigations","各类检查","4","4","6439","502","19899534","6443","506","19906479","24.63","9.2","65.89","24.61","89.89","4.61","3.61","0.1638","6.78","2.56","1","1","1","1","1","1","24.63 (9.20, 65.89)"
"Neurogenic shock","Iohexol","Neurogenic shock","神经源性休克","Vascular disorders","血管与淋巴管类疾病","4","4","6439","507","19899529","6443","511","19906479","24.38","9.11","65.24","24.37","88.94","4.6","3.59","0.1654","6.76","2.56","1","1","1","1","1","1","24.38 (9.11, 65.24)"
"URTICARIA","Iohexol","URTICARIA","荨麻疹","Skin and subcutaneous tissue disorders","皮肤及皮下组织类疾病","995","995","5448","155039","19744997","6443","156034","19906479","23.26","21.74","24.89","19.82","17809.3","4.3","4.23","50.5025","19.52","11.57","1","1","1","1","1","1","23.26 (21.74, 24.89)"
"Foaming at mouth","Iohexol","Foaming at mouth","口吐白沫","General disorders and administration site conditions","全身性疾病及给药部位各种反应","14","14","6429","1919","19898117","6443","1933","19906479","22.58","13.34","38.22","22.53","286.02","4.48","3.95","0.6256","12.88","6.52","1","1","1","1","1","1","22.58 (13.34, 38.22)"
"Stridor","Iohexol","Stridor","喘鸣","Respiratory, thoracic and mediastinal disorders","呼吸系统、胸及纵隔疾病","20","20","6423","2794","19897242","6443","2814","19906479","22.17","14.27","34.45","22.11","400.28","4.46","4.01","0.9108","14.53","7.68","1","1","1","1","1","1","22.17 (14.27, 34.45)"
"Radioisotope scan abnormal","Iohexol","Radioisotope scan abnormal","放射性同位素扫描异常","Investigations","各类检查","4","4","6439","560","19899476","6443","564","19906479","22.07","8.25","59.04","22.06","79.86","4.45","3.45","0.1825","6.59","2.49","1","1","1","1","1","1","22.07 (8.25, 59.04)"
"ANAPHYLACTIC SHOCK","Iohexol","ANAPHYLACTIC SHOCK","过敏性休克","Immune system disorders","免疫系统疾病","166","166","6277","23941","19876095","6443","24107","19906479","21.96","18.81","25.63","21.42","3212.39","4.41","4.25","7.8026","20.05","11.74","1","1","1","1","1","1","21.96 (18.81, 25.63)"
"Dysphoria","Iohexol","Dysphoria","烦躁不安","Psychiatric disorders","精神病类","33","33","6410","4895","19895141","6443","4928","19906479","20.92","14.85","29.49","20.82","618.7","4.37","4.02","1.595","15.99","8.83","1","1","1","1","1","1","20.92 (14.85, 29.49)"
"Disorganised speech","Iohexol","Disorganised speech","胡言乱语","Psychiatric disorders","精神病类","11","11","6432","1648","19898388","6443","1659","19906479","20.65","11.41","37.38","20.62","203.96","4.36","3.75","0.537","11.09","5.4","1","1","1","1","1","1","20.65 (11.41, 37.38)"
"Infusion site extravasation","Iohexol","Infusion site extravasation","输液部位渗出","General disorders and administration site conditions","全身性疾病及给药部位各种反应","39","39","6404","5907","19894129","6443","5946","19906479","20.51","14.96","28.13","20.39","714.7","4.34","4.02","1.9245","16.29","9.09","1","1","1","1","1","1","20.51 (14.96, 28.13)"
"Incorrect product formulation administered","Iohexol","Incorrect product formulation administered","所用产品配方有误","Injury, poisoning and procedural complications","各类损伤、中毒及操作并发症","5","5","6438","767","19899269","6443","772","19906479","20.15","8.36","48.56","20.13","90.34","4.32","3.43","0.2499","7.33","2.98","1","1","1","1","1","1","20.15 (8.36, 48.56)"
"Generalised erythema","Iohexol","Generalised erythema",,,,"36","36","6407","5654","19894382","6443","5690","19906479","19.77","14.23","27.46","19.67","633.95","4.29","3.95","1.8416","15.59","8.66","1","1","1","1","1","1","19.77 (14.23, 27.46)"
"Conjunctival oedema","Iohexol","Conjunctival oedema","结膜水肿","Eye disorders","眼器官疾病","6","6","6437","973","19899063","6443","979","19906479","19.06","8.54","42.55","19.05","101.97","4.24","3.42","0.3169","7.96","3.4","1","1","1","1","1","1","19.06 (8.54, 42.55)"
"Injection site oedema","Iohexol","Injection site oedema","注射部位水肿","General disorders and administration site conditions","全身性疾病及给药部位各种反应","10","10","6433","1629","19898407","6443","1639","19906479","18.99","10.19","35.37","18.96","169.11","4.24","3.6","0.5305","10.19","4.88","1","1","1","1","1","1","18.99 (10.19, 35.37)"
"Compartment syndrome","Iohexol","Compartment syndrome","骨筋膜室综合征","Musculoskeletal and connective tissue disorders","各种肌肉骨骼及结缔组织疾病","15","15","6428","2500","19897536","6443","2515","19906479","18.57","11.17","30.87","18.53","247.33","4.2","3.69","0.814","11.8","6.03","1","1","1","1","1","1","18.57 (11.17, 30.87)"
"Papule","Iohexol","Papule","丘疹","Skin and subcutaneous tissue disorders","皮肤及皮下组织类疾病","38","38","6405","6474","19893562","6443","6512","19906479","18.23","13.24","25.1","18.13","611.61","4.17","3.85","2.1077","14.76","8.23","1","1","1","1","1","1","18.23 (13.24, 25.10)"
"Pulse absent","Iohexol","Pulse absent","脉搏消失","Investigations","各类检查","27","27","6416","4595","19895441","6443","4622","19906479","18.22","12.47","26.62","18.15","435.05","4.17","3.79","1.496","13.78","7.49","1","1","1","1","1","1","18.22 (12.47, 26.62)"
"Throat irritation","Iohexol","Throat irritation","咽喉刺激","Respiratory, thoracic and mediastinal disorders","呼吸系统、胸及纵隔疾病","238","238","6205","41926","19858110","6443","42164","19906479","18.17","15.96","20.69","17.53","3697.34","4.12","3.99","13.6469","16.86","9.91","1","1","1","1","1","1","18.17 (15.96, 20.69)"
"Sensation of foreign body","Iohexol","Sensation of foreign body","异物感","General disorders and administration site conditions","全身性疾病及给药部位各种反应","44","44","6399","7760","19892276","6443","7804","19906479","17.63","13.09","23.73","17.51","681.48","4.12","3.82","2.5259","14.71","8.26","1","1","1","1","1","1","17.63 (13.09, 23.73)"
"Pharyngeal paraesthesia","Iohexol","Pharyngeal paraesthesia","咽异常感觉","Respiratory, thoracic and mediastinal disorders","呼吸系统、胸及纵隔疾病","8","8","6435","1417","19898619","6443","1425","19906479","17.46","8.71","34.99","17.44","123.27","4.12","3.41","0.4612","8.84","4.05","1","1","1","1","1","1","17.46 (8.71, 34.99)"
"Hypoxic-ischaemic encephalopathy","Iohexol","Hypoxic-ischaemic encephalopathy","缺氧缺血性脑病","Nervous system disorders","各类神经系统疾病","13","13","6430","2476","19897560","6443","2489","19906479","16.25","9.42","28.04","16.22","184.67","4.01","3.46","0.8056","10.34","5.18","1","1","1","1","1","1","16.25 (9.42, 28.04)"
"Eyelid oedema","Iohexol","Eyelid oedema","眼睑水肿","Eye disorders","眼器官疾病","59","59","6384","11321","19888715","6443","11380","19906479","16.24","12.56","20.99","16.1","831.51","4","3.74","3.6833","14.22","8.1","1","1","1","1","1","1","16.24 (12.56, 20.99)"
"Lip pruritus","Iohexol","Lip pruritus","口唇瘙痒","Gastrointestinal disorders","胃肠系统疾病","4","4","6439","768","19899268","6443","772","19906479","16.1","6.02","43.01","16.09","56.3","4","3","0.2499","6","2.27","1","1","1","1","1","1","16.10 (6.02, 43.01)"
"Cyanosis","Iohexol","Cyanosis","发绀","Vascular disorders","血管与淋巴管类疾病","77","77","6366","15070","19884966","6443","15147","19906479","15.96","12.74","19.99","15.78","1061.43","3.97","3.74","4.9025","14.35","8.25","1","1","1","1","1","1","15.96 (12.74, 19.99)"
"Documented hypersensitivity to administered product","Iohexol","Documented hypersensitivity to administered product","（患者）对所给产品有记录在案的超敏性","Injury, poisoning and procedural complications","各类损伤、中毒及操作并发症","4","4","6439","779","19899257","6443","783","19906479","15.87","5.94","42.4","15.86","55.41","3.98","2.98","0.2534","5.97","2.26","1","1","1","1","1","1","15.87 (5.94, 42.40)"
"Conjunctival hyperaemia","Iohexol","Conjunctival hyperaemia","结膜充血","Eye disorders","眼器官疾病","17","17","6426","3394","19896642","6443","3411","19906479","15.51","9.62","24.99","15.47","228.99","3.94","3.46","1.104","10.91","5.66","1","1","1","1","1","1","15.51 (9.62, 24.99)"
"PARAESTHESIA ORAL","Iohexol","PARAESTHESIA ORAL","口部异常感觉","Gastrointestinal disorders","胃肠系统疾病","67","67","6376","13520","19886516","6443","13587","19906479","15.46","12.14","19.67","15.31","892.08","3.93","3.68","4.3976","13.78","7.89","1","1","1","1","1","1","15.46 (12.14, 19.67)"
"Oedema mucosal","Iohexol","Oedema mucosal","黏膜水肿","General disorders and administration site conditions","全身性疾病及给药部位各种反应","5","5","6438","1015","19899021","6443","1020","19906479","15.23","6.32","36.67","15.21","66.08","3.92","3.02","0.3301","6.63","2.69","1","1","1","1","1","1","15.23 (6.32, 36.67)"
"ANAPHYLACTIC REACTION","Iohexol","ANAPHYLACTIC REACTION","速发严重过敏反应","Immune system disorders","免疫系统疾病","241","241","6202","51170","19848866","6443","51411","19906479","15.07","13.25","17.15","14.55","3033.93","3.86","3.72","16.6399","14.09","8.29","1","1","1","1","1","1","15.07 (13.25, 17.15)"
"Pharyngeal swelling","Iohexol","Pharyngeal swelling","咽部肿胀","Respiratory, thoracic and mediastinal disorders","呼吸系统、胸及纵隔疾病","42","42","6401","8772","19891264","6443","8814","19906479","14.88","10.98","20.17","14.79","537.61","3.88","3.57","2.8528","12.68","7.11","1","1","1","1","1","1","14.88 (10.98, 20.17)"
"Hyporesponsive to stimuli","Iohexol","Hyporesponsive to stimuli","对刺激物低反应","Nervous system disorders","各类神经系统疾病","5","5","6438","1046","19898990","6443","1051","19906479","14.77","6.13","35.58","14.76","63.86","3.88","2.98","0.3402","6.55","2.66","1","1","1","1","1","1","14.77 (6.13, 35.58)"
"Moaning","Iohexol","Moaning","呻吟","General disorders and administration site conditions","全身性疾病及给药部位各种反应","5","5","6438","1071","19898965","6443","1076","19906479","14.43","5.99","34.75","14.42","62.16","3.84","2.95","0.3483","6.48","2.63","1","1","1","1","1","1","14.43 (5.99, 34.75)"
"Nephropathy toxic","Iohexol","Nephropathy toxic","中毒性肾病","Renal and urinary disorders","肾脏及泌尿系统疾病","48","48","6395","10356","19889680","6443","10404","19906479","14.42","10.85","19.16","14.32","592.08","3.83","3.54","3.3674","12.54","7.08","1","1","1","1","1","1","14.42 (10.85, 19.16)"
"Tachypnoea","Iohexol","Tachypnoea","呼吸急促","Respiratory, thoracic and mediastinal disorders","呼吸系统、胸及纵隔疾病","59","59","6384","12784","19887252","6443","12843","19906479","14.38","11.12","18.59","14.25","724.28","3.83","3.56","4.1568","12.78","7.28","1","1","1","1","1","1","14.38 (11.12, 18.59)"
"INDURATION","Iohexol","INDURATION","硬结","General disorders and administration site conditions","全身性疾病及给药部位各种反应","8","8","6435","1723","19898313","6443","1731","19906479","14.36","7.17","28.77","14.34","98.83","3.84","3.13","0.5603","8.02","3.67","1","1","1","1","1","1","14.36 (7.17, 28.77)"
"Livedo reticularis","Iohexol","Livedo reticularis","网状青斑","Skin and subcutaneous tissue disorders","皮肤及皮下组织类疾病","9","9","6434","1973","19898063","6443","1982","19906479","14.11","7.33","27.17","14.09","108.95","3.81","3.14","0.6415","8.32","3.91","1","1","1","1","1","1","14.11 (7.33, 27.17)"
"Skin test positive","Iohexol","Skin test positive","皮肤试验阳性","Investigations","各类检查","4","4","6439","881","19899155","6443","885","19906479","14.03","5.25","37.48","14.02","48.16","3.8","2.8","0.2864","5.72","2.16","1","1","1","1","1","1","14.03 (5.25, 37.48)"
"Venous injury","Iohexol","Venous injury","静脉损伤","Injury, poisoning and procedural complications","各类损伤、中毒及操作并发症","4","4","6439","888","19899148","6443","892","19906479","13.92","5.21","37.18","13.91","47.73","3.79","2.79","0.2887","5.71","2.16","1","1","1","1","1","1","13.92 (5.21, 37.18)"
"Amaurosis fugax","Iohexol","Amaurosis fugax","一过性黑朦","Eye disorders","眼器官疾病","4","4","6439","917","19899119","6443","921","19906479","13.48","5.05","36.01","13.47","45.99","3.75","2.74","0.2981","5.64","2.13","1","1","1","1","1","1","13.48 (5.05, 36.01)"
"Gaze palsy","Iohexol","Gaze palsy","凝视麻痹","Eye disorders","眼器官疾病","7","7","6436","1613","19898423","6443","1620","19906479","13.42","6.38","28.2","13.4","80.01","3.74","2.98","0.5243","7.32","3.26","1","1","1","1","1","1","13.42 (6.38, 28.20)"
"Lip discolouration","Iohexol","Lip discolouration","唇变色","Gastrointestinal disorders","胃肠系统疾病","5","5","6438","1189","19898847","6443","1194","19906479","13","5.4","31.3","12.99","55.1","3.69","2.8","0.3865","6.2","2.52","1","1","1","1","1","1","13.00 (5.40, 31.30)"
"Hyperpyrexia","Iohexol","Hyperpyrexia","高热","General disorders and administration site conditions","全身性疾病及给药部位各种反应","16","16","6427","3835","19896201","6443","3851","19906479","12.92","7.9","21.12","12.89","174.72","3.68","3.18","1.2464","9.45","4.87","1","1","1","1","1","1","12.92 (7.90, 21.12)"
"Pharyngeal oedema","Iohexol","Pharyngeal oedema","咽部水肿","Respiratory, thoracic and mediastinal disorders","呼吸系统、胸及纵隔疾病","58","58","6385","15184","19884852","6443","15242","19906479","11.9","9.18","15.41","11.8","571.46","3.56","3.29","4.9333","10.77","6.13","1","1","1","1","1","1","11.90 (9.18, 15.41)"
"Hyperaemia","Iohexol","Hyperaemia","充血","Vascular disorders","血管与淋巴管类疾病","7","7","6436","1868","19898168","6443","1875","19906479","11.59","5.51","24.35","11.57","67.38","3.53","2.77","0.6069","6.78","3.01","1","1","1","1","1","1","11.59 (5.51, 24.35)"
"Lip oedema","Iohexol","Lip oedema","唇部水肿","Gastrointestinal disorders","胃肠系统疾病","15","15","6428","4018","19896018","6443","4033","19906479","11.56","6.96","19.2","11.53","143.75","3.52","3","1.3053","8.59","4.39","1","1","1","1","1","1","11.56 (6.96, 19.20)"
"VENTRICULAR FIBRILLATION","Iohexol","VENTRICULAR FIBRILLATION","室颤","Cardiac disorders","心脏器官疾病","36","36","6407","10568","19889468","6443","10604","19906479","10.57","7.62","14.68","10.52","309.31","3.39","3.06","3.4321","9.28","5.16","1","1","1","1","1","1","10.57 (7.62, 14.68)"
"Bronchospasm","Iohexol","Bronchospasm","支气管痉挛","Respiratory, thoracic and mediastinal disorders","呼吸系统、胸及纵隔疾病","46","46","6397","13676","19886360","6443","13722","19906479","10.46","7.82","13.98","10.39","389.27","3.37","3.08","4.4413","9.41","5.3","1","1","1","1","1","1","10.46 (7.82, 13.98)"
"Hypopnoea","Iohexol","Hypopnoea","呼吸不足","Respiratory, thoracic and mediastinal disorders","呼吸系统、胸及纵隔疾病","11","11","6432","3256","19896780","6443","3267","19906479","10.45","5.78","18.9","10.43","93.53","3.38","2.77","1.0574","7.38","3.6","1","1","1","1","1","1","10.45 (5.78, 18.90)"
"Injection site extravasation","Iohexol","Injection site extravasation","注射部位外渗","General disorders and administration site conditions","全身性疾病及给药部位各种反应","40","40","6403","12117","19887919","6443","12157","19906479","10.25","7.51","14","10.2","330.87","3.35","3.03","3.9348","9.13","5.11","1","1","1","1","1","1","10.25 (7.51, 14.00)"
"Unresponsive to stimuli","Iohexol","Unresponsive to stimuli","刺激反应消失","Nervous system disorders","各类神经系统疾病","75","75","6368","24303","19875733","6443","24378","19906479","9.63","7.67","12.1","9.53","571.68","3.25","3.02","7.8903","9","5.17","1","1","1","1","1","1","9.63 (7.67, 12.10)"
"Type IV hypersensitivity reaction","Iohexol","Type IV hypersensitivity reaction","IV型超敏反应","Immune system disorders","免疫系统疾病","8","8","6435","2578","19897458","6443","2586","19906479","9.6","4.79","19.22","9.58","61.33","3.26","2.55","0.837","6.36","2.91","1","1","1","1","1","1","9.60 (4.79, 19.22)"
"Laryngospasm","Iohexol","Laryngospasm","喉痉挛","Respiratory, thoracic and mediastinal disorders","呼吸系统、胸及纵隔疾病","8","8","6435","2600","19897436","6443","2608","19906479","9.51","4.75","19.05","9.5","60.69","3.24","2.54","0.8441","6.32","2.9","1","1","1","1","1","1","9.51 (4.75, 19.05)"
"Ear swelling","Iohexol","Ear swelling","耳肿","Ear and labyrinth disorders","耳及迷路类疾病","6","6","6437","1978","19898058","6443","1984","19906479","9.38","4.21","20.9","9.37","44.72","3.22","2.41","0.6421","5.69","2.43","1","1","1","1","1","1","9.38 (4.21, 20.90)"
"Shock","Iohexol","Shock","休克","Vascular disorders","血管与淋巴管类疾病","64","64","6379","21452","19878584","6443","21516","19906479","9.3","7.27","11.9","9.21","467.79","3.2","2.95","6.9639","8.64","4.94","1","1","1","1","1","1","9.30 (7.27, 11.90)"
"Kounis syndrome","Iohexol","Kounis syndrome","过敏性冠状动脉痉挛综合征","Cardiac disorders","心脏器官疾病","6","6","6437","2052","19897984","6443","2058","19906479","9.04","4.05","20.15","9.03","42.73","3.17","2.35","0.6661","5.57","2.38","1","1","1","1","1","1","9.04 (4.05, 20.15)"
"Oropharyngeal discomfort","Iohexol","Oropharyngeal discomfort","口咽不适感","Respiratory, thoracic and mediastinal disorders","呼吸系统、胸及纵隔疾病","24","24","6419","8270","19891766","6443","8294","19906479","8.99","6.02","13.44","8.96","169.38","3.16","2.75","2.6845","7.69","4.14","1","1","1","1","1","1","8.99 (6.02, 13.44)"
"Erythema","Iohexol","Erythema","红斑","Skin and subcutaneous tissue disorders","皮肤及皮下组织类疾病","525","525","5918","194807","19705229","6443","195332","19906479","8.97","8.21","9.81","8.32","3407.4","3.05","2.96","63.2218","8.25","4.88","1","1","1","1","1","1","8.97 (8.21, 9.81)"
"Eye pruritus","Iohexol","Eye pruritus","眼睛瘙痒","Eye disorders","眼器官疾病","86","86","6357","30213","19869823","6443","30299","19906479","8.9","7.19","11.01","8.79","593.08","3.13","2.92","9.8067","8.39","4.84","1","1","1","1","1","1","8.90 (7.19, 11.01)"
"Chills","Iohexol","Chills","寒战","General disorders and administration site conditions","全身性疾病及给药部位各种反应","304","304","6139","111905","19788131","6443","112209","19906479","8.76","7.8","9.83","8.39","1984.78","3.07","2.95","36.318","8.27","4.87","1","1","1","1","1","1","8.76 (7.80, 9.83)"
"Renal tubular necrosis","Iohexol","Renal tubular necrosis","肾小管坏死","Renal and urinary disorders","肾脏及泌尿系统疾病","26","26","6417","9341","19890695","6443","9367","19906479","8.63","5.87","12.69","8.6","174.14","3.1","2.71","3.0318","7.5","4.07","1","1","1","1","1","1","8.63 (5.87, 12.69)"
"Blood pressure decreased","Iohexol","Blood pressure decreased","血压降低","Investigations","各类检查","166","166","6277","63113","19836923","6443","63279","19906479","8.31","7.12","9.7","8.12","1037.55","3.02","2.86","20.4811","7.94","4.64","1","1","1","1","1","1","8.31 (7.12, 9.70)"
"Pruritus","Iohexol","Pruritus","瘙痒","Skin and subcutaneous tissue disorders","皮肤及皮下组织类疾病","826","826","5617","349036","19551000","6443","349862","19906479","8.24","7.66","8.86","7.31","4568.15","2.87","2.79","113.2375","7.27","4.31","1","1","1","1","1","1","8.24 (7.66, 8.86)"
"Vomiting projectile","Iohexol","Vomiting projectile","喷射样呕吐","Gastrointestinal disorders","胃肠系统疾病","7","7","6436","2639","19897397","6443","2646","19906479","8.2","3.9","17.23","8.19","44.09","3.03","2.27","0.8564","5.53","2.46","1","1","1","1","1","1","8.20 (3.90, 17.23)"
"Face oedema","Iohexol","Face oedema","面部水肿","General disorders and administration site conditions","全身性疾病及给药部位各种反应","42","42","6401","16225","19883811","6443","16267","19906479","8.04","5.93","10.9","8","256.6","3","2.69","5.265","7.37","4.13","1","1","1","1","1","1","8.04 (5.93, 10.90)"
"EYE SWELLING","Iohexol","EYE SWELLING","眼肿","Eye disorders","眼器官疾病","90","90","6353","35149","19864887","6443","35239","19906479","8.01","6.5","9.86","7.91","542.72","2.98","2.77","11.4056","7.6","4.39","1","1","1","1","1","1","8.01 (6.50, 9.86)"
"Pallor","Iohexol","Pallor","苍白","Vascular disorders","血管与淋巴管类疾病","67","67","6376","26216","19873820","6443","26283","19906479","7.97","6.26","10.14","7.89","402.86","2.98","2.73","8.5068","7.49","4.29","1","1","1","1","1","1","7.97 (6.26, 10.14)"
"Chest discomfort","Iohexol","Chest discomfort","胸部不适","General disorders and administration site conditions","全身性疾病及给药部位各种反应","235","235","6208","96125","19803911","6443","96360","19906479","7.8","6.85","8.89","7.55","1338.8","2.91","2.78","31.1882","7.43","4.37","1","1","1","1","1","1","7.80 (6.85, 8.89)"
"Cardio-respiratory arrest","Iohexol","Cardio-respiratory arrest","心脏呼吸骤停","Cardiac disorders","心脏器官疾病","97","97","6346","40441","19859595","6443","40538","19906479","7.51","6.14","9.18","7.41","537.5","2.89","2.68","13.1207","7.16","4.15","1","1","1","1","1","1","7.51 (6.14, 9.18)"
"Throat clearing","Iohexol","Throat clearing","清嗓","Respiratory, thoracic and mediastinal disorders","呼吸系统、胸及纵隔疾病","8","8","6435","3404","19896632","6443","3412","19906479","7.27","3.63","14.55","7.26","43.08","2.86","2.15","1.1043","5.3","2.43","1","1","1","1","1","1","7.27 (3.63, 14.55)"
"Cold sweat","Iohexol","Cold sweat","冷汗","Skin and subcutaneous tissue disorders","皮肤及皮下组织类疾病","39","39","6404","16910","19883126","6443","16949","19906479","7.16","5.22","9.81","7.12","204.99","2.83","2.51","5.4858","6.6","3.68","1","1","1","1","1","1","7.16 (5.22, 9.81)"
"Lip swelling","Iohexol","Lip swelling","唇部肿胀","Gastrointestinal disorders","胃肠系统疾病","72","72","6371","31510","19868526","6443","31582","19906479","7.13","5.65","8.99","7.06","374.08","2.82","2.58","10.2219","6.76","3.88","1","1","1","1","1","1","7.13 (5.65, 8.99)"
"Dry throat","Iohexol","Dry throat","咽干","Respiratory, thoracic and mediastinal disorders","呼吸系统、胸及纵隔疾病","22","22","6421","9555","19890481","6443","9577","19906479","7.13","4.69","10.85","7.11","115.34","2.83","2.4","3.0997","6.25","3.34","1","1","1","1","1","1","7.13 (4.69, 10.85)"
"Blindness transient","Iohexol","Blindness transient","一过性失明","Eye disorders","眼器官疾病","16","16","6427","7003","19893033","6443","7019","19906479","7.07","4.33","11.56","7.06","83.01","2.82","2.31","2.2718","5.95","3.07","1","1","1","1","1","1","7.07 (4.33, 11.56)"
"ERYTHEMA MULTIFORME","Iohexol","ERYTHEMA MULTIFORME","多形性红斑","Skin and subcutaneous tissue disorders","皮肤及皮下组织类疾病","20","20","6423","8868","19891168","6443","8888","19906479","6.98","4.5","10.84","6.97","102","2.8","2.35","2.8767","6.07","3.21","1","1","1","1","1","1","6.98 (4.50, 10.84)"
"Hyperthermia","Iohexol","Hyperthermia","体温过高","General disorders and administration site conditions","全身性疾病及给药部位各种反应","16","16","6427","7178","19892858","6443","7194","19906479","6.9","4.22","11.27","6.88","80.33","2.78","2.28","2.3284","5.83","3.01","1","1","1","1","1","1","6.90 (4.22, 11.27)"
"Acute pulmonary oedema","Iohexol","Acute pulmonary oedema","急性肺水肿","Respiratory, thoracic and mediastinal disorders","呼吸系统、胸及纵隔疾病","12","12","6431","5407","19894629","6443","5419","19906479","6.87","3.89","12.1","6.85","59.89","2.77","2.2","1.7539","5.55","2.74","1","1","1","1","1","1","6.87 (3.89, 12.10)"
"Mouth swelling","Iohexol","Mouth swelling","口肿胀","Gastrointestinal disorders","胃肠系统疾病","12","12","6431","5414","19894622","6443","5426","19906479","6.86","3.89","12.09","6.85","59.79","2.77","2.19","1.7562","5.54","2.74","1","1","1","1","1","1","6.86 (3.89, 12.09)"
"Swollen tongue","Iohexol","Swollen tongue","肿舌","Gastrointestinal disorders","胃肠系统疾病","65","65","6378","29707","19870329","6443","29772","19906479","6.82","5.34","8.71","6.76","318.67","2.75","2.5","9.6361","6.46","3.7","1","1","1","1","1","1","6.82 (5.34, 8.71)"
"Ear pruritus","Iohexol","Ear pruritus","耳瘙痒","Ear and labyrinth disorders","耳及迷路类疾病","7","7","6436","3184","19896852","6443","3191","19906479","6.8","3.24","14.27","6.79","34.49","2.76","2","1.0328","4.89","2.18","1","1","1","1","1","1","6.80 (3.24, 14.27)"
"Tongue oedema","Iohexol","Tongue oedema","舌水肿","Gastrointestinal disorders","胃肠系统疾病","8","8","6435","3660","19896376","6443","3668","19906479","6.76","3.38","13.53","6.75","39.12","2.75","2.04","1.1872","5.04","2.31","1","1","1","1","1","1","6.76 (3.38, 13.53)"
"Electrocardiogram ST segment elevation","Iohexol","Electrocardiogram ST segment elevation","心电图ST段抬高","Investigations","各类检查","7","7","6436","3209","19896827","6443","3216","19906479","6.74","3.21","14.16","6.74","34.13","2.75","1.99","1.0409","4.87","2.16","1","1","1","1","1","1","6.74 (3.21, 14.16)"
"OXYGEN SATURATION DECREASED","Iohexol","OXYGEN SATURATION DECREASED","血氧饱和度降低","Investigations","各类检查","111","111","6332","52254","19847782","6443","52365","19906479","6.66","5.52","8.03","6.56","523.46","2.71","2.52","16.9486","6.39","3.71","1","1","1","1","1","1","6.66 (5.52, 8.03)"
"Eye movement disorder","Iohexol","Eye movement disorder","眼动障碍","Eye disorders","眼器官疾病","14","14","6429","6533","19893503","6443","6547","19906479","6.63","3.92","11.21","6.62","66.66","2.72","2.19","2.119","5.54","2.8","1","1","1","1","1","1","6.63 (3.92, 11.21)"
"RESPIRATORY DISTRESS","Iohexol","RESPIRATORY DISTRESS","呼吸窘迫","Respiratory, thoracic and mediastinal disorders","呼吸系统、胸及纵隔疾病","56","56","6387","26354","19873682","6443","26410","19906479","6.61","5.08","8.6","6.56","263.85","2.71","2.44","8.548","6.24","3.55","1","1","1","1","1","1","6.61 (5.08, 8.60)"
"Apnoea","Iohexol","Apnoea","呼吸暂停","Respiratory, thoracic and mediastinal disorders","呼吸系统、胸及纵隔疾病","16","16","6427","7530","19892506","6443","7546","19906479","6.58","4.02","10.75","6.56","75.31","2.71","2.21","2.4424","5.61","2.89","1","1","1","1","1","1","6.58 (4.02, 10.75)"
"Temperature intolerance","Iohexol","Temperature intolerance","温度变化不耐受","General disorders and administration site conditions","全身性疾病及给药部位各种反应","20","20","6423","9638","19890398","6443","9658","19906479","6.43","4.14","9.97","6.41","91.16","2.68","2.23","3.1259","5.65","2.99","1","1","1","1","1","1","6.43 (4.14, 9.97)"
"Lacrimation increased","Iohexol","Lacrimation increased","流泪增加","Eye disorders","眼器官疾病","56","56","6387","27920","19872116","6443","27976","19906479","6.24","4.8","8.12","6.19","243.81","2.63","2.36","9.0548","5.91","3.36","1","1","1","1","1","1","6.24 (4.80, 8.12)"
"Nasal congestion","Iohexol","Nasal congestion","鼻充血","Respiratory, thoracic and mediastinal disorders","呼吸系统、胸及纵隔疾病","109","109","6334","54857","19845179","6443","54966","19906479","6.23","5.15","7.52","6.14","469.07","2.62","2.42","17.7905","5.99","3.48","1","1","1","1","1","1","6.23 (5.15, 7.52)"
"PRURITUS GENERALISED","Iohexol","PRURITUS GENERALISED",,,,"43","43","6400","21545","19878491","6443","21588","19906479","6.2","4.59","8.37","6.16","185.87","2.62","2.32","6.9872","5.81","3.26","1","1","1","1","1","1","6.20 (4.59, 8.37)"
"Respiratory rate increased","Iohexol","Respiratory rate increased","呼吸频率升高","Investigations","各类检查","17","17","6426","8504","19891532","6443","8521","19906479","6.19","3.84","9.97","6.17","73.6","2.62","2.14","2.7579","5.37","2.79","1","1","1","1","1","1","6.19 (3.84, 9.97)"
"Anal incontinence","Iohexol","Anal incontinence","肛门失禁","Gastrointestinal disorders","胃肠系统疾病","16","16","6427","8216","19891820","6443","8232","19906479","6.03","3.69","9.85","6.01","66.8","2.59","2.09","2.6644","5.21","2.69","1","1","1","1","1","1","6.03 (3.69, 9.85)"
"ACUTE GENERALISED EXANTHEMATOUS PUSTULOSIS","Iohexol","ACUTE GENERALISED EXANTHEMATOUS PUSTULOSIS","急性泛发性发疹性脓疱病","Skin and subcutaneous tissue disorders","皮肤及皮下组织类疾病","14","14","6429","7273","19892763","6443","7287","19906479","5.96","3.52","10.07","5.95","57.5","2.57","2.03","2.3585","5.07","2.57","1","1","1","1","1","1","5.96 (3.52, 10.07)"
"Choking sensation","Iohexol","Choking sensation","呛噎感","Respiratory, thoracic and mediastinal disorders","呼吸系统、胸及纵隔疾病","10","10","6433","5230","19894806","6443","5240","19906479","5.91","3.18","11","5.91","40.68","2.56","1.93","1.696","4.78","2.29","1","1","1","1","1","1","5.91 (3.18, 11.00)"
"PROCEDURAL COMPLICATION","Iohexol","PROCEDURAL COMPLICATION","操作并发症","Injury, poisoning and procedural complications","各类损伤、中毒及操作并发症","14","14","6429","7438","19892598","6443","7452","19906479","5.82","3.45","9.84","5.81","55.71","2.54","2","2.4119","4.98","2.52","1","1","1","1","1","1","5.82 (3.45, 9.84)"
"DYSPHONIA","Iohexol","DYSPHONIA","发声困难","Respiratory, thoracic and mediastinal disorders","呼吸系统、胸及纵隔疾病","100","100","6343","55311","19844725","6443","55411","19906479","5.66","4.64","6.89","5.58","376.69","2.48","2.28","17.9345","5.45","3.16","1","1","1","1","1","1","5.66 (4.64, 6.89)"
"Hypoaesthesia oral","Iohexol","Hypoaesthesia oral","口腔感觉减退","Gastrointestinal disorders","胃肠系统疾病","26","26","6417","14355","19885681","6443","14381","19906479","5.61","3.82","8.25","5.59","97.99","2.48","2.09","4.6546","5.14","2.79","1","1","1","1","1","1","5.61 (3.82, 8.25)"
"Periorbital swelling","Iohexol","Periorbital swelling","眶周肿","Eye disorders","眼器官疾病","9","9","6434","4957","19895079","6443","4966","19906479","5.61","2.92","10.8","5.61","34.02","2.49","1.82","1.6073","4.51","2.12","1","1","1","1","1","1","5.61 (2.92, 10.80)"
"Erythema of eyelid","Iohexol","Erythema of eyelid","眼睑红斑","Eye disorders","眼器官疾病","9","9","6434","5012","19895024","6443","5021","19906479","5.55","2.89","10.68","5.55","33.49","2.47","1.8","1.6251","4.47","2.1","1","1","1","1","1","1","5.55 (2.89, 10.68)"
"SKIN TIGHTNESS","Iohexol","SKIN TIGHTNESS","皮肤紧缩感","Skin and subcutaneous tissue disorders","皮肤及皮下组织类疾病","8","8","6435","4474","19895562","6443","4482","19906479","5.53","2.76","11.07","5.52","29.58","2.46","1.76","1.4507","4.36","2","1","1","1","1","1","1","5.53 (2.76, 11.07)"
"Skin reaction","Iohexol","Skin reaction","皮肤反应","Skin and subcutaneous tissue disorders","皮肤及皮下组织类疾病","23","23","6420","13232","19886804","6443","13255","19906479","5.38","3.57","8.11","5.37","81.68","2.42","2","4.2902","4.91","2.63","1","1","1","1","1","1","5.38 (3.57, 8.11)"
"Meningitis","Iohexol","Meningitis","脑膜炎","Infections and infestations","感染及侵染类疾病","11","11","6432","6319","19893717","6443","6330","19906479","5.38","2.98","9.73","5.38","39.13","2.42","1.82","2.0488","4.51","2.2","1","1","1","1","1","1","5.38 (2.98, 9.73)"
"Drug eruption","Iohexol","Drug eruption","药疹","Skin and subcutaneous tissue disorders","皮肤及皮下组织类疾病","28","28","6415","16421","19883615","6443","16449","19906479","5.29","3.65","7.66","5.27","96.69","2.39","2.02","5.3239","4.89","2.67","1","1","1","1","1","1","5.29 (3.65, 7.66)"
"SWELLING FACE","Iohexol","SWELLING FACE","面部肿胀","General disorders and administration site conditions","全身性疾病及给药部位各种反应","104","104","6339","61743","19838293","6443","61847","19906479","5.27","4.34","6.4","5.2","353.55","2.38","2.18","20.0176","5.09","2.95","1","1","1","1","1","1","5.27 (4.34, 6.40)"
"Angioedema","Iohexol","Angioedema","血管性水肿","Skin and subcutaneous tissue disorders","皮肤及皮下组织类疾病","70","70","6373","41768","19858268","6443","41838","19906479","5.22","4.13","6.61","5.18","235.97","2.37","2.13","13.5414","5.02","2.88","1","1","1","1","1","1","5.22 (4.13, 6.61)"
"Obstructive airways disorder","Iohexol","Obstructive airways disorder","阻塞性气道疾病","Respiratory, thoracic and mediastinal disorders","呼吸系统、胸及纵隔疾病","17","17","6426","10143","19889893","6443","10160","19906479","5.19","3.22","8.35","5.18","57.22","2.37","1.88","3.2884","4.62","2.4","1","1","1","1","1","1","5.19 (3.22, 8.35)"
"Respiratory arrest","Iohexol","Respiratory arrest","呼吸停止","Respiratory, thoracic and mediastinal disorders","呼吸系统、胸及纵隔疾病","44","44","6399","26936","19873100","6443","26980","19906479","5.07","3.77","6.83","5.05","142.67","2.33","2.03","8.7324","4.82","2.71","1","1","1","1","1","1","5.07 (3.77, 6.83)"
"Rash pustular","Iohexol","Rash pustular","脓疱疹","Infections and infestations","感染及侵染类疾病","11","11","6432","7065","19892971","6443","7076","19906479","4.82","2.66","8.7","4.81","33.15","2.26","1.66","2.2902","4.12","2.01","1","1","1","1","1","1","4.82 (2.66, 8.70)"
"Urinary incontinence","Iohexol","Urinary incontinence","尿失禁","Renal and urinary disorders","肾脏及泌尿系统疾病","44","44","6399","28343","19871693","6443","28387","19906479","4.82","3.58","6.49","4.79","132.13","2.26","1.96","9.1878","4.59","2.58","1","1","1","1","1","1","4.82 (3.58, 6.49)"
"Rash maculo-papular","Iohexol","Rash maculo-papular","斑丘疹","Skin and subcutaneous tissue disorders","皮肤及皮下组织类疾病","32","32","6411","20909","19879127","6443","20941","19906479","4.75","3.35","6.72","4.73","93.99","2.24","1.88","6.7778","4.47","2.46","1","1","1","1","1","1","4.75 (3.35, 6.72)"
"POST PROCEDURAL COMPLICATION","Iohexol","POST PROCEDURAL COMPLICATION","操作后并发症","Injury, poisoning and procedural complications","各类损伤、中毒及操作并发症","28","28","6415","18595","19881441","6443","18623","19906479","4.67","3.22","6.77","4.65","80.2","2.22","1.84","6.0276","4.37","2.38","1","1","1","1","1","1","4.67 (3.22, 6.77)"
"Rash erythematous","Iohexol","Rash erythematous","红色皮疹","Skin and subcutaneous tissue disorders","皮肤及皮下组织类疾病","64","64","6379","43011","19857025","6443","43075","19906479","4.63","3.62","5.93","4.6","180.18","2.2","1.95","13.9418","4.47","2.55","1","1","1","1","1","1","4.63 (3.62, 5.93)"
"Dyspnoea","Iohexol","Dyspnoea","呼吸困难","Respiratory, thoracic and mediastinal disorders","呼吸系统、胸及纵隔疾病","723","723","5720","536031","19364005","6443","536754","19906479","4.57","4.23","4.93","4.17","1785.33","2.06","1.98","173.7277","4.15","2.46","1","1","1","1","1","1","4.57 (4.23, 4.93)"
"Dysphagia","Iohexol","Dysphagia","吞咽困难","Gastrointestinal disorders","胃肠系统疾病","127","127","6316","89497","19810539","6443","89624","19906479","4.45","3.73","5.31","4.38","332.63","2.13","1.95","29.008","4.32","2.52","1","1","1","1","1","1","4.45 (3.73, 5.31)"
"PETECHIAE","Iohexol","PETECHIAE","瘀点","Skin and subcutaneous tissue disorders","皮肤及皮下组织类疾病","14","14","6429","9802","19890234","6443","9816","19906479","4.42","2.61","7.47","4.41","36.9","2.14","1.6","3.1771","3.94","2","1","1","1","1","1","1","4.42 (2.61, 7.47)"
"CIRCULATORY COLLAPSE","Iohexol","CIRCULATORY COLLAPSE","循环性虚脱","Vascular disorders","血管与淋巴管类疾病","23","23","6420","16385","19883651","6443","16408","19906479","4.35","2.89","6.55","4.34","58.99","2.11","1.7","5.3107","4.04","2.17","1","1","1","1","1","1","4.35 (2.89, 6.55)"
"Ventricular tachycardia","Iohexol","Ventricular tachycardia","室性心动过速","Cardiac disorders","心脏器官疾病","22","22","6421","15833","19884203","6443","15855","19906479","4.3","2.83","6.54","4.29","55.51","2.1","1.67","5.1317","4","2.13","1","1","1","1","1","1","4.30 (2.83, 6.54)"
"OCULAR HYPERAEMIA","Iohexol","OCULAR HYPERAEMIA","眼充血","Eye disorders","眼器官疾病","60","60","6383","43430","19856606","6443","43490","19906479","4.3","3.33","5.54","4.27","150.21","2.09","1.83","14.0761","4.15","2.37","1","1","1","1","1","1","4.30 (3.33, 5.54)"
"Dermatitis allergic","Iohexol","Dermatitis allergic","过敏性皮炎","Skin and subcutaneous tissue disorders","皮肤及皮下组织类疾病","16","16","6427","11554","19888482","6443","11570","19906479","4.29","2.62","7","4.28","40.14","2.1","1.59","3.7448","3.89","2","1","1","1","1","1","1","4.29 (2.62, 7.00)"
"WHEEZING","Iohexol","WHEEZING","哮鸣","Respiratory, thoracic and mediastinal disorders","呼吸系统、胸及纵隔疾病","74","74","6369","54162","19845874","6443","54236","19906479","4.26","3.38","5.35","4.22","182.06","2.08","1.84","17.5542","4.13","2.37","1","1","1","1","1","1","4.26 (3.38, 5.35)"
"Hypersensitivity","Iohexol","Hypersensitivity","超敏反应","Immune system disorders","免疫系统疾病","228","228","6215","174096","19725940","6443","174324","19906479","4.16","3.64","4.74","4.04","526.54","2.01","1.88","56.4223","4.01","2.36","1","1","1","1","1","1","4.16 (3.64, 4.74)"
"Loss of consciousness","Iohexol","Loss of consciousness","意识丧失","Nervous system disorders","各类神经系统疾病","158","158","6285","122237","19777799","6443","122395","19906479","4.07","3.47","4.76","3.99","356.09","2","1.83","39.6148","3.95","2.31","1","1","1","1","1","1","4.07 (3.47, 4.76)"
"Feeling hot","Iohexol","Feeling hot","感觉热","General disorders and administration site conditions","全身性疾病及给药部位各种反应","75","75","6368","58805","19841231","6443","58880","19906479","3.97","3.16","4.99","3.94","164.76","1.98","1.74","19.0573","3.86","2.22","1","1","1","1","1","1","3.97 (3.16, 4.99)"
"FLUSHING","Iohexol","FLUSHING","潮红","Vascular disorders","血管与淋巴管类疾病","119","119","6324","98088","19801948","6443","98207","19906479","3.8","3.17","4.55","3.75","240.56","1.9","1.72","31.786","3.7","2.15","1","1","1","1","1","1","3.80 (3.17, 4.55)"
"Cardiac arrest","Iohexol","Cardiac arrest","心脏停搏","Cardiac disorders","心脏器官疾病","96","96","6347","79468","19820568","6443","79564","19906479","3.77","3.08","4.62","3.73","192.46","1.9","1.69","25.752","3.68","2.13","1","1","1","1","1","1","3.77 (3.08, 4.62)"
"Aphasia","Iohexol","Aphasia","失语","Nervous system disorders","各类神经系统疾病","35","35","6408","28862","19871174","6443","28897","19906479","3.76","2.7","5.24","3.75","70.45","1.9","1.56","9.3529","3.6","2","1","1","1","1","1","1","3.76 (2.70, 5.24)"
"Depressed level of consciousness","Iohexol","Depressed level of consciousness","意识水平下降","Nervous system disorders","各类神经系统疾病","45","45","6398","37363","19862673","6443","37408","19906479","3.74","2.79","5.01","3.72","89.56","1.89","1.59","12.1076","3.61","2.03","1","1","1","1","1","1","3.74 (2.79, 5.01)"
"Hypotension","Iohexol","Hypotension","低血压","Vascular disorders","血管与淋巴管类疾病","224","224","6219","190178","19709858","6443","190402","19906479","3.73","3.27","4.27","3.64","432.1","1.86","1.73","61.6262","3.61","2.12","1","1","1","1","1","1","3.73 (3.27, 4.27)"
"Tachycardia","Iohexol","Tachycardia","心动过速","Cardiac disorders","心脏器官疾病","97","97","6346","84494","19815542","6443","84591","19906479","3.58","2.93","4.38","3.55","177.85","1.82","1.62","27.379","3.5","2.03","1","1","1","1","1","1","3.58 (2.93, 4.38)"
"Contrast encephalopathy","Iopamidol","Contrast encephalopathy","造影剂脑病","Injury, poisoning and procedural complications","各类损伤、中毒及操作并发症","40","40","2757","190","19903492","2797","230","19906479","1519.84","1078.53","2141.73","1498.12","49437.69","10.27","9.92","0.0323","76.08","42.53","1","1","1","1","1","1","1,519.84 (1,078.53, 2,141.73)"
"CONTRAST MEDIA REACTION","Iopamidol","CONTRAST MEDIA REACTION","造影剂反应","Immune system disorders","免疫系统疾病","154","154","2643","2104","19901578","2797","2258","19906479","551.14","465.91","651.97","520.85","74462.65","8.92","8.75","0.3173","189.05","110.52","1","1","1","1","1","1","551.14 (465.91, 651.97)"
"Hepatic artery stenosis","Iopamidol","Hepatic artery stenosis","肝动脉狭窄","Hepatobiliary disorders","肝胆系统疾病","7","7","2790","121","19903561","2797","128","19906479","412.7","192.46","884.99","411.67","2710.92","8.6","7.83","0.018","14.48","6.44","1","1","1","1","1","1","412.70 (192.46, 884.99)"
"Contrast media allergy","Iopamidol","Contrast media allergy","造影剂过敏","Immune system disorders","免疫系统疾病","45","45","2752","1544","19902138","2797","1589","19906479","210.77","156.34","284.16","207.4","8982.12","7.66","7.35","0.2233","62.91","35.4","1","1","1","1","1","1","210.77 (156.34, 284.16)"
"Anaphylactoid reaction","Iopamidol","Anaphylactoid reaction","类过敏反应","Immune system disorders","免疫系统疾病","76","76","2721","3887","19899795","2797","3963","19906479","142.99","113.6","179.99","139.14","10225.05","7.09","6.86","0.5568","72.39","41.62","1","1","1","1","1","1","142.99 (113.60, 179.99)"
"Meningitis chemical","Iopamidol","Meningitis chemical","化学性脑膜炎","Injury, poisoning and procedural complications","各类损伤、中毒及操作并发症","4","4","2793","209","19903473","2797","213","19906479","136.39","50.68","367.06","136.19","526.73","7.06","6.05","0.0299","8.49","3.21","1","1","1","1","1","1","136.39 (50.68, 367.06)"
"Agonal respiration","Iopamidol","Agonal respiration","濒死期呼吸","Respiratory, thoracic and mediastinal disorders","呼吸系统、胸及纵隔疾病","4","4","2793","230","19903452","2797","234","19906479","123.93","46.09","333.26","123.76","478.74","6.93","5.92","0.0329","8.44","3.19","1","1","1","1","1","1","123.93 (46.09, 333.26)"
"Extravasation","Iopamidol","Extravasation","外渗","General disorders and administration site conditions","全身性疾病及给药部位各种反应","61","61","2736","3905","19899777","2797","3966","19906479","113.62","87.98","146.72","111.16","6558.21","6.77","6.51","0.5573","58.17","33.19","1","1","1","1","1","1","113.62 (87.98, 146.72)"
"Sialoadenitis","Iopamidol","Sialoadenitis","涎腺炎","Infections and infestations","感染及侵染类疾病","15","15","2782","1251","19902431","2797","1266","19906479","85.78","51.49","142.91","85.32","1235.31","6.4","5.88","0.1779","22.87","11.68","1","1","1","1","1","1","85.78 (51.49, 142.91)"
"Anaphylactoid shock","Iopamidol","Anaphylactoid shock","类过敏性休克","Immune system disorders","免疫系统疾病","5","5","2792","456","19903226","2797","461","19906479","78.17","32.35","188.85","78.03","376.09","6.27","5.37","0.0648","9.74","3.96","1","1","1","1","1","1","78.17 (32.35, 188.85)"
"Documented hypersensitivity to administered product","Iopamidol","Documented hypersensitivity to administered product","（患者）对所给产品有记录在案的超敏性","Injury, poisoning and procedural complications","各类损伤、中毒及操作并发症","7","7","2790","776","19902906","2797","783","19906479","64.35","30.55","135.56","64.19","431.57","5.99","5.23","0.11","12.29","5.47","1","1","1","1","1","1","64.35 (30.55, 135.56)"
"BLOOD PRESSURE IMMEASURABLE","Iopamidol","BLOOD PRESSURE IMMEASURABLE","血压不可测","Investigations","各类检查","13","13","2784","1467","19902215","2797","1480","19906479","63.35","36.65","109.5","63.06","787.07","5.97","5.41","0.208","19.07","9.55","1","1","1","1","1","1","63.35 (36.65, 109.50)"
"Blindness cortical","Iopamidol","Blindness cortical","皮质盲","Eye disorders","眼器官疾病","4","4","2793","463","19903219","2797","467","19906479","61.56","22.99","164.85","61.48","235.94","5.93","4.92","0.0656","7.96","3.01","1","1","1","1","1","1","61.56 (22.99, 164.85)"
"Product deposit","Iopamidol","Product deposit","产品沉积","Product issues","产品问题","12","12","2785","1424","19902258","2797","1436","19906479","60.22","34.08","106.42","59.97","690.04","5.89","5.31","0.2018","17.81","8.81","1","1","1","1","1","1","60.22 (34.08, 106.42)"
"Transient tachypnoea of the newborn","Iopamidol","Transient tachypnoea of the newborn","新生儿短暂性呼吸过速","Respiratory, thoracic and mediastinal disorders","呼吸系统、胸及纵隔疾病","3","3","2794","374","19903308","2797","377","19906479","57.14","18.33","178.09","57.08","163.98","5.82","4.66","0.053","6.33","2.14","1","1","1","1","1","1","57.14 (18.33, 178.09)"
"Kounis syndrome","Iopamidol","Kounis syndrome","过敏性冠状动脉痉挛综合征","Cardiac disorders","心脏器官疾病","16","16","2781","2042","19901640","2797","2058","19906479","56.07","34.24","91.83","55.76","853.81","5.79","5.29","0.2892","20.91","10.77","1","1","1","1","1","1","56.07 (34.24, 91.83)"
"ANAPHYLACTIC SHOCK","Iopamidol","ANAPHYLACTIC SHOCK","过敏性休克","Immune system disorders","免疫系统疾病","168","168","2629","23939","19879743","2797","24107","19906479","53.07","45.38","62.06","49.94","8010.75","5.63","5.47","3.3872","43.35","25.38","1","1","1","1","1","1","53.07 (45.38, 62.06)"
"Electrocardiogram ST segment elevation","Iopamidol","Electrocardiogram ST segment elevation","心电图ST段抬高","Investigations","各类检查","23","23","2774","3193","19900489","2797","3216","19906479","51.68","34.23","78.01","51.26","1125.48","5.67","5.25","0.4519","24.69","13.24","1","1","1","1","1","1","51.68 (34.23, 78.01)"
"Administration site extravasation","Iopamidol","Administration site extravasation","给药部位外渗","General disorders and administration site conditions","全身性疾病及给药部位各种反应","6","6","2791","894","19902788","2797","900","19906479","47.86","21.43","106.91","47.76","272.86","5.57","4.75","0.1265","10.38","4.44","1","1","1","1","1","1","47.86 (21.43, 106.91)"
"Air embolism","Iopamidol","Air embolism","空气栓塞","Vascular disorders","血管与淋巴管类疾病","3","3","2794","452","19903230","2797","455","19906479","47.28","15.18","147.24","47.23","134.86","5.55","4.39","0.0639","6.21","2.1","1","1","1","1","1","1","47.28 (15.18, 147.24)"
"FOAMING AT MOUTH","Iopamidol","FOAMING AT MOUTH","口吐白沫","General disorders and administration site conditions","全身性疾病及给药部位各种反应","12","12","2785","1921","19901761","2797","1933","19906479","44.64","25.28","78.84","44.45","506.58","5.47","4.89","0.2716","16.2","8.01","1","1","1","1","1","1","44.64 (25.28, 78.84)"
"PULSE ABSENT","Iopamidol","PULSE ABSENT","脉搏消失","Investigations","各类检查","27","27","2770","4595","19899087","2797","4622","19906479","42.21","28.86","61.73","41.81","1069.58","5.38","4.99","0.6494","23.93","13.01","1","1","1","1","1","1","42.21 (28.86, 61.73)"
"COMPARTMENT SYNDROME","Iopamidol","COMPARTMENT SYNDROME","骨筋膜室综合征","Musculoskeletal and connective tissue disorders","各种肌肉骨骼及结缔组织疾病","13","13","2784","2502","19901180","2797","2515","19906479","37.14","21.51","64.14","36.97","452.72","5.2","4.64","0.3534","15.82","7.92","1","1","1","1","1","1","37.14 (21.51, 64.14)"
"MENINGITIS BACTERIAL","Iopamidol","MENINGITIS BACTERIAL","细菌性脑膜炎","Infections and infestations","感染及侵染类疾病","7","7","2790","1350","19902332","2797","1357","19906479","36.99","17.58","77.81","36.9","243.23","5.2","4.44","0.1907","10.86","4.83","1","1","1","1","1","1","36.99 (17.58, 77.81)"
"HYPOXIC-ISCHAEMIC ENCEPHALOPATHY","Iopamidol","HYPOXIC-ISCHAEMIC ENCEPHALOPATHY","缺氧缺血性脑病","Nervous system disorders","各类神经系统疾病","12","12","2785","2477","19901205","2797","2489","19906479","34.62","19.61","61.12","34.47","388.21","5.1","4.52","0.3497","14.71","7.27","1","1","1","1","1","1","34.62 (19.61, 61.12)"
"Nephropathy toxic","Iopamidol","Nephropathy toxic","中毒性肾病","Renal and urinary disorders","肾脏及泌尿系统疾病","48","48","2749","10356","19893326","2797","10404","19906479","33.54","25.2","44.65","32.98","1482.55","5.04","4.75","1.4618","24.72","13.96","1","1","1","1","1","1","33.54 (25.20, 44.65)"
"Injection related reaction","Iopamidol","Injection related reaction","注射相关反应","Injury, poisoning and procedural complications","各类损伤、中毒及操作并发症","6","6","2791","1440","19902242","2797","1446","19906479","29.71","13.31","66.3","29.65","165.43","4.88","4.07","0.2032","9.24","3.95","1","1","1","1","1","1","29.71 (13.31, 66.30)"
"POOR QUALITY DRUG ADMINISTERED","Iopamidol","POOR QUALITY DRUG ADMINISTERED",,,,"25","25","2772","6415","19897267","2797","6440","19906479","27.97","18.85","41.5","27.73","641.91","4.79","4.39","0.9049","18.15","9.81","1","1","1","1","1","1","27.97 (18.85, 41.50)"
"ORAL PRURITUS","Iopamidol","ORAL PRURITUS","口腔瘙痒","Gastrointestinal disorders","胃肠系统疾病","8","8","2789","2144","19901538","2797","2152","19906479","26.63","13.28","53.36","26.55","196.01","4.73","4.02","0.3024","10.59","4.85","1","1","1","1","1","1","26.63 (13.28, 53.36)"
"Anaphylactic reaction","Iopamidol","Anaphylactic reaction","速发严重过敏反应","Immune system disorders","免疫系统疾病","178","178","2619","51233","19852449","2797","51411","19906479","26.34","22.62","30.66","24.72","4048.42","4.62","4.47","7.2236","23.11","13.54","1","1","1","1","1","1","26.34 (22.62, 30.66)"
"INFUSION SITE EXTRAVASATION","Iopamidol","INFUSION SITE EXTRAVASATION","输液部位渗出","General disorders and administration site conditions","全身性疾病及给药部位各种反应","21","21","2776","5925","19897757","2797","5946","19906479","25.4","16.52","39.06","25.22","486.91","4.65","4.21","0.8355","16.1","8.56","1","1","1","1","1","1","25.40 (16.52, 39.06)"
"EMBOLISM ARTERIAL","Iopamidol","EMBOLISM ARTERIAL","动脉栓塞","Vascular disorders","血管与淋巴管类疾病","4","4","2793","1139","19902543","2797","1143","19906479","25.02","9.37","66.84","24.99","91.81","4.64","3.64","0.1606","6.81","2.57","1","1","1","1","1","1","25.02 (9.37, 66.84)"
"Vein rupture","Iopamidol","Vein rupture","静脉破裂","Vascular disorders","血管与淋巴管类疾病","5","5","2792","1562","19902120","2797","1567","19906479","22.82","9.48","54.94","22.78","103.79","4.51","3.61","0.2202","7.64","3.1","1","1","1","1","1","1","22.82 (9.48, 54.94)"
"Gaze palsy","Iopamidol","Gaze palsy","凝视麻痹","Eye disorders","眼器官疾病","5","5","2792","1615","19902067","2797","1620","19906479","22.07","9.17","53.14","22.03","100.08","4.46","3.56","0.2276","7.56","3.07","1","1","1","1","1","1","22.07 (9.17, 53.14)"
"SNEEZING","Iopamidol","SNEEZING","喷嚏","Respiratory, thoracic and mediastinal disorders","呼吸系统、胸及纵隔疾病","57","57","2740","21114","19882568","2797","21171","19906479","19.59","15.06","25.47","19.21","982.38","4.26","3.99","2.9747","16.55","9.41","1","1","1","1","1","1","19.59 (15.06, 25.47)"
"Product physical issue","Iopamidol","Product physical issue","产品的物理问题","Product issues","产品问题","49","49","2748","18604","19885078","2797","18653","19906479","19.06","14.36","25.29","18.74","821.61","4.22","3.94","2.6209","15.86","8.96","1","1","1","1","1","1","19.06 (14.36, 25.29)"
"ARTERIOSPASM CORONARY","Iopamidol","ARTERIOSPASM CORONARY","冠状动脉痉挛","Cardiac disorders","心脏器官疾病","10","10","2787","3753","19899929","2797","3763","19906479","19.03","10.22","35.43","18.96","169.72","4.24","3.61","0.5287","10.21","4.89","1","1","1","1","1","1","19.03 (10.22, 35.43)"
"PULSELESS ELECTRICAL ACTIVITY","Iopamidol","PULSELESS ELECTRICAL ACTIVITY","无脉性电活动","Cardiac disorders","心脏器官疾病","10","10","2787","3898","19899784","2797","3908","19906479","18.32","9.84","34.11","18.26","162.72","4.19","3.55","0.5491","10.01","4.8","1","1","1","1","1","1","18.32 (9.84, 34.11)"
"STRIDOR","Iopamidol","STRIDOR","喘鸣","Respiratory, thoracic and mediastinal disorders","呼吸系统、胸及纵隔疾病","7","7","2790","2807","19900875","2797","2814","19906479","17.79","8.46","37.38","17.75","110.36","4.15","3.39","0.3954","8.38","3.72","1","1","1","1","1","1","17.79 (8.46, 37.38)"
"Wrong drug administered","Iopamidol","Wrong drug administered",,,,"22","22","2775","8886","19894796","2797","8908","19906479","17.75","11.66","27.02","17.62","344.15","4.14","3.71","1.2516","12.85","6.86","1","1","1","1","1","1","17.75 (11.66, 27.02)"
"Throat tightness","Iopamidol","Throat tightness","咽喉缩紧感","Respiratory, thoracic and mediastinal disorders","呼吸系统、胸及纵隔疾病","60","60","2737","25622","19878060","2797","25682","19906479","17.01","13.16","21.97","16.66","882.52","4.06","3.79","3.6085","14.73","8.4","1","1","1","1","1","1","17.01 (13.16, 21.97)"
"Pupil fixed","Iopamidol","Pupil fixed","固定瞳孔","Eye disorders","眼器官疾病","4","4","2793","1693","19901989","2797","1697","19906479","16.84","6.31","44.94","16.81","59.35","4.07","3.07","0.2384","6.09","2.3","1","1","1","1","1","1","16.84 (6.31, 44.94)"
"Cyanosis","Iopamidol","Cyanosis","发绀","Vascular disorders","血管与淋巴管类疾病","34","34","2763","15113","19888569","2797","15147","19906479","16.19","11.54","22.72","16.01","477.73","4","3.65","2.1283","13.13","7.26","1","1","1","1","1","1","16.19 (11.54, 22.72)"
"Laryngeal oedema","Iopamidol","Laryngeal oedema","喉水肿","Respiratory, thoracic and mediastinal disorders","呼吸系统、胸及纵隔疾病","13","13","2784","5862","19897820","2797","5875","19906479","15.85","9.19","27.35","15.78","179.63","3.98","3.42","0.8255","10.18","5.1","1","1","1","1","1","1","15.85 (9.19, 27.35)"
"Cardio-respiratory arrest","Iopamidol","Cardio-respiratory arrest","心脏呼吸骤停","Cardiac disorders","心脏器官疾病","87","87","2710","40451","19863231","2797","40538","19906479","15.76","12.73","19.52","15.3","1163.08","3.93","3.71","5.6959","14.12","8.15","1","1","1","1","1","1","15.76 (12.73, 19.52)"
"Vascular stent thrombosis","Iopamidol","Vascular stent thrombosis","血管支架血栓形成","General disorders and administration site conditions","全身性疾病及给药部位各种反应","4","4","2793","1897","19901785","2797","1901","19906479","15.02","5.63","40.1","15","52.18","3.9","2.9","0.2671","5.87","2.22","1","1","1","1","1","1","15.02 (5.63, 40.10)"
"Unresponsive to stimuli","Iopamidol","Unresponsive to stimuli","刺激反应消失","Nervous system disorders","各类神经系统疾病","50","50","2747","24328","19879354","2797","24378","19906479","14.87","11.24","19.68","14.63","634.16","3.87","3.58","3.4253","12.87","7.28","1","1","1","1","1","1","14.87 (11.24, 19.68)"
"Procedural complication","Iopamidol","Procedural complication","操作并发症","Injury, poisoning and procedural complications","各类损伤、中毒及操作并发症","15","15","2782","7437","19896245","2797","7452","19906479","14.42","8.68","23.97","14.35","186.03","3.84","3.32","1.0471","10.02","5.12","1","1","1","1","1","1","14.42 (8.68, 23.97)"
"PHARYNGEAL OEDEMA","Iopamidol","PHARYNGEAL OEDEMA","咽部水肿","Respiratory, thoracic and mediastinal disorders","呼吸系统、胸及纵隔疾病","30","30","2767","15212","19888470","2797","15242","19906479","14.18","9.89","20.32","14.03","362.72","3.81","3.44","2.1416","11.55","6.33","1","1","1","1","1","1","14.18 (9.89, 20.32)"
"Oesophageal varices haemorrhage","Iopamidol","Oesophageal varices haemorrhage","食管静脉曲张出血","Gastrointestinal disorders","胃肠系统疾病","4","4","2793","2078","19901604","2797","2082","19906479","13.72","5.14","36.61","13.7","47","3.77","2.77","0.2925","5.68","2.15","1","1","1","1","1","1","13.72 (5.14, 36.61)"
"Acute pulmonary oedema","Iopamidol","Acute pulmonary oedema","急性肺水肿","Respiratory, thoracic and mediastinal disorders","呼吸系统、胸及纵隔疾病","9","9","2788","5410","19898272","2797","5419","19906479","11.87","6.17","22.86","11.84","89.18","3.56","2.89","0.7614","7.53","3.54","1","1","1","1","1","1","11.87 (6.17, 22.86)"
"Wrong product administered","Iopamidol","Wrong product administered","给予的产品有误","Injury, poisoning and procedural complications","各类损伤、中毒及操作并发症","10","10","2787","6130","19897552","2797","6140","19906479","11.65","6.26","21.68","11.61","96.82","3.53","2.9","0.8627","7.71","3.69","1","1","1","1","1","1","11.65 (6.26, 21.68)"
"Ventricular fibrillation","Iopamidol","Ventricular fibrillation","室颤","Cardiac disorders","心脏器官疾病","17","17","2780","10587","19893095","2797","10604","19906479","11.49","7.13","18.52","11.43","161.57","3.51","3.03","1.4899","8.79","4.57","1","1","1","1","1","1","11.49 (7.13, 18.52)"
"Hemiplegia","Iopamidol","Hemiplegia","偏瘫","Nervous system disorders","各类神经系统疾病","12","12","2785","7954","19895728","2797","7966","19906479","10.78","6.11","19.01","10.74","105.83","3.42","2.84","1.1193","7.72","3.82","1","1","1","1","1","1","10.78 (6.11, 19.01)"
"Respiratory arrest","Iopamidol","Respiratory arrest","呼吸停止","Respiratory, thoracic and mediastinal disorders","呼吸系统、胸及纵隔疾病","40","40","2757","26940","19876742","2797","26980","19906479","10.7","7.83","14.63","10.57","346.37","3.4","3.08","3.7909","9.44","5.28","1","1","1","1","1","1","10.70 (7.83, 14.63)"
"Liquid product physical issue","Iopamidol","Liquid product physical issue","液体产品物理问题","Product issues","产品问题","9","9","2788","6316","19897366","2797","6325","19906479","10.17","5.28","19.57","10.14","74.07","3.34","2.67","0.8887","6.84","3.21","1","1","1","1","1","1","10.17 (5.28, 19.57)"
"Meningitis","Iopamidol","Meningitis","脑膜炎","Infections and infestations","感染及侵染类疾病","9","9","2788","6321","19897361","2797","6330","19906479","10.16","5.28","19.56","10.13","74","3.34","2.67","0.8894","6.84","3.21","1","1","1","1","1","1","10.16 (5.28, 19.56)"
"Shock","Iopamidol","Shock","休克","Vascular disorders","血管与淋巴管类疾病","30","30","2767","21486","19882196","2797","21516","19906479","10.03","7","14.38","9.94","241.02","3.31","2.94","3.0231","8.66","4.75","1","1","1","1","1","1","10.03 (7.00, 14.38)"
"Toxic skin eruption","Iopamidol","Toxic skin eruption","中毒性皮疹","Skin and subcutaneous tissue disorders","皮肤及皮下组织类疾病","13","13","2784","9655","19894027","2797","9668","19906479","9.62","5.58","16.6","9.58","99.83","3.26","2.7","1.3584","7.26","3.64","1","1","1","1","1","1","9.62 (5.58, 16.60)"
"Brain oedema","Iopamidol","Brain oedema","脑水肿","Nervous system disorders","各类神经系统疾病","16","16","2781","11983","19891699","2797","11999","19906479","9.55","5.84","15.62","9.5","121.62","3.25","2.74","1.6859","7.55","3.89","1","1","1","1","1","1","9.55 (5.84, 15.62)"
"DEPRESSED LEVEL OF CONSCIOUSNESS","Iopamidol","DEPRESSED LEVEL OF CONSCIOUSNESS","意识水平下降","Nervous system disorders","各类神经系统疾病","49","49","2748","37359","19866323","2797","37408","19906479","9.48","7.15","12.58","9.33","364.8","3.22","2.93","5.2561","8.6","4.86","1","1","1","1","1","1","9.48 (7.15, 12.58)"
"INJECTION SITE EXTRAVASATION","Iopamidol","INJECTION SITE EXTRAVASATION","注射部位外渗","General disorders and administration site conditions","全身性疾病及给药部位各种反应","16","16","2781","12141","19891541","2797","12157","19906479","9.43","5.76","15.41","9.38","119.67","3.23","2.73","1.7081","7.47","3.85","1","1","1","1","1","1","9.43 (5.76, 15.41)"
"Urticaria","Iopamidol","Urticaria","荨麻疹","Skin and subcutaneous tissue disorders","皮肤及皮下组织类疾病","188","188","2609","155846","19747836","2797","156034","19906479","9.13","7.87","10.59","8.58","1268.16","3.1","2.95","21.9239","8.41","4.93","1","1","1","1","1","1","9.13 (7.87, 10.59)"
"Occupational exposure to product","Iopamidol","Occupational exposure to product","职业性暴露于产品","Injury, poisoning and procedural complications","各类损伤、中毒及操作并发症","8","8","2789","6249","19897433","2797","6257","19906479","9.13","4.56","18.29","9.11","57.7","3.19","2.48","0.8792","6.16","2.82","1","1","1","1","1","1","9.13 (4.56, 18.29)"
"Refusal of treatment by patient","Iopamidol","Refusal of treatment by patient","患者拒绝治疗","Social circumstances","社会环境","8","8","2789","6402","19897280","2797","6410","19906479","8.91","4.45","17.85","8.89","55.99","3.15","2.44","0.9006","6.07","2.78","1","1","1","1","1","1","8.91 (4.45, 17.85)"
"ANURIA","Iopamidol","ANURIA","无尿","Renal and urinary disorders","肾脏及泌尿系统疾病","10","10","2787","8338","19895344","2797","8348","19906479","8.56","4.6","15.94","8.53","66.47","3.09","2.46","1.173","6.28","3.01","1","1","1","1","1","1","8.56 (4.60, 15.94)"
"Throat irritation","Iopamidol","Throat irritation","咽喉刺激","Respiratory, thoracic and mediastinal disorders","呼吸系统、胸及纵隔疾病","49","49","2748","42115","19861567","2797","42164","19906479","8.41","6.34","11.16","8.28","313.91","3.05","2.76","5.9243","7.71","4.35","1","1","1","1","1","1","8.41 (6.34, 11.16)"
"Oliguria","Iopamidol","Oliguria","少尿","Renal and urinary disorders","肾脏及泌尿系统疾病","7","7","2790","5936","19897746","2797","5943","19906479","8.41","4","17.67","8.39","45.54","3.07","2.31","0.835","5.62","2.5","1","1","1","1","1","1","8.41 (4.00, 17.67)"
"NEUROTOXICITY","Iopamidol","NEUROTOXICITY","神经毒性","Nervous system disorders","各类神经系统疾病","18","18","2779","16103","19887579","2797","16121","19906479","8","5.03","12.72","7.95","109.41","2.99","2.52","2.2651","6.69","3.5","1","1","1","1","1","1","8.00 (5.03, 12.72)"
"BRONCHOSPASM","Iopamidol","BRONCHOSPASM","支气管痉挛","Respiratory, thoracic and mediastinal disorders","呼吸系统、胸及纵隔疾病","15","15","2782","13707","19889975","2797","13722","19906479","7.82","4.71","13","7.79","88.7","2.96","2.44","1.928","6.38","3.26","1","1","1","1","1","1","7.82 (4.71, 13.00)"
"Torsade de pointes","Iopamidol","Torsade de pointes","尖端扭转型室速","Cardiac disorders","心脏器官疾病","8","8","2789","7423","19896259","2797","7431","19906479","7.69","3.84","15.39","7.67","46.36","2.94","2.23","1.0441","5.5","2.52","1","1","1","1","1","1","7.69 (3.84, 15.39)"
"Ventricular tachycardia","Iopamidol","Ventricular tachycardia","室性心动过速","Cardiac disorders","心脏器官疾病","17","17","2780","15838","19887844","2797","15855","19906479","7.68","4.77","12.37","7.64","98.05","2.93","2.45","2.2277","6.42","3.33","1","1","1","1","1","1","7.68 (4.77, 12.37)"
"BLOOD PRESSURE DECREASED","Iopamidol","BLOOD PRESSURE DECREASED","血压降低","Investigations","各类检查","66","66","2731","63213","19840469","2797","63279","19906479","7.59","5.94","9.68","7.43","368.04","2.89","2.64","8.8911","7.08","4.05","1","1","1","1","1","1","7.59 (5.94, 9.68)"
"Hypersensitivity","Iopamidol","Hypersensitivity","超敏反应","Immune system disorders","免疫系统疾病","174","174","2623","174150","19729532","2797","174324","19906479","7.52","6.45","8.76","7.11","920.76","2.83","2.67","24.4937","6.98","4.09","1","1","1","1","1","1","7.52 (6.45, 8.76)"
"HYPOAESTHESIA ORAL","Iopamidol","HYPOAESTHESIA ORAL","口腔感觉减退","Gastrointestinal disorders","胃肠系统疾病","15","15","2782","14366","19889316","2797","14381","19906479","7.46","4.49","12.4","7.43","83.44","2.89","2.37","2.0206","6.15","3.14","1","1","1","1","1","1","7.46 (4.49, 12.40)"
"CARDIAC ARREST","Iopamidol","CARDIAC ARREST","心脏停搏","Cardiac disorders","心脏器官疾病","79","79","2718","79485","19824197","2797","79564","19906479","7.25","5.8","9.07","7.07","413.15","2.82","2.59","11.1793","6.81","3.92","1","1","1","1","1","1","7.25 (5.80, 9.07)"
"APHASIA","Iopamidol","APHASIA","失语","Nervous system disorders","各类神经系统疾病","28","28","2769","28869","19874813","2797","28897","19906479","6.96","4.8","10.1","6.9","141.38","2.79","2.41","4.0602","6.25","3.41","1","1","1","1","1","1","6.96 (4.80, 10.10)"
"CARDIAC FAILURE ACUTE","Iopamidol","CARDIAC FAILURE ACUTE","急性心力衰竭","Cardiac disorders","心脏器官疾病","6","6","2791","6281","19897401","2797","6287","19906479","6.81","3.06","15.18","6.8","29.65","2.76","1.95","0.8834","4.7","2.01","1","1","1","1","1","1","6.81 (3.06, 15.18)"
"HAEMODIALYSIS","Iopamidol","HAEMODIALYSIS","血液透析","Surgical and medical procedures","各种手术及医疗操作","8","8","2789","8386","19895296","2797","8394","19906479","6.81","3.4","13.63","6.79","39.47","2.76","2.05","1.1794","5.06","2.32","1","1","1","1","1","1","6.81 (3.40, 13.63)"
"RESPIRATORY DISTRESS","Iopamidol","RESPIRATORY DISTRESS","呼吸窘迫","Respiratory, thoracic and mediastinal disorders","呼吸系统、胸及纵隔疾病","25","25","2772","26385","19877297","2797","26410","19906479","6.79","4.58","10.07","6.74","122.32","2.75","2.35","3.7108","6.06","3.27","1","1","1","1","1","1","6.79 (4.58, 10.07)"
"Hemiparesis","Iopamidol","Hemiparesis","单侧轻瘫","Nervous system disorders","各类神经系统疾病","15","15","2782","16327","19887355","2797","16342","19906479","6.57","3.95","10.91","6.54","70.35","2.71","2.19","2.2962","5.54","2.83","1","1","1","1","1","1","6.57 (3.95, 10.91)"
"Contraindicated product administered","Iopamidol","Contraindicated product administered","给予了禁忌产品","Injury, poisoning and procedural complications","各类损伤、中毒及操作并发症","23","23","2774","25433","19878249","2797","25456","19906479","6.48","4.3","9.77","6.44","105.63","2.68","2.27","3.5767","5.76","3.09","1","1","1","1","1","1","6.48 (4.30, 9.77)"
"Sensation of foreign body","Iopamidol","Sensation of foreign body","异物感","General disorders and administration site conditions","全身性疾病及给药部位各种反应","7","7","2790","7797","19895885","2797","7804","19906479","6.4","3.05","13.45","6.39","31.8","2.67","1.92","1.0965","4.7","2.09","1","1","1","1","1","1","6.40 (3.05, 13.45)"
"Product container issue","Iopamidol","Product container issue","产品容器问题","Product issues","产品问题","7","7","2790","7809","19895873","2797","7816","19906479","6.39","3.04","13.43","6.38","31.73","2.67","1.91","1.0982","4.69","2.09","1","1","1","1","1","1","6.39 (3.04, 13.43)"
"Oxygen saturation decreased","Iopamidol","Oxygen saturation decreased","血氧饱和度降低","Investigations","各类检查","45","45","2752","52320","19851362","2797","52365","19906479","6.2","4.62","8.33","6.12","193.12","2.61","2.31","7.3576","5.79","3.26","1","1","1","1","1","1","6.20 (4.62, 8.33)"
"Presyncope","Iopamidol","Presyncope","晕厥前期","Nervous system disorders","各类神经系统疾病","19","19","2778","22779","19880903","2797","22798","19906479","5.97","3.8","9.37","5.94","78","2.57","2.11","3.2033","5.27","2.77","1","1","1","1","1","1","5.97 (3.80, 9.37)"
"Post procedural complication","Iopamidol","Post procedural complication","操作后并发症","Injury, poisoning and procedural complications","各类损伤、中毒及操作并发症","15","15","2782","18608","19885074","2797","18623","19906479","5.76","3.47","9.57","5.74","58.67","2.52","2","2.6167","4.97","2.54","1","1","1","1","1","1","5.76 (3.47, 9.57)"
"Maternal exposure during pregnancy","Iopamidol","Maternal exposure during pregnancy","孕产妇在妊娠过程中的暴露","Injury, poisoning and procedural complications","各类损伤、中毒及操作并发症","63","63","2734","80233","19823449","2797","80296","19906479","5.69","4.43","7.31","5.59","238.07","2.48","2.23","11.2822","5.39","3.08","1","1","1","1","1","1","5.69 (4.43, 7.31)"
"No adverse event","Iopamidol","No adverse event","无不良事件","General disorders and administration site conditions","全身性疾病及给药部位各种反应","122","122","2675","166048","19737634","2797","166170","19906479","5.42","4.52","6.5","5.23","420.4","2.39","2.2","23.3481","5.14","2.99","1","1","1","1","1","1","5.42 (4.52, 6.50)"
"CONVULSION","Iopamidol","CONVULSION",,,,"42","42","2755","57176","19846506","2797","57218","19906479","5.29","3.9","7.18","5.23","143.89","2.39","2.07","8.0395","4.98","2.79","1","1","1","1","1","1","5.29 (3.90, 7.18)"
"CEREBRAL INFARCTION","Iopamidol","CEREBRAL INFARCTION","脑部梗死","Nervous system disorders","各类神经系统疾病","17","17","2780","23536","19880146","2797","23553","19906479","5.17","3.21","8.32","5.14","56.71","2.36","1.87","3.3094","4.59","2.38","1","1","1","1","1","1","5.17 (3.21, 8.32)"
"Urinary incontinence","Iopamidol","Urinary incontinence","尿失禁","Renal and urinary disorders","肾脏及泌尿系统疾病","19","19","2778","28368","19875314","2797","28387","19906479","4.79","3.05","7.53","4.77","56.59","2.25","1.79","3.9886","4.34","2.28","1","1","1","1","1","1","4.79 (3.05, 7.53)"
"Acute respiratory failure","Iopamidol","Acute respiratory failure","急性呼吸衰竭","Respiratory, thoracic and mediastinal disorders","呼吸系统、胸及纵隔疾病","12","12","2785","18141","19885541","2797","18153","19906479","4.72","2.68","8.33","4.71","35.04","2.23","1.66","2.5506","4.1","2.03","1","1","1","1","1","1","4.72 (2.68, 8.33)"
"Pallor","Iopamidol","Pallor","苍白","Vascular disorders","血管与淋巴管类疾病","17","17","2780","26266","19877416","2797","26283","19906479","4.63","2.87","7.46","4.61","48.02","2.2","1.72","3.6929","4.17","2.17","1","1","1","1","1","1","4.63 (2.87, 7.46)"
"ALTERED STATE OF CONSCIOUSNESS","Iopamidol","ALTERED STATE OF CONSCIOUSNESS","意识状态改变","Nervous system disorders","各类神经系统疾病","13","13","2784","20269","19883413","2797","20282","19906479","4.58","2.66","7.9","4.56","36.19","2.19","1.63","2.8498","4.03","2.02","1","1","1","1","1","1","4.58 (2.66, 7.90)"
"Loss of consciousness","Iopamidol","Loss of consciousness","意识丧失","Nervous system disorders","各类神经系统疾病","73","73","2724","122322","19781360","2797","122395","19906479","4.33","3.43","5.47","4.25","182.22","2.09","1.85","17.1974","4.15","2.38","1","1","1","1","1","1","4.33 (3.43, 5.47)"
"CHEST DISCOMFORT","Iopamidol","CHEST DISCOMFORT","胸部不适","General disorders and administration site conditions","全身性疾病及给药部位各种反应","56","56","2741","96304","19807378","2797","96360","19906479","4.2","3.22","5.48","4.14","133.83","2.05","1.78","13.5393","4.02","2.29","1","1","1","1","1","1","4.20 (3.22, 5.48)"
"Feeling hot","Iopamidol","Feeling hot","感觉热","General disorders and administration site conditions","全身性疾病及给药部位各种反应","32","32","2765","58848","19844834","2797","58880","19906479","3.9","2.75","5.53","3.87","68.26","1.95","1.6","8.2731","3.7","2.04","1","1","1","1","1","1","3.90 (2.75, 5.53)"
"Flushing","Iopamidol","Flushing","潮红","Vascular disorders","血管与淋巴管类疾病","52","52","2745","98155","19805527","2797","98207","19906479","3.82","2.91","5.03","3.77","106.3","1.91","1.63","13.7988","3.67","2.08","1","1","1","1","1","1","3.82 (2.91, 5.03)"
"VESSEL PUNCTURE SITE DISCHARGE","Ioversol","VESSEL PUNCTURE SITE DISCHARGE","血管穿刺部位分泌物","General disorders and administration site conditions","全身性疾病及给药部位各种反应","3","3","3269","1","19903206","3272","4","19906479","18265.41","1899.4","175647.95","18248.66","13685","12.16","9.85","0.0007","6.99","2.37","1","1","1","1","1","1","18,265.41 (1,899.40, 175,647.95)"
"Air embolism","Ioversol","Air embolism","空气栓塞","Vascular disorders","血管与淋巴管类疾病","48","48","3224","407","19902800","3272","455","19906479","728.06","538.76","983.86","717.39","30717.03","9.33","9.02","0.0748","84.38","47.63","1","1","1","1","1","1","728.06 (538.76, 983.86)"
"Contrast encephalopathy","Ioversol","Contrast encephalopathy","造影剂脑病","Injury, poisoning and procedural complications","各类损伤、中毒及操作并发症","16","16","3256","214","19902993","3272","230","19906479","457.03","274.68","760.43","454.8","6740.85","8.73","8.21","0.0378","30.68","15.81","1","1","1","1","1","1","457.03 (274.68, 760.43)"
"Laryngeal discomfort","Ioversol","Laryngeal discomfort","喉部不适","Respiratory, thoracic and mediastinal disorders","呼吸系统、胸及纵隔疾病","25","25","3247","575","19902632","3272","600","19906479","266.5","178.3","398.33","264.47","6288.7","7.99","7.58","0.0986","42.6","23.02","1","1","1","1","1","1","266.50 (178.30, 398.33)"
"PHARYNGOLARYNGEAL DISCOMFORT","Ioversol","PHARYNGOLARYNGEAL DISCOMFORT",,,,"3","3","3269","100","19903107","3272","103","19906479","182.65","57.89","576.26","182.49","525.71","7.47","6.3","0.0169","6.77","2.29","1","1","1","1","1","1","182.65 (57.89, 576.26)"
"CONTRAST MEDIA REACTION","Ioversol","CONTRAST MEDIA REACTION","造影剂反应","Immune system disorders","免疫系统疾病","62","62","3210","2196","19901011","3272","2258","19906479","175.04","135.67","225.83","171.74","10236.37","7.38","7.12","0.3711","71.74","40.96","1","1","1","1","1","1","175.04 (135.67, 225.83)"
"CORONARY ARTERY PERFORATION","Ioversol","CORONARY ARTERY PERFORATION","冠状动脉穿孔","Cardiac disorders","心脏器官疾病","3","3","3269","118","19903089","3272","121","19906479","154.79","49.19","487.11","154.65","446.62","7.24","6.07","0.0199","6.73","2.28","1","1","1","1","1","1","154.79 (49.19, 487.11)"
"Primary hypothyroidism","Ioversol","Primary hypothyroidism","原发性甲状腺功能减退症","Endocrine disorders","内分泌系统疾病","4","4","3268","182","19903025","3272","186","19906479","133.85","49.67","360.7","133.69","515.47","7.03","6.02","0.0306","8.48","3.2","1","1","1","1","1","1","133.85 (49.67, 360.70)"
"NEPHROPATHY TOXIC","Ioversol","NEPHROPATHY TOXIC","中毒性肾病","Renal and urinary disorders","肾脏及泌尿系统疾病","179","179","3093","10225","19892982","3272","10404","19906479","112.59","96.72","131.07","106.49","18392.78","6.71","6.55","1.7101","81.22","47.59","1","1","1","1","1","1","112.59 (96.72, 131.07)"
"Post procedural hypothyroidism","Ioversol","Post procedural hypothyroidism","操作后甲状腺功能减退症","Injury, poisoning and procedural complications","各类损伤、中毒及操作并发症","3","3","3269","197","19903010","3272","200","19906479","92.72","29.63","290.11","92.63","267.85","6.51","5.35","0.0329","6.57","2.22","1","1","1","1","1","1","92.72 (29.63, 290.11)"
"Contrast media allergy","Ioversol","Contrast media allergy","造影剂过敏","Immune system disorders","免疫系统疾病","21","21","3251","1568","19901639","3272","1589","19906479","81.99","53.23","126.28","81.47","1647.14","6.33","5.89","0.2612","28.25","15.01","1","1","1","1","1","1","81.99 (53.23, 126.28)"
"Oral pruritus","Ioversol","Oral pruritus","口腔瘙痒","Gastrointestinal disorders","胃肠系统疾病","28","28","3244","2124","19901083","3272","2152","19906479","80.87","55.61","117.6","80.19","2161.38","6.31","5.92","0.3537","33.38","18.21","1","1","1","1","1","1","80.87 (55.61, 117.60)"
"Anaphylactoid shock","Ioversol","Anaphylactoid shock","类过敏性休克","Immune system disorders","免疫系统疾病","6","6","3266","455","19902752","3272","461","19906479","80.36","35.89","179.95","80.21","463.26","6.31","5.48","0.0758","11.29","4.83","1","1","1","1","1","1","80.36 (35.89, 179.95)"
"SEPTIC ARTHRITIS STAPHYLOCOCCAL","Ioversol","SEPTIC ARTHRITIS STAPHYLOCOCCAL","葡萄球菌性脓毒性关节炎","Infections and infestations","感染及侵染类疾病","4","4","3268","333","19902874","3272","337","19906479","73.16","27.28","196.18","73.07","280.96","6.17","5.17","0.0554","8.1","3.06","1","1","1","1","1","1","73.16 (27.28, 196.18)"
"SNEEZING","Ioversol","SNEEZING","喷嚏","Respiratory, thoracic and mediastinal disorders","呼吸系统、胸及纵隔疾病","200","200","3072","20971","19882236","3272","21171","19906479","61.72","53.46","71.26","58.01","11111.88","5.84","5.7","3.4798","50.38","29.56","1","1","1","1","1","1","61.72 (53.46, 71.26)"
"Type I hypersensitivity","Ioversol","Type I hypersensitivity","I型超敏反应","Immune system disorders","免疫系统疾病","31","31","3241","3116","19900091","3272","3147","19906479","61.09","42.81","87.16","60.52","1796.93","5.91","5.54","0.5173","30.97","17.02","1","1","1","1","1","1","61.09 (42.81, 87.16)"
"Laryngeal oedema","Ioversol","Laryngeal oedema","喉水肿","Respiratory, thoracic and mediastinal disorders","呼吸系统、胸及纵隔疾病","54","54","3218","5821","19897386","3272","5875","19906479","57.36","43.78","75.15","56.43","2913.98","5.81","5.53","0.9657","37.18","21.11","1","1","1","1","1","1","57.36 (43.78, 75.15)"
"PHARYNGEAL HYPOAESTHESIA","Ioversol","PHARYNGEAL HYPOAESTHESIA","咽感觉减退","Respiratory, thoracic and mediastinal disorders","呼吸系统、胸及纵隔疾病","7","7","3265","877","19902330","3272","884","19906479","48.65","23.11","102.44","48.55","323.44","5.59","4.83","0.1453","11.62","5.17","1","1","1","1","1","1","48.65 (23.11, 102.44)"
"TONGUE PRURITUS","Ioversol","TONGUE PRURITUS","舌痒","Gastrointestinal disorders","胃肠系统疾病","6","6","3266","755","19902452","3272","761","19906479","48.43","21.67","108.22","48.34","275.99","5.58","4.76","0.1251","10.4","4.45","1","1","1","1","1","1","48.43 (21.67, 108.22)"
"Blood pressure immeasurable","Ioversol","Blood pressure immeasurable","血压不可测","Investigations","各类检查","11","11","3261","1469","19901738","3272","1480","19906479","45.7","25.23","82.79","45.55","475.76","5.5","4.89","0.2433","15.47","7.54","1","1","1","1","1","1","45.70 (25.23, 82.79)"
"Anaphylactic shock","Ioversol","Anaphylactic shock","过敏性休克","Immune system disorders","免疫系统疾病","169","169","3103","23938","19879269","3272","24107","19906479","45.23","38.72","52.83","42.94","6883.37","5.41","5.26","3.9624","37.98","22.24","1","1","1","1","1","1","45.23 (38.72, 52.83)"
"Extravasation","Ioversol","Extravasation","外渗","General disorders and administration site conditions","全身性疾病及给药部位各种反应","29","29","3243","3937","19899270","3272","3966","19906479","45.2","31.32","65.23","44.81","1233.2","5.48","5.1","0.6519","25.61","14.01","1","1","1","1","1","1","45.20 (31.32, 65.23)"
"Anal sphincter atony","Ioversol","Anal sphincter atony","肛门括约肌张力缺乏","Gastrointestinal disorders","胃肠系统疾病","3","3","3269","418","19902789","3272","421","19906479","43.7","14.03","136.11","43.66","124.15","5.44","4.28","0.0692","6.15","2.08","1","1","1","1","1","1","43.70 (14.03, 136.11)"
"ANAPHYLACTOID REACTION","Ioversol","ANAPHYLACTOID REACTION","类过敏反应","Immune system disorders","免疫系统疾病","28","28","3244","3935","19899272","3272","3963","19906479","43.65","30.05","63.4","43.28","1148.64","5.43","5.04","0.6514","24.75","13.5","1","1","1","1","1","1","43.65 (30.05, 63.40)"
"CARDIAC PROCEDURE COMPLICATION","Ioversol","CARDIAC PROCEDURE COMPLICATION","心脏操作并发症","Injury, poisoning and procedural complications","各类损伤、中毒及操作并发症","4","4","3268","602","19902605","3272","606","19906479","40.47","15.13","108.24","40.42","152.76","5.33","4.32","0.0996","7.5","2.84","1","1","1","1","1","1","40.47 (15.13, 108.24)"
"NO REACTION ON PREVIOUS EXPOSURE TO DRUG","Ioversol","NO REACTION ON PREVIOUS EXPOSURE TO DRUG","既往对药物暴露无反应","General disorders and administration site conditions","全身性疾病及给药部位各种反应","3","3","3269","515","19902692","3272","518","19906479","35.47","11.39","110.39","35.43","99.81","5.14","3.98","0.0851","5.98","2.03","1","1","1","1","1","1","35.47 (11.39, 110.39)"
"Throat tightness","Ioversol","Throat tightness","咽喉缩紧感","Respiratory, thoracic and mediastinal disorders","呼吸系统、胸及纵隔疾病","133","133","3139","25549","19877658","3272","25682","19906479","32.96","27.7","39.23","31.67","3934.34","4.98","4.8","4.2213","28.28","16.49","1","1","1","1","1","1","32.96 (27.70, 39.23)"
"FOAMING AT MOUTH","Ioversol","FOAMING AT MOUTH","口吐白沫","General disorders and administration site conditions","全身性疾病及给药部位各种反应","10","10","3262","1923","19901284","3272","1933","19906479","31.73","17.03","59.12","31.63","295.13","4.98","4.34","0.3177","12.84","6.15","1","1","1","1","1","1","31.73 (17.03, 59.12)"
"Throat irritation","Ioversol","Throat irritation","咽喉刺激","Respiratory, thoracic and mediastinal disorders","呼吸系统、胸及纵隔疾病","204","204","3068","41960","19861247","3272","42164","19906479","31.47","27.31","36.28","29.57","5616.56","4.88","4.73","6.9304","27.52","16.15","1","1","1","1","1","1","31.47 (27.31, 36.28)"
"INJECTION SITE OEDEMA","Ioversol","INJECTION SITE OEDEMA","注射部位水肿","General disorders and administration site conditions","全身性疾病及给药部位各种反应","8","8","3264","1631","19901576","3272","1639","19906479","29.91","14.92","59.96","29.84","221.89","4.89","4.18","0.2694","11.05","5.06","1","1","1","1","1","1","29.91 (14.92, 59.96)"
"ELECTROMECHANICAL DISSOCIATION","Ioversol","ELECTROMECHANICAL DISSOCIATION",,,,"4","4","3268","827","19902380","3272","831","19906479","29.46","11.02","78.72","29.42","109.3","4.87","3.87","0.1366","7.07","2.67","1","1","1","1","1","1","29.46 (11.02, 78.72)"
"BRONCHOSPASM","Ioversol","BRONCHOSPASM","支气管痉挛","Respiratory, thoracic and mediastinal disorders","呼吸系统、胸及纵隔疾病","58","58","3214","13664","19889543","3272","13722","19906479","26.27","20.25","34.08","25.82","1378.92","4.68","4.42","2.2555","21.23","12.09","1","1","1","1","1","1","26.27 (20.25, 34.08)"
"Pharyngeal oedema","Ioversol","Pharyngeal oedema","咽部水肿","Respiratory, thoracic and mediastinal disorders","呼吸系统、胸及纵隔疾病","63","63","3209","15179","19888028","3272","15242","19906479","25.72","20.04","33.02","25.25","1462.1","4.65","4.4","2.5053","21.13","12.07","1","1","1","1","1","1","25.72 (20.04, 33.02)"
"Papule","Ioversol","Papule","丘疹","Skin and subcutaneous tissue disorders","皮肤及皮下组织类疾病","26","26","3246","6486","19896721","3272","6512","19906479","24.57","16.69","36.17","24.38","580.91","4.6","4.21","1.0704","16.88","9.15","1","1","1","1","1","1","24.57 (16.69, 36.17)"
"URTICARIA","Ioversol","URTICARIA","荨麻疹","Skin and subcutaneous tissue disorders","皮肤及皮下组织类疾病","528","528","2744","155506","19747701","3272","156034","19906479","24.44","22.26","26.82","20.65","9919.02","4.36","4.27","25.6471","20.21","11.96","1","1","1","1","1","1","24.44 (22.26, 26.82)"
"HYPERAEMIA","Ioversol","HYPERAEMIA","充血","Vascular disorders","血管与淋巴管类疾病","7","7","3265","1868","19901339","3272","1875","19906479","22.84","10.87","48.02","22.79","145.34","4.51","3.75","0.3082","9.28","4.13","1","1","1","1","1","1","22.84 (10.87, 48.02)"
"Cyanosis","Ioversol","Cyanosis","发绀","Vascular disorders","血管与淋巴管类疾病","54","54","3218","15093","19888114","3272","15147","19906479","22.11","16.89","28.95","21.76","1066.71","4.44","4.16","2.4897","18.23","10.35","1","1","1","1","1","1","22.11 (16.89, 28.95)"
"Eyelid oedema","Ioversol","Eyelid oedema","眼睑水肿","Eye disorders","眼器官疾病","40","40","3232","11340","19891867","3272","11380","19906479","21.71","15.89","29.67","21.46","777.82","4.42","4.1","1.8705","17.08","9.55","1","1","1","1","1","1","21.71 (15.89, 29.67)"
"PROCEDURAL COMPLICATION","Ioversol","PROCEDURAL COMPLICATION","操作并发症","Injury, poisoning and procedural complications","各类损伤、中毒及操作并发症","25","25","3247","7427","19895780","3272","7452","19906479","20.63","13.91","30.59","20.48","461.73","4.35","3.95","1.2249","14.78","7.99","1","1","1","1","1","1","20.63 (13.91, 30.59)"
"Tongue oedema","Ioversol","Tongue oedema","舌水肿","Gastrointestinal disorders","胃肠系统疾病","12","12","3260","3656","19899551","3272","3668","19906479","20.04","11.36","35.35","19.97","215.52","4.31","3.74","0.6029","11.33","5.6","1","1","1","1","1","1","20.04 (11.36, 35.35)"
"COMPARTMENT SYNDROME","Ioversol","COMPARTMENT SYNDROME","骨筋膜室综合征","Musculoskeletal and connective tissue disorders","各种肌肉骨骼及结缔组织疾病","8","8","3264","2507","19900700","3272","2515","19906479","19.46","9.71","38.98","19.41","139.27","4.27","3.57","0.4134","9.31","4.26","1","1","1","1","1","1","19.46 (9.71, 38.98)"
"Acute generalised exanthematous pustulosis","Ioversol","Acute generalised exanthematous pustulosis","急性泛发性发疹性脓疱病","Skin and subcutaneous tissue disorders","皮肤及皮下组织类疾病","23","23","3249","7264","19895943","3272","7287","19906479","19.39","12.86","29.24","19.26","397.07","4.26","3.84","1.1978","13.84","7.42","1","1","1","1","1","1","19.39 (12.86, 29.24)"
"SIALOADENITIS","Ioversol","SIALOADENITIS","涎腺炎","Infections and infestations","感染及侵染类疾病","4","4","3268","1262","19901945","3272","1266","19906479","19.3","7.23","51.54","19.28","69.11","4.26","3.26","0.2081","6.36","2.4","1","1","1","1","1","1","19.30 (7.23, 51.54)"
"IATROGENIC INJURY","Ioversol","IATROGENIC INJURY","医源性损伤","Injury, poisoning and procedural complications","各类损伤、中毒及操作并发症","4","4","3268","1268","19901939","3272","1272","19906479","19.21","7.19","51.3","19.19","68.75","4.26","3.26","0.2091","6.35","2.4","1","1","1","1","1","1","19.21 (7.19, 51.30)"
"ELECTROCARDIOGRAM ST SEGMENT ELEVATION","Ioversol","ELECTROCARDIOGRAM ST SEGMENT ELEVATION","心电图ST段抬高","Investigations","各类检查","10","10","3262","3206","19900001","3272","3216","19906479","19.03","10.22","35.43","18.97","169.76","4.24","3.61","0.5286","10.21","4.89","1","1","1","1","1","1","19.03 (10.22, 35.43)"
"Ear pruritus","Ioversol","Ear pruritus","耳瘙痒","Ear and labyrinth disorders","耳及迷路类疾病","9","9","3263","3182","19900025","3272","3191","19906479","17.25","8.96","33.21","17.2","137","4.1","3.43","0.5245","9.27","4.35","1","1","1","1","1","1","17.25 (8.96, 33.21)"
"Injection site extravasation","Ioversol","Injection site extravasation","注射部位外渗","General disorders and administration site conditions","全身性疾病及给药部位各种反应","34","34","3238","12123","19891084","3272","12157","19906479","17.23","12.28","24.17","17.06","512.91","4.09","3.74","1.9982","13.81","7.64","1","1","1","1","1","1","17.23 (12.28, 24.17)"
"PARAESTHESIA ORAL","Ioversol","PARAESTHESIA ORAL","口部异常感觉","Gastrointestinal disorders","胃肠系统疾病","36","36","3236","13551","19889656","3272","13587","19906479","16.33","11.75","22.69","16.16","510.98","4.01","3.68","2.2333","13.35","7.42","1","1","1","1","1","1","16.33 (11.75, 22.69)"
"PERIORBITAL OEDEMA","Ioversol","PERIORBITAL OEDEMA","眼眶周围水肿","Eye disorders","眼器官疾病","13","13","3259","4902","19898305","3272","4915","19906479","16.19","9.38","27.94","16.13","184.08","4.01","3.45","0.8079","10.32","5.17","1","1","1","1","1","1","16.19 (9.38, 27.94)"
"EYE PRURITUS","Ioversol","EYE PRURITUS","眼睛瘙痒","Eye disorders","眼器官疾病","78","78","3194","30221","19872986","3272","30299","19906479","16.06","12.82","20.11","15.7","1072.43","3.97","3.74","4.9802","14.32","8.24","1","1","1","1","1","1","16.06 (12.82, 20.11)"
"Face oedema","Ioversol","Face oedema","面部水肿","General disorders and administration site conditions","全身性疾病及给药部位各种反应","41","41","3231","16226","19886981","3272","16267","19906479","15.55","11.43","21.17","15.37","549.91","3.94","3.62","2.6738","13.08","7.32","1","1","1","1","1","1","15.55 (11.43, 21.17)"
"Shock","Ioversol","Shock","休克","Vascular disorders","血管与淋巴管类疾病","53","53","3219","21463","19881744","3272","21516","19906479","15.25","11.62","20.01","15.02","692.67","3.91","3.63","3.5366","13.25","7.52","1","1","1","1","1","1","15.25 (11.62, 20.01)"
"ACCIDENTAL EXPOSURE","Ioversol","ACCIDENTAL EXPOSURE",,,,"10","10","3262","4149","19899058","3272","4159","19906479","14.7","7.9","27.37","14.66","127.01","3.87","3.24","0.6836","8.87","4.25","1","1","1","1","1","1","14.70 (7.90, 27.37)"
"HYPOAESTHESIA ORAL","Ioversol","HYPOAESTHESIA ORAL","口腔感觉减退","Gastrointestinal disorders","胃肠系统疾病","33","33","3239","14348","19888859","3272","14381","19906479","14.12","10.02","19.91","13.99","397.42","3.8","3.45","2.3638","11.7","6.46","1","1","1","1","1","1","14.12 (10.02, 19.91)"
"LARYNGOSPASM","Ioversol","LARYNGOSPASM","喉痉挛","Respiratory, thoracic and mediastinal disorders","呼吸系统、胸及纵隔疾病","6","6","3266","2602","19900605","3272","2608","19906479","14.05","6.3","31.33","14.03","72.43","3.81","2.99","0.4287","7","2.99","1","1","1","1","1","1","14.05 (6.30, 31.33)"
"GENERALISED ERYTHEMA","Ioversol","GENERALISED ERYTHEMA",,,,"13","13","3259","5677","19897530","3272","5690","19906479","13.98","8.1","24.12","13.93","155.7","3.8","3.24","0.9353","9.41","4.71","1","1","1","1","1","1","13.98 (8.10, 24.12)"
"OROPHARYNGEAL DISCOMFORT","Ioversol","OROPHARYNGEAL DISCOMFORT","口咽不适感","Respiratory, thoracic and mediastinal disorders","呼吸系统、胸及纵隔疾病","18","18","3254","8276","19894931","3272","8294","19906479","13.3","8.36","21.14","13.23","203.14","3.72","3.25","1.3633","9.93","5.19","1","1","1","1","1","1","13.30 (8.36, 21.14)"
"PULSE ABSENT","Ioversol","PULSE ABSENT","脉搏消失","Investigations","各类检查","10","10","3262","4612","19898595","3272","4622","19906479","13.23","7.11","24.62","13.19","112.43","3.72","3.08","0.7597","8.34","3.99","1","1","1","1","1","1","13.23 (7.11, 24.62)"
"Oedema mouth","Ioversol","Oedema mouth","口水肿","Gastrointestinal disorders","胃肠系统疾病","7","7","3265","3236","19899971","3272","3243","19906479","13.18","6.28","27.7","13.16","78.48","3.72","2.96","0.533","7.26","3.23","1","1","1","1","1","1","13.18 (6.28, 27.70)"
"Ventricular fibrillation","Ioversol","Ventricular fibrillation","室颤","Cardiac disorders","心脏器官疾病","22","22","3250","10582","19892625","3272","10604","19906479","12.73","8.36","19.36","12.65","235.59","3.66","3.23","1.743","10.03","5.36","1","1","1","1","1","1","12.73 (8.36, 19.36)"
"INJECTION SITE NECROSIS","Ioversol","INJECTION SITE NECROSIS","注射部位坏死","General disorders and administration site conditions","全身性疾病及给药部位各种反应","4","4","3268","1972","19901235","3272","1976","19906479","12.35","4.63","32.96","12.34","41.6","3.62","2.62","0.3248","5.46","2.06","1","1","1","1","1","1","12.35 (4.63, 32.96)"
"Localised oedema","Ioversol","Localised oedema","局部水肿","General disorders and administration site conditions","全身性疾病及给药部位各种反应","9","9","3263","4448","19898759","3272","4457","19906479","12.34","6.41","23.75","12.31","93.34","3.62","2.95","0.7326","7.71","3.62","1","1","1","1","1","1","12.34 (6.41, 23.75)"
"LIP OEDEMA","Ioversol","LIP OEDEMA","唇部水肿","Gastrointestinal disorders","胃肠系统疾病","8","8","3264","4025","19899182","3272","4033","19906479","12.12","6.05","24.27","12.09","81.24","3.59","2.88","0.6629","7.31","3.35","1","1","1","1","1","1","12.12 (6.05, 24.27)"
"ANAPHYLACTIC REACTION","Ioversol","ANAPHYLACTIC REACTION","速发严重过敏反应","Immune system disorders","免疫系统疾病","94","94","3178","51317","19851890","3272","51411","19906479","11.44","9.32","14.05","11.14","868.47","3.48","3.27","8.4504","10.56","6.11","1","1","1","1","1","1","11.44 (9.32, 14.05)"
"EYE SWELLING","Ioversol","EYE SWELLING","眼肿","Eye disorders","眼器官疾病","63","63","3209","35176","19868031","3272","35239","19906479","11.09","8.64","14.23","10.89","566.12","3.44","3.19","5.7922","10.09","5.76","1","1","1","1","1","1","11.09 (8.64, 14.23)"
"INJECTION SITE VESICLES","Ioversol","INJECTION SITE VESICLES","注射部位囊泡","General disorders and administration site conditions","全身性疾病及给药部位各种反应","10","10","3262","5601","19897606","3272","5611","19906479","10.89","5.85","20.27","10.86","89.39","3.44","2.8","0.9223","7.38","3.54","1","1","1","1","1","1","10.89 (5.85, 20.27)"
"DRUG ADMINISTRATION ERROR","Ioversol","DRUG ADMINISTRATION ERROR",,,,"52","52","3220","30639","19872568","3272","30691","19906479","10.47","7.96","13.78","10.32","437.81","3.37","3.09","5.0446","9.47","5.37","1","1","1","1","1","1","10.47 (7.96, 13.78)"
"CHEST DISCOMFORT","Ioversol","CHEST DISCOMFORT","胸部不适","General disorders and administration site conditions","全身性疾病及给药部位各种反应","157","157","3115","96203","19807004","3272","96360","19906479","10.38","8.84","12.18","9.93","1264.43","3.31","3.15","15.8386","9.64","5.64","1","1","1","1","1","1","10.38 (8.84, 12.18)"
"Nephropathy","Ioversol","Nephropathy","肾病","Renal and urinary disorders","肾脏及泌尿系统疾病","15","15","3257","8979","19894228","3272","8994","19906479","10.2","6.14","16.95","10.16","123.75","3.34","2.82","1.4783","7.83","4","1","1","1","1","1","1","10.20 (6.14, 16.95)"
"OXYGEN SATURATION DECREASED","Ioversol","OXYGEN SATURATION DECREASED","血氧饱和度降低","Investigations","各类检查","82","82","3190","52283","19850924","3272","52365","19906479","9.76","7.84","12.15","9.54","627.57","3.25","3.03","8.6072","9.06","5.22","1","1","1","1","1","1","9.76 (7.84, 12.15)"
"RASH MACULO-PAPULAR","Ioversol","RASH MACULO-PAPULAR","斑丘疹","Skin and subcutaneous tissue disorders","皮肤及皮下组织类疾病","33","33","3239","20908","19882299","3272","20941","19906479","9.69","6.87","13.66","9.6","254.13","3.26","2.91","3.442","8.5","4.69","1","1","1","1","1","1","9.69 (6.87, 13.66)"
"LIP SWELLING","Ioversol","LIP SWELLING","唇部肿胀","Gastrointestinal disorders","胃肠系统疾病","49","49","3223","31533","19871674","3272","31582","19906479","9.58","7.22","12.71","9.45","370.36","3.24","2.95","5.1911","8.7","4.91","1","1","1","1","1","1","9.58 (7.22, 12.71)"
"CARDIO-RESPIRATORY ARREST","Ioversol","CARDIO-RESPIRATORY ARREST","心脏呼吸骤停","Cardiac disorders","心脏器官疾病","62","62","3210","40476","19862731","3272","40538","19906479","9.48","7.37","12.19","9.32","460.58","3.22","2.96","6.6632","8.73","4.98","1","1","1","1","1","1","9.48 (7.37, 12.19)"
"Nasal discomfort","Ioversol","Nasal discomfort","鼻部不适","Respiratory, thoracic and mediastinal disorders","呼吸系统、胸及纵隔疾病","11","11","3261","7633","19895574","3272","7644","19906479","8.79","4.86","15.9","8.77","75.6","3.13","2.53","1.2564","6.55","3.19","1","1","1","1","1","1","8.79 (4.86, 15.90)"
"TONGUE DISORDER","Ioversol","TONGUE DISORDER","舌病","Gastrointestinal disorders","胃肠系统疾病","10","10","3262","7010","19896197","3272","7020","19906479","8.7","4.68","16.19","8.68","67.85","3.12","2.48","1.1539","6.35","3.04","1","1","1","1","1","1","8.70 (4.68, 16.19)"
"Respiratory distress","Ioversol","Respiratory distress","呼吸窘迫","Respiratory, thoracic and mediastinal disorders","呼吸系统、胸及纵隔疾病","36","36","3236","26374","19876833","3272","26410","19906479","8.38","6.04","11.65","8.3","231.24","3.05","2.72","4.341","7.54","4.19","1","1","1","1","1","1","8.38 (6.04, 11.65)"
"POST PROCEDURAL COMPLICATION","Ioversol","POST PROCEDURAL COMPLICATION","操作后并发症","Injury, poisoning and procedural complications","各类损伤、中毒及操作并发症","25","25","3247","18598","19884609","3272","18623","19906479","8.23","5.55","12.2","8.18","157.41","3.03","2.63","3.061","7.16","3.87","1","1","1","1","1","1","8.23 (5.55, 12.20)"
"PRURITUS","Ioversol","PRURITUS","瘙痒","Skin and subcutaneous tissue disorders","皮肤及皮下组织类疾病","416","416","2856","349446","19553761","3272","349862","19906479","8.15","7.35","9.03","7.24","2275.2","2.85","2.75","57.5063","7.18","4.24","1","1","1","1","1","1","8.15 (7.35, 9.03)"
"Swollen tongue","Ioversol","Swollen tongue","肿舌","Gastrointestinal disorders","胃肠系统疾病","39","39","3233","29733","19873474","3272","29772","19906479","8.06","5.88","11.06","7.98","238.1","2.99","2.67","4.8936","7.32","4.09","1","1","1","1","1","1","8.06 (5.88, 11.06)"
"Pallor","Ioversol","Pallor","苍白","Vascular disorders","血管与淋巴管类疾病","34","34","3238","26249","19876958","3272","26283","19906479","7.95","5.67","11.15","7.88","204.21","2.98","2.63","4.3201","7.16","3.96","1","1","1","1","1","1","7.95 (5.67, 11.15)"
"Blood pressure decreased","Ioversol","Blood pressure decreased","血压降低","Investigations","各类检查","80","80","3192","63199","19840008","3272","63279","19906479","7.87","6.3","9.82","7.7","467.28","2.94","2.72","10.4011","7.38","4.25","1","1","1","1","1","1","7.87 (6.30, 9.82)"
"Mouth swelling","Ioversol","Mouth swelling","口肿胀","Gastrointestinal disorders","胃肠系统疾病","7","7","3265","5419","19897788","3272","5426","19906479","7.87","3.75","16.53","7.86","41.85","2.97","2.22","0.8919","5.39","2.4","1","1","1","1","1","1","7.87 (3.75, 16.53)"
"Sensation of foreign body","Ioversol","Sensation of foreign body","异物感","General disorders and administration site conditions","全身性疾病及给药部位各种反应","10","10","3262","7794","19895413","3272","7804","19906479","7.83","4.2","14.56","7.8","59.27","2.96","2.33","1.2827","5.89","2.82","1","1","1","1","1","1","7.83 (4.20, 14.56)"
"UNRESPONSIVE TO STIMULI","Ioversol","UNRESPONSIVE TO STIMULI","刺激反应消失","Nervous system disorders","各类神经系统疾病","31","31","3241","24347","19878860","3272","24378","19906479","7.81","5.48","11.13","7.75","182.09","2.95","2.59","4.007","6.99","3.84","1","1","1","1","1","1","7.81 (5.48, 11.13)"
"Ocular hyperaemia","Ioversol","Ocular hyperaemia","眼充血","Eye disorders","眼器官疾病","54","54","3218","43436","19859771","3272","43490","19906479","7.67","5.86","10.04","7.56","307.8","2.92","2.64","7.1484","7.13","4.04","1","1","1","1","1","1","7.67 (5.86, 10.04)"
"Pruritus generalised","Ioversol","Pruritus generalised",,,,"27","27","3245","21561","19881646","3272","21588","19906479","7.67","5.25","11.21","7.62","155.19","2.93","2.54","3.5484","6.79","3.69","1","1","1","1","1","1","7.67 (5.25, 11.21)"
"Toxic skin eruption","Ioversol","Toxic skin eruption","中毒性皮疹","Skin and subcutaneous tissue disorders","皮肤及皮下组织类疾病","12","12","3260","9656","19893551","3272","9668","19906479","7.58","4.3","13.37","7.56","68.25","2.92","2.34","1.5891","5.98","2.96","1","1","1","1","1","1","7.58 (4.30, 13.37)"
"Respiratory arrest","Ioversol","Respiratory arrest","呼吸停止","Respiratory, thoracic and mediastinal disorders","呼吸系统、胸及纵隔疾病","33","33","3239","26947","19876260","3272","26980","19906479","7.51","5.33","10.59","7.45","184.28","2.9","2.55","4.4347","6.79","3.75","1","1","1","1","1","1","7.51 (5.33, 10.59)"
"NASAL CONGESTION","Ioversol","NASAL CONGESTION","鼻充血","Respiratory, thoracic and mediastinal disorders","呼吸系统、胸及纵隔疾病","66","66","3206","54900","19848307","3272","54966","19906479","7.44","5.83","9.5","7.31","360.23","2.87","2.62","9.0347","6.97","3.99","1","1","1","1","1","1","7.44 (5.83, 9.50)"
"RASH GENERALISED","Ioversol","RASH GENERALISED",,,,"31","31","3241","25804","19877403","3272","25835","19906479","7.37","5.17","10.5","7.31","168.8","2.87","2.51","4.2465","6.64","3.65","1","1","1","1","1","1","7.37 (5.17, 10.50)"
"LACRIMATION INCREASED","Ioversol","LACRIMATION INCREASED","流泪增加","Eye disorders","眼器官疾病","32","32","3240","27944","19875263","3272","27976","19906479","7.02","4.96","9.95","6.97","163.54","2.8","2.44","4.5984","6.37","3.51","1","1","1","1","1","1","7.02 (4.96, 9.95)"
"WHEEZING","Ioversol","WHEEZING","哮鸣","Respiratory, thoracic and mediastinal disorders","呼吸系统、胸及纵隔疾病","61","61","3211","54175","19849032","3272","54236","19906479","6.96","5.4","8.97","6.85","305.2","2.77","2.52","8.9147","6.53","3.73","1","1","1","1","1","1","6.96 (5.40, 8.97)"
"Pharyngeal swelling","Ioversol","Pharyngeal swelling","咽部肿胀","Respiratory, thoracic and mediastinal disorders","呼吸系统、胸及纵隔疾病","10","10","3262","8804","19894403","3272","8814","19906479","6.93","3.72","12.89","6.91","50.5","2.79","2.15","1.4487","5.39","2.58","1","1","1","1","1","1","6.93 (3.72, 12.89)"
"ERYTHEMA","Ioversol","ERYTHEMA","红斑","Skin and subcutaneous tissue disorders","皮肤及皮下组织类疾病","202","202","3070","195130","19708077","3272","195332","19906479","6.65","5.76","7.66","6.3","908.06","2.65","2.51","32.1064","6.21","3.64","1","1","1","1","1","1","6.65 (5.76, 7.66)"
"Retching","Ioversol","Retching","干呕","Gastrointestinal disorders","胃肠系统疾病","21","21","3251","20195","19883012","3272","20216","19906479","6.36","4.14","9.77","6.33","94.15","2.66","2.22","3.3229","5.62","2.99","1","1","1","1","1","1","6.36 (4.14, 9.77)"
"Eosinophilia","Ioversol","Eosinophilia","嗜酸性粒细胞增多症","Blood and lymphatic system disorders","血液及淋巴系统疾病","17","17","3255","16373","19886834","3272","16390","19906479","6.34","3.94","10.22","6.32","76.04","2.66","2.17","2.694","5.48","2.84","1","1","1","1","1","1","6.34 (3.94, 10.22)"
"Renal failure chronic","Ioversol","Renal failure chronic",,,,"8","8","3264","7842","19895365","3272","7850","19906479","6.22","3.11","12.45","6.21","34.91","2.63","1.92","1.2903","4.75","2.18","1","1","1","1","1","1","6.22 (3.11, 12.45)"
"Dyspnoea","Ioversol","Dyspnoea","呼吸困难","Respiratory, thoracic and mediastinal disorders","呼吸系统、胸及纵隔疾病","442","442","2830","536312","19366895","3272","536754","19906479","5.64","5.1","6.23","5.01","1458.15","2.32","2.22","88.2255","4.99","2.95","1","1","1","1","1","1","5.64 (5.10, 6.23)"
"Petechiae","Ioversol","Petechiae","瘀点","Skin and subcutaneous tissue disorders","皮肤及皮下组织类疾病","9","9","3263","9807","19893400","3272","9816","19906479","5.59","2.91","10.77","5.58","33.84","2.48","1.81","1.6134","4.5","2.11","1","1","1","1","1","1","5.59 (2.91, 10.77)"
"ANGIOEDEMA","Ioversol","ANGIOEDEMA","血管性水肿","Skin and subcutaneous tissue disorders","皮肤及皮下组织类疾病","38","38","3234","41800","19861407","3272","41838","19906479","5.58","4.05","7.69","5.53","141.18","2.47","2.14","6.8769","5.22","2.91","1","1","1","1","1","1","5.58 (4.05, 7.69)"
"Incontinence","Ioversol","Incontinence","失禁","Renal and urinary disorders","肾脏及泌尿系统疾病","9","9","3263","10133","19893074","3272","10142","19906479","5.41","2.81","10.42","5.4","32.28","2.43","1.76","1.667","4.38","2.06","1","1","1","1","1","1","5.41 (2.81, 10.42)"
"Dysphonia","Ioversol","Dysphonia","发声困难","Respiratory, thoracic and mediastinal disorders","呼吸系统、胸及纵隔疾病","48","48","3224","55363","19847844","3272","55411","19906479","5.34","4.01","7.1","5.27","166.57","2.4","2.11","9.1078","5.05","2.85","1","1","1","1","1","1","5.34 (4.01, 7.10)"
"Circulatory collapse","Ioversol","Circulatory collapse","循环性虚脱","Vascular disorders","血管与淋巴管类疾病","14","14","3258","16394","19886813","3272","16408","19906479","5.21","3.08","8.81","5.19","47.42","2.38","1.84","2.697","4.54","2.3","1","1","1","1","1","1","5.21 (3.08, 8.81)"
"COLD SWEAT","Ioversol","COLD SWEAT","冷汗","Skin and subcutaneous tissue disorders","皮肤及皮下组织类疾病","14","14","3258","16935","19886272","3272","16949","19906479","5.05","2.98","8.53","5.03","45.19","2.33","1.79","2.7859","4.41","2.23","1","1","1","1","1","1","5.05 (2.98, 8.53)"
"Loss of consciousness","Ioversol","Loss of consciousness","意识丧失","Nervous system disorders","各类神经系统疾病","98","98","3174","122297","19780910","3272","122395","19906479","4.99","4.08","6.11","4.87","303.42","2.28","2.08","20.1179","4.78","2.77","1","1","1","1","1","1","4.99 (4.08, 6.11)"
"Feeling hot","Ioversol","Feeling hot","感觉热","General disorders and administration site conditions","全身性疾病及给药部位各种反应","47","47","3225","58833","19844374","3272","58880","19906479","4.92","3.69","6.56","4.86","144.38","2.28","1.99","9.678","4.67","2.63","1","1","1","1","1","1","4.92 (3.69, 6.56)"
"Swelling face","Ioversol","Swelling face","面部肿胀","General disorders and administration site conditions","全身性疾病及给药部位各种反应","49","49","3223","61798","19841409","3272","61847","19906479","4.88","3.68","6.47","4.82","148.84","2.27","1.98","10.1657","4.64","2.62","1","1","1","1","1","1","4.88 (3.68, 6.47)"
"HYPERSENSITIVITY","Ioversol","HYPERSENSITIVITY","超敏反应","Immune system disorders","免疫系统疾病","135","135","3137","174189","19729018","3272","174324","19906479","4.87","4.1","5.79","4.71","398.26","2.24","2.06","28.6534","4.65","2.71","1","1","1","1","1","1","4.87 (4.10, 5.79)"
"DRUG ERUPTION","Ioversol","DRUG ERUPTION","药疹","Skin and subcutaneous tissue disorders","皮肤及皮下组织类疾病","13","13","3259","16436","19886771","3272","16449","19906479","4.83","2.8","8.32","4.81","39.25","2.27","1.71","2.7037","4.21","2.11","1","1","1","1","1","1","4.83 (2.80, 8.32)"
"Depressed level of consciousness","Ioversol","Depressed level of consciousness","意识水平下降","Nervous system disorders","各类神经系统疾病","28","28","3244","37380","19865827","3272","37408","19906479","4.59","3.16","6.66","4.56","77.81","2.19","1.81","6.1487","4.29","2.34","1","1","1","1","1","1","4.59 (3.16, 6.66)"
"Cardiac arrest","Ioversol","Cardiac arrest","心脏停搏","Cardiac disorders","心脏器官疾病","59","59","3213","79505","19823702","3272","79564","19906479","4.58","3.54","5.92","4.51","161.93","2.17","1.91","13.0778","4.38","2.5","1","1","1","1","1","1","4.58 (3.54, 5.92)"
"TACHYCARDIA","Ioversol","TACHYCARDIA","心动过速","Cardiac disorders","心脏器官疾病","62","62","3210","84529","19818678","3272","84591","19906479","4.53","3.52","5.82","4.46","167.11","2.16","1.9","13.9041","4.34","2.48","1","1","1","1","1","1","4.53 (3.52, 5.82)"
"COUGH","Ioversol","COUGH","咳嗽","Respiratory, thoracic and mediastinal disorders","呼吸系统、胸及纵隔疾病","178","178","3094","263869","19639338","3272","264047","19906479","4.28","3.68","4.98","4.1","423.11","2.04","1.88","43.401","4.07","2.38","1","1","1","1","1","1","4.28 (3.68, 4.98)"
"Flushing","Ioversol","Flushing","潮红","Vascular disorders","血管与淋巴管类疾病","64","64","3208","98143","19805064","3272","98207","19906479","4.03","3.14","5.16","3.97","142.61","1.99","1.73","16.1421","3.88","2.22","1","1","1","1","1","1","4.03 (3.14, 5.16)"
"Rash erythematous","Ioversol","Rash erythematous","红色皮疹","Skin and subcutaneous tissue disorders","皮肤及皮下组织类疾病","28","28","3244","43047","19860160","3272","43075","19906479","3.98","2.74","5.78","3.96","61.96","1.98","1.6","7.0802","3.76","2.05","1","1","1","1","1","1","3.98 (2.74, 5.78)"
"Intravascular gas","POOLED","Intravascular gas","血管内气体","Vascular disorders","血管与淋巴管类疾病","6","6","14775","2","19891696","14781","8","19906479","4038.92","815.11","20013.21","4037.28","6052.93","9.98","8.35","0.0059","12.85","5.49","1","1","1","1","1","1","4,038.92 (815.11, 20,013.21)"
"VESSEL PUNCTURE SITE DISCHARGE","POOLED","VESSEL PUNCTURE SITE DISCHARGE","血管穿刺部位分泌物","General disorders and administration site conditions","全身性疾病及给药部位各种反应","3","3","14778","1","19891697","14781","4","19906479","4038.1","420","38824.27","4037.28","3026.46","9.98","7.67","0.003","6.96","2.36","1","1","1","1","1","1","4,038.10 (420.00, 38,824.27)"
"Contrast encephalopathy","POOLED","Contrast encephalopathy","造影剂脑病","Injury, poisoning and procedural complications","各类损伤、中毒及操作并发症","135","135","14646","95","19891603","14781","230","19906479","1930.02","1483.72","2510.56","1912.4","106526.69","9.63","9.36","0.1708","202","117.82","1","1","1","1","1","1","1,930.02 (1,483.72, 2,510.56)"
"Contrast media reaction","POOLED","Contrast media reaction","造影剂反应","Immune system disorders","免疫系统疾病","574","574","14207","1684","19890014","14781","2258","19906479","477.2","433.46","525.36","458.71","195533.66","8.42","8.32","1.6766","263.94","156.18","1","1","1","1","1","1","477.20 (433.46, 525.36)"
"Contrast media allergy","POOLED","Contrast media allergy","造影剂过敏","Immune system disorders","免疫系统疾病","365","365","14416","1224","19890474","14781","1589","19906479","411.45","365.64","462.99","401.31","112278.72","8.27","8.15","1.1799","217.58","128.42","1","1","1","1","1","1","411.45 (365.64, 462.99)"
"Venous intravasation","POOLED","Venous intravasation","静脉内渗","Injury, poisoning and procedural complications","各类损伤、中毒及操作并发症","3","3","14778","10","19891688","14781","13","19906479","403.81","111.12","1467.44","403.73","927.07","8.28","6.96","0.0097","6.87","2.33","1","1","1","1","1","1","403.81 (111.12, 1,467.44)"
"Iodine overload","POOLED","Iodine overload","碘超负荷","Metabolism and nutrition disorders","代谢及营养类疾病","5","5","14776","23","19891675","14781","28","19906479","292.66","111.24","769.9","292.56","1193.37","7.91","6.92","0.0208","10.56","4.29","1","1","1","1","1","1","292.66 (111.24, 769.90)"
"ANAPHYLACTOID SHOCK","POOLED","ANAPHYLACTOID SHOCK","类过敏性休克","Immune system disorders","免疫系统疾病","72","72","14709","389","19891309","14781","461","19906479","250.3","194.55","322.03","249.09","15012.33","7.72","7.46","0.3423","86.07","49.41","1","1","1","1","1","1","250.30 (194.55, 322.03)"
"Inappropriate release of product for distribution","POOLED","Inappropriate release of product for distribution","产品被不当分发配送","Product issues","产品问题","7","7","14774","38","19891660","14781","45","19906479","248.02","110.74","555.48","247.9","1453.59","7.71","6.89","0.0334","14.06","6.25","1","1","1","1","1","1","248.02 (110.74, 555.48)"
"Air embolism","POOLED","Air embolism","空气栓塞","Vascular disorders","血管与淋巴管类疾病","70","70","14711","385","19891313","14781","455","19906479","245.84","190.47","317.31","244.68","14374.92","7.69","7.43","0.3378","84.14","48.25","1","1","1","1","1","1","245.84 (190.47, 317.31)"
"MENINGITIS CHEMICAL","POOLED","MENINGITIS CHEMICAL","化学性脑膜炎","Injury, poisoning and procedural complications","各类损伤、中毒及操作并发症","23","23","14758","190","19891508","14781","213","19906479","163.16","105.82","251.58","162.91","3301.42","7.18","6.74","0.1582","35.71","19.15","1","1","1","1","1","1","163.16 (105.82, 251.58)"
"Inadvertent injection air bubble","POOLED","Inadvertent injection air bubble","不慎注入气泡","Injury, poisoning and procedural complications","各类损伤、中毒及操作并发症","10","10","14771","86","19891612","14781","96","19906479","156.59","81.33","301.47","156.48","1383.98","7.13","6.46","0.0713","18.38","8.81","1","1","1","1","1","1","156.59 (81.33, 301.47)"
"Oxygen saturation immeasurable","POOLED","Oxygen saturation immeasurable","氧饱和度不可测","Investigations","各类检查","10","10","14771","90","19891608","14781","100","19906479","149.63","77.84","287.64","149.53","1327.83","7.07","6.41","0.0743","18.28","8.76","1","1","1","1","1","1","149.63 (77.84, 287.64)"
"Meningitis fungal","POOLED","Meningitis fungal","真菌性脑膜炎","Infections and infestations","感染及侵染类疾病","19","19","14762","205","19891493","14781","224","19906479","124.89","78.03","199.88","124.73","2134.23","6.84","6.36","0.1663","29.27","15.39","1","1","1","1","1","1","124.89 (78.03, 199.88)"
"Skin temperature increased","POOLED","Skin temperature increased","皮肤温度增高","Investigations","各类检查","4","4","14777","47","19891651","14781","51","19906479","114.56","41.27","318.02","114.53","414.86","6.72","5.68","0.0379","8.37","3.16","1","1","1","1","1","1","114.56 (41.27, 318.02)"
"Laryngeal discomfort","POOLED","Laryngeal discomfort","喉部不适","Respiratory, thoracic and mediastinal disorders","呼吸系统、胸及纵隔疾病","44","44","14737","556","19891142","14781","600","19906479","106.81","78.55","145.25","106.5","4261.29","6.63","6.31","0.4455","47.06","26.45","1","1","1","1","1","1","106.81 (78.55, 145.25)"
"Product administered from unauthorised provider","POOLED","Product administered from unauthorised provider","施用了来自未获批提供商的产品","Injury, poisoning and procedural complications","各类损伤、中毒及操作并发症","5","5","14776","68","19891630","14781","73","19906479","98.99","39.91","245.5","98.95","451.61","6.53","5.6","0.0542","9.92","4.03","1","1","1","1","1","1","98.99 (39.91, 245.50)"
"EXTRAVASATION","POOLED","EXTRAVASATION","外渗","General disorders and administration site conditions","全身性疾病及给药部位各种反应","254","254","14527","3712","19887986","14781","3966","19906479","93.68","82.41","106.49","92.09","21423.25","6.43","6.3","2.9448","73.88","43.47","1","1","1","1","1","1","93.68 (82.41, 106.49)"
"RADIAL PULSE ABNORMAL","POOLED","RADIAL PULSE ABNORMAL","桡动脉脉搏异常","Investigations","各类检查","7","7","14774","114","19891584","14781","121","19906479","82.67","38.53","177.38","82.63","531.87","6.28","5.5","0.0898","12.72","5.65","1","1","1","1","1","1","82.67 (38.53, 177.38)"
"Anaphylactoid reaction","POOLED","Anaphylactoid reaction","类过敏反应","Immune system disorders","免疫系统疾病","225","225","14556","3738","19887960","14781","3963","19906479","82.24","71.82","94.18","81","16772.82","6.26","6.12","2.9426","65.5","38.49","1","1","1","1","1","1","82.24 (71.82, 94.18)"
"Hepatic artery stenosis","POOLED","Hepatic artery stenosis","肝动脉狭窄","Hepatobiliary disorders","肝胆系统疾病","7","7","14774","121","19891577","14781","128","19906479","77.89","36.35","166.9","77.85","502.03","6.2","5.42","0.095","12.6","5.6","1","1","1","1","1","1","77.89 (36.35, 166.90)"
"Blood brain barrier defect","POOLED","Blood brain barrier defect","血脑屏障功能障碍","Nervous system disorders","各类神经系统疾病","7","7","14774","137","19891561","14781","144","19906479","68.79","32.18","147.05","68.76","444.71","6.03","5.26","0.1069","12.36","5.49","1","1","1","1","1","1","68.79 (32.18, 147.05)"
"Postresuscitation encephalopathy","POOLED","Postresuscitation encephalopathy","复苏后脑病","Nervous system disorders","各类神经系统疾病","3","3","14778","62","19891636","14781","65","19906479","65.13","20.44","207.51","65.12","180.66","5.96","4.78","0.0483","6.38","2.16","1","1","1","1","1","1","65.13 (20.44, 207.51)"
"Blood pressure immeasurable","POOLED","Blood pressure immeasurable","血压不可测","Investigations","各类检查","64","64","14717","1416","19890282","14781","1480","19906479","61.09","47.53","78.51","60.83","3603.3","5.86","5.61","1.0989","40.34","23.06","1","1","1","1","1","1","61.09 (47.53, 78.51)"
"Sneezing","POOLED","Sneezing","喷嚏","Respiratory, thoracic and mediastinal disorders","呼吸系统、胸及纵隔疾病","850","850","13931","20321","19871377","14781","21171","19906479","59.66","55.6","64.03","56.29","44356.55","5.76","5.68","15.7199","52.44","31.07","1","1","1","1","1","1","59.66 (55.60, 64.03)"
"Fixed drug eruption","POOLED","Fixed drug eruption",,,,"5","5","14776","117","19891581","14781","122","19906479","57.53","23.5","140.83","57.51","266.27","5.79","4.87","0.0906","9.31","3.78","1","1","1","1","1","1","57.53 (23.50, 140.83)"
"NIH STROKE SCALE SCORE INCREASED","POOLED","NIH STROKE SCALE SCORE INCREASED","美国国立卫生研究院卒中量表分数增加","Investigations","各类检查","3","3","14778","74","19891624","14781","77","19906479","54.57","17.2","173.1","54.56","151.58","5.71","4.54","0.0572","6.28","2.13","1","1","1","1","1","1","54.57 (17.20, 173.10)"
"PHARYNGOLARYNGEAL DISCOMFORT","POOLED","PHARYNGOLARYNGEAL DISCOMFORT",,,,"4","4","14777","99","19891599","14781","103","19906479","54.39","20.01","147.8","54.37","201.43","5.71","4.69","0.0765","7.81","2.95","1","1","1","1","1","1","54.39 (20.01, 147.80)"
"Blindness cortical","POOLED","Blindness cortical","皮质盲","Eye disorders","眼器官疾病","18","18","14763","449","19891249","14781","467","19906479","54.01","33.71","86.55","53.95","899.41","5.7","5.22","0.3468","21.85","11.42","1","1","1","1","1","1","54.01 (33.71, 86.55)"
"Gingival pruritus","POOLED","Gingival pruritus","牙龈瘙痒","Gastrointestinal disorders","胃肠系统疾病","3","3","14778","81","19891617","14781","84","19906479","49.85","15.75","157.84","49.84","138.46","5.59","4.41","0.0624","6.22","2.11","1","1","1","1","1","1","49.85 (15.75, 157.84)"
"Product with quality issue administered","POOLED","Product with quality issue administered","给用了有质量问题的产品","Injury, poisoning and procedural complications","各类损伤、中毒及操作并发症","7","7","14774","212","19891486","14781","219","19906479","44.46","20.93","94.41","44.44","287.71","5.43","4.66","0.1626","11.32","5.03","1","1","1","1","1","1","44.46 (20.93, 94.41)"
"Tongue pruritus","POOLED","Tongue pruritus","舌痒","Gastrointestinal disorders","胃肠系统疾病","23","23","14758","738","19890960","14781","761","19906479","42","27.73","63.63","41.94","891.45","5.35","4.92","0.5651","22.06","11.83","1","1","1","1","1","1","42.00 (27.73, 63.63)"
"Nephropathy toxic","POOLED","Nephropathy toxic","中毒性肾病","Renal and urinary disorders","肾脏及泌尿系统疾病","306","306","14475","10098","19881600","14781","10404","19906479","41.62","37.1","46.69","40.78","11531.16","5.31","5.19","7.7252","37.26","21.96","1","1","1","1","1","1","41.62 (37.10, 46.69)"
"Laryngeal obstruction","POOLED","Laryngeal obstruction","喉阻塞","Respiratory, thoracic and mediastinal disorders","呼吸系统、胸及纵隔疾病","5","5","14776","167","19891531","14781","172","19906479","40.31","16.56","98.12","40.29","186.02","5.29","4.38","0.1277","8.76","3.56","1","1","1","1","1","1","40.31 (16.56, 98.12)"
"Urticaria papular","POOLED","Urticaria papular","丘疹性荨麻疹","Skin and subcutaneous tissue disorders","皮肤及皮下组织类疾病","7","7","14774","239","19891459","14781","246","19906479","39.43","18.59","83.63","39.42","254.63","5.26","4.49","0.1827","10.99","4.88","1","1","1","1","1","1","39.43 (18.59, 83.63)"
"Larynx irritation","POOLED","Larynx irritation","喉刺激","Respiratory, thoracic and mediastinal disorders","呼吸系统、胸及纵隔疾病","6","6","14775","213","19891485","14781","219","19906479","37.92","16.85","85.38","37.91","209.71","5.21","4.38","0.1626","9.81","4.19","1","1","1","1","1","1","37.92 (16.85, 85.38)"
"Oral pruritus","POOLED","Oral pruritus","口腔瘙痒","Gastrointestinal disorders","胃肠系统疾病","58","58","14723","2094","19889604","14781","2152","19906479","37.42","28.81","48.6","37.28","1992.55","5.18","4.92","1.5979","27.88","15.88","1","1","1","1","1","1","37.42 (28.81, 48.60)"
"Noninfective sialoadenitis","POOLED","Noninfective sialoadenitis","非感染性涎腺炎","Gastrointestinal disorders","胃肠系统疾病","4","4","14777","147","19891551","14781","151","19906479","36.63","13.56","98.91","36.62","134.92","5.16","4.14","0.1121","7.35","2.78","1","1","1","1","1","1","36.63 (13.56, 98.91)"
"Lacrimation disorder","POOLED","Lacrimation disorder","流泪障碍","Eye disorders","眼器官疾病","3","3","14778","113","19891585","14781","116","19906479","35.74","11.35","112.48","35.73","98.65","5.12","3.95","0.0861","5.97","2.02","1","1","1","1","1","1","35.74 (11.35, 112.48)"
"CORONARY ARTERY PERFORATION","POOLED","CORONARY ARTERY PERFORATION","冠状动脉穿孔","Cardiac disorders","心脏器官疾病","3","3","14778","118","19891580","14781","121","19906479","34.22","10.88","107.65","34.21","94.33","5.06","3.89","0.0898","5.93","2.01","1","1","1","1","1","1","34.22 (10.88, 107.65)"
"Laryngeal oedema","POOLED","Laryngeal oedema","喉水肿","Respiratory, thoracic and mediastinal disorders","呼吸系统、胸及纵隔疾病","141","141","14640","5734","19885964","14781","5875","19906479","33.4","28.24","39.51","33.09","4284.25","5.01","4.84","4.3623","29.1","16.99","1","1","1","1","1","1","33.40 (28.24, 39.51)"
"DOCUMENTED HYPERSENSITIVITY TO ADMINISTERED DRUG","POOLED","DOCUMENTED HYPERSENSITIVITY TO ADMINISTERED DRUG",,,,"7","7","14774","285","19891413","14781","292","19906479","33.07","15.62","70.01","33.05","212.38","5.01","4.25","0.2168","10.46","4.65","1","1","1","1","1","1","33.07 (15.62, 70.01)"
"Anaphylactic shock","POOLED","Anaphylactic shock","过敏性休克","Immune system disorders","免疫系统疾病","553","553","14228","23554","19868144","14781","24107","19906479","32.78","30.09","35.73","31.6","16027.52","4.95","4.86","17.9","30.08","17.8","1","1","1","1","1","1","32.78 (30.09, 35.73)"
"Primary hypothyroidism","POOLED","Primary hypothyroidism","原发性甲状腺功能减退症","Endocrine disorders","内分泌系统疾病","4","4","14777","182","19891516","14781","186","19906479","29.58","10.98","79.69","29.58","108.07","4.86","3.85","0.1381","7.05","2.66","1","1","1","1","1","1","29.58 (10.98, 79.69)"
"Anal sphincter atony","POOLED","Anal sphincter atony","肛门括约肌张力缺乏","Gastrointestinal disorders","胃肠系统疾病","9","9","14772","412","19891286","14781","421","19906479","29.42","15.19","56.95","29.4","241.61","4.85","4.17","0.3126","11.69","5.49","1","1","1","1","1","1","29.42 (15.19, 56.95)"
"Agonal respiration","POOLED","Agonal respiration","濒死期呼吸","Respiratory, thoracic and mediastinal disorders","呼吸系统、胸及纵隔疾病","5","5","14776","229","19891469","14781","234","19906479","29.39","12.12","71.3","29.38","134.16","4.85","3.94","0.1738","8.16","3.32","1","1","1","1","1","1","29.39 (12.12, 71.30)"
"Foaming at mouth","POOLED","Foaming at mouth","口吐白沫","General disorders and administration site conditions","全身性疾病及给药部位各种反应","40","40","14741","1893","19889805","14781","1933","19906479","28.51","20.84","39.01","28.44","1037.06","4.8","4.48","1.4353","20.93","11.7","1","1","1","1","1","1","28.51 (20.84, 39.01)"
"Sialoadenitis","POOLED","Sialoadenitis","涎腺炎","Infections and infestations","感染及侵染类疾病","26","26","14755","1240","19890458","14781","1266","19906479","28.27","19.16","41.69","28.22","668.6","4.79","4.39","0.94","18.4","9.98","1","1","1","1","1","1","28.27 (19.16, 41.69)"
"Aneurysm ruptured","POOLED","Aneurysm ruptured","动脉瘤破裂","Vascular disorders","血管与淋巴管类疾病","17","17","14764","852","19890846","14781","869","19906479","26.88","16.63","43.46","26.85","414.86","4.72","4.23","0.6453","15.28","7.93","1","1","1","1","1","1","26.88 (16.63, 43.46)"
"Amaurosis","POOLED","Amaurosis","黑朦","Eye disorders","眼器官疾病","15","15","14766","767","19890931","14781","782","19906479","26.34","15.8","43.93","26.32","358.36","4.69","4.17","0.5807","14.34","7.33","1","1","1","1","1","1","26.34 (15.80, 43.93)"
"Iodine allergy","POOLED","Iodine allergy","碘过敏","Immune system disorders","免疫系统疾病","6","6","14775","313","19891385","14781","319","19906479","25.81","11.5","57.89","25.8","140.33","4.66","3.84","0.2369","8.82","3.77","1","1","1","1","1","1","25.81 (11.50, 57.89)"
"Throat tightness","POOLED","Throat tightness","咽喉缩紧感","Respiratory, thoracic and mediastinal disorders","呼吸系统、胸及纵隔疾病","434","434","14347","25248","19866450","14781","25682","19906479","23.8","21.62","26.21","23.13","9046.82","4.51","4.41","19.0695","22.2","13.12","1","1","1","1","1","1","23.80 (21.62, 26.21)"
"Nasal pruritus","POOLED","Nasal pruritus","鼻瘙痒","Respiratory, thoracic and mediastinal disorders","呼吸系统、胸及纵隔疾病","20","20","14761","1140","19890558","14781","1160","19906479","23.64","15.19","36.79","23.61","425.6","4.54","4.09","0.8613","15.06","7.96","1","1","1","1","1","1","23.64 (15.19, 36.79)"
"Documented hypersensitivity to administered product","POOLED","Documented hypersensitivity to administered product","（患者）对所给产品有记录在案的超敏性","Injury, poisoning and procedural complications","各类损伤、中毒及操作并发症","13","13","14768","770","19890928","14781","783","19906479","22.74","13.14","39.35","22.72","265.47","4.48","3.92","0.5814","12.48","6.25","1","1","1","1","1","1","22.74 (13.14, 39.35)"
"Pulse absent","POOLED","Pulse absent","脉搏消失","Investigations","各类检查","76","76","14705","4546","19887152","14781","4622","19906479","22.61","18.01","28.38","22.5","1535.94","4.47","4.24","3.4319","19.46","11.19","1","1","1","1","1","1","22.61 (18.01, 28.38)"
"Respiratory tract oedema","POOLED","Respiratory tract oedema","呼吸道水肿","Respiratory, thoracic and mediastinal disorders","呼吸系统、胸及纵隔疾病","11","11","14770","669","19891029","14781","680","19906479","22.14","12.2","40.19","22.13","218.32","4.45","3.84","0.5049","11.44","5.58","1","1","1","1","1","1","22.14 (12.20, 40.19)"
"Compartment syndrome","POOLED","Compartment syndrome","骨筋膜室综合征","Musculoskeletal and connective tissue disorders","各种肌肉骨骼及结缔组织疾病","39","39","14742","2476","19889222","14781","2515","19906479","21.25","15.48","29.17","21.2","738.99","4.38","4.06","1.8674","16.68","9.31","1","1","1","1","1","1","21.25 (15.48, 29.17)"
"Henoch-Schonlein purpura","POOLED","Henoch-Schonlein purpura","过敏性紫癜","Skin and subcutaneous tissue disorders","皮肤及皮下组织类疾病","30","30","14751","1961","19889737","14781","1991","19906479","20.63","14.38","29.59","20.59","550.72","4.34","3.97","1.4784","15.42","8.46","1","1","1","1","1","1","20.63 (14.38, 29.59)"
"KOUNIS SYNDROME","POOLED","KOUNIS SYNDROME","过敏性冠状动脉痉挛综合征","Cardiac disorders","心脏器官疾病","31","31","14750","2027","19889671","14781","2058","19906479","20.62","14.46","29.41","20.58","568.89","4.34","3.98","1.5281","15.53","8.54","1","1","1","1","1","1","20.62 (14.46, 29.41)"
"CARDIAC PROCEDURE COMPLICATION","POOLED","CARDIAC PROCEDURE COMPLICATION","心脏操作并发症","Injury, poisoning and procedural complications","各类损伤、中毒及操作并发症","9","9","14772","597","19891101","14781","606","19906479","20.3","10.51","39.21","20.29","162.59","4.32","3.65","0.45","10","4.7","1","1","1","1","1","1","20.30 (10.51, 39.21)"
"Dysphoria","POOLED","Dysphoria","烦躁不安","Psychiatric disorders","精神病类","71","71","14710","4857","19886841","14781","4928","19906479","19.76","15.63","24.99","19.67","1240.53","4.28","4.04","3.6591","17.19","9.86","1","1","1","1","1","1","19.76 (15.63, 24.99)"
"Urticaria","POOLED","Urticaria","荨麻疹","Skin and subcutaneous tissue disorders","皮肤及皮下组织类疾病","1924","1924","12857","154110","19737588","14781","156034","19906479","19.17","18.26","20.11","16.8","28462.71","4.05","4","115.8587","16.54","9.82","1","1","1","1","1","1","19.17 (18.26, 20.11)"
"Meningitis bacterial","POOLED","Meningitis bacterial","细菌性脑膜炎","Infections and infestations","感染及侵染类疾病","19","19","14762","1338","19890360","14781","1357","19906479","19.13","12.16","30.1","19.11","321.54","4.24","3.77","1.0076","12.93","6.8","1","1","1","1","1","1","19.13 (12.16, 30.10)"
"Pulse pressure decreased","POOLED","Pulse pressure decreased","脉压降低","Investigations","各类检查","7","7","14774","499","19891199","14781","506","19906479","18.89","8.96","39.83","18.88","116.88","4.22","3.46","0.3757","8.56","3.81","1","1","1","1","1","1","18.89 (8.96, 39.83)"
"Laryngeal pain","POOLED","Laryngeal pain","喉部疼痛","Respiratory, thoracic and mediastinal disorders","呼吸系统、胸及纵隔疾病","5","5","14776","360","19891338","14781","365","19906479","18.7","7.73","45.2","18.69","82.58","4.21","3.3","0.271","7.13","2.9","1","1","1","1","1","1","18.70 (7.73, 45.20)"
"EYELID OEDEMA","POOLED","EYELID OEDEMA","眼睑水肿","Eye disorders","眼器官疾病","153","153","14628","11227","19880471","14781","11380","19906479","18.52","15.78","21.74","18.34","2476.03","4.18","4.01","8.4499","17.15","10.03","1","1","1","1","1","1","18.52 (15.78, 21.74)"
"Conjunctival oedema","POOLED","Conjunctival oedema","结膜水肿","Eye disorders","眼器官疾病","13","13","14768","966","19890732","14781","979","19906479","18.13","10.48","31.34","18.11","207.38","4.16","3.6","0.7269","11","5.51","1","1","1","1","1","1","18.13 (10.48, 31.34)"
"Cyanosis","POOLED","Cyanosis","发绀","Vascular disorders","血管与淋巴管类疾病","196","196","14585","14951","19876747","14781","15147","19906479","17.87","15.5","20.59","17.64","3039.49","4.12","3.98","11.247","16.73","9.81","1","1","1","1","1","1","17.87 (15.50, 20.59)"
"Electrocardiogram ST segment elevation","POOLED","Electrocardiogram ST segment elevation","心电图ST段抬高","Investigations","各类检查","42","42","14739","3174","19888524","14781","3216","19906479","17.86","13.16","24.22","17.81","657.69","4.14","3.83","2.388","14.72","8.25","1","1","1","1","1","1","17.86 (13.16, 24.22)"
"RHYTHM IDIOVENTRICULAR","POOLED","RHYTHM IDIOVENTRICULAR","心室自身节律","Cardiac disorders","心脏器官疾病","4","4","14777","307","19891391","14781","311","19906479","17.54","6.54","47.04","17.53","61.56","4.11","3.11","0.2309","6.16","2.33","1","1","1","1","1","1","17.54 (6.54, 47.04)"
"Throat irritation","POOLED","Throat irritation","咽喉刺激","Respiratory, thoracic and mediastinal disorders","呼吸系统、胸及纵隔疾病","523","523","14258","41641","19850057","14781","42164","19906479","17.49","16.02","19.09","16.9","7744.25","4.06","3.97","31.3077","16.46","9.73","1","1","1","1","1","1","17.49 (16.02, 19.09)"
"Pharyngeal hypoaesthesia","POOLED","Pharyngeal hypoaesthesia","咽感觉减退","Respiratory, thoracic and mediastinal disorders","呼吸系统、胸及纵隔疾病","11","11","14770","873","19890825","14781","884","19906479","16.97","9.36","30.76","16.96","163.13","4.07","3.46","0.6564","9.94","4.85","1","1","1","1","1","1","16.97 (9.36, 30.76)"
"Type I hypersensitivity","POOLED","Type I hypersensitivity","I型超敏反应","Immune system disorders","免疫系统疾病","39","39","14742","3108","19888590","14781","3147","19906479","16.93","12.34","23.23","16.89","575.77","4.06","3.74","2.3367","13.92","7.77","1","1","1","1","1","1","16.93 (12.34, 23.23)"
"Infusion site extravasation","POOLED","Infusion site extravasation","输液部位渗出","General disorders and administration site conditions","全身性疾病及给药部位各种反应","73","73","14708","5873","19885825","14781","5946","19906479","16.81","13.33","21.18","16.73","1066.54","4.05","3.81","4.415","14.95","8.59","1","1","1","1","1","1","16.81 (13.33, 21.18)"
"INJECTION SITE OEDEMA","POOLED","INJECTION SITE OEDEMA","注射部位水肿","General disorders and administration site conditions","全身性疾病及给药部位各种反应","20","20","14761","1619","19890079","14781","1639","19906479","16.65","10.71","25.88","16.62","290.14","4.04","3.59","1.217","11.94","6.31","1","1","1","1","1","1","16.65 (10.71, 25.88)"
"Anaphylactic reaction","POOLED","Anaphylactic reaction","速发严重过敏反应","Immune system disorders","免疫系统疾病","603","603","14178","50808","19840890","14781","51411","19906479","16.61","15.3","18.03","15.97","8385.13","3.98","3.9","38.1738","15.6","9.24","1","1","1","1","1","1","16.61 (15.30, 18.03)"
"ORBITAL OEDEMA","POOLED","ORBITAL OEDEMA","眼眶水肿","Eye disorders","眼器官疾病","6","6","14775","487","19891211","14781","493","19906479","16.59","7.41","37.11","16.58","86.78","4.03","3.21","0.3661","7.51","3.21","1","1","1","1","1","1","16.59 (7.41, 37.11)"
"SEPTIC ARTHRITIS STAPHYLOCOCCAL","POOLED","SEPTIC ARTHRITIS STAPHYLOCOCCAL","葡萄球菌性脓毒性关节炎","Infections and infestations","感染及侵染类疾病","4","4","14777","333","19891365","14781","337","19906479","16.17","6.03","43.34","16.17","56.23","4","2.99","0.2502","6","2.27","1","1","1","1","1","1","16.17 (6.03, 43.34)"
"Circumoral oedema","POOLED","Circumoral oedema","口周水肿","Skin and subcutaneous tissue disorders","皮肤及皮下组织类疾病","4","4","14777","334","19891364","14781","338","19906479","16.12","6.01","43.21","16.12","56.05","3.99","2.99","0.251","5.99","2.26","1","1","1","1","1","1","16.12 (6.01, 43.21)"
"Neurogenic shock","POOLED","Neurogenic shock","神经源性休克","Vascular disorders","血管与淋巴管类疾病","6","6","14775","505","19891193","14781","511","19906479","16","7.15","35.78","15.99","83.32","3.98","3.16","0.3794","7.39","3.16","1","1","1","1","1","1","16.00 (7.15, 35.78)"
"Stridor","POOLED","Stridor","喘鸣","Respiratory, thoracic and mediastinal disorders","呼吸系统、胸及纵隔疾病","33","33","14748","2781","19888917","14781","2814","19906479","16","11.35","22.56","15.97","457.68","3.98","3.63","2.0895","12.94","7.14","1","1","1","1","1","1","16.00 (11.35, 22.56)"
"HYPERAEMIA","POOLED","HYPERAEMIA","充血","Vascular disorders","血管与淋巴管类疾病","22","22","14759","1853","19889845","14781","1875","19906479","16","10.51","24.37","15.98","305.29","3.98","3.55","1.3922","11.89","6.35","1","1","1","1","1","1","16.00 (10.51, 24.37)"
"Resuscitation","POOLED","Resuscitation","复苏","Surgical and medical procedures","各种手术及医疗操作","19","19","14762","1601","19890097","14781","1620","19906479","15.99","10.17","25.14","15.97","263.53","3.98","3.52","1.2029","11.45","6.02","1","1","1","1","1","1","15.99 (10.17, 25.14)"
"HYPOXIC ENCEPHALOPATHY","POOLED","HYPOXIC ENCEPHALOPATHY",,,,"5","5","14776","422","19891276","14781","427","19906479","15.95","6.6","38.53","15.95","69.22","3.98","3.08","0.3171","6.73","2.73","1","1","1","1","1","1","15.95 (6.60, 38.53)"
"No reaction on previous exposure to drug","POOLED","No reaction on previous exposure to drug","既往对药物暴露无反应","General disorders and administration site conditions","全身性疾病及给药部位各种反应","6","6","14775","512","19891186","14781","518","19906479","15.78","7.05","35.29","15.77","82.04","3.96","3.14","0.3846","7.35","3.14","1","1","1","1","1","1","15.78 (7.05, 35.29)"
"Papule","POOLED","Papule","丘疹","Skin and subcutaneous tissue disorders","皮肤及皮下组织类疾病","75","75","14706","6437","19885261","14781","6512","19906479","15.75","12.54","19.79","15.68","1019.24","3.96","3.72","4.8353","14.15","8.13","1","1","1","1","1","1","15.75 (12.54, 19.79)"
"HYPOXIC-ISCHAEMIC ENCEPHALOPATHY","POOLED","HYPOXIC-ISCHAEMIC ENCEPHALOPATHY","缺氧缺血性脑病","Nervous system disorders","各类神经系统疾病","28","28","14753","2461","19889237","14781","2489","19906479","15.34","10.56","22.27","15.31","370.38","3.92","3.54","1.8481","12.14","6.62","1","1","1","1","1","1","15.34 (10.56, 22.27)"
"Nasal obstruction","POOLED","Nasal obstruction","鼻塞","Respiratory, thoracic and mediastinal disorders","呼吸系统、胸及纵隔疾病","18","18","14763","1618","19890080","14781","1636","19906479","14.99","9.42","23.86","14.97","232.12","3.89","3.41","1.2148","10.79","5.64","1","1","1","1","1","1","14.99 (9.42, 23.86)"
"Pharyngeal oedema","POOLED","Pharyngeal oedema","咽部水肿","Respiratory, thoracic and mediastinal disorders","呼吸系统、胸及纵隔疾病","166","166","14615","15076","19876622","14781","15242","19906479","14.97","12.84","17.46","14.82","2117.32","3.87","3.72","11.3175","14.09","8.25","1","1","1","1","1","1","14.97 (12.84, 17.46)"
"Pulse abnormal","POOLED","Pulse abnormal","脉搏异常","Investigations","各类检查","25","25","14756","2280","19889418","14781","2305","19906479","14.78","9.96","21.93","14.76","317.16","3.87","3.47","1.7115","11.53","6.23","1","1","1","1","1","1","14.78 (9.96, 21.93)"
"URTICARIA GENERALISED","POOLED","URTICARIA GENERALISED",,,,"7","7","14774","650","19891048","14781","657","19906479","14.5","6.88","30.54","14.49","87","3.84","3.08","0.4878","7.59","3.38","1","1","1","1","1","1","14.50 (6.88, 30.54)"
"Generalised erythema","POOLED","Generalised erythema",,,,"59","59","14722","5631","19886067","14781","5690","19906479","14.15","10.95","18.3","14.1","710.87","3.8","3.54","4.225","12.59","7.17","1","1","1","1","1","1","14.15 (10.95, 18.30)"
"BRONCHOSPASM","POOLED","BRONCHOSPASM","支气管痉挛","Respiratory, thoracic and mediastinal disorders","呼吸系统、胸及纵隔疾病","140","140","14641","13582","19878116","14781","13722","19906479","13.99","11.84","16.54","13.87","1656.22","3.78","3.61","10.1889","13.14","7.67","1","1","1","1","1","1","13.99 (11.84, 16.54)"
"Disorganised speech","POOLED","Disorganised speech","胡言乱语","Psychiatric disorders","精神病类","17","17","14764","1642","19890056","14781","1659","19906479","13.95","8.65","22.5","13.93","202.01","3.79","3.3","1.2318","10.1","5.25","1","1","1","1","1","1","13.95 (8.65, 22.50)"
"Skin test positive","POOLED","Skin test positive","皮肤试验阳性","Investigations","各类检查","9","9","14772","876","19890822","14781","885","19906479","13.83","7.17","26.68","13.83","106","3.78","3.11","0.6571","8.21","3.86","1","1","1","1","1","1","13.83 (7.17, 26.68)"
"Administration site extravasation","POOLED","Administration site extravasation","给药部位外渗","General disorders and administration site conditions","全身性疾病及给药部位各种反应","9","9","14772","891","19890807","14781","900","19906479","13.6","7.05","26.23","13.59","103.96","3.75","3.08","0.6683","8.13","3.82","1","1","1","1","1","1","13.60 (7.05, 26.23)"
"Oedema mucosal","POOLED","Oedema mucosal","黏膜水肿","General disorders and administration site conditions","全身性疾病及给药部位各种反应","10","10","14771","1010","19890688","14781","1020","19906479","13.33","7.15","24.86","13.32","112.88","3.72","3.09","0.7574","8.35","4","1","1","1","1","1","1","13.33 (7.15, 24.86)"
"Type IV hypersensitivity reaction","POOLED","Type IV hypersensitivity reaction","IV型超敏反应","Immune system disorders","免疫系统疾病","25","25","14756","2561","19889137","14781","2586","19906479","13.16","8.87","19.52","13.14","277.66","3.7","3.3","1.9202","10.54","5.69","1","1","1","1","1","1","13.16 (8.87, 19.52)"
"ELECTROMECHANICAL DISSOCIATION","POOLED","ELECTROMECHANICAL DISSOCIATION",,,,"8","8","14773","823","19890875","14781","831","19906479","13.09","6.52","26.26","13.08","88.41","3.7","2.99","0.617","7.61","3.49","1","1","1","1","1","1","13.09 (6.52, 26.26)"
"PROCEDURAL HYPOTENSION","POOLED","PROCEDURAL HYPOTENSION","操作性低血压","Injury, poisoning and procedural complications","各类损伤、中毒及操作并发症","8","8","14773","833","19890865","14781","841","19906479","12.93","6.44","25.95","12.92","87.18","3.68","2.97","0.6245","7.56","3.46","1","1","1","1","1","1","12.93 (6.44, 25.95)"
"Lip oedema","POOLED","Lip oedema","唇部水肿","Gastrointestinal disorders","胃肠系统疾病","37","37","14744","3996","19887702","14781","4033","19906479","12.49","9.03","17.27","12.46","386.52","3.63","3.3","2.9946","10.73","5.97","1","1","1","1","1","1","12.49 (9.03, 17.27)"
"Lip pruritus","POOLED","Lip pruritus","口唇瘙痒","Gastrointestinal disorders","胃肠系统疾病","7","7","14774","765","19890933","14781","772","19906479","12.32","5.85","25.93","12.31","72.11","3.61","2.85","0.5732","6.99","3.11","1","1","1","1","1","1","12.32 (5.85, 25.93)"
"PARAESTHESIA ORAL","POOLED","PARAESTHESIA ORAL","口部异常感觉","Gastrointestinal disorders","胃肠系统疾病","122","122","14659","13465","19878233","14781","13587","19906479","12.29","10.27","14.69","12.19","1243.18","3.6","3.41","10.0886","11.57","6.73","1","1","1","1","1","1","12.29 (10.27, 14.69)"
"Electrocardiogram ST segment abnormal","POOLED","Electrocardiogram ST segment abnormal","心电图ST段异常","Investigations","各类检查","7","7","14774","777","19890921","14781","784","19906479","12.13","5.76","25.53","12.12","70.81","3.59","2.83","0.5821","6.93","3.08","1","1","1","1","1","1","12.13 (5.76, 25.53)"
"ACUTE GENERALISED EXANTHEMATOUS PUSTULOSIS","POOLED","ACUTE GENERALISED EXANTHEMATOUS PUSTULOSIS","急性泛发性发疹性脓疱病","Skin and subcutaneous tissue disorders","皮肤及皮下组织类疾病","64","64","14717","7223","19884475","14781","7287","19906479","11.97","9.36","15.32","11.92","635.13","3.56","3.31","5.4108","10.91","6.24","1","1","1","1","1","1","11.97 (9.36, 15.32)"
"Sensation of foreign body","POOLED","Sensation of foreign body","异物感","General disorders and administration site conditions","全身性疾病及给药部位各种反应","68","68","14713","7736","19883962","14781","7804","19906479","11.88","9.35","15.09","11.83","668.53","3.55","3.31","5.7946","10.88","6.23","1","1","1","1","1","1","11.88 (9.35, 15.09)"
"NEUROLOGIC NEGLECT SYNDROME","POOLED","NEUROLOGIC NEGLECT SYNDROME","神经忽略综合征","Nervous system disorders","各类神经系统疾病","4","4","14777","457","19891241","14781","461","19906479","11.78","4.4","31.53","11.78","39.11","3.55","2.54","0.3423","5.34","2.02","1","1","1","1","1","1","11.78 (4.40, 31.53)"
"Hyporesponsive to stimuli","POOLED","Hyporesponsive to stimuli","对刺激物低反应","Nervous system disorders","各类神经系统疾病","9","9","14772","1042","19890656","14781","1051","19906479","11.63","6.03","22.42","11.62","86.64","3.53","2.86","0.7804","7.42","3.48","1","1","1","1","1","1","11.63 (6.03, 22.42)"
"Pharyngeal paraesthesia","POOLED","Pharyngeal paraesthesia","咽异常感觉","Respiratory, thoracic and mediastinal disorders","呼吸系统、胸及纵隔疾病","12","12","14769","1413","19890285","14781","1425","19906479","11.44","6.48","20.19","11.43","113.24","3.5","2.92","1.0581","8.02","3.97","1","1","1","1","1","1","11.44 (6.48, 20.19)"
"Product deposit","POOLED","Product deposit","产品沉积","Product issues","产品问题","12","12","14769","1424","19890274","14781","1436","19906479","11.35","6.43","20.04","11.34","112.21","3.49","2.91","1.0663","7.98","3.95","1","1","1","1","1","1","11.35 (6.43, 20.04)"
"Face oedema","POOLED","Face oedema","面部水肿","General disorders and administration site conditions","全身性疾病及给药部位各种反应","131","131","14650","16136","19875562","14781","16267","19906479","11.01","9.27","13.09","10.93","1172.68","3.44","3.26","12.0786","10.45","6.09","1","1","1","1","1","1","11.01 (9.27, 13.09)"
"Gaze palsy","POOLED","Gaze palsy","凝视麻痹","Eye disorders","眼器官疾病","13","13","14768","1607","19890091","14781","1620","19906479","10.9","6.31","18.81","10.89","115.79","3.43","2.88","1.2029","7.93","3.97","1","1","1","1","1","1","10.90 (6.31, 18.81)"
"Injection site extravasation","POOLED","Injection site extravasation","注射部位外渗","General disorders and administration site conditions","全身性疾病及给药部位各种反应","97","97","14684","12060","19879638","14781","12157","19906479","10.89","8.91","13.31","10.82","858.52","3.43","3.22","9.0268","10.23","5.93","1","1","1","1","1","1","10.89 (8.91, 13.31)"
"PAROTID GLAND ENLARGEMENT","POOLED","PAROTID GLAND ENLARGEMENT","腮腺增大","Gastrointestinal disorders","胃肠系统疾病","5","5","14776","621","19891077","14781","626","19906479","10.84","4.49","26.14","10.84","44.28","3.43","2.53","0.4648","5.7","2.32","1","1","1","1","1","1","10.84 (4.49, 26.14)"
"VENTRICULAR FIBRILLATION","POOLED","VENTRICULAR FIBRILLATION","室颤","Cardiac disorders","心脏器官疾病","84","84","14697","10520","19881178","14781","10604","19906479","10.8","8.71","13.4","10.75","736.96","3.42","3.2","7.8737","10.09","5.82","1","1","1","1","1","1","10.80 (8.71, 13.40)"
"Shock","POOLED","Shock","休克","Vascular disorders","血管与淋巴管类疾病","169","169","14612","21347","19870351","14781","21516","19906479","10.77","9.25","12.54","10.65","1468.38","3.4","3.25","15.9761","10.29","6.02","1","1","1","1","1","1","10.77 (9.25, 12.54)"
"Procedural complication","POOLED","Procedural complication","操作并发症","Injury, poisoning and procedural complications","各类损伤、中毒及操作并发症","58","58","14723","7394","19884304","14781","7452","19906479","10.59","8.18","13.72","10.56","498.05","3.39","3.13","5.5333","9.7","5.52","1","1","1","1","1","1","10.59 (8.18, 13.72)"
"Incorrect product formulation administered","POOLED","Incorrect product formulation administered","所用产品配方有误","Injury, poisoning and procedural complications","各类损伤、中毒及操作并发症","6","6","14775","766","19890932","14781","772","19906479","10.55","4.72","23.55","10.54","51.42","3.39","2.57","0.5732","6.06","2.59","1","1","1","1","1","1","10.55 (4.72, 23.55)"
"Laryngospasm","POOLED","Laryngospasm","喉痉挛","Respiratory, thoracic and mediastinal disorders","呼吸系统、胸及纵隔疾病","20","20","14761","2588","19889110","14781","2608","19906479","10.41","6.7","16.17","10.4","168.64","3.37","2.92","1.9365","8.41","4.45","1","1","1","1","1","1","10.41 (6.70, 16.17)"
"UNRESPONSIVE TO STIMULI","POOLED","UNRESPONSIVE TO STIMULI","刺激反应消失","Nervous system disorders","各类神经系统疾病","184","184","14597","24194","19867504","14781","24378","19906479","10.35","8.95","11.98","10.23","1523.47","3.35","3.2","18.1012","9.92","5.81","1","1","1","1","1","1","10.35 (8.95, 11.98)"
"Idiosyncratic drug reaction","POOLED","Idiosyncratic drug reaction","药物特异质反应","General disorders and administration site conditions","全身性疾病及给药部位各种反应","7","7","14774","939","19890759","14781","946","19906479","10.04","4.77","21.11","10.03","56.51","3.32","2.56","0.7024","6.24","2.77","1","1","1","1","1","1","10.04 (4.77, 21.11)"
"TONGUE OEDEMA","POOLED","TONGUE OEDEMA","舌水肿","Gastrointestinal disorders","胃肠系统疾病","27","27","14754","3641","19888057","14781","3668","19906479","10","6.84","14.6","9.98","216.59","3.31","2.92","2.7236","8.53","4.64","1","1","1","1","1","1","10.00 (6.84, 14.60)"
"Conjunctival hyperaemia","POOLED","Conjunctival hyperaemia","结膜充血","Eye disorders","眼器官疾病","25","25","14756","3386","19888312","14781","3411","19906479","9.95","6.71","14.75","9.94","199.48","3.3","2.9","2.5327","8.41","4.54","1","1","1","1","1","1","9.95 (6.71, 14.75)"
"Cardio-respiratory arrest","POOLED","Cardio-respiratory arrest","心脏呼吸骤停","Cardiac disorders","心脏器官疾病","283","283","14498","40255","19851443","14781","40538","19906479","9.63","8.55","10.83","9.46","2130.75","3.23","3.11","30.1004","9.26","5.46","1","1","1","1","1","1","9.63 (8.55, 10.83)"
"Pharyngeal swelling","POOLED","Pharyngeal swelling","咽部肿胀","Respiratory, thoracic and mediastinal disorders","呼吸系统、胸及纵隔疾病","62","62","14719","8752","19882946","14781","8814","19906479","9.57","7.45","12.29","9.53","470.46","3.24","2.99","6.5446","8.87","5.06","1","1","1","1","1","1","9.57 (7.45, 12.29)"
"Tachypnoea","POOLED","Tachypnoea","呼吸急促","Respiratory, thoracic and mediastinal disorders","呼吸系统、胸及纵隔疾病","90","90","14691","12753","19878945","14781","12843","19906479","9.55","7.76","11.76","9.5","679.87","3.24","3.03","9.5362","9.02","5.21","1","1","1","1","1","1","9.55 (7.76, 11.76)"
"Lip erosion","POOLED","Lip erosion","嘴唇糜烂","Gastrointestinal disorders","胃肠系统疾病","5","5","14776","705","19890993","14781","710","19906479","9.55","3.96","23.01","9.54","37.98","3.25","2.35","0.5272","5.35","2.17","1","1","1","1","1","1","9.55 (3.96, 23.01)"
"Symmetrical drug-related intertriginous and flexural exanthema","POOLED","Symmetrical drug-related intertriginous and flexural exanthema","对称性药物相关性擦烂疹和弯曲疹","Skin and subcutaneous tissue disorders","皮肤及皮下组织类疾病","5","5","14776","731","19890967","14781","736","19906479","9.21","3.82","22.19","9.2","36.32","3.19","2.3","0.5465","5.26","2.13","1","1","1","1","1","1","9.21 (3.82, 22.19)"
"Eye pruritus","POOLED","Eye pruritus","眼睛瘙痒","Eye disorders","眼器官疾病","191","191","14590","30108","19861590","14781","30299","19906479","8.64","7.48","9.97","8.54","1264.91","3.09","2.94","22.4977","8.33","4.88","1","1","1","1","1","1","8.64 (7.48, 9.97)"
"IATROGENIC INJURY","POOLED","IATROGENIC INJURY","医源性损伤","Injury, poisoning and procedural complications","各类损伤、中毒及操作并发症","8","8","14773","1264","19890434","14781","1272","19906479","8.52","4.25","17.08","8.52","52.75","3.08","2.37","0.9445","5.88","2.7","1","1","1","1","1","1","8.52 (4.25, 17.08)"
"AORTIC ANEURYSM RUPTURE","POOLED","AORTIC ANEURYSM RUPTURE","主动脉瘤破裂","Vascular disorders","血管与淋巴管类疾病","6","6","14775","950","19890748","14781","956","19906479","8.5","3.81","18.98","8.5","39.46","3.08","2.26","0.7099","5.37","2.3","1","1","1","1","1","1","8.50 (3.81, 18.98)"
"Injection related reaction","POOLED","Injection related reaction","注射相关反应","Injury, poisoning and procedural complications","各类损伤、中毒及操作并发症","9","9","14772","1437","19890261","14781","1446","19906479","8.43","4.38","16.24","8.43","58.56","3.07","2.4","1.0737","6.04","2.84","1","1","1","1","1","1","8.43 (4.38, 16.24)"
"Oropharyngeal swelling","POOLED","Oropharyngeal swelling","口咽肿胀","Respiratory, thoracic and mediastinal disorders","呼吸系统、胸及纵隔疾病","6","6","14775","961","19890737","14781","967","19906479","8.41","3.77","18.76","8.4","38.89","3.06","2.24","0.718","5.34","2.28","1","1","1","1","1","1","8.41 (3.77, 18.76)"
"Skin oedema","POOLED","Skin oedema","皮肤水肿","Skin and subcutaneous tissue disorders","皮肤及皮下组织类疾病","6","6","14775","964","19890734","14781","970","19906479","8.38","3.75","18.7","8.38","38.73","3.06","2.24","0.7202","5.33","2.28","1","1","1","1","1","1","8.38 (3.75, 18.70)"
"PERIORBITAL OEDEMA","POOLED","PERIORBITAL OEDEMA","眼眶周围水肿","Eye disorders","眼器官疾病","30","30","14751","4885","19886813","14781","4915","19906479","8.28","5.78","11.86","8.26","190.45","3.04","2.67","3.6495","7.35","4.03","1","1","1","1","1","1","8.28 (5.78, 11.86)"
"ACUTE PULMONARY OEDEMA","POOLED","ACUTE PULMONARY OEDEMA","急性肺水肿","Respiratory, thoracic and mediastinal disorders","呼吸系统、胸及纵隔疾病","33","33","14748","5386","19886312","14781","5419","19906479","8.26","5.87","11.64","8.25","208.88","3.04","2.69","4.0237","7.41","4.09","1","1","1","1","1","1","8.26 (5.87, 11.64)"
"Livedo reticularis","POOLED","Livedo reticularis","网状青斑","Skin and subcutaneous tissue disorders","皮肤及皮下组织类疾病","12","12","14769","1970","19889728","14781","1982","19906479","8.2","4.65","14.47","8.2","75.38","3.03","2.45","1.4717","6.34","3.13","1","1","1","1","1","1","8.20 (4.65, 14.47)"
"Oropharyngeal discomfort","POOLED","Oropharyngeal discomfort","口咽不适感","Respiratory, thoracic and mediastinal disorders","呼吸系统、胸及纵隔疾病","50","50","14731","8244","19883454","14781","8294","19906479","8.19","6.2","10.82","8.16","312.47","3.02","2.74","6.1585","7.58","4.29","1","1","1","1","1","1","8.19 (6.20, 10.82)"
"Renal tubular necrosis","POOLED","Renal tubular necrosis","肾小管坏死","Renal and urinary disorders","肾脏及泌尿系统疾病","56","56","14725","9311","19882387","14781","9367","19906479","8.12","6.24","10.57","8.09","346.26","3.01","2.74","6.9552","7.58","4.31","1","1","1","1","1","1","8.12 (6.24, 10.57)"
"Blood pressure decreased","POOLED","Blood pressure decreased","血压降低","Investigations","各类检查","363","363","14418","62916","19828782","14781","63279","19906479","7.93","7.15","8.81","7.76","2133.78","2.95","2.84","46.9861","7.65","4.52","1","1","1","1","1","1","7.93 (7.15, 8.81)"
"NEPHROPATHY","POOLED","NEPHROPATHY","肾病","Renal and urinary disorders","肾脏及泌尿系统疾病","52","52","14729","8942","19882756","14781","8994","19906479","7.85","5.97","10.31","7.83","307.94","2.96","2.68","6.6782","7.31","4.14","1","1","1","1","1","1","7.85 (5.97, 10.31)"
"HYPOAESTHESIA ORAL","POOLED","HYPOAESTHESIA ORAL","口腔感觉减退","Gastrointestinal disorders","胃肠系统疾病","83","83","14698","14298","19877400","14781","14381","19906479","7.85","6.32","9.75","7.81","490.54","2.96","2.74","10.6782","7.47","4.31","1","1","1","1","1","1","7.85 (6.32, 9.75)"
"EYE SWELLING","POOLED","EYE SWELLING","眼肿","Eye disorders","眼器官疾病","198","198","14583","35041","19856657","14781","35239","19906479","7.69","6.68","8.86","7.6","1131.3","2.92","2.78","26.1657","7.44","4.37","1","1","1","1","1","1","7.69 (6.68, 8.86)"
"PULSELESS ELECTRICAL ACTIVITY","POOLED","PULSELESS ELECTRICAL ACTIVITY","无脉性电活动","Cardiac disorders","心脏器官疾病","22","22","14759","3886","19887812","14781","3908","19906479","7.63","5.02","11.6","7.62","125.81","2.92","2.49","2.9018","6.61","3.53","1","1","1","1","1","1","7.63 (5.02, 11.60)"
"Chest discomfort","POOLED","Chest discomfort","胸部不适","General disorders and administration site conditions","全身性疾病及给药部位各种反应","520","520","14261","95840","19795858","14781","96360","19906479","7.53","6.9","8.22","7.3","2826.53","2.86","2.77","71.5494","7.22","4.27","1","1","1","1","1","1","7.53 (6.90, 8.22)"
"PRURITUS","POOLED","PRURITUS","瘙痒","Skin and subcutaneous tissue disorders","皮肤及皮下组织类疾病","1744","1744","13037","348118","19543580","14781","349862","19906479","7.51","7.14","7.9","6.74","8638.01","2.75","2.7","259.7803","6.7","3.98","1","1","1","1","1","1","7.51 (7.14, 7.90)"
"Ear swelling","POOLED","Ear swelling","耳肿","Ear and labyrinth disorders","耳及迷路类疾病","11","11","14770","1973","19889725","14781","1984","19906479","7.51","4.15","13.58","7.5","61.66","2.9","2.3","1.4732","5.83","2.84","1","1","1","1","1","1","7.51 (4.15, 13.58)"
"Erythema","POOLED","Erythema","红斑","Skin and subcutaneous tissue disorders","皮肤及皮下组织类疾病","1012","1012","13769","194320","19697378","14781","195332","19906479","7.45","6.99","7.94","7.01","5237.48","2.8","2.74","145.0383","6.96","4.12","1","1","1","1","1","1","7.45 (6.99, 7.94)"
"Hyperpyrexia","POOLED","Hyperpyrexia","高热","General disorders and administration site conditions","全身性疾病及给药部位各种反应","21","21","14760","3830","19887868","14781","3851","19906479","7.39","4.81","11.35","7.38","115.19","2.88","2.44","2.8595","6.4","3.4","1","1","1","1","1","1","7.39 (4.81, 11.35)"
"Yawning","POOLED","Yawning","打呵欠","Respiratory, thoracic and mediastinal disorders","呼吸系统、胸及纵隔疾病","14","14","14767","2561","19889137","14781","2575","19906479","7.36","4.35","12.45","7.36","76.49","2.87","2.34","1.912","6.01","3.04","1","1","1","1","1","1","7.36 (4.35, 12.45)"
"Ear pruritus","POOLED","Ear pruritus","耳瘙痒","Ear and labyrinth disorders","耳及迷路类疾病","17","17","14764","3174","19888524","14781","3191","19906479","7.22","4.48","11.62","7.21","90.42","2.84","2.36","2.3694","6.1","3.17","1","1","1","1","1","1","7.22 (4.48, 11.62)"
"ARTERIOSPASM CORONARY","POOLED","ARTERIOSPASM CORONARY","冠状动脉痉挛","Cardiac disorders","心脏器官疾病","20","20","14761","3743","19887955","14781","3763","19906479","7.2","4.64","11.18","7.19","106.05","2.84","2.39","2.7941","6.22","3.29","1","1","1","1","1","1","7.20 (4.64, 11.18)"
"ERYTHEMA MULTIFORME","POOLED","ERYTHEMA MULTIFORME","多形性红斑","Skin and subcutaneous tissue disorders","皮肤及皮下组织类疾病","47","47","14734","8841","19882857","14781","8888","19906479","7.17","5.38","9.56","7.15","247.61","2.83","2.54","6.5995","6.69","3.77","1","1","1","1","1","1","7.17 (5.38, 9.56)"
"Pallor","POOLED","Pallor","苍白","Vascular disorders","血管与淋巴管类疾病","138","138","14643","26145","19865553","14781","26283","19906479","7.16","6.05","8.47","7.1","720.83","2.82","2.65","19.5157","6.92","4.04","1","1","1","1","1","1","7.16 (6.05, 8.47)"
"Induration","POOLED","Induration","硬结","General disorders and administration site conditions","全身性疾病及给药部位各种反应","9","9","14772","1722","19889976","14781","1731","19906479","7.04","3.65","13.55","7.03","46.34","2.81","2.14","1.2853","5.32","2.5","1","1","1","1","1","1","7.04 (3.65, 13.55)"
"Oxygen saturation decreased","POOLED","Oxygen saturation decreased","血氧饱和度降低","Investigations","各类检查","266","266","14515","52099","19839599","14781","52365","19906479","6.98","6.18","7.88","6.87","1331.12","2.77","2.65","38.8822","6.77","3.98","1","1","1","1","1","1","6.98 (6.18, 7.88)"
"Eye oedema","POOLED","Eye oedema","眼睛水肿","Eye disorders","眼器官疾病","12","12","14769","2323","19889375","14781","2335","19906479","6.96","3.94","12.27","6.95","60.84","2.79","2.21","1.7338","5.6","2.77","1","1","1","1","1","1","6.96 (3.94, 12.27)"
"Vein rupture","POOLED","Vein rupture","静脉破裂","Vascular disorders","血管与淋巴管类疾病","8","8","14773","1559","19890139","14781","1567","19906479","6.91","3.45","13.84","6.91","40.2","2.78","2.07","1.1635","5.11","2.34","1","1","1","1","1","1","6.91 (3.45, 13.84)"
"COLD SWEAT","POOLED","COLD SWEAT","冷汗","Skin and subcutaneous tissue disorders","皮肤及皮下组织类疾病","86","86","14695","16863","19874835","14781","16949","19906479","6.9","5.58","8.53","6.86","428.95","2.77","2.56","12.585","6.61","3.82","1","1","1","1","1","1","6.90 (5.58, 8.53)"
"Skin induration","POOLED","Skin induration","皮肤硬结","Skin and subcutaneous tissue disorders","皮肤及皮下组织类疾病","10","10","14771","1957","19889741","14781","1967","19906479","6.88","3.7","12.81","6.88","49.97","2.78","2.14","1.4605","5.36","2.57","1","1","1","1","1","1","6.88 (3.70, 12.81)"
"Toxic skin eruption","POOLED","Toxic skin eruption","中毒性皮疹","Skin and subcutaneous tissue disorders","皮肤及皮下组织类疾病","49","49","14732","9619","19882079","14781","9668","19906479","6.87","5.19","9.11","6.86","243.94","2.77","2.48","7.1787","6.45","3.64","1","1","1","1","1","1","6.87 (5.19, 9.11)"
"Respiratory distress","POOLED","Respiratory distress","呼吸窘迫","Respiratory, thoracic and mediastinal disorders","呼吸系统、胸及纵隔疾病","133","133","14648","26277","19865421","14781","26410","19906479","6.86","5.78","8.15","6.81","657.01","2.76","2.59","19.61","6.64","3.87","1","1","1","1","1","1","6.86 (5.78, 8.15)"
"Lip discolouration","POOLED","Lip discolouration","唇变色","Gastrointestinal disorders","胃肠系统疾病","6","6","14775","1188","19890510","14781","1194","19906479","6.8","3.05","15.17","6.8","29.52","2.76","1.94","0.8866","4.69","2","1","1","1","1","1","1","6.80 (3.05, 15.17)"
"Respiratory arrest","POOLED","Respiratory arrest","呼吸停止","Respiratory, thoracic and mediastinal disorders","呼吸系统、胸及纵隔疾病","133","133","14648","26847","19864851","14781","26980","19906479","6.72","5.66","7.97","6.67","638.35","2.73","2.56","20.0332","6.5","3.79","1","1","1","1","1","1","6.72 (5.66, 7.97)"
"LOCALISED OEDEMA","POOLED","LOCALISED OEDEMA","局部水肿","General disorders and administration site conditions","全身性疾病及给药部位各种反应","22","22","14759","4435","19887263","14781","4457","19906479","6.68","4.4","10.17","6.68","105.66","2.73","2.31","3.3094","5.91","3.15","1","1","1","1","1","1","6.68 (4.40, 10.17)"
"Dermatitis allergic","POOLED","Dermatitis allergic","过敏性皮炎","Skin and subcutaneous tissue disorders","皮肤及皮下组织类疾病","57","57","14724","11513","19880185","14781","11570","19906479","6.68","5.15","8.68","6.66","273.14","2.73","2.46","8.591","6.32","3.6","1","1","1","1","1","1","6.68 (5.15, 8.68)"
"SKIN TIGHTNESS","POOLED","SKIN TIGHTNESS","皮肤紧缩感","Skin and subcutaneous tissue disorders","皮肤及皮下组织类疾病","22","22","14759","4460","19887238","14781","4482","19906479","6.65","4.37","10.11","6.64","104.86","2.72","2.3","3.328","5.88","3.14","1","1","1","1","1","1","6.65 (4.37, 10.11)"
"Rash maculo-papular","POOLED","Rash maculo-papular","斑丘疹","Skin and subcutaneous tissue disorders","皮肤及皮下组织类疾病","101","101","14680","20840","19870858","14781","20941","19906479","6.56","5.39","7.98","6.52","470.44","2.7","2.5","15.5492","6.32","3.67","1","1","1","1","1","1","6.56 (5.39, 7.98)"
"Suffocation feeling","POOLED","Suffocation feeling","窒息感","Respiratory, thoracic and mediastinal disorders","呼吸系统、胸及纵隔疾病","11","11","14770","2375","19889323","14781","2386","19906479","6.24","3.45","11.28","6.23","48.11","2.63","2.03","1.7717","5.06","2.47","1","1","1","1","1","1","6.24 (3.45, 11.28)"
"Oxygen therapy","POOLED","Oxygen therapy","氧治疗","Surgical and medical procedures","各种手术及医疗操作","7","7","14774","1517","19890181","14781","1524","19906479","6.21","2.96","13.06","6.21","30.46","2.63","1.87","1.1316","4.6","2.04","1","1","1","1","1","1","6.21 (2.96, 13.06)"
"LIP SWELLING","POOLED","LIP SWELLING","唇部肿胀","Gastrointestinal disorders","胃肠系统疾病","144","144","14637","31438","19860260","14781","31582","19906479","6.21","5.27","7.33","6.16","621.15","2.62","2.45","23.4503","6.03","3.52","1","1","1","1","1","1","6.21 (5.27, 7.33)"
"BLINDNESS TRANSIENT","POOLED","BLINDNESS TRANSIENT","一过性失明","Eye disorders","眼器官疾病","32","32","14749","6987","19884711","14781","7019","19906479","6.17","4.36","8.74","6.16","137.84","2.62","2.26","5.2118","5.69","3.14","1","1","1","1","1","1","6.17 (4.36, 8.74)"
"Swollen tongue","POOLED","Swollen tongue","肿舌","Gastrointestinal disorders","胃肠系统疾病","131","131","14650","29641","19862057","14781","29772","19906479","5.99","5.04","7.12","5.95","537.6","2.57","2.39","22.1064","5.82","3.39","1","1","1","1","1","1","5.99 (5.04, 7.12)"
"Chills","POOLED","Chills","寒战","General disorders and administration site conditions","全身性疾病及给药部位各种反应","479","479","14302","111730","19779968","14781","112209","19906479","5.93","5.41","6.5","5.77","1891.18","2.52","2.43","83.3177","5.72","3.38","1","1","1","1","1","1","5.93 (5.41, 6.50)"
"Apnoea","POOLED","Apnoea","呼吸暂停","Respiratory, thoracic and mediastinal disorders","呼吸系统、胸及纵隔疾病","33","33","14748","7513","19884185","14781","7546","19906479","5.92","4.21","8.34","5.91","134.11","2.56","2.21","5.6031","5.49","3.03","1","1","1","1","1","1","5.92 (4.21, 8.34)"
"SWELLING FACE","POOLED","SWELLING FACE","面部肿胀","General disorders and administration site conditions","全身性疾病及给药部位各种反应","265","265","14516","61582","19830116","14781","61847","19906479","5.88","5.2","6.64","5.79","1049.16","2.53","2.4","45.9228","5.72","3.37","1","1","1","1","1","1","5.88 (5.20, 6.64)"
"Hypopnoea","POOLED","Hypopnoea","呼吸不足","Respiratory, thoracic and mediastinal disorders","呼吸系统、胸及纵隔疾病","14","14","14767","3253","19888445","14781","3267","19906479","5.8","3.43","9.8","5.79","55.27","2.53","1.99","2.4258","4.96","2.51","1","1","1","1","1","1","5.80 (3.43, 9.80)"
"Pruritus generalised","POOLED","Pruritus generalised",,,,"92","92","14689","21496","19870202","14781","21588","19906479","5.79","4.71","7.11","5.76","360.71","2.52","2.31","16.0296","5.6","3.24","1","1","1","1","1","1","5.79 (4.71, 7.11)"
"Rash pustular","POOLED","Rash pustular","脓疱疹","Infections and infestations","感染及侵染类疾病","30","30","14751","7046","19884652","14781","7076","19906479","5.74","4.01","8.22","5.73","116.68","2.51","2.15","5.2541","5.3","2.91","1","1","1","1","1","1","5.74 (4.01, 8.22)"
"ANGIOEDEMA","POOLED","ANGIOEDEMA","血管性水肿","Skin and subcutaneous tissue disorders","皮肤及皮下组织类疾病","175","175","14606","41663","19850035","14781","41838","19906479","5.71","4.92","6.63","5.65","668.78","2.49","2.34","31.0656","5.56","3.26","1","1","1","1","1","1","5.71 (4.92, 6.63)"
"Post procedural complication","POOLED","Post procedural complication","操作后并发症","Injury, poisoning and procedural complications","各类损伤、中毒及操作并发症","78","78","14703","18545","19873153","14781","18623","19906479","5.68","4.55","7.11","5.66","298.31","2.5","2.27","13.828","5.48","3.15","1","1","1","1","1","1","5.68 (4.55, 7.11)"
"Vomiting projectile","POOLED","Vomiting projectile","喷射样呕吐","Gastrointestinal disorders","胃肠系统疾病","11","11","14770","2635","19889063","14781","2646","19906479","5.62","3.11","10.17","5.62","41.59","2.49","1.88","1.9647","4.67","2.27","1","1","1","1","1","1","5.62 (3.11, 10.17)"
"Lacrimation increased","POOLED","Lacrimation increased","流泪增加","Eye disorders","眼器官疾病","114","114","14667","27862","19863836","14781","27976","19906479","5.54","4.61","6.67","5.51","419.3","2.46","2.27","20.7728","5.38","3.13","1","1","1","1","1","1","5.54 (4.61, 6.67)"
"Dermatitis exfoliative","POOLED","Dermatitis exfoliative","剥脱性皮炎","Skin and subcutaneous tissue disorders","皮肤及皮下组织类疾病","20","20","14761","4898","19886800","14781","4918","19906479","5.5","3.54","8.54","5.5","73.26","2.45","2","3.6517","4.94","2.61","1","1","1","1","1","1","5.50 (3.54, 8.54)"
"Mouth swelling","POOLED","Mouth swelling","口肿胀","Gastrointestinal disorders","胃肠系统疾病","22","22","14759","5404","19886294","14781","5426","19906479","5.49","3.61","8.34","5.48","80.24","2.45","2.02","4.0289","4.97","2.65","1","1","1","1","1","1","5.49 (3.61, 8.34)"
"POOR QUALITY DRUG ADMINISTERED","POOLED","POOR QUALITY DRUG ADMINISTERED",,,,"26","26","14755","6414","19885284","14781","6440","19906479","5.46","3.72","8.03","5.46","94.25","2.44","2.05","4.7818","5.02","2.72","1","1","1","1","1","1","5.46 (3.72, 8.03)"
"RESPIRATORY RATE DECREASED","POOLED","RESPIRATORY RATE DECREASED","呼吸频率降低","Investigations","各类检查","12","12","14769","3018","19888680","14781","3030","19906479","5.35","3.04","9.44","5.35","42.29","2.42","1.84","2.2498","4.55","2.25","1","1","1","1","1","1","5.35 (3.04, 9.44)"
"Dermatitis bullous","POOLED","Dermatitis bullous","大疱性皮炎","Skin and subcutaneous tissue disorders","皮肤及皮下组织类疾病","27","27","14754","6828","19884870","14781","6855","19906479","5.33","3.65","7.78","5.32","94.41","2.41","2.02","5.09","4.92","2.68","1","1","1","1","1","1","5.33 (3.65, 7.78)"
"Hyperthermia","POOLED","Hyperthermia","体温过高","General disorders and administration site conditions","全身性疾病及给药部位各种反应","28","28","14753","7166","19884532","14781","7194","19906479","5.27","3.63","7.64","5.26","96.22","2.39","2.01","5.3417","4.88","2.66","1","1","1","1","1","1","5.27 (3.63, 7.64)"
"Eosinophilia","POOLED","Eosinophilia","嗜酸性粒细胞增多症","Blood and lymphatic system disorders","血液及淋巴系统疾病","63","63","14718","16327","19875371","14781","16390","19906479","5.21","4.07","6.68","5.19","212.63","2.37","2.12","12.1699","5.01","2.86","1","1","1","1","1","1","5.21 (4.07, 6.68)"
"Rash morbilliform","POOLED","Rash morbilliform","麻疹样皮疹","Skin and subcutaneous tissue disorders","皮肤及皮下组织类疾病","10","10","14771","2617","19889081","14781","2627","19906479","5.15","2.76","9.58","5.14","33.25","2.36","1.72","1.9506","4.28","2.05","1","1","1","1","1","1","5.15 (2.76, 9.58)"
"Drug eruption","POOLED","Drug eruption","药疹","Skin and subcutaneous tissue disorders","皮肤及皮下组织类疾病","62","62","14719","16387","19875311","14781","16449","19906479","5.11","3.98","6.56","5.09","203.26","2.34","2.09","12.2137","4.92","2.81","1","1","1","1","1","1","5.11 (3.98, 6.56)"
"BRAIN OEDEMA","POOLED","BRAIN OEDEMA","脑水肿","Nervous system disorders","各类神经系统疾病","45","45","14736","11954","19879744","14781","11999","19906479","5.08","3.79","6.81","5.07","146.39","2.34","2.04","8.9095","4.84","2.72","1","1","1","1","1","1","5.08 (3.79, 6.81)"
"INJECTION SITE VESICLES","POOLED","INJECTION SITE VESICLES","注射部位囊泡","General disorders and administration site conditions","全身性疾病及给药部位各种反应","21","21","14760","5590","19886108","14781","5611","19906479","5.06","3.3","7.77","5.06","68.09","2.33","1.9","4.1663","4.61","2.45","1","1","1","1","1","1","5.06 (3.30, 7.77)"
"Depressed level of consciousness","POOLED","Depressed level of consciousness","意识水平下降","Nervous system disorders","各类神经系统疾病","137","137","14644","37271","19854427","14781","37408","19906479","4.98","4.21","5.9","4.95","430.63","2.3","2.13","27.7763","4.86","2.84","1","1","1","1","1","1","4.98 (4.21, 5.90)"
"Respiratory rate increased","POOLED","Respiratory rate increased","呼吸频率升高","Investigations","各类检查","31","31","14750","8490","19883208","14781","8521","19906479","4.92","3.46","7.01","4.91","96.33","2.29","1.93","6.327","4.61","2.54","1","1","1","1","1","1","4.92 (3.46, 7.01)"
"HYPERSENSITIVITY","POOLED","HYPERSENSITIVITY","超敏反应","Immune system disorders","免疫系统疾病","603","603","14178","173721","19717977","14781","174324","19906479","4.83","4.45","5.24","4.67","1749.15","2.22","2.14","129.4394","4.64","2.75","1","1","1","1","1","1","4.83 (4.45, 5.24)"
"Petechiae","POOLED","Petechiae","瘀点","Skin and subcutaneous tissue disorders","皮肤及皮下组织类疾病","35","35","14746","9781","19881917","14781","9816","19906479","4.82","3.46","6.73","4.82","105.49","2.26","1.92","7.2886","4.56","2.53","1","1","1","1","1","1","4.82 (3.46, 6.73)"
"RASH GENERALISED","POOLED","RASH GENERALISED",,,,"91","91","14690","25744","19865954","14781","25835","19906479","4.78","3.89","5.88","4.76","269.42","2.25","2.04","19.1831","4.65","2.69","1","1","1","1","1","1","4.78 (3.89, 5.88)"
"Nasal congestion","POOLED","Nasal congestion","鼻充血","Respiratory, thoracic and mediastinal disorders","呼吸系统、胸及纵隔疾病","192","192","14589","54774","19836924","14781","54966","19906479","4.77","4.13","5.5","4.72","562.01","2.23","2.09","40.8135","4.66","2.73","1","1","1","1","1","1","4.77 (4.13, 5.50)"
"Eye movement disorder","POOLED","Eye movement disorder","眼动障碍","Eye disorders","眼器官疾病","23","23","14758","6524","19885174","14781","6547","19906479","4.75","3.15","7.16","4.74","67.75","2.24","1.82","4.8613","4.38","2.35","1","1","1","1","1","1","4.75 (3.15, 7.16)"
"ANURIA","POOLED","ANURIA","无尿","Renal and urinary disorders","肾脏及泌尿系统疾病","29","29","14752","8319","19883379","14781","8348","19906479","4.7","3.26","6.77","4.69","83.97","2.23","1.85","6.1986","4.4","2.41","1","1","1","1","1","1","4.70 (3.26, 6.77)"
"Dysphonia","POOLED","Dysphonia","发声困难","Respiratory, thoracic and mediastinal disorders","呼吸系统、胸及纵隔疾病","190","190","14591","55221","19836477","14781","55411","19906479","4.68","4.05","5.4","4.63","540.46","2.21","2.06","41.1439","4.57","2.68","1","1","1","1","1","1","4.68 (4.05, 5.40)"
"HAEMODIALYSIS","POOLED","HAEMODIALYSIS","血液透析","Surgical and medical procedures","各种手术及医疗操作","29","29","14752","8365","19883333","14781","8394","19906479","4.67","3.24","6.73","4.67","83.26","2.22","1.85","6.2327","4.38","2.4","1","1","1","1","1","1","4.67 (3.24, 6.73)"
"Dry throat","POOLED","Dry throat","咽干","Respiratory, thoracic and mediastinal disorders","呼吸系统、胸及纵隔疾病","33","33","14748","9544","19882154","14781","9577","19906479","4.66","3.31","6.56","4.65","94.37","2.21","1.87","7.1111","4.4","2.43","1","1","1","1","1","1","4.66 (3.31, 6.56)"
"Cardiac arrest","POOLED","Cardiac arrest","心脏停搏","Cardiac disorders","心脏器官疾病","270","270","14511","79294","19812404","14781","79564","19906479","4.65","4.12","5.24","4.58","756.62","2.19","2.07","59.078","4.54","2.67","1","1","1","1","1","1","4.65 (4.12, 5.24)"
"Choking sensation","POOLED","Choking sensation","呛噎感","Respiratory, thoracic and mediastinal disorders","呼吸系统、胸及纵隔疾病","18","18","14763","5222","19886476","14781","5240","19906479","4.64","2.92","7.38","4.64","51.22","2.21","1.74","3.8908","4.21","2.2","1","1","1","1","1","1","4.64 (2.92, 7.38)"
"Purpura","POOLED","Purpura","紫癜","Skin and subcutaneous tissue disorders","皮肤及皮下组织类疾病","29","29","14752","8436","19883262","14781","8465","19906479","4.63","3.22","6.67","4.63","82.18","2.21","1.83","6.2854","4.35","2.38","1","1","1","1","1","1","4.63 (3.22, 6.67)"
"Skin warm","POOLED","Skin warm","皮肤发热","Skin and subcutaneous tissue disorders","皮肤及皮下组织类疾病","19","19","14762","5533","19886165","14781","5552","19906479","4.63","2.95","7.26","4.62","53.75","2.2","1.74","4.1225","4.22","2.22","1","1","1","1","1","1","4.63 (2.95, 7.26)"
"Tongue disorder","POOLED","Tongue disorder","舌病","Gastrointestinal disorders","胃肠系统疾病","24","24","14757","6996","19884702","14781","7020","19906479","4.62","3.1","6.9","4.62","67.79","2.2","1.79","5.2125","4.29","2.31","1","1","1","1","1","1","4.62 (3.10, 6.90)"
"Aphasia","POOLED","Aphasia","失语","Nervous system disorders","各类神经系统疾病","97","97","14684","28800","19862898","14781","28897","19906479","4.56","3.73","5.56","4.53","266.55","2.18","1.97","21.4567","4.44","2.57","1","1","1","1","1","1","4.56 (3.73, 5.56)"
"Rash erythematous","POOLED","Rash erythematous","红色皮疹","Skin and subcutaneous tissue disorders","皮肤及皮下组织类疾病","144","144","14637","42931","19848767","14781","43075","19906479","4.55","3.86","5.36","4.51","393.45","2.17","2","31.9841","4.45","2.6","1","1","1","1","1","1","4.55 (3.86, 5.36)"
"Circulatory collapse","POOLED","Circulatory collapse","循环性虚脱","Vascular disorders","血管与淋巴管类疾病","55","55","14726","16353","19875345","14781","16408","19906479","4.54","3.48","5.92","4.53","150.71","2.17","1.9","12.1833","4.38","2.49","1","1","1","1","1","1","4.54 (3.48, 5.92)"
"WHEEZING","POOLED","WHEEZING","哮鸣","Respiratory, thoracic and mediastinal disorders","呼吸系统、胸及纵隔疾病","180","180","14601","54056","19837642","14781","54236","19906479","4.52","3.9","5.24","4.48","486.5","2.16","2.01","40.2714","4.43","2.59","1","1","1","1","1","1","4.52 (3.90, 5.24)"
"Dyspnoea","POOLED","Dyspnoea","呼吸困难","Respiratory, thoracic and mediastinal disorders","呼吸系统、胸及纵隔疾病","1612","1612","13169","535142","19356556","14781","536754","19906479","4.43","4.2","4.66","4.05","3799.72","2.02","1.96","398.5517","4.04","2.4","1","1","1","1","1","1","4.43 (4.20, 4.66)"
"Loss of consciousness","POOLED","Loss of consciousness","意识丧失","Nervous system disorders","各类神经系统疾病","392","392","14389","122003","19769695","14781","122395","19906479","4.41","3.99","4.88","4.32","1004.63","2.11","2.01","90.881","4.3","2.54","1","1","1","1","1","1","4.41 (3.99, 4.88)"
"Swelling of eyelid","POOLED","Swelling of eyelid","眼睑肿胀","Eye disorders","眼器官疾病","18","18","14763","5503","19886195","14781","5521","19906479","4.41","2.77","7","4.4","47.18","2.13","1.66","4.0995","4.02","2.1","1","1","1","1","1","1","4.41 (2.77, 7.00)"
"Urinary incontinence","POOLED","Urinary incontinence","尿失禁","Renal and urinary disorders","肾脏及泌尿系统疾病","92","92","14689","28295","19863403","14781","28387","19906479","4.4","3.58","5.4","4.38","239.15","2.13","1.92","21.078","4.29","2.48","1","1","1","1","1","1","4.40 (3.58, 5.40)"
"FLUSHING","POOLED","FLUSHING","潮红","Vascular disorders","血管与淋巴管类疾病","313","313","14468","97894","19793804","14781","98207","19906479","4.37","3.91","4.89","4.3","794.93","2.1","1.99","72.9209","4.27","2.52","1","1","1","1","1","1","4.37 (3.91, 4.89)"
"Erythema of eyelid","POOLED","Erythema of eyelid","眼睑红斑","Eye disorders","眼器官疾病","16","16","14765","5005","19886693","14781","5021","19906479","4.31","2.64","7.04","4.3","40.43","2.1","1.6","3.7282","3.9","2.01","1","1","1","1","1","1","4.31 (2.64, 7.04)"
"Meningitis","POOLED","Meningitis","脑膜炎","Infections and infestations","感染及侵染类疾病","20","20","14761","6310","19885388","14781","6330","19906479","4.27","2.75","6.63","4.27","49.86","2.09","1.64","4.7002","3.94","2.08","1","1","1","1","1","1","4.27 (2.75, 6.63)"
"Feeling hot","POOLED","Feeling hot","感觉热","General disorders and administration site conditions","全身性疾病及给药部位各种反应","181","181","14600","58699","19832999","14781","58880","19906479","4.19","3.62","4.85","4.15","432.66","2.05","1.9","43.7197","4.1","2.41","1","1","1","1","1","1","4.19 (3.62, 4.85)"
"Ocular hyperaemia","POOLED","Ocular hyperaemia","眼充血","Eye disorders","眼器官疾病","133","133","14648","43357","19848341","14781","43490","19906479","4.16","3.5","4.93","4.13","314.99","2.04","1.87","32.2923","4.07","2.37","1","1","1","1","1","1","4.16 (3.50, 4.93)"
"Anal incontinence","POOLED","Anal incontinence","肛门失禁","Gastrointestinal disorders","胃肠系统疾病","25","25","14756","8207","19883491","14781","8232","19906479","4.1","2.77","6.08","4.1","58.43","2.03","1.63","6.1124","3.86","2.08","1","1","1","1","1","1","4.10 (2.77, 6.08)"
"Ventricular tachycardia","POOLED","Ventricular tachycardia","室性心动过速","Cardiac disorders","心脏器官疾病","48","48","14733","15807","19875891","14781","15855","19906479","4.1","3.08","5.44","4.09","111.65","2.03","1.74","11.7727","3.95","2.23","1","1","1","1","1","1","4.10 (3.08, 5.44)"
"Skin reaction","POOLED","Skin reaction","皮肤反应","Skin and subcutaneous tissue disorders","皮肤及皮下组织类疾病","40","40","14741","13215","19878483","14781","13255","19906479","4.08","2.99","5.57","4.07","92.54","2.02","1.71","9.8421","3.92","2.19","1","1","1","1","1","1","4.08 (2.99, 5.57)"
"Cardiogenic shock","POOLED","Cardiogenic shock","心源性休克","Cardiac disorders","心脏器官疾病","38","38","14743","13366","19878332","14781","13404","19906479","3.83","2.79","5.27","3.83","79.15","1.93","1.61","9.9528","3.68","2.05","1","1","1","1","1","1","3.83 (2.79, 5.27)"
"RETCHING","POOLED","RETCHING","干呕","Gastrointestinal disorders","胃肠系统疾病","57","57","14724","20159","19871539","14781","20216","19906479","3.82","2.94","4.95","3.81","117.66","1.92","1.66","15.0108","3.71","2.11","1","1","1","1","1","1","3.82 (2.94, 4.95)"
"Hypotension","POOLED","Hypotension","低血压","Vascular disorders","血管与淋巴管类疾病","494","494","14287","189908","19701790","14781","190402","19906479","3.59","3.28","3.92","3.5","888.66","1.8","1.71","141.3777","3.49","2.06","1","1","1","1","1","1","3.59 (3.28, 3.92)"
"Tachycardia","POOLED","Tachycardia","心动过速","Cardiac disorders","心脏器官疾病","218","218","14563","84373","19807325","14781","84591","19906479","3.51","3.07","4.02","3.48","385.36","1.8","1.66","62.8107","3.45","2.03","1","1","1","1","1","1","3.51 (3.07, 4.02)"
