strength	route	pmid	doi	year	title	journal	authors	queries	abstract
强护理前置	护士给药错误/近失/用药安全流程	40554946	10.1016/j.nepr.2025.104438	2025	Exploring the impact of artificial intelligence integration on medication error reduction: A nursing perspective.	Nurse education in practice	Alqaraleh M; Almagharbeh WT; Ahmad MW	Q1_nursing_title_drug_safety;Q3_nursing_monitoring_admin;Q5_med_admin_errors_nurses	To systematically evaluate the impact of artificial intelligence (AI) technologies on reducing medication errors in nursing practice, focusing on tools such as clinical decision support systems (CDSS), smart infusion pumps, barcode scanning and automated prescription validation. Medication errors are a persistent threat to patient safety and a major burden on healthcare systems. Nurses, who are central to the medication administration process, remain vulnerable to human error. AI offers new opportunities to enhance safety through real-time decision support and predictive analytics. A systematic review following PRISMA 2020 guidelines and using a mixed-methods approach to integrate quantitative outcomes with qualitative insights from nursing practice. Studies published in English between January 2013 and March 2024 were retrieved from PubMed, ScienceDirect and CINAHL. Eligibility was guided by the PICO framework. Quality appraisal tools appropriate to study designs were applied. Twelve studies were included. CDSS reduced operating room errors by up to 95 %, while smart infusion pumps reduced IV medication errors by approximately 80 %. Prescription validation tools led to a 55 % reduction in prescribing errors. AI-driven alert filtering decreased non-actionable alerts by 45 %. Qualitative data revealed both appreciation of AI's utility and concerns about algorithmic bias, system usability and trust. AI technologies significantly improve medication safety in nursing. However, successful implementation depends on nurse training, system integration, ethical safeguards and workflow alignment. Further experimental studies are needed to validate efficacy and address barriers such as alert fatigue, algorithm transparency and adoption resistance.
强护理前置	护士给药错误/近失/用药安全流程	41031474	10.1111/jocn.70109	2026	Assessing the Effectiveness of Interventions Implemented by Nurses to Reduce Medication Administration Errors in Hospitalised Acute Adult Patient Settings: Systematic Review and Meta-Analysis.	Journal of clinical nursing	Eze AU; Marufu T; Amagyei A; Nelson D; Laparidou D; C Manning J	Q1_nursing_title_drug_safety;Q2_nurse_led_monitoring;Q3_nursing_monitoring_admin	Medication administration errors are high-risk patient safety issues that could potentially cause harm to patients, thereby delaying recovery and increasing length of hospital stay with additional healthcare costs. Nurses are pivotal to the medication administration process and are considered to be in the position to recognize and prevent these errors. However, the effectiveness of interventions implemented by nurses to reduce medication administration errors in acute hospital settings is less reported. To identify and quantify the effectiveness of interventions by nurses in reducing medication administration errors in adults' inpatient acute hospital. A systematic review and meta-analysis was conducted up to 03/24. Six databases were searched. Study methodology quality assessment was conducted using the Joanna Briggs Institute (JBI) critical appraisal tools, and data extraction was conducted. Meta-analysis was performed to combine effect sizes from the studies, and synthesis without meta-analysis was adopted for studies that were not included in the meta-analysis to aggregate and re-examine results from studies. Searches identified 878 articles with 26 studies meeting the inclusion criteria. Five types of interventions were identified: (1) educational program, (2) workflow smart technologies, (3) protocolised improvement strategy, (4) low resource ward-based interventions, and (5) electronic medication management. The overall results from 14 studies included in meta-analysis showed interventions implemented by nurses are effective in reducing medication administration errors (Z = 2.15 (p = 0.03); odds ratio = 95% CI 0.70 [0.51, 0.97], I2 = 94%). Sub-group analysis showed workflow smart technologies to be the most effective intervention compared to usual care. Findings demonstrate that nurse-led interventions can significantly reduce medication administration errors compared to usual care. The effectiveness of individual interventions varied, suggesting a bundle approach may be more beneficial. This provides valuable insights for clinical practice, emphasizing the importance of tailored, evidence-based approaches to improving medication safety. PRISMA guided the review and JBI critical appraisal tools were used for quality appraisal of included studies.
强护理前置	护士给药错误/近失/用药安全流程	41961678	10.1097/MD.0000000000048260	2026	Nursing performance, medication error, and patient safety concerning night shift rotations.	Medicine	Al-Mugheed K	Q1_nursing_title_drug_safety;Q5_med_admin_errors_nurses	This study investigates the impact of night shift rotations on nursing performance and medication errors, and examines the mediating role of patient safety and quality of work. A cross-sectional design was used, targeting 350 nurses from a selected hospital in Jordan. The required sample size of 184 participants was calculated using an online sample size calculator. Data were analyzed using descriptive and inferential statistics to explore the relationships between night shift rotations, nursing performance, medication errors, and patient safety quality. The results showed that night shift rotations significantly affected both nursing performance and medication errors. Additionally, patient safety and quality of work were found to mediate these relationships, indicating that higher levels of patient safety and quality of work can strengthen nursing performance and help mitigate medication errors. The results showed that night shift rotations significantly affected both nursing performance and medication errors. Additionally, patient safety and quality of work were found to mediate these relationships, indicating that higher levels of patient safety and quality of work can strengthen nursing performance and help mitigate medication errors.
强护理前置	护士给药错误/近失/用药安全流程	39478723	10.4103/ijnmr.ijnmr_323_23	2024	Clinical Simulation in Nursing Students' Safe Medication Administration: A Systematic Review.	Iranian journal of nursing and midwifery research	Shahzeydi A; Dianati M; Kalhor F	Q1_nursing_title_drug_safety;Q3_nursing_monitoring_admin;Q5_med_admin_errors_nurses	Nursing students' safe medication administration is a crucial aspect of ensuring patient safety. Clinical simulation is a novel teaching method applied to reduce factors threatening medication safety in the education of nursing students. Therefore, the aim of the present study was to conduct a review study in this field. The present review was conducted using keywords of education, clinical competence, medication safety, medication error, nursing student, clinical simulation, and educational strategies. Suitable articles published between 2000 and 2023 were systematically searched in various national and international online databases, including SID, Magiran, Ovid, Scopus, Web of Science, PubMed, ProQuest, and Google Scholar in both English and Persian languages. A total of 855 articles were retrieved from the initial search findings. After eliminating duplicate and irrelevant articles based on predetermined criteria, a qualitative selection was conducted using CONSORT, MMAT, and JBI critical appraisal checklists. Ultimately, a selection of 11 articles was made, specifically focusing on medication safety education for nursing students through clinical simulation. The findings showed that using clinical simulation improved medication safety and safety knowledge among nursing students. Additionally, this approach was found to enhance their competence in medication administration. Based on the findings, clinical simulation is a safe and effective approach for enhancing nursing students' proficiency in medication safety and administration. Therefore, it is recommended that nursing education authorities implement these findings to improve nursing students' knowledge, performance, and competency in safely administering medications.
强护理前置	护士给药错误/近失/用药安全流程	39467617	10.1136/bmjoq-2023-002711	2024	Resilience in nursing medication administration practice: a systematic review with narrative synthesis.	BMJ open quality	Kellett PL; Franklin BD; Pearce S; Benn J	Q1_nursing_title_drug_safety;Q3_nursing_monitoring_admin	Resilience in nursing medication administration practice: a systematic review with narrative synthesis. Little is known about how nurses adapt medication administration practices to preserve safety. The capacity to adapt and respond before harm occurs has been labelled 'resilience'. Current evidence examining medication safety largely focuses on errors and what goes wrong. This review aimed to synthesise evidence for the application of resilience principles and practices in nursing medication administration. The Preferred Reporting Items for Systematic Reviews and Meta-Analyses guided the review, which was registered with PROSPERO. MEDLINE, EMBASE, PsychINFO and CINAHL databases were searched from 14 August 2020 to 1 January 2021 for English-language studies. A systematic review of empirical studies of any design relating to resilience and safety in nursing medication administration in the inpatient setting was conducted. Methodological quality was appraised using the Mixed Methods Appraisal Tool. Data were synthesised thematically. Thirty-two studies with a range of methodologies of mostly good quality met the inclusion criteria. Eleven interventional studies included two that evaluated the effectiveness of education interventions and nine exploratory studies with outcomes showing the impact of an intervention designed or examined to build resilience. Twenty-one non-interventional studies showed how resilience principles are put into practice. Only three studies explicitly named the concept of resilience. Resilient medication administration strategies result from five triggers. Nurses' resilience practices were found to be responses to identified trigers that threaten safety and productivity. These were often short term, real-time proactive adaptations to preserve safety, compensating for and responding to complexities in the modern healthcare setting. CRD42018087928.
强护理前置	护士给药错误/近失/用药安全流程	39544448	10.1177/17449871241278860	2024	Nurses' attitudes towards patient safety and their relationship to adverse patient events in Oman.	Journal of research in nursing : JRN	Almanhali R; Al Sabei SD; Matua Amandu G	Q1_nursing_title_drug_safety	Adverse events (AEs) are major causes of mortality. Identification of nurses' attitudes towards patient safety and their impact on AEs is critical in enhancing safe practices. To assess the relationship between attitudes towards patient safety and AEs as perceived by nurses working in Sultanate of Oman. A descriptive, cross-sectional study was conducted. Data to evaluate nurses' attitudes towards patient safety was collected using the Safety Attitude Questionnaire. The relationship between attitudes towards patient safety and the perceived incidence of adverse patient events was examined using logistic regression analysis. A total of 184 questionnaires were administered from February to April 2022, with a response rate of 96.8%. The results revealed that nurses had a negative attitude towards patient safety. The highest reported adverse event was patient and family complaints. Findings showed a significant relationship between working conditions and patient and family verbal abuse (OR = 0.505, CI (0.283-0.901), p = 0.021). Job satisfaction was a significant predictor of patient fall (OR = 0.57, CI (0.353-0.932), p = 0.025) and medication error (OR = 0.58, CI (0.354-0.949), p = 0.030). Nurses' attitudes towards patient safety are a significant predictor contributing to the occurrence of AEs. This finding provides key insights about patient safety status that key stakeholders could use to improve safety culture, including raising patient safety awareness.
强护理前置	护士主导随访/监测/管理	41240718	10.1016/j.ijnurstu.2025.105274	2026	Nurses' role in deprescribing for older adults: A scoping review.	International journal of nursing studies	Barbuiani G; Terzoni S; Caruso R; Cilluffo S; Pasina L; Lusignani M	Q1_nursing_title_drug_safety;Q2_nurse_led_monitoring	To map the evidence on nurses' roles and contributions in deprescribing within the multidisciplinary team across all clinical settings. This scoping review was conducted using Arksey and O'Malley's framework and the Joanna Briggs Institute (JBI) methodology, and reported by the PRISMA-ScR 2020 checklist. A systematic search was conducted across CINAHL, Embase, MEDLINE (Ovid), Web of Science, Scopus and Google Scholar, with no time restrictions. Studies in English and Italian were included if they explored the role of nurses in deprescribing in older adults (≥65 years) across hospital, home, or community settings. A wide range of study designs was considered, including empirical studies, reviews, and gray literature. 28 studies were included in the review. Nurses played key roles in deprescribing through medication review, adherence assessment, detection of adverse drug effects or drug-drug interactions, patient education, and monitoring. Nurse-led interventions, conducted independently or in collaboration with the multidisciplinary team, were effective in reducing potentially inappropriate medications and improving adherence as primary outcomes. Key facilitators of nurses' views on deprescribing included strong interdisciplinary collaboration, training, and use of decision-support tools. Limited resources, a lack of trust in medication counseling, fragmented care, and patient-related difficulties were the main obstacles. The changing and crucial role that nurses play in the deprescribing process is highlighted in this scoping review. The medication safety of older adults necessitates empowering nurses through organizational frameworks, technology support, and training. There is a clear need for stronger, high-quality evidence, including randomized controlled trials and rigorously designed implementation studies, to assess outcomes and guide the integration of nurse-led deprescribing interventions into everyday clinical practice. Protocol registered on the Open Science Framework (doi:10.17605/OSF.IO/C49BU).
强护理前置	护士给药错误/近失/用药安全流程	39225448	10.1111/ijn.13299	2024	Factors influencing the reporting of medication errors and near misses among nurses: A systematic mixed methods review.	International journal of nursing practice	Braiki R; Douville F; Gagnon MP	Q1_nursing_title_drug_safety;Q5_med_admin_errors_nurses	This study aimed to systematically review empirical evidence on factors influencing nurses to report medication errors and near misses. There is underreporting of medication errors among nurses, in particular among novice and beginner nurses. To improve quality of care, factors influencing the reporting of medication errors and near misses should be documented. A systematic mixed methods review was conducted. CINAHL, Cochrane Collaboration, Embase, Medline, PsycINFO and Web of Science databases were explored and analysed from December 1990 to December 2023. Two reviewers independently selected and extracted data using a standardized data extraction grid. Data were analysed using thematic analysis based on the adapted theory of planned behaviour. Forty-two studies met the eligibility criteria. Principal factors influencing the reporting of medication errors and near misses among nurses were associated with perceived behavioural control, subjective norm and attitude. Few studies examined factors influencing reporting medication errors and near misses among novice and beginner nurses, and sociodemographic and professional factors. To understand factors influencing reporting of medication errors and near misses, further studies should be conducted to investigate sociodemographic and professional factors.
强护理前置	护士给药错误/近失/用药安全流程	39301846	10.1111/nhs.13161	2024	Addressing Medication Administration Safety Through Simulation: A Quasi-Experimental Study Among Nursing Students.	Nursing & health sciences	Shor V; Kimhi E; Avraham R	Q1_nursing_title_drug_safety;Q3_nursing_monitoring_admin;Q5_med_admin_errors_nurses	"Healthcare institutions are dedicated to minimizing medication errors and promoting their reporting. This study investigates the impact of simulation on nursing students' attitudes toward and intention to report medication errors. A quasi-experimental one-group pre-post-test study was conducted. Third-year nursing students (N = 63) participated in a scenario-based simulation for medication administration. Participants' errors were documented. Participants self-reported attitudes toward medication administration safety and intention to report errors. The most reported error was ""contraindicated in disease"" (61%). The simulation increased attitudes of preparedness by the training program received (p < 0.01) and belief in the patient's involvement in preventing errors (p < 0.01), and decreased the belief that professional incompetence reveals errors (p = 0.015). Intention to report errors was influenced by medication error training received (p = 0.045), confidence in error reporting (p < 0.001), and a sense of responsibility to disclose errors (p = 0.001). Simulation effectively shapes attitudes and intentions regarding medication error reporting. Improving nursing students' awareness, skills, and clinical judgment can foster a safety culture and potentially reduce patient harm. Future research should examine the long-term effects of simulation and its impact on reducing medication errors."
强护理前置	其他	39392417	10.1111/wvn.12749	2024	Experiences of clinical nurses with medication interruption: A systematic review and qualitative meta-synthesis.	Worldviews on evidence-based nursing	Wang Q; Ding X; Zhu M; Chen H; Yang Y; Wang Y	Q1_nursing_title_drug_safety	Managing medication interruptions is considered one of the biggest dilemmas for nurses in clinical settings. To improve medication safety, it was imperative to conduct a systematic review to get a deeper understanding of nurses' experiences with medication interruptions. A systematic review and qualitative meta-synthesis aimed to explore clinical nurses' experiences of interruption during medication in hospitals. Systematic searches were conducted in PubMed, CINAHL, Ovid Medline, Embase, Web of Science, and The Cochrane Library from inception to January 2024. The search strategy included four groups of keywords: (1) qualitative research, (2) nurses, (3) medication interruption, and (4) experience. Critical Appraisal Skills Programme was used to assess the quality of the studies. Meta-ethnography was utilized to synthesize the findings of the included studies. Nine articles published between 2012 and 2023 were included; the number of participants varied from 5 to 40, aged 20-68 years, and the majority were female. Four synthesized findings were identified as follows: (1) an inevitable part of the routine, (2) a decision-making process, (3) working in a minefield, and (4) coping with interruption. Nurses embraced interruptions as an inherent component of clinical care. Previous experience and nursing culture, encompassing personal and professional aspects, significantly influence nurses' attitudes toward medication interruptions. It is crucial to incorporate the distinctive work experiences of nurses into techniques aimed at efficiently handling interruptions in future research. The registration number in PROSPERO is CRD42023470276.
强护理前置	护士给药错误/近失/用药安全流程	42450850	10.3390/healthcare14131840	2026	"""It's Not Just a System Error"": A Qualitative Study of Nurses' Perspectives on Medication Safety in Saudi Hospitals."	Healthcare (Basel, Switzerland)	Alshammari M	Q1_nursing_title_drug_safety;Q5_med_admin_errors_nurses	Background: Medication errors remain a major threat to patient safety in acute care settings worldwide and are associated with preventable morbidity, mortality, and increased healthcare costs. Nurses play a critical role in identifying, intercepting, and preventing medication-related harm. However, limited qualitative evidence has explored nurses' perspectives on medication safety within the Saudi Arabian healthcare context. This study explored nurses' experiences of medication safety, perceived systemic challenges, and strategies for error prevention in Saudi hospitals. Methods: A qualitative descriptive design was employed. Fourteen (n = 14) nurses from two major referral hospitals in Saudi Arabia participated in semi-structured face-to-face interviews. Interviews were audio-recorded, transcribed verbatim, and analyzed using Braun and Clarke's six-phase thematic analysis framework. Results: Five overarching themes were identified: (1) Communication gaps; (2) Medication processes; (3) Technology and safety; (4) Workload and staffing; and (5) Staff competence. Participants described how communication failures, staffing pressures, workflow interruptions, and documentation ambiguities compromised medication safety. While barcode systems and EHRs were perceived as valuable safeguards, participants emphasized that their effectiveness depended on staff vigilance, adequate training, and supportive workplace cultures. Conclusions: Medication safety is a dynamic socio-technical process shaped by communication, competence, staffing capacity, and human interaction with technology. Improving safety requires integrated organizational strategies that combine workforce investment, structured communication practices, continuous professional education, and non-punitive incident reporting cultures. These findings provide practical insights for healthcare leaders seeking to strengthen medication safety systems in Saudi Arabia and comparable settings.
强护理前置	其他	40176007	10.1186/s12913-025-12505-2	2025	Medication-related infrastructure and medication reviews in nursing homes-a rapid appraisal study.	BMC health services research	Meyer-Massetti C; Osińska M; Welte N; Zúñiga F	Q1_nursing_title_drug_safety	Around 86% of Switzerland's nursing home (NH) residents have polypharmacy (≥ 5 concomitant medications); almost 80% use a potentially inappropriate medication increasing their risk of medication-related problems. Medication reviews can optimize medication safety by fostering interprofessional collaboration, leading to medication therapy adjustments; they are currently being considered as a future national quality indicator of NH performance in Switzerland. The present study aimed to survey current medication-use infrastructure and processes and medication review practices in NHs in the German-speaking part of Switzerland. It also aimed to explore the barriers to, facilitators of, and prerequisites for medication review to become a national NH quality indicator. We took a rapid appraisal approach. Between February and August 2022, we distributed a structured online questionnaire to the participating NHs assessing the infrastructure and processes surrounding medication use, analyzing them quantitatively and descriptively. We followed up with 60-minute, in-depth, interprofessional, online group interviews, using a semi-structured interview guide, focusing on interprofessional collaboration and medication reviews. Data analysis was done iteratively in a descriptive manner. Fourteen NHs in German-speaking regions of Switzerland completed the questionnaire, with 31 professionals from eleven of these NHs participating in group interviews. Almost half of the NHs (42.9%) had a cantonal license to run an in-house pharmacy, and in two-thirds of these, the legally responsible specialist was an external pharmacist. Community pharmacies supplied 92.9% of NHs with their medicines, mostly stored on the wards and prepared by nurses (57.1%). Accordingly, pharmacists were predominantly tasked with logistics, but were also key contacts for medication information. A clinical pharmacist participated in monthly ward rounds in just one NH. Medication verification occurred predominantly in the presence of physicians and sometimes nurses, mostly in the form of discussions during ward rounds or medication checks subsequent to an adverse event, rather than as part of comprehensive, proactive, interprofessional medication reviews. Interviewees identified numerous prerequisites before medication review could be used as a national NH quality indicator. None of our participants contested the importance of medication safety and quality in NHs; they mostly favored regular medication reviews. However, interviewees expected that the nationwide introduction of medication reviews would require a standardized guide about its content, execution, analysis, and documentation, as well as interprofessional collaboration and some form of financial incentive. Promoting the use of medication reviews in NHs will have to involve interprofessional stakeholders in developing a specific implementation approach and defining the quality assessment requirements of an indicator. Further research into these topics would be highly relevant to ensure acceptance and success.
强护理前置	护士给药错误/近失/用药安全流程	39793977	10.1002/nop2.70139	2025	Errors Associated With Medication Administration by a Nurse During Hospitalisation: A Prospective Observational Multicentric Study.	Nursing open	Tesar O; Dosedel M; Kubena AA; Mala-Ladova K; Prokesova R; Brabcova I	Q1_nursing_title_drug_safety;Q3_nursing_monitoring_admin	To explore all medication administration errors (MAEs) throughout the entire process of medication administration by nurses in the inpatient setting, to describe their prevalence, and to analyse associated factors, including deviation from the good practice standards. Worldwide, MAEs are very common and regarded as a serious risk factor to inpatient safety. Nurses assume an essential role in the hospital setting during the administration of medications. The prospective observational study was carried out in accordance with the STROBE guidance. This study was conducted in four regional hospitals from June to August 2021. MAEs were collected when nurses administered medications to the adult inpatients during the morning, noon, and evening medication rounds at the internal, surgical, and follow-up care departments in each hospital over three consecutive days. Direct observation by the multidisciplinary team was employed. MAEs were classified as major MAEs (from the potentially most serious and common to all drug forms), specific MAEs (specific to a drug form), and procedural MAEs (e.g., patient identification, hygiene standards, or generic drug substitution). Predictors of either major MAE or specific MAE frequency were analysed using the generalised linear model and the decision tree model. Overall, 58 nurses administering medication to 331 inpatients at 12 departments were observed. In total, 6356 medication administrations were observed, of which 461 comprised major MAEs, 1497 specific MAEs, and 12,045 procedural MAEs. The predictors of the occurrence of major MAEs and specific MAEs were the specific hospital, the nurse's length of practice (less than 2 years), and two procedural MAEs (the unclear prescription and the wrong strength). Non-adherence to the standard processes in healthcare facilities for prescribing and administering drugs increased the prevalence of severe MAEs. Determinants of MAE occurrence such as incorrect prescriptions or limited experience of nurses should be considered. The identified determinants of MAE should be considered by hospital stakeholders in their support programs to reduce the level of burden for nurses during medication administration. Neither patients nor public was not involved in the design, data collection, or dissemination plans of this study. The researchers observed nurse care delivery at medical departments acting as passive participants.
强护理前置	其他	40698389	10.1097/PTS.0000000000001379	2025	Tools for Assessing Medication Safety Processes in Nursing Homes: A Systematic Review.	Journal of patient safety	Poudel RS; Williams KA; Pont LG	Q1_nursing_title_drug_safety	This systematic review aimed to identify tools for measuring the quality of medication safety-related processes in nursing homes. We systematically searched Medline, Embase, and CINAHL databases to identify studies describing tools for measuring medication safety-related processes or systems supporting medication safety in nursing homes. Databases were searched from their inception to June 2022. For each tool, the individual items included in the tool were mapped to the 9 steps and 3 background processes of the medication management pathway and the methodological quality was assessed using the Appraisal of Indicators through Research and Evaluation (AIRE) Instrument. Four tools for assessing medication safety-related processes or systems in the nursing home setting were identified. The tools varied substantially in terms of development, content (number of key elements and items), focus and quality. Only one tool, the Canadian Medication Safety Self-Assessment for Long-Term Care (MSSA-LTC), addressed all 9 steps and 3 background processes of the medication management pathway and had a high overall quality rating as per the AIRE instrument. While the Canadian MSSA-LTC tool had the widest focus and highest quality of the 4 tools identified, the choice of a tool by an individual nursing home or care organization will depend on the purpose of the assessment and processes of interest as well as the validity of the tool in the jurisdiction in which it is being used. Awareness of the differences and limitations of each tool in the relevant context should facilitate this endeavour.
强护理前置	护士给药错误/近失/用药安全流程	41200704	10.34172/jcs.025.33766	2025	Relationship between Medication Safety Competence and Perception of Medication Administration Errors among Clinical Nurses: A Cross-sectional Study.	Journal of caring sciences	Mahmoudzadeh M; Khalilzadeh Zia S; Mohammadi MA; Dadkhah B	Q1_nursing_title_drug_safety;Q3_nursing_monitoring_admin;Q5_med_admin_errors_nurses	"All nursing care must be performed without harming the patient. Medication errors pose a significant threat to patient safety. This study aimed to determine the relationship between medication safety competence (MSC) and clinical nurses' perceptions of medication administration errors (MAEs). This descriptive-correlational study was conducted among 300 clinical nurses. Participants were selected using stratified random sampling in 2024. Data were collected using a demographic characteristics form, the Medication Safety Competence Scale (MSCS), and the Medication Administration Error Reporting Survey. Data were analyzed using SPSS version 13, employing descriptive and inferential statistics. The results indicated that the mean (SD) scores for MSC and MAEs were 294.22 (26.61) and 135.48 (15.14), respectively. Scores ranged from 36 to 185 for MSC and 65 to 425 for MAEs. Statistical analysis revealed significant correlations between MAEs and gender, marital status, Work experience, and participation in the MSC workshop. Simple linear regression analysis showed that the ""Underreporting of MAEs"" domain was the strongest predictor of MSC among the variables examined. The nurses who participated in this study reported moderate levels of MSC and perceived a moderate frequency of MAEs. Healthcare policymakers and decision-makers should implement strategies such as conducting ideation sessions and practical workshops to reduce medication errors and enhance nurses' MSC."
强护理前置	其他	39703651	10.4103/jehp.jehp_1615_23	2024	Medication safety knowledge and practice among nursing students: A parallel-group randomized controlled trial at the University of Calabar Teaching Hospital.	Journal of education and health promotion	Osuchukwu EC; Agba M; Osuchukwu NC	Q1_nursing_title_drug_safety	Medication safety is of paramount importance in nursing practice to ensure the accurate administration of medications. We conducted a parallel-group randomized controlled trial involving a control group (n = 119) and an intervention group (n = 119) of nursing students at the University of Calabar Teaching Hospital (UCTH). Randomization was achieved using computer-generated random numbers. The study design employed was a parallel-group randomized controlled trial. Descriptive statistics were utilized to summarize participant characteristics, and inferential statistics were employed to compare outcomes between the control and intervention groups. Both groups demonstrated significant improvements in knowledge and practice of medication safety. In the control group, pre-intervention knowledge was 65.9%, increasing to 82.4% post-intervention. The intervention group exhibited an increase from 66.7% to 90.6% after targeted interventions. Practice assessments also yielded positive outcomes, with high medication safety practice rising from 52.1% to 65.5% in the control group, and from 56.3% to 80.7% in the intervention group post-intervention. This study underscores the dedication of nursing students to patient safety and affirms the effectiveness of both standard curriculum-based education and targeted interventions in enhancing medication safety knowledge and practice. Even the control group displayed notable competence, indicating the strength of the existing educational framework at UCTH. To further improve conditions and benefit the beneficiaries, we propose ongoing education and training for nursing students, as well as continued adherence to established protocols in medication safety within nursing education. These efforts will ultimately contribute to heightened patient care and safety in clinical settings.
强护理前置	护士给药错误/近失/用药安全流程	40597016	10.1186/s12912-025-03305-4	2025	Nurses' perception of patient safety culture using the Hospital Survey on Patient Safety Culture tool and its association with nursing-patient outcomes: a systematic review in Iranian hospitals.	BMC nursing	Hajizadeh A; Amini Kordkandi B; Sadeghpour S; Khodavandi M; Saeidpour J; Kakemam E	Q1_nursing_title_drug_safety	Current systematic review aimed to summarize the evidence that investigated the relationship between nurses' perception of patient safety culture (PSC), as measured by the Hospital Survey of Patient Safety Culture (HSOPSC), and nursing-sensitive patient outcomes within Iranian hospital contexts. This systematic review adhered to the Joanna Briggs Institute guidelines and employed the PRISMA flow diagram to manage the literature screening process. A search of international and local databases, (PubMed, Scopus, Web of Science, Scientific Information Database, IranMedex, and Magiran) was carry out. The Critical Appraisal Skills Program (CASP) checklist was applied to assess the risk of bias within the included studies. A narrative synthesis approach was employed, consisting of three stages: Creating a preliminary synthesis, examining the internal and external relationships of studies, and specifying the overall strength of the synthesized findings. From an initial pool of 1636 identified studies, 12 of them met the inclusion criteria for this review. These studies encompassed a total of 6001 nurses participating, predominantly working in teaching hospitals. Five studies indicated that positive nurse perceptions of patient safety culture (PSC) were associated with the prevention of adverse events (odds ratio: 0.61 to 2.28). One study reported that there was a significant negative relationship between PSC and barriers to rerror reporting by hospital nurses (r = - 0.42). Significant inverse correlations were observed between overall PSC score and missed nursing care (r = - 0.22), stress level (r = - 0.39 to - 0.46), and medication error (r = - 0.28). Furthermore, PSC demonstrated a positive correlation with social intelligence (r = 0.76) and psychosocial workplace factors (r = 0.88). Finally, PSC among nurses was significantly associated with a reduction in second-victim experience (β = - 0.39) and burnout (β = - 0.24). This review recommends that hospital managers prioritize enhancing nurses' perceptions of PSC to improve both nurse and patient outcomes. This can be achieved through interventions such as fostering collaborative and transparent communication within healthcare teams, facilitating the sharing of experiences and lessons learned, incorporating staff feedback, providing external support, cultivating a non-punitive environment, and implementing staff training programs. Further research is warranted to identify and evaluate specific interventions that effectively improve PSC and associated outcomes.
强护理前置	护士给药错误/近失/用药安全流程	41190381	10.1111/nhs.70254	2025	Nurses' and Midwives' Perceptions of Medication Errors in Children: A Scoping Review.	Nursing & health sciences	Alhewaml A; Malik G; Copnell B	Q1_nursing_title_drug_safety;Q5_med_admin_errors_nurses	This scoping review synthesizes the literature exploring nurses' and midwives' perceptions of medication errors in infants and children, with a focus on factors contributing to errors and barriers to reporting them. The Joanna Briggs Institute guidelines for conducting scoping reviews were followed. Seven databases were searched for studies published in English. Two independent reviewers completed the screening; a third reviewer resolved disagreements. Data were categorized and synthesized into a narrative summary. A total of 1307 records were initially identified, and 34 studies were included. Only two studies included midwives as participants, neither of which reported midwives' data separately from nurses. Factors contributing to medication errors included insufficient resources and interruptions, with nurses' workload cited most often. Barriers to reporting errors included negative feelings and nurses' fear of losing their practicing license. Nurses perceive that medication errors occur in their workplace and hospitals likely have different protocols for reporting and managing medication errors. There is a need for further research in diverse economic settings and an investigation into midwives' perceptions to enhance error reporting and management strategies. This review emphasizes the crucial role nurses and midwives play in preventing and reporting pediatric medication errors. The findings also suggest administrators should address workload pressures, resource shortages, and cultural barriers. A significant amount of attention is needed on midwives' perspectives; integrating them into medication safety initiatives and policy development, which would strengthen medication safety practices.
强护理前置	其他	39663620	10.4040/jkan.24054	2024	[Development and Effectiveness of Progressive Simulation Education Program on Medication Safety for Nursing Students].	Journal of Korean Academy of Nursing	Jung SY; Kim EY	Q1_nursing_title_drug_safety	This study aimed to develop and verify a progressive simulation education program aimed at enhancing nursing students' medication safety competency. A non-equivalent control group pretest-posttest design was adopted. The participants were 40 third-year nursing students with no prior simulation education experience, comprising 20 each in the experimental and control groups. The experimental treatment utilized a hybrid simulation approach incorporating both full-body mannequins and standardized patients and was, conducted over three sessions with durations of 65, 80, and 95 minutes for the first, second, and third sessions, respectively, for a total of 240 minutes. The program was constructed based on Jeffries' simulation model. The levels of medication safety competencies, communication self-efficacy, learning self-efficacy, and problem-solving abilities of the experimental group were significantly higher than that of the control group. Our results confirm that the program effectively improves nursing students' medication safety competence, communication self-efficacy, learning self-efficacy, and problem-solving ability. Therefore, this program can serve as a basis for developing educational strategies related to medication safety for nursing education institutions. Furthermore, the program is anticipated to have a positive impact on novice nurses' education and practice in clinical settings.
强护理前置	护士给药错误/近失/用药安全流程	42237709	10.1080/00185868.2026.2646612	2026	Correlation Between Medication Safety and Work Dynamics with Nursing Medication Error.	Hospital topics	Nazari N; Pazokian M	Q1_nursing_title_drug_safety;Q5_med_admin_errors_nurses	Medication safety is the most important priority in patient safety and medication errors especially endanger patients' safety. The purpose of this study was to investigate the relationship between medication safety and work dynamics with medication error rates in cardiac care units. This study was a descriptive correlational study. In this study 120 nurses were available in terms of medication safety using of Singapore medication safety tools of the Ministry of Health, Salyer work dynamics and Wakefield medication error. Data were analyzed and analyzed using SPSS 16 software. Results showed no significant relationship between medication safety and medication error (p = 0.221), and no significant relationship was found between work dynamics and medication error (p = 0.136). This lack of association with regard to confounding variables remained significant, but between nursing experience (r = 0.225), work in cardiac care (r = 0.222), and nurses' age (r = 0.222). Although medication safety and work dynamics in cardiac care units cannot prevent medication errors, however, the presence of experienced individuals leads to increased medication safety in these units and prevents medication error.
强护理前置	其他	39411707	10.1177/23779608241280847	2024	Knowledge, Attitudes, and Awareness of Food and Drug Interactions (FDI) Among Nurses on General Medical Wards: A Cross-Sectional Study.	SAGE open nursing	Elajez R; Alkhawaja R; Kehyayan V; Shukaili KA; Swallmeh E	Q1_nursing_title_drug_safety	Food and nutritional supplements can interact with medication and cause drug interaction. Registered nurses play an essential role in patients' safety related to drug interaction. Explore nurses' knowledge, attitudes, and awareness regarding food-drug interactions (FDIs). A cross-sectional survey was conducted among nurses working in the general medical wards at Hamad General Hospital (HGH) in Qatar. The survey questionnaire comprised 50 multiple-choice questions, encompassing three key sections: (a) demographic details, (b) assessment of FDIs knowledge, and (c) exploration of beliefs, attitudes, and practices concerning FDIs. A total of 227 surveys were collected. Nurses' average score for FDI knowledge across all responses was 20 out of 34 (IQR 16-25). Notably, there were no statistically significant differences in average scores based on respondents' demographic subgroups. While nurses displayed a high level of knowledge (over 90%) regarding the timing of food and drug intake for proton pump inhibitors, nonsteroidal anti-inflammatory drugs, and thyroid hormones, they exhibited limited awareness of the possible FDIs related to carvedilol and furosemide. Approximately half of the participating nurses (56.4%) rated their FDI knowledge as satisfactory. However, only 42.3% claimed to be always educating patients about FDIs in their daily practice. Two-thirds (67.4%) of respondents believed educating patients about FDIs should primarily fall under the responsibility of pharmacists. This study highlights the nurses' knowledge, attitudes, and beliefs of FDIs. Prompt intervention is required to enhance the nurse's awareness and knowledge in this domain which may impact patient care and drug safety.
弱相关/需人工排除	其他	39603733	10.1016/j.rxeng.2024.04.002	2024	Nursing practice and advanced practice nurses in contrast media safety management.	Radiologia	Falip S; García Argüelles N; Crespo R; Jurado C; Oleaga L; Sebastià C	Q1_nursing_title_drug_safety	In diagnostic imaging departments, there has been a technological evolution in recent years. Progress made in interventional processes and the development of new treatments, as well as an increase in the number of diagnostic and therapeutic tests, has generated a growing and exponential need for specific care. Furthermore, the people who come to these departments are often in a vulnerable state and out of their comfort zone. The implementation of advanced practice nursing (APN) in the context of metabolic therapies and diagnostic imaging provides expert care with a holistic approach to patient care. It uses the nursing care process as a working method which, through research, logical analysis and critical reasoning, enables nursing care to be developed and applied. This approach contributes to safety management in the different processes in which it is engaged. The aim of this article is to highlight the interventions in which nursing practice can contribute to contrast media safety management in a diagnostic imaging department.
强护理前置	护士给药错误/近失/用药安全流程	40266099	10.1097/NNA.0000000000001574	2025	Predictors of Adverse Drug Reaction Monitoring Practices Among Hospital Nurses: A Cross-Sectional Study.	The Journal of nursing administration	Kim A; Chae D	Q1_nursing_title_drug_safety;Q3_nursing_monitoring_admin	This study aimed to identify predictors of adverse drug reaction (ADR) monitoring practices among hospital nurses. ADR monitoring is crucial for patient safety but remains insufficient in healthcare institutions. A cross-sectional descriptive study was conducted with 165 RNs from 4 tertiary hospitals. Data were collected using self-report questionnaires between August 5 and September 16, 2022. Regression analysis revealed significant associations between ADR monitoring practices and nurses' attitudes, workload intensity, and work units. Of the nurses, 61.2% observed ADRs in the past year, and 31.5% had received ADR education. However, only 51.5% reported all ADR cases. Major barriers to reporting included time constraints and insufficient knowledge. The findings highlight the need for educational programs to enhance nurses' knowledge and attitudes toward ADRs and the importance of strategies to support nursing units and reduce workload intensity to ensure safe medication administration.
强护理前置	护士给药错误/近失/用药安全流程	39256007	10.1016/j.apnr.2024.151822	2024	Perceptions on Medication Administration Errors (MAEs) among nurses at a tertiary government hospital.	Applied nursing research : ANR	Ramos RR	Q1_nursing_title_drug_safety;Q3_nursing_monitoring_admin;Q5_med_admin_errors_nurses	To identify the nurses' perceptions on the occurrence of Medication Administration Errors (MAEs) and barriers to reporting using the MAE Reporting Survey. MAEs is a serious public health threat that causes patient injury, death, and results to expensive health care. Descriptive statistical analysis. The most frequent reasons for MAEs according to the nurses were physicians' medication orders are not legible (4.67 ± 1.21) and unit staffing levels are inadequate (4.63 ± 1.45). The most frequent reason for unreported MAEs were when med errors occur, nursing administration focuses on the individual rather than looking at the systems as a potential cause of the error (4.95 ± 4.33) and nurses could be blamed if something happens to the patient as a result of the medication error (4.29 ± 1.48). The highest prevalent non-IV related MAEs included wrong time of administration (M = 3.02 ± 2.37) and medication administered after the order to discontinue has been written (M = 2.60 ± 2.11), both with 0-20 % of reported non-IV MAEs. The highest prevalent IV related MAEs included wrong time of administration (M = 2.76 ± 2.29) and medication administered after the order to discontinue has been written (M = 2.45 ± 2.01). More than half (n = 95, % = 54.29) of the respondents stated that 0-20 % of all types of medication errors, including IV and non-IV medication errors are reported. The findings supported the notion that nurses perceive low percentages of MAEs reporting.
强护理前置	护士ADR上报/药物警戒认知与行为	39734877	10.1016/j.mjafi.2023.03.005	2024	A questionnaire-based study on the knowledge, attitude and practice on pharmacovigilance among pharmacists and nursing staff at teaching hospitals.	Medical journal, Armed Forces India	Solanke BP; Birhare P; Sinha S; Dahiya N	Q1_nursing_title_drug_safety;Q4_nurses_adr_reporting	The present study aimed to evaluate the knowledge, attitude and practices (KAP) about pharmacovigilance (PV) practices among health care professionals, that is, pharmacists and nursing staff before and after educational intervention in a tertiary care hospital. This was an observational and questionnaire-based pre- and post-test educational interventional study involving pharmacists and nursing staff. A 15-point prevalidated questionnaire on KAP about PV was distributed to pharmacists and nursing staff before and after educational intervention. Ethical clearance was obtained before the start of the study. A total of 120 pharmacists and 60 nursing staff participated in pre- and post-KAP questionnaire study. The KAP of PV when compared before (pre-KAP) and after (post-KAP) the educational intervention, the correct response rates were found to be statistically significant (P < 0.001). Encouraging feedback was received from the participants. This study proves that KAP of PV and adverse drug reaction reporting in routine practice can be improved by imparting knowledge about PV and hands-on training on adverse drug reaction reporting among pharmacists and nursing staff who are the backbone of health care system.
强护理前置	护士ADR上报/药物警戒认知与行为	39445248	10.7759/cureus.69981	2024	Awareness and Knowledge of Adverse Drug Reactions and Pharmacovigilance Among Medical and Nursing Students and Staff in a Tertiary Care Hospital.	Cureus	Raikar SR; Sneha S; G S; R J	Q1_nursing_title_drug_safety;Q4_nurses_adr_reporting	Background Pharmacovigilance is defined as the science and activities related to the detection, assessment, understanding, and prevention of adverse effects or other drug-related problems. Underreporting of adverse drug reactions (ADRs) is a global issue, and adequate knowledge among healthcare professionals is essential. Engaging young doctors and nursing professionals in pharmacovigilance is crucial for promoting ADR reporting. Objectives The objective of this study is to evaluate the knowledge and awareness of ADRs and pharmacovigilance among medical and nursing students and staff in a tertiary care hospital in Vijayapura, India. Methods A cross-sectional, observational, questionnaire-based study was carried out using a validated questionnaire that included a total of 19 questions related to knowledge and awareness aspects. This was distributed electronically using Google Forms. By using the convenience sampling method, a sample size of 96 participants was calculated for each group (medical and nursing), and this was rounded to 100 participants per group to account for potential dropouts and to ensure the strength of this study. All the questions were peer-reviewed by expert faculties from the Department of Pharmacology. Results The data analysis showed that medical students and staff had superior knowledge of ADRs and pharmacovigilance. Nursing students and staff exhibited greater awareness of the nearest pharmacovigilance center and ADR monitoring centers in India. Nursing students and staff were more active in ADR and pharmacovigilance awareness programs. Conclusions This study clearly shows the importance of flexible attitudes and robust education in pharmacovigilance and ADR reporting among healthcare professionals. Executing simulation-based training can strengthen the skills and confidence of both medical and nursing professionals in ADR reporting and pharmacovigilance.
强护理前置	护士给药错误/近失/用药安全流程	40197399	10.1186/s12912-025-03034-8	2025	Bridging generational gaps in medication safety: insights from nurses, students, and generative AI models.	BMC nursing	Orkaby B; Kerner E; Saban M; Levin C	Q1_nursing_title_drug_safety;Q5_med_admin_errors_nurses	This study investigated medication dose calculation accuracy among nurses, nursing students, and Generative AI (GenAI) models, examining error prevention strategies across generational cohorts. A cross-sectional study was conducted from June to August 2024, involving 101 pediatric/neonatal nurses, 91 nursing students, and four GenAI models. Participants completed a questionnaire on calculation proficiency and provided recommendations for error prevention. Qualitative responses were analyzed to describe attitudes and perceptions. 70% of nurses reported previous medication errors compared to 19.5% of students. Thematic analysis identified six key areas for error prevention: double-checking, calculation methods, work environment, training, drug configuration, and technology use. Only students recommended GenAI integration, while nurses emphasized double-checking. The study highlights generational differences in medication safety approaches and suggests potential benefits of incorporating GenAI as an additional verification layer. These findings contribute to improving nursing education and practice through technological advancements while addressing persistent medication calculation challenges.
强护理前置	护士给药错误/近失/用药安全流程	42055874	10.1016/j.sapharm.2026.04.008	2026	"Identifying clinician-reported medication ""Failure modes"" in the nursing home setting that are amenable to active monitoring."	Research in social & administrative pharmacy : RSAP	Li C; Kravchenko O; Chou E; Handler SM; Hume NE; Romagnoli K	Q1_nursing_title_drug_safety;Q5_med_admin_errors_nurses	Nursing home residents are at high-risk for preventable harm and medication errors. This study aimed to identify clinician-reported medication safety failure modes in U.S. nursing homes and prioritize those most suitable for informatics-enabled active monitoring interventions. We conducted a mixed-methods failure mode and effects analysis. Semi-structured interviews and field observations were conducted with 23 nursing home clinicians (duration 60-90 min). Interview anecdotes were translated into stepwise failure modes and represented as Unified Modeling Language (UML) workflow diagrams. Respondents rated each scenario's perceived seriousness, detectability, and frequency of routine monitoring; these ratings were combined to identify high-priority targets for intervention. Fourteen failure modes were refined into 10 generalizable clinical scenarios and evaluated via a survey of 61 nursing home healthcare providers from a wide range of sites and roles. Across clinical roles, survey respondents consistently prioritized meclizine/psychotropic co-exposure and diuretic/mobility impairment co-exposure as high-priority scenarios for active monitoring. Scenarios involving psychotropic/CNS-active medications and potential drug-drug interactions were also frequently rated as important and not routinely monitored. Clinician-derived medication nursing home safety failure modes have been prioritized using multi-stakeholder survey input, yielding a focused set of targets for medication-safety monitoring in nursing homes. The identified high-priority scenarios can inform the design of automated monitoring tools and pharmacist/nursing workflows. Future work should validate these targets against resident outcomes and evaluate the effectiveness of monitoring interventions.
强护理前置	护士主导随访/监测/管理	39381815	10.1177/20552076241287272	2024	Specialized nurses' role in ensuring patient safety within the context of telehealth in home care: A scoping review.	Digital health	Vaismoradi M; Rae J; Turunen H; Logan PA	Q1_nursing_title_drug_safety	Specialized nurses are uniquely positioned to implement innovative telehealth solutions to improve the quality and safety of home care, and this has become a focal point of contemporary healthcare research. This review aimed to identify the nature and scope of specialized nurses' roles in ensuring patient safety within the context of telehealth in home care. A scoping review of the international literature was carried out from January 1, 2013, to August 29, 2024. The review employed Levac et al.'s framework to delineate the research phenomenon and consolidate existing empirical research findings. Through a comparative analysis, the review integrated findings from selected studies, highlighting both similarities and differences related to this phenomenon, which led to the development of distinct categories. The search yielded 1127 articles, from which 23 studies met the inclusion criteria for research synthesis and subsequent reporting of results. These studies spanned specialized nurses' roles in telehealth and various fields in which specialized nurses utilized telehealth to deliver high-quality and safe home care. The findings highlighted key outcomes linked to the improvement of patient safety in home care encompassing continuity of care, confidence in care, monitoring and early intervention, medication safety, engagement and adherence, and healthcare costs. The review revealed the crucial role played by specialized nurses in harnessing telehealth in healthcare to meet the highest care standards, creating an environment that prioritizes the well-being and patient safety in home care.
强护理前置	护士给药错误/近失/用药安全流程	39383532	10.2196/54977	2024	Designing an Intervention to Improve Medication Safety for Nursing Home Residents Based on Experiential Knowledge Related to Patient Safety Culture at the Nursing Home Front Line: Cocreative Process Study.	JMIR formative research	Juhl MH; Soerensen AL; Vardinghus-Nielsen H; Mortensen LS; Kolding Kristensen J; Olesen AE	Q1_nursing_title_drug_safety;Q5_med_admin_errors_nurses	"Despite years of attention, avoiding medication-related harm remains a global challenge. Nursing homes provide essential health care for frail older individuals, who often experience multiple chronic diseases and polypharmacy, increasing their risk of medication errors. Evidence of effective interventions to improve medication safety in these settings is inconclusive. Focusing on patient safety culture is a potential key to intervention development as it forms the foundation for overall patient safety and is associated with medication errors. This study aims to develop an intervention to improve medication safety for nursing home residents through a cocreative process guided by integrated knowledge translation and experience-based codesign. This study used a cocreative process guided by integrated knowledge translation and experience-based co-design principles. Evidence on patient safety culture was used as an inspirational source for exploration of medication safety. Data collection involved semistructured focus groups to generate experiential knowledge (stage 1) to inform intervention design in a multidisciplinary workshop (stage 2). Research validation engaging different types of research expertise and municipal managerial representatives in finalizing the intervention design was essential. Acceptance of the final intervention for evaluation was aimed for through contextualization focused on partnership with a municipal advisory board. An abductive, rapid qualitative analytical approach to data analysis was chosen using elements from analyzing in the present, addressing the time-dependent, context-bound aspects of the cocreative process. Experiential knowledge was represented by three main themes: (1) closed systems and gaps between functions, (2) resource interpretation and untapped potential, and (3) community of medication safety and surveillance. The main themes informed the design of preliminary intervention components in a multidisciplinary workshop. An intervention design process focused on research validation in addition to contextualization resulted in the Safe Medication in Nursing Home Residents (SAME) intervention covering (1) campaign material visualizing key roles and responsibilities regarding medication for nursing home residents and (2) ""Medication safety reflexive spaces"" focused on social and health care assistants. The cocreative process successfully resulted in the multifaceted SAME intervention, grounded in lived experiences shared by some of the most important (but often underrepresented in research) stakeholders: frontline health care professionals and representatives of nursing home residents. This study brought attention toward closed systems related to functions in medication management and surveillance, not only informing the SAME intervention design but as opportunities for further exploration in future research. Evaluation of the intervention is an important next step. Overall, this study represents an important contribution to the complex field of medication safety. RR2-10.2196/43538."
强护理前置	护士给药错误/近失/用药安全流程	40183309	10.1111/jocn.17761	2025	Negative Emotions Experienced on the Occurrence of Medication Errors by Nurses: A Mixed-Method Systematic Review.	Journal of clinical nursing	Khosravi A; Mahat S; Syyrilä T; Härkänen M	Q1_nursing_title_drug_safety;Q5_med_admin_errors_nurses	This study aims to explore the negative emotions experienced by nurses following medication errors. Mixed-method systematic review. A systematic search was conducted in PubMed, Scopus, Web of Science, Cumulative Index to Nursing and Allied Health Literature, PsycINFO and Google Scholar for studies published in English between January 2013 and October 2024. The Joanna Briggs Institute critical appraisal tool was used to assess article quality and data were analysed through qualitative content analysis. From 1619 screened studies, 19 were selected: 14 qualitative, 3 quantitative and 2 mixed-method. The negative emotions experienced by nurses, as second victims of medication errors, can be categorised into 8 groups: Fear, anger, disturbance, sadness, shame, guilt, low self-esteem and depression. Additionally, the following 11 types of fear were identified: Fear of judgement, disrespect, losing one's job, getting scolded and contempt, retaliation and punishment, reaction, consequences, disciplinary actions and lawsuits, patient's well-being, reporting a medication error and losing patient's/their families' trust. Furthermore, two types of shame were identified: Internal and external shame. The negative emotions that nurses experience as second victims can persist long after the error occurs. It underscores the need for structured psychological support systems to foster a culture of 'responsibility without blame'. Addressing nurses' emotional challenges as second victims enhances their well-being and improves global healthcare safety and quality. These findings highlight the need for healthcare leaders and policymakers to implement interventions that foster a supportive, non-punitive workplace with the aim of improving the emotional well-being of nurses following medication errors. The study adhered to PRISMA guidelines. None. Prospero code: CRD42023439304.
强护理前置	护士ADR上报/药物警戒认知与行为	41975933	10.3390/healthcare14070930	2026	Barriers to Adverse Drug Reaction Reporting Among Physicians, Nurses, and Pharmacists: A Scoping Review Comparing High-Income Versus Low-/Middle-Income Countries.	Healthcare (Basel, Switzerland)	Ishaqui AA; Tripathi R; Rajpoot PL; Bakhsh R; Thanganadar H; Aldomini MA	Q1_nursing_title_drug_safety;Q4_nurses_adr_reporting	Background and objective: Adverse drug reactions (ADRs) cause substantial harm, and a considerable proportion may be preventable, but under-reporting persists and weakens pharmacovigilance. Spontaneous reporting depends on clinicians, yet under-reporting persists and weakens pharmacovigilance. To map barriers to adverse drug reaction reporting among physicians, a comparison of nurses and pharmacists in single-country studies was carried out between high-income countries (HICs) and low- and middle-income countries (LMICs). Methods: A scoping review was conducted following PRISMA-ScR guidance. PubMed and Web of Science were searched for studies published from 2016 onward. Eligible studies were single-country primary empirical studies including physicians, nurses, or pharmacists and examining ADR reporting. Only barriers that were measured or explicitly explored and reported as extractable results were included. Barriers were coded into 12 domains and summarised by income group and profession. Results: A total of 44 studies were included, with 18 from HICs and 26 from LMICs. Survey designs were most common. Pharmacists were the most frequently studied cadre. Knowledge and training barriers were reported in all studies in both income groups. Fear of legal or punitive concerns was reported in 13/18 (72.2%) HIC studies and 17/26 (65.4%) LMIC studies. Time and workload barriers were reported in 10/18 (55.6%) HIC studies and 11/26 (42.3%) LMIC studies. Access barriers to tools, forms, and information technology showed the clearest income group difference: these were reported in 5/18 (27.8%) HIC studies versus 16/26 (61.5%) LMIC studies. Lack of feedback or acknowledgement was reported in 8/18 (44.4%) HIC studies and 10/26 (38.5%) LMIC studies. Conclusions: Barriers extend beyond individual knowledge in all settings. The main income group difference was the greater prominence of reporting system access barriers in LMICs compared with workflow and time pressure barriers in HICs. Addressing fear and building a supportive non-punitive reporting culture remains a cross-cutting priority because these were common issues in both income groups and can limit reporting even when infrastructure and training exist.
强护理前置	护士给药错误/近失/用药安全流程	38959384	10.1111/jep.14050	2024	Developing evidence-based medication therapy management tools for psychiatric nurses: An evaluative qualitative case study.	Journal of evaluation in clinical practice	Bulut M; Yüksel Ç	Q1_nursing_title_drug_safety;Q3_nursing_monitoring_admin	"Clinical use of psychotropic medications involves diverse risks, addressable by nursing interventions. The research had a dual purpose: developing an ""Evidence-Based Medication Therapy Management Guideline"" and a ""Medication Administration-Tracking Chart"" and evaluating their use through an evaluative case study. Evidence-based guideline and chart development and evaluative case study. Initially, Evidence-Based Medication Therapy Management Guideline and Medication Administration Tracking Chart for managing medication in a psychiatric unit were developed. Subsequently, their efficacy was evaluated in a case study involving 10 participating nurses used in the psychiatric unit with 123-bed of a training and research hospital in Turkey. Data was collected through personal forms, interviews, medication charts, and researcher observations, and the analysis employed Merriam's case study method. Three themes (inception, implementation, termination, and sustainers) and 12 sub-themes emerged. Nurses stated that the research tools filled their information gaps, enhancing the medication therapy management process's effectiveness and safety, improving nursing care quality and continuity, and benefiting patient outcomes. Nurses expressed a desire to consistently use the tools in the unit and provided suggestions. Nurses highlighted the tools' potential to enhance medication safety, psychiatric care, and patient outcomes. However, their stance on using evidence-based tools revealed an approach/avoidance conflict, balancing benefits and barriers. Experience emerged as a hindrance in embracing evidence-based clinical tools. This study is among the first to comprehensively develop evidence-based medication management guideline and administration-tracking chart for psychiatric nurses globally and in our country. Routine use of the tools is expected to enhance nurses' expertise in psychotropic medication management, leading to improved patient outcomes in medication-related aspects."
强护理前置	其他	39015906	10.12998/wjcc.v12.i20.4191	2024	Clinical effects of detailed nursing management interventions on medication adherence and disease perception in patients with drug-resistant tuberculosis.	World journal of clinical cases	Chen YL; Xie YQ; Wei MY; Xu DM	Q1_nursing_title_drug_safety	Tuberculosis (TB) is a chronic respiratory infectious disease that considerably jeopardizes human health, and there is no effective vaccine suitable for its prevention in the entire population. To investigate the promotion of medication adherence and disease cognition in patients with drug-resistant (DR-)TB using detailed nursing management. In total, 114 patients with DR-TB who were diagnosed and treated at our hospital between January 2019 and January 2023 were included in this study. Patients in the control group (n = 57) were managed with conventional nursing care, while those in the observation group (n = 57) were managed with detailed nursing care. Medication adherence, disease awareness scores, medication safety, and nursing satisfaction were compared between the two groups after the intervention. The post-intervention medication compliance rate was 91.23% in the observation group and 75.44% in the control group, with the former being 15.79% higher than the latter (P < 0.05). There was no statistically significant difference in the disease awareness scores between the two groups before the intervention; the disease awareness scores of the observation group were significantly higher than those of the control group after the intervention (P < 0.05). The incidence of gastrointestinal reactions, joint swelling and pain, hearing loss, electrolyte disorders, and liver and kidney function abnormalities were lower in the observation group than those in the control group. The total nursing satisfaction of the observation group was higher than that of the control group (P < 0.05). Implementation of detailed nursing management for patients with DR-TB can effectively improve medication adherence, enhance awareness of the disease, ensure safety of medication, and improve satisfaction with nursing care.
强护理前置	其他	38967733	10.1007/s11096-024-01749-3	2024	Cost avoidance of pharmacist-led deprescribing using STOPPFrail for older adults in nursing homes.	International journal of clinical pharmacy	Hurley E; Byrne S; Walsh E; Foley T; Woods N; Dalton K	Q1_nursing_title_drug_safety	The Screening Tool of Older Persons Prescriptions in Frail adults with limited life expectancy (STOPPFrail) criteria aim to reduce inappropriate/unnecessary medications in frail older adults, which should minimise adverse drug events and additional healthcare expenditure. Little is known about the economic outcomes of applying these criteria as an intervention. To evaluate cost avoidance of pharmacist-led application of STOPPFrail to frail older nursing home residents with limited life expectancy. Pharmacist-identified STOPPFrail-defined potentially inappropriate medications that were deprescribed by patients' general practitioners were assigned a rating by a multidisciplinary panel, i.e. the probability of an adverse drug event occurring if the medication was not deprescribed. The intervention's net cost benefit and cost-benefit ratio were then determined by factoring in adverse drug event cost avoidance (calculated from probability of adverse drug event ratings), direct cost savings (deprescribed medication costs/reimbursement fees), and healthcare professionals' salaries. Of the 176 potentially inappropriate medications deprescribed across 69 patients, 65 (36.9%) were rated as having a medium or high probability of an adverse drug event occurring if not deprescribed. With €27,162 for direct cost savings, €61,336 for adverse drug event cost avoidance, and €2,589 for healthcare professionals' salary costs, there was a net cost benefit of €85,909 overall. The cost-benefit ratio was 33.2 and remained positive in all scenarios in sensitivity analyses. Pharmacist-led application of STOPPFrail to frail older nursing home residents is associated with significant cost avoidance. Wider implementation of pharmacist interventions in frail older nursing home residents should be considered to reduce potentially inappropriate medications and patient harm, alongside substantial cost savings for healthcare systems.
强护理前置	护士给药错误/近失/用药安全流程	39490085	10.1016/j.nepr.2024.104171	2024	Comparison of the effects of medication error encouragement training and problem-based scenario on the medication safety competence and knowledge of nursing students: A quasi-experimental study.	Nurse education in practice	Shahzeydi A; Farzi S; Rezazadeh M; Tarrahi MJ; Farzi S; Hosseini SA	Q1_nursing_title_drug_safety;Q3_nursing_monitoring_admin;Q5_med_admin_errors_nurses	Medication errors among nursing students pose a threat to medication safety. Medication Error Encouragement Training and Problem Based Scenario are two innovative educational methods used in medication education. Compare the effects of Medication Error Encouragement Training and Problem Based Scenario on the knowledge and competency of medication safety among nursing students. Quasi -experimental, double-blind, two-group pretest-posttest study. This study was conducted in 2023. Participants were randomly assigned to two groups: one group received the Medication Error Encouragement Training method, while the other group was taught using the Problem-Based Scenario method. Data collection was performed using the Medication Safety Critical Element Checklist and Medication Safety Knowledge Assessment before and four weeks after the intervention. Data analysis was conducted using SPSS version 16. The Pair t-test demonstrated that the change in competency and knowledge scores of medication safety before and after the intervention was significant in both groups (P< 0.05). The results of the Mancova test indicated a significant increase in medication safety competency scores in the Medication Error Encouragement Training group compared with the Problem Based Scenario group after the intervention (P< 0.05), while there was no significant difference in medication safety knowledge scores between the two groups after the intervention (P> 0.05). The Medication Error Encouragement and Problem Based Scenario methods were effective in increasing the knowledge and competency of medication safety among students, but the effectiveness of the Medication Error Encouragement method was more pronounced in achieving safe medication administration.
强护理前置	护士给药错误/近失/用药安全流程	40694695		2025	ASSESSING GEORGIAN NURSES' KNOWLEDGE AND ATTITUDES ON SAFE MEDICATION ADMINISTRATION: GAPS AND COMPLIANCE CHALLENGES.	Georgian medical news	Machitidze M; Grdzelidze I; Kordzaia D	Q1_nursing_title_drug_safety;Q3_nursing_monitoring_admin	Ensuring the safe administration of medications is a critical component of effective clinical care and patient recovery. Healthcare professionals' educational backgrounds significantly influence patient safety by fostering analytical thinking and sound clinical judgment. In Georgia, while most hospital nurses hold professional-level qualifications, the absence of mandatory licensing and continuing education raises concerns about sustained competency. This study examines the knowledge and attitudes of Georgian hospital nurses toward safe medication administration to identify gaps and inform safety-enhancing interventions. A cross-sectional quantitative study used stratified random sampling (SRS) to ensure regional representation. The required sample size was calculated with a 95% confidence interval (CI), 5% margin of error (ME), and a 50% response distribution (RD). Based on an estimated population of ~22,000 hospital nurses in Georgia, the minimum sample size was 378. The final sample size was increased to 400 to mitigate potential non-response or incomplete data. Data was collected via a self-administered questionnaire containing closed- and open-ended items. Knowledge and attitudes toward medication safety were analyzed by gender, age, education level, and employment location (capital vs. regional hospitals) using validated measurement scales (VMS). The findings revealed that 78% of nurses demonstrated basic knowledge of medication safety, only 52% were familiar with high-alert medications, and just 46% routinely double-checked dosages. Regarding attitudes, 64% acknowledged the importance of safe administration, yet 39% reported feeling time-constrained, impacting adherence to protocols. Additionally, 33% indicated a lack of institutional support or standardized guidelines. These results point to significant gaps in knowledge and practice. The findings highlight the need for standardized training and national safety protocols to reduce risks and improve medication safety in Georgian hospitals. Targeted educational interventions are essential to support safer, more effective care.
强护理前置	其他	42453005	10.1002/nop2.70679	2026	Associations Between Numeracy, Mathematics Anxiety, Perceived Teaching Quality and Medication Calculation Competence Among Undergraduate Nursing Students: A Cross-Sectional Study.	Nursing open	Al-Ghraiybah T; Zahr Z; Chen S; Torrelli C; Pich J; Gholizadeh L	Q1_nursing_title_drug_safety	To explore the associations of basic numeracy, mathematics anxiety and perceived quality of mathematics teaching with medication calculation competence among undergraduate nursing students. A cross-sectional survey design. A cross-sectional survey among 111 undergraduate nursing students who had completed at least one semester of study was conducted at a metropolitan university in Sydney, Australia. Participants completed an anonymous online survey comprising the Drug Calculation Assessment Tool (DCAT), the Short Mathematics Anxiety Rating Scale, the Lipkus Numeracy Scale, and items assessing the perceived quality of mathematics teaching. Fractional logistic regression with robust standard errors was used to model medication-calculation competence. Higher basic numeracy was associated with better medication calculation competence (adjusted average marginal effects [AME]: 0.033, 95% confidence interval [CI]: 0.002-0.063, p = 0.037). Compared with students who rated teaching as poor or fair, those who rated it good or higher had significantly higher medication-calculation competence (adjusted AME [95% CI]: 0.12 [0.036-0.198], p = 0.005). Mathematics anxiety was significantly associated with medication calculation competence in unadjusted analysis (AME [95% CI]: -0.027 [-0.053 to -0.001], p = 0.041), but this association was attenuated and became non-significant after adjustment for numeracy (p = 0.363). Basic numeracy and perceived quality of mathematics teaching were the modifiable factors most consistently associated with medication calculation competence, whereas the association with mathematics anxiety was attenuated after adjustment for numeracy. These exploratory associations require confirmation in larger, multi-site studies before firm conclusions can be drawn. Strengthening foundational numeracy and the quality of mathematics instruction in undergraduate nursing curricula may support the development of safe medication-calculation skills. Early numeracy screening and targeted, curriculum-embedded support warrant evaluation as strategies to enhance graduates' clinical readiness and medication safety. The study was reported in accordance with the Strengthening the Reporting of Observational Studies in Epidemiology (STROBE) checklist for cross-sectional studies. No Patient or Public Contribution.
强护理前置	护士给药错误/近失/用药安全流程	41661846	10.1371/journal.pmen.0000178	2024	"""This is an absolute witch-hunt for nursing, and nobody feels safe."" A qualitative study of nurses, mental health, and the criminal prosecution of a nurse error."	PLOS mental health	Dekeseredy P; Haggerty T; Sedney CL	Q1_nursing_title_drug_safety;Q5_med_admin_errors_nurses	In March 2022, nurse RaDonda Vaught made headlines after being found guilty of two felony charges resulting from a fatal medication error. Compounded by the ease and availability of social media and speedy internet access, information regarding the public prosecution of medical errors spreads quickly. The extensive coverage of this case polarized the nursing community, prompting online discussions and generating responses from regulatory bodies. Regulatory authorities predicted this intense publicity may influence nurses not to report medication errors that they suspect could jeopardize their employment, reputation, or nursing license. This study is one of few to quantify these concerns through qualitative inquiry. The analysis of semi-structured interviews with practicing bedside nurses reveals four main themes. These are how negative disciplinary actions lead to fear of reporting medical errors, how nurses are held responsible for system failures, how real-life errors are common and inevitable, and the broader negative impact of prosecuting medical errors. These findings support that criminal prosecution and ensuing media coverage of nurse errors can have a broader negative impact on healthcare and patient safety. The current study is one of few to quantify the concerns of regulatory bodies that the publicity surrounding the prosecution would negatively impact nurses' practice and workplace mental health. Considering the impact of intense media coverage, more work is indicated to identify safe and constructive ways to handle medical mistakes that do not perpetuate fear of reporting them. Since the criminal conviction in the RaDonda Vaught case in March 2024, Kentucky became the first state to address this by enacting protections for its healthcare workers from criminal prosecution for an unintentional medical error.
强护理前置	其他	39020523	10.1111/jocn.17361	2025	Relationship between critical thinking ability and medication safety competence among clinical nurses: A multicenter cross-sectional study.	Journal of clinical nursing	Zhang P; Xu R; Cao S; Mo L; Liu Y; Gao C	Q1_nursing_title_drug_safety	This study investigated the relationship between clinical nurses' critical thinking ability and medication safety competence, as well as the factors related to medication safety competence. Nurses can have an active role in promoting medication safety. However, the main factors associating with nurses' competence in medication safety are uncertain. This was a descriptive, multicenter cross-sectional survey study. A total of 1196 nurses from four different tertiary hospital in China were included in this study. A demographic information questionnaire, the Critical Thinking Diagnostic for nurses, and the Medication Safety Competence Scale for nurses were used to survey. Descriptive statistics, comparisons, correlation and regression analysis of the collected data were performed using SPSS 26.00 software. The study was reported using STROBE checklist. Included nurses obtained satisfactory scores on the critical thinking and medication safety scales and subscales. There was a strong statistically significant positive correlation between critical thinking ability and medication safety competence. Multiple linear regression analysis indicated that personal critical thinking scores and working years were positively associated with nurses' medication safety scores, accounting for 62.50% of the variance. Clinical nurses' critical thinking ability is positively associated with medication safety competence. As critical thinking ability positively predicts nurses' medication safety competence, hospitals and nursing administrators should consider continuing nursing education and training to improve critical thinking skills, thereby promoting medication safety competence among clinical nurses.
强护理前置	护士给药错误/近失/用药安全流程	39346555	10.3389/fphar.2024.1445141	2024	The impact of a multidisciplinary team intervention on medication prescription in nursing homes in Catalonia.	Frontiers in pharmacology	Anderssen-Nordahl E; Fernández-Liz E; Sabaté Gallego M; Bosch Ferrer M; Sánchez-Arcilla Rosanas M; Cervera León M	Q1_nursing_title_drug_safety;Q5_med_admin_errors_nurses	In response to the rising population of nursing home residents with frailty and multimorbidity, optimizing medication safety through drug utilization review and addressing medication-related problems (MRPs) is imperative. Clinical decision support systems help reduce medication errors and detect potential MRPs, as well as medication reviews performed by a multidisciplinary team, but these combined assessments are not commonly performed. The objective of this study was to evaluate the impact on medication plans of a multidisciplinary team intervention in nursing homes, by analyzing the medication plan before and after the intervention and assessing whether the recommendations given had been implemented. A multicenter before-after study, involving five nursing homes, assessed the impact of a multidisciplinary team intervention, to estimate effectiveness related to the review of the prescribed medications. The follow-up period for each patient was 12 months or until death if prior, from July 2020 to February 2022, and involved 483 patients. The clinical pharmacologist coordinated the intervention and reviewed all the prescribed medications to make recommendations, focused on the completion of absent data, withdrawal of a drug, verification of whether a drug was adequate, the substitution of a drug, and the addition of drugs. Since the intervention was performed during the COVID-19 pandemic, optimization of psychotropic drugs and absorbent pads were limited. The intervention had an impact with recommendations given for 398 (82.4%) of the patients and which were followed by 58.5% of them. At least one drug was withdrawn in 293 (60.7%) of the patients, with a mean of 2.3 (SD 1.7). As for the total of 1,097 recommendations given, 355 (32.4%) were followed. From the intervention, antipsychotics, antidepressants, benzodiazepines, statins, and diuretics were the most frequently withdrawn. The findings underscore the impact of targeted interventions to reduce inappropriate medications and enhance medication safety in nursing homes. The proposed recommendations given and followed show the importance of a multidisciplinary team, coordinated by a clinical pharmacologist, for a patient-centered approach to make medication reviews regularly, with the help of clinical decision support systems, to help reduce potential MRPs and polypharmacy.
强护理前置	其他	40564684	10.3390/children12060726	2025	Nursing Management in Pediatric Intensive Care in South Asia.	Children (Basel, Switzerland)	Hirao D; Jesmin S; Sugasawa T; Maqbool A; Shimojo N	Q1_nursing_title_drug_safety	Pediatric Intensive Care Units (PICUs) provide specialized care for critically ill children. Developing and managing these units in South Asia remains challenging. Resource limitations and infrastructural disparities are leading to challenging conditions. Above all, nurses play a pivotal role in delivering quality critical care. Effective nursing practices can curb hospital-acquired infections (HAIs), ensure medication safety, and enable protocols such as the ICU Liberation Bundle. In South Asia, another challenge is the proper management of the nursing workforce. Nurse-to-patient ratios are highly disproportionate, contributing to nurse burnout. This review highlights the country-specific challenges and circumstances. There is no one-size-fits-all solution; effective strategies vary based on each country's context. With context-specific solutions, nurses can bridge the gap between healthcare teams and families, ultimately improving patient outcomes.
强护理前置	护士给药错误/近失/用药安全流程	41299625	10.1186/s12909-025-08350-w	2025	Evaluating a medication error prevention training for nursing students using Kirkpatrick's model.	BMC medical education	Baghcheghi N; Koohestani HR	Q1_nursing_title_drug_safety;Q3_nursing_monitoring_admin;Q5_med_admin_errors_nurses	BACKGROUND: Medication administration is a critical aspect of nursing, and insufficient competence among students can cause errors and compromise patient safety. This study aimed to design, implement, and evaluate an educational program for preventing medication errors in nursing students. METHODS: In this quasi-experimental study with a two-group pretest-posttest design, 69 nursing students were selected through convenience sampling and randomly assigned to intervention (n = 35) or control (n = 34) groups. The program, based on Kern’s six-step model, was implemented in the intervention group and its effectiveness evaluated using Kirkpatrick’s four-level model: reaction (satisfaction), learning (knowledge and attitude), behavior (performance), and results (error incidence). Data on knowledge, attitude, and performance were collected before and after the intervention with validated questionnaires and analyzed using SPSS 24. RESULTS: 80% of participants reported high satisfaction with the program. No significant difference was observed between groups at pre-test (p > 0.05). However, Post-test 1 (immediately after) and Post-test 2 (four months later) showed significant differences in knowledge and attitude (p < 0.001). Performance also improved significantly after four months (p < 0.001). During follow-up, the control group reported one actual and two near-miss errors, while the intervention group reported only two near-miss errors. CONCLUSION: The educational program had a significant and lasting impact on improving nursing students’ knowledge, attitude, and performance in preventing medication errors. The high level of participant satisfaction indicates a favorable reception of the program. It is recommended that such structured educational programs be incorporated into nursing curricula.
强护理前置	其他	41474547	10.1097/NCQ.0000000000000943	2025	Factors Influencing Nurses' Medication Safety Competence: A Structural Equation Model.	Journal of nursing care quality	Shi YC; Zhuang HR	Q1_nursing_title_drug_safety	Medication safety competence is critical, yet how workplace and psychological factors shape medication safety competence is unclear. To examine links among work environment, work-related stress, professional identity, and medication safety competence. A cross-sectional survey of 641 nurses in China was conducted and structural equation modeling was used to test relationships. Professional identity predicted medication safety competence (β = .276, P < .001) and partially mediated effects of work environment (indirect = 0.098; 95% CI, 0.063-0.146) and stress (indirect = 0.036; 95% CI, 0.021-0.056). Supportive environments and stronger professional identity are associated with higher medication safety competence, whereas stress is detrimental. Organizational strategies should enhance resources, reduce stressors, and cultivate professional identity to improve medication safety and ultimately improve patient safety outcomes.
弱相关/需人工排除	其他	40775944	10.3233/SHTI250926	2025	Optimizing Nursing Records: Exploring the Impact of AI-Enhanced Documentation.	Studies in health technology and informatics	Seto R; Wakabayashi S; Takeyama Y; Inoue T; Liu D	Q1_nursing_title_drug_safety;Q6_nursing_records_ade	"The standardization of medical records through structured templates has gained importance in improving the quality and safety of patient care. The results showed that missing rates ranged from 40.0% (fever reduction) to 43.9% (pain), while redundant entries ranged from 11.7% (mild fever) to 20.0% (fever). Analysis of medication mentions revealed reliance on general classifications, such as ""analgesics"" (0.43%) and ""antipyretics"" (0.35%), over specific drugs like acetaminophen (0.44%) or bisacodyl (0.51%). Free-form documentation led to inefficiencies and ambiguities, whereas structured templates improved specificity, particularly for medications critical to patient safety. The findings highlight the need for user-friendly templates to reduce variability and enhance the completeness of nursing records. Structured templates can streamline documentation, reduce redundancy, and improve the quality of care by prompting detailed and accurate entries. Additionally, integrating advanced technologies like AI could further optimize adherence to templates, ensuring consistent and safe clinical practices. A deeper exploration of user experience and organizational factors is warranted in future studies to enhance implementation success. AI-based tools, such as intelligent assistants that prompt missing entries in real time, could further enhance template adherence and improve data completeness. This study analyzed 90,432 anonymized nursing records to evaluate adherence to predefined documentation templates across five key topics: mild fever, pain, fever, bowel control, and fever reduction. Text mining techniques identified missing items, redundant entries, and medication mentions."
强护理前置	护士给药错误/近失/用药安全流程	39778158	10.3928/00989134-20250102-03	2025	Improving Medication-Related Safety for Residents in Nursing Homes: A Qualitative Study.	Journal of gerontological nursing	Shieu B; Lee YW; Epps F; Wang MC; Harris J	Q1_nursing_title_drug_safety;Q3_nursing_monitoring_admin	To gain a better understanding of the perceptions of RNs on medication safety concerns and potential solutions for nursing home (NH) residents. This prospective, qualitative study used semi-structured phone interviews with a description approach. We used purposeful sampling to recruit 12 RNs employed at two NHs in the northeastern region of the United States. The Systems Engineering Initiative for Patient Safety constructs informed the interview guide, coding, and qualitative theme identification. We categorized non-user-friendly charting systems and gained insights into more experience with paper-based charting under the technology component. For the organization component, participants identified the importance of teamwork, communication, and leadership. Participants also mentioned how education and nationality of training impact medication administration (MA) safety. Task-related concerns revealed how different care approaches, extreme workload variation, and task prioritization during the day are perceived as critical issues that need to be addressed. Staff shortages were also expressed as an environment-related concern. Findings highlight the importance of appropriate nurse-to-patient ratio, the significance of user-friendly charting systems, and customizing the interface of MA in the charting system. [Journal of Gerontological Nursing, 51(3), 38-43.].
强护理前置	护士给药错误/近失/用药安全流程	40915761	10.1016/j.profnurs.2025.05.005	2025	Not just a checklist: Ethical, patient-centred use of the ten rights in Nordic nursing education.	Journal of professional nursing : official journal of the American Association of Colleges of Nursing	Westergren E; Toivonen M; Skogster A; Sainio T; Lykkegaard Soerensen A	Q1_nursing_title_drug_safety;Q3_nursing_monitoring_admin	"Medication administration errors occur frequently, highlighting the importance of safe medication practices in nursing education. Various checklists, such as ""Five rights"" or ""Nine rights"", have been developed to support the implementation of safe medication administration. However, the lists alone are not enough to guarantee medication safety. The Nordic Medication Educators' Collaboration identified the need for a more comprehensive and educationally grounded framework and developed ""The Ten Rights"" in medication administration. These rights aim to support safe, ethical, and patient-centred nursing practice by providing a structured yet flexible guide to medication administration. This article outlines the development of ""The Ten Rights"" in Medication Administration, how ""The Ten Rights"" were born, and how we see these rights as a possibility for clarifying the complexity of medication administration while providing a structure for healthcare professionals handling medications. Throughout the article, recommendations are presented for integrating ""The Ten Rights"" into nursing curricula across the Nordic countries to enhance medication safety and support professional accountability."
强护理前置	其他	40238821	10.1371/journal.pone.0319483	2025	Educational needs for medication safety competence among nurses by clinical ladder stage.	PloS one	Jung S; Park J	Q1_nursing_title_drug_safety	The objective of this study is to identify the educational needs of nurses in regard to medication safety competence at different career levels. The identification of these needs is grounded in nurse clinical career ladder theoretical frameworks. In April of 2022, focus group interviews were conducted with twenty participants currently engaged in patient care work. These participants were categorized into four groups based on their clinical experience levels: novice (entry to 1 year), advanced novice (from 13 months to 47 months), competent (48 months to 83 months), and proficient (from 84 months). Key educational needs included: self-reflective attitude toward medication safety, effective interaction skills, medication practice knowledge, ability to manage safety risk situations, and establishment of a continuous education system for medication safety. These findings will contribute to the development of medication safety education programs based on a clinical ladder system including attitudes, knowledge, and skills related to self-reflection, self-improvement, and collaboration.
强护理前置	其他	40293992	10.1371/journal.pone.0320264	2025	Status and related factors of medication safety behaviour of nurses in the operating room: A cross-sectional survey in China.	PloS one	Chen X; Wei X; Yue L; Wu D; He J	Q1_nursing_title_drug_safety	This study aimed to investigate the current status and influencing factors of medication safety behaviour of operating room nurses. Medication safety is an important safety issue recognised by health organisations all over the world, and the operating room has one of the highest rates of preventable medication-related injuries. However, few studies have investigated the current status and influencing factors of medication safety behaviour of operating room nurses. A cross-sectional study. From February to March, this study was conducted at three tertiary hospitals in southern China. Operating room nurses completed a series of questionnaires, including nurses' medication environment perception scale and operating room nurse's medication safety behaviour questionnaire. Data analysis included descriptive statistics, ANOVA, correlation analysis, and multiple regression. The STROBE checklist guided the reporting of this study. A total of 171 questionnaires were analysed. The total score on medication safety behaviour of operating room nurses was 78.20±8.94. The medication environment the operating room nurses perceived was positively correlated with medication safety behaviour (P < 0.01). Additionally, factors related to the medication safety behaviour of operating room nurses included working years(B = 4.899, P = 0.000), the highest level of education(B = 5.440, P = 0.000), professional title(B = -2.644, P = 0.002), the last time of nursing medication safety training(B = -0.914, P = 0.013), and the system and supervision (B = 0.141, P = 0.015). The medication safety behaviour of operating room nurses is low. The relationship between individual factors, medication environment, and medication behaviour of operating room nurses should be deeply considered, and targeted intervention strategies should be carried out to influence factors to improve their medication safety behaviour.
强护理前置	护士给药错误/近失/用药安全流程	41479694	10.4240/wjgs.v17.i12.113860	2025	Evidence-based nursing to reduce polypharmacy risks in older cholecystectomy patients.	World journal of gastrointestinal surgery	Deng YH; Zeng CF; Zhou J	Q1_nursing_title_drug_safety;Q5_med_admin_errors_nurses	With an aging society, older patients undergoing cholecystectomy often have multiple chronic diseases and require long-term multi-medication. Medication complexity significantly increases the risk of medication errors and adverse reactions, and effective nursing interventions are urgently required to ensure medication safety. To investigate the efficacy of evidence-based nursing practices in mitigating polypharmacy risks among Suzhou Municipal Hospital Road Front Yard Area, thereby providing clinical guidance. The sixty older patients who underwent cholecystectomy between September 2024 and September 2025 treated with polypharmacy were enrolled. Using random number tables, hey were divided into study and control groups (n = 30 each), who received routine medication nursing and evidence-based nursing, respectively. Pre-intervention and post-intervention comparisons were made between groups for medication knowledge, competence, and adherence scores. The incidences of duplicate medications, missed doses, self-discontinuation, unauthorized alterations, schedule changes, and adverse reaction rates assessed potential medication risks. Both the study and control groups showed significant increases in medication knowledge, management competence, and adherence scores after intervention (all P < 0.05). The study group had higher post-intervention scores (medication knowledge: 87.29 ± 5.09 vs 70.62 ± 5.38; medication management competence: 63.22 ± 3.11 vs 56.19 ± 4.08; medication adherence: 7.13 ± 1.04 vs 6.05 ± 1.03, all P < 0.05). The incidence of duplicate medication, missed doses, self-discontinuation, unauthorized dose alterations, and schedule modifications decreased in both groups post-intervention (all P < 0.05), with lower rates in the study group (duplicate medication: 13.33% vs 30.0%; missed doses: 10.0% vs 26.67%; all P < 0.05). The study group had a lower adverse reaction rate (3.33% vs 26.67%, P < 0.05) and more patients with potential medication hazard level 0 (83.33% vs 53.33%), while fewer patients had level 2 and 3 hazards (3.33% vs 16.67% and 0% vs 10.00%, respectively; all P < 0.05). Evidence-based nursing for polypharmacy risks in older adults undergoing cholecystectomy can enhance medication awareness, improve management and adherence, reduce adverse behaviors, and lower adverse reactions and hazard levels.
强护理前置	护士ADR上报/药物警戒认知与行为	39698521	10.1002/hsr2.70277	2024	Implementing Best Practices for Nurses in Detecting and Reporting Adverse Drug Reactions in a Tertiary Hospital in Tabriz, Iran: A Mixed-Method Study.	Health science reports	Kabiri N; Hajebrahimi S; Rahmani P; Tavani FM; Saghaleini SH; Soofiyani SR	Q1_nursing_title_drug_safety;Q4_nurses_adr_reporting	"According to the World Health Organization (WHO), an Adverse Drug Reaction (ADR) is defined as ""a response to a drug which is noxious and unintended, and which occurs at doses normally used in humans for the prophylaxis, diagnosis, or therapy of disease, or for the modification of physiological function."" The aim of this research was to evaluate the current practice and implement the best practices for detecting and reporting ADR in a tertiary hospital in Tabriz, Iran. We used a mixed-methods sequential explanatory design in the current study. The research was conceptually informed by the Joanna Briggs Institute model of Evidence-Based Healthcare (JBI EBHC). A three-phase implementation process, outlined by this model, was used in this study. The first and third phases comprised the quantitaive phase of the study, in which we evaluated the current practice and conducted a final evaluation to measure changes in compliance with the best practice. The qualitative phase, the second phase of the JBI EBHC model, was conducted to identify barriers and develop implementation strategies. There were seven evidence-based audit criteria for evaluating the practice, with a sample size of 23 nurses for the quantitative phase and 10 participants for the qualitative phase. The quantitative findings revealed an improvement in compliance rates for all criteria following the follow-up audit. From the qualitative analysis, four themes of barriers were identified: time and workload, lack of a proper reporting system for ADR, lack of belief and readiness for change among nurses, and lack of awareness about the importance of documenting ADR. The results of this implementation study demonstrated enhanced ADR reporting. It can be inferred that implementing educational strategies, such as holding conferences, informal meetings, workshops, and educational pamphlets, can facilitate the implementation of evidence into practice. Findings will help nurses across sectors of primary, secondary, and tertiary care use the implemented strategies to improve the quality of care and reduce ADR."
强护理前置	护士给药错误/近失/用药安全流程	41716357	10.1016/j.rcsop.2026.100714	2026	Automated dispensing cabinets and nurse-related medication errors in inpatient settings: A systematic review.	Exploratory research in clinical and social pharmacy	Osman AES; Isleem N; Al-Thani D; Elsakka A	Q1_nursing_title_drug_safety;Q3_nursing_monitoring_admin;Q5_med_admin_errors_nurses	Automated Dispensing Cabinets (ADCs) are computerized medication storage and dispensing systems increasingly used in inpatient hospital settings to support safe medication administration. As nurses represent the final point of medication delivery to patients, understanding the impact of ADCs on nurse-related medication errors is critical. This systematic review aimed to assess the association between ADC implementation and medication errors involving nurses in inpatient hospital settings. A systematic search of PubMed, MEDLINE, Scopus, and Google Scholar identified 16 eligible studies published between 2008 and 2025 from 184 retrieved records. Included studies employed quantitative, qualitative, and mixed-methods designs. Risk of bias was assessed using the Mixed Methods Appraisal Tool (MMAT), and findings were synthesized narratively due to heterogeneity in study designs and outcome measures. Across quantitative studies, ADC implementation was generally associated with reductions in reported medication errors, particularly omission errors and wrong drug or wrong dose events, although reported reductions varied widely. Some studies reported maintenance of previously low error rates. Qualitative findings described perceived improvements in workflow efficiency, medication access, and nurses' confidence in medication safety, alongside temporary workflow challenges during early implementation. Overall, the evidence suggests that ADCs may support safer medication administration and nursing workflows when appropriately implemented. However, evidence quality is limited by largely observational designs, heterogeneous error definitions, and inconsistent outcome reporting, highlighting the need for more standardized and methodologically robust research.
强护理前置	其他	40375893	10.1177/23779608251341750	2025	A Survey-Based Study of Medication Safety Competence and Its Relationship with Safe Nursing Care among Nurses.	SAGE open nursing	Aghabarary M; Katebi F; Bijani M	Q1_nursing_title_drug_safety	Medication safety competence is a critical factor in enhancing patient safety. Safe nursing care is also a fundamental component of nursing service quality and a key indicator in clinical governance and risk management programs. This survey-based study, conducted for the first time in Iran, aimed to determine medication safety competence and its relationship with safe nursing care among nurses. This cross-sectional study used questionnaires to collect data. The study population consisted of all nurses working in clinical departments across eight hospitals in North Khorasan Province, northeastern Iran. The total number of nurses in these eight hospitals was 1,025. Given the number of hospitals and the proportion of nurses in each, a proportional sampling method was first employed, followed by convenience sampling within each hospital based on inclusion criteria. The data collection tools included the electronic version of the Medication Safety Competence Scale, Assessment of Safe Nursing Care Questionnaire, and a demographic characteristics section. One-sample t-test was used to compare the mean of the samples with the mean score criterion. The Pearson correlation test was used to assess the relationship between medication safety competence and safe nursing care. To predict safe nursing care based on medication safety competency, multiple linear regression analysis was performed using the simultaneously (Enter) method. To analyze medication safety competence and safe nursing care based on participants' demographic characteristics, independent t-tests and analysis of variance (ANOVA) were conducted. Data analysis was performed using SPSS software version 28, with a significance level set at p ≤ .05. Out of the 500 nurses who received the questionnaire link, 429 completed the questionnaire. The mean medication safety competence of the participants was 148.85 ± 19.21, indicating a moderate level. The mean safe nursing care score was 314.71 ± 36.82, indicating a desirable level. A significant direct relationship was observed between medication safety competence and safe nursing care. The role of medication safety competence and department type in predicting safe nursing care was confirmed. Working in the emergency department was negatively associated with safe nursing care compared to other departments. The participants' medication safety competence was at a moderate level, while their safe nursing care was at a desirable level. It is recommended that nursing managers develop plans to enhance medication safety competence, with a particular emphasis on the components of safe nursing care.
强护理前置	护士主导随访/监测/管理	39429678	10.1177/20420986241289205	2024	An integrative systematic review of nurses' involvement in medication deprescription in long-term healthcare settings for older people.	Therapeutic advances in drug safety	Vaismoradi M; Mardani A; Crespo ML; Logan PA; Sak-Dankosky N	Q1_nursing_title_drug_safety	Deprescription of medications for older people in long-term care settings is crucial to enhance medication safety by reducing polypharmacy and minimizing related adverse events. Nurses as the member of the multidisciplinary healthcare team can support deprescription initiatives, but there is a gap in comprehensive knowledge about their roles. To investigate the role and contribution of nurses in deprescribing medications within the multidisciplinary pharmaceutical care context of long-term healthcare for older people. A systematic review utilizing an integrative approach was performed. Multiple databases were searched, including PubMed (covering MEDLINE), Scopus, CINAHL, ProQuest and Embase, focusing on studies published in English from 2014 to 2024. The preliminary search yielded 4872 studies, which were then refined to 32 qualitative and quantitative studies chosen for data analysis and narrative synthesis. Thematic comparisons and analysis led to the creation of meaningful categories integrating the studies' findings to meet the review's objective. The review findings were classified into categories: 'necessity and benefits of deprescribing', 'multidisciplinary collaboration for deprescribing', 'nurse role in deprescribing', 'identified challenges to deprescribing', 'involvement of older people and families in deprescribing'. They illustrated and exemplified various aspects of nurses' roles and contributions in deprescription initiatives within the multidisciplinary pharmaceutical care team, such as support for reducing doses, discontinuing medications or transitioning to safer alternatives, as well as factors influencing this process. The main dimensions of nurses' roles and contributions in deprescription initiatives encompass monitoring, communicating and educating. Challenges to nurses' active participation in deprescribing, such as the need for increased knowledge, confidence and inclusion in team discussions, should be addressed through education, training and changing attitudes. These steps are essential for improving the safety of medication deprescribing in long-term care settings. The review was registered under PROSPERO ID: CRD42023486484, and can be accessed at crd.york.ac.uk/PROSPERO/display_record.php?RecordID=486484.
强护理前置	护士给药错误/近失/用药安全流程	40772097	10.4103/jehp.jehp_2018_23	2025	Internship nursing students and faculty perception of medication errors: A descriptive qualitative study.	Journal of education and health promotion	Shahzeydi A; Moghimian M; Farzi S; Farzi Z; Sabouhi F; Alimohammadi N	Q1_nursing_title_drug_safety;Q3_nursing_monitoring_admin;Q5_med_admin_errors_nurses	Medication safety is an integral dimension of patient safety and one of the 11 principles in the World Health Organization Patient Safety Curriculum Guide. Medication errors can occur by all members of the health care provider; however, they are prevalent in nurses and nursing students. This study aimed to explore and describe medication errors from the perspective of Iranian internship nursing students and faculty. The present study was done in 2023 using a descriptive qualitative method. Seventeen internship nursing students and five faculty were selected using a purposeful sampling method. Data were collected through in-depth, semi-structured interviews. We used qualitative content analysis for data analysis. Data analysis revealed three categories, namely, determinants of error, disclosing/conceal, and psychological consequences of the error, and 12 subcategories. Inadequate medication knowledge and students' inattention to the principles of medication administration have paved the ground for medication errors by internship nursing students, thus threatening patient safety. Effective clinical supervision and training by instructors experienced in teaching and clinical practice can help address this challenge. Reassuring the students and creating a safe and anonymous reporting climate encourages students to report errors.
强护理前置	护士给药错误/近失/用药安全流程	40295127	10.1136/bmjopen-2024-091058	2025	The barriers to medication error reporting by nurses and factors associated with it: a cross-sectional study in a tertiary hospital of south-west China.	BMJ open	Yang L; Peng X; Song W; Su H; Wang C; Yang S	Q1_nursing_title_drug_safety;Q3_nursing_monitoring_admin;Q5_med_admin_errors_nurses	To explore the reporting barriers and related factors of medication errors among nurses in hospitals in China and provide a reference for safe medication management in hospitals. Cross-sectional, online survey. Responses were collected online from September 2022 to November 2022 across a specific tertiary hospital in Chengdu, China. Clinical registered nurse. Measure the Barriers to Medication Administration Error (MAE) Reporting Questionnaire, Face-Saving Scale, the Index of Hierarchy of Authority and the Working Environment Questionnaire. Independent sample t-test, correlation analysis and multiple linear regression analysis were performed to identify factors associated with the barriers to MAE reporting. 432 (97.30%) nurses responded. Nurses' standardised scores of barriers to MAE reporting were 3.01 (SD=1.01); the fear dimension items have the highest standardised score of 3.42 (SD=1.11). Working environment is negatively correlated with barriers to MAE reporting (r=-0.201, p<0.01); face-saving (r=0.866, p<0.01) and index of hierarchy of authority (r=0.799, p<0.01) are positively correlated with barriers to MAE reporting. All three were the main influencing factors of barriers to MAE reporting, which could explain 82.4% of the barriers' variance (R2=0.826, R2adj=0.824, F=253.665, p<0.001). Nurses' medication error reporting barriers mainly come from the fear of reporting consequences. The working environment is the protective factor of reporting barriers. Still, face-saving and the index of hierarchy of authority are the main risk factors. Improving the working environment may help reduce medication error reporting barriers. Still, more importantly, hospital managers need to take adequate measures to reduce nurses' sense of face-saving and power distance, which may be more helpful in reducing the barriers to medication error reporting and improving hospital medication safety management.
弱相关/需人工排除	其他	39432891	10.1097/NNE.0000000000001750	2024	Effectiveness of Educational Interventions to Develop Patient Safety Competencies in Undergraduate Nursing Students: A Systematic Review.	Nurse educator	De Rezende H; Morais AS; Vitorio AMF; Quadrado ERS; Garzin ACA; Martins MS	Q1_nursing_title_drug_safety	Nursing professionals are key to providing safe care that improves patient outcomes. Hence, it is essential to focus on developing nurses' patient safety competencies and principles. This review examined the effectiveness of educational interventions in developing patient safety knowledge, skills, behaviors, and attitudes in undergraduate nursing students. The search strategy aimed to identify published and unpublished studies in databases and grey literature. Studies were assessed using the Joanna Briggs Institute critical appraisal tools. A total of 36 studies met the inclusion criteria. The teaching methods employed single or combined interventions and the educational interventions suggested either improvements in outcomes or no impact. The effectiveness of educational interventions to develop patient safety competencies in undergraduate nursing students, either as a single or combined strategy, was mixed. Further research is needed to provide more robust evidence on which teaching method for patient safety is most effective.
强护理前置	其他	39963544	10.2147/RMHP.S508170	2025	Contributions of Specialized Nurses to Medication Management for Older People in Home Care: A Mixed-Method Systematic Review.	Risk management and healthcare policy	Vaismoradi M; Logan PA	Q1_nursing_title_drug_safety	"There is a growing international interest in defining the roles, responsibilities, and contributions of specialized nurses across various aspects of home care to establish them as effective members of multidisciplinary home care teams. This study aimed to identify and describe the contributions of specialized nurses to medication management for older people in home care. This systematic review was performed using a mixed method approach. A thorough search was conducted across PubMed (including MEDLINE), Scopus, CINAHL, ProQuest, and Embase, focusing on studies published in English over the last decade, from 2014 to 2024. The convergent synthesis was used to combine and analyze qualitative and quantitative evidence in parallel to address the review question. The initial search yielded 875 studies, which were then refined to 32 studies selected for data-based convergent synthesis. The findings of the review were organized into three categories: ""specialized nurses' identities"", ""specialized nurses' roles and responsibilities"", and ""impact of specialized nurses' medication management in home care"". Specialized nurses played key roles in enhancing medication safety, improving older adults' quality of life, and reducing emergency visits. Their support in medication management eased the home care burden and ensured timely interventions for better symptom control and healthcare outcomes. Specialized nurses bring vital expertise to home care multidisciplinary medication team, promoting safe medication practices and helping older adults manage chronic conditions effectively at home."
强护理前置	护士ADR上报/药物警戒认知与行为	42214618	10.1016/j.rceng.2026.502577	2026	Notification of suspected adverse drug reactions by nurses to a hospital pharmacovigilance program. Retrospective descriptive study.	Revista clinica espanola	Ordóñez-Rufat P; Rodríguez-Cumplido D; Llop-Rius R; Tarres-Martínez A; Hereu-Boher P	Q1_nursing_title_drug_safety;Q4_nurses_adr_reporting	Adverse drug reactions (ADR) are a common cause of illness. The Spontaneous reporting of adverse drug reactions is essential to characterize drug toxicity. Nurses, due to their proximity to patients, can contribute to detect them. The purpose is to describe the number of notifications of adverse drug reactions from nurses after a set of actions aimed at promoting reporting. Single-center observational, retrospective, and descriptive study on the characteristics and number of spontaneous ADR reports made by nurses following the implementation of informational/training actions in different health care areas of a tertiary hospital. Of the total 806 of suspected adverse drug reactions, nurses reported 124 (38.51%). There was a predominance of women 77 (62,1%), with a mean age of 54 years; 22.6% were over 65 years of age and 61.3% were polymedicated (five or more drugs prescribed). The most frequently reported reactions were skin disorders, and 71% of them resolved within 24 h. Intravenous contrast agents for diagnostic testing were the most reported drugs. In 116 (93.5%) of cases, the reactions were considered definitively or probably related to the drug. It is essential to promote the role of nurses in increasing adverse drug reactions reporting in order to sustainably strengthen pharmacovigilance systems. Continuous training that is adapted and maintained over time, as well as intuitive and accessible notification circuits, can contribute to improving participation.
强护理前置	护士给药错误/近失/用药安全流程	39662331	10.1016/j.nedt.2024.106539	2025	Nursing students' perceptions of patient safety culture and barriers to reporting medication errors: A cross-sectional study.	Nurse education today	Alrasheeday AM; Alkubati SA; Alqalah TAH; Alrubaiee GG; Alshammari B; Almazan JU	Q1_nursing_title_drug_safety;Q5_med_admin_errors_nurses	"Patient safety is critical to high-quality patient care. However, it is liable to medication errors (MEs). Therefore, this study assessed perceptions of patient safety culture (PSC) and barriers to reporting MEs among nursing students in Hail City, Saudi Arabia. The researchers conducted a cross-sectional study among 360 convenience students at the College of Nursing, University of Hail, in 2023. We collected data using questions about the characteristics of students, the Health Professional Education in Patient Safety Survey (H-PEPSS) questionnaire, and the Medication Error Reporting questionnaire. Students' mean PSC perception scores were calculated and compared based on their characteristics using the independent-samples t-test or one-way analysis of variance (ANOVA) was used as appropriate. We used Paired samples t-test to compare the mean scores of self-reported perceptions of PSC between classroom and clinical settings, with a significance level of <0.05. The overall PSC perception score was significantly higher in the classroom than in the clinical setting (p = 0.017). Students in the classroom setting scored significantly higher on the domains of ""clinical safety skills"" (p < 0.001), ""effective communication"" (p = 0.039), and ""safety risk management"" (p = 0.008) than those in the clinical setting. Conversely, students in the clinical setting scored significantly higher on the domains of ""teamwork with other HCPs"" (p < 0.001), ""understanding human and environmental factors"" (p = 0.039), and ""recognizing and responding to immediate hazards"" (p < 0.001). Female students and those who were in their second level, had PSC training, desired to participate in PSC training, and reported the presence of an error reporting system scored significantly higher on PSC perceptions in both settings. Most students (95.8 %) believed in the benefits of discovering and reporting MEs. However, a considerable proportion also expressed concerns about ME reporting, including fears of disciplinary action (87.5 %), blame for errors (87.2 %), and loss of respect from colleagues (85.6 %). Most students (97.5 %) also believed that MEs should be reported. However, only 11.1 % of students reported the occurrence of MEs, and 6.7 % experienced these errors. Discrepancies exist in PSC perceptions among nursing students in Hail City between academic and real-world contexts, being consistently higher in the classroom compared to the clinical setting. PSC training and the presence of an error reporting system should be considered when developing interventions to improve PSC perceptions. This study revealed that many barriers were rated in a high percentages for reporting the medication, particularly fears of disciplinary action, blame for errors and loss of respect from colleagues, should be addressed."
强护理前置	护士给药错误/近失/用药安全流程	40084395	10.1080/00185868.2025.2474756	2025	A Study of Assessing the Knowledge and Attitude of Nurses Regarding Medication Administration and Barriers in Reporting Medication Error in a Tertiary Care Teaching Hospital in Gangtok.	Hospital topics	Pal K; Shira B; Moktan B; Kumar S	Q1_nursing_title_drug_safety;Q3_nursing_monitoring_admin;Q5_med_admin_errors_nurses	Medication administration is a complex multistep process with a role of clinician in prescribing and transcribing, and nurse in administering drugs and monitoring patient's response. Error in any step can be a major threat to the safety of patients. Thus, the present study was trying to assess the level of knowledge and attitude of nurses regarding medication administration, pharmacology applied to nursing and barriers in reporting medication error. Also, its correlations with demographic variables. After obtaining the ethical clearance, a cross-sectional study with 141 nurses was conducted using a set of self-administered questionnaires. The questionnaire included demographic details, multiple choice question and five points of Likert scale related to nursing pharmacology, medication administration, reasons for committing medication error, and the barriers in reporting medication errors. Data was analyzed using both descriptive and inferential statistics (Pearson correlation). The findings of the study showed that only 38% nurses had an adequate knowledge regarding drug calculation and pharmacology applied to nursing, scoring more than 80%. A significant correlation (0.184) was found between knowledge and education level of nursing staffs (p = 0.05). But at the same time nurses follow proper medication administration process and had a favorable attitude toward medication error in real practice. Fear of getting blamed was found to be the highest perceived barrier in reporting medication error. The study concluded that a regular update in knowledge regarding medication administration of nurses is required and trust building by the organization among their staff is required to overcome the fear of getting blamed.
强护理前置	其他	39725434	10.1136/bmjopen-2024-091616	2024	Nursing home staff's experiences with the implementation of an automated blister packaging system for solid, orally ingestible drugs: a qualitative study in Northern Italy.	BMJ open	Tappeiner W; Wieser H; Obkircher R; Pigneter J; Roth J; Ausserhofer D	Q1_nursing_title_drug_safety	To explore nursing home (NH) staff's experiences implementing an automated blister packaging system for solid, orally ingestible drugs. This was a descriptive qualitative study. Semistructured interviews were used for data collection, and qualitative content analysis was applied for data analysis. Four NHs in a region in Northern Italy participated in the piloting of an automated blister packaging system. The purposive sample comprised 40 NH staff (seven registered nurses, 11 certified nursing assistants, three nursing aids, seven nursing managers, four directors and eight physicians) RESULTS: Six main categories emerged from the data analysis: (1) impacting safety, including improved medication process, perceived insecurities and remaining error sources; (2) creating free spaces, including time, individualised care and drug storage and logistics; (3) serving residents, (4) meeting expectations, including met and unmet expectations; (5) generating efforts and (6) producing waste. They all merged into one theme 'It pays off!' As experienced by NH staff, the automated blister packaging system improved medication safety and reduced the workload of registered nurses, but it is not an 'all-around carefree package'. Continuous quality improvement and risk management strategies are recommended to accompany and sustain implementation, as well as further clarification of roles and duties among the different care workers involved in medication management. Further research is needed to gain a better understanding of the impact of an automated blister packaging system on registered nurses' competencies in NHs regarding medication management and residents' therapies and safety.
强护理前置	护士给药错误/近失/用药安全流程	40697252	10.3934/publichealth.2025022	2025	Examining psychosocial risks and their impact on nurses' safety attitudes and medication error rates: A cross-sectional study.	AIMS public health	Tzenetidis V; Kotsakis A; Gouva M; Tsaras K; Malliarou M	Q1_nursing_title_drug_safety;Q3_nursing_monitoring_admin;Q5_med_admin_errors_nurses	"Employee exposure to specific risks often increases work-related stress, negatively impacting their effectiveness and potentially leading to illnesses, mistakes, or accidents. We aimed to determine the psychosocial risks experienced by nurses in tertiary hospitals and their association with attitudes toward safety and the occurrence of medication errors. A cross-sectional study was conducted between September 30, 2022 and December 31, 2023 in four Greek tertiary hospitals (Evangelismos, Nikaia ""Agios Panteleimon"", University Hospital of Larissa, and ""G. Papanikolaou""). The study involved 514 nurses aged 20-67, employed for at least 12 months, fluent in Greek, and completing questionnaires on stress, burnout, and medication errors. The questionnaire used in the study included demographic information of the nursing staff (age, gender, marital status, work experience, and education level), characteristics of the nursing unit (medical, surgical, long-term care unit, Intensive Care Unit), the COPSOQ III (Copenhagen Psychosocial Questionnaire Version III), the HSOPSC (Hospital Survey on Patient Safety Culture), and the questionnaire for Investigating Nursing Errors in Medication Administration. Nurses exposed to psychosocial risks, such as bullying and high demands, reported increased medication errors. Supportive work environments with sufficient staffing and collaborative culture significantly mitigated these risks. Factors such as ""Staffing"" and ""Handoffs"" partially mediated the relationship between demands and errors. Thus, targeted interventions to reduce bullying and enhance teamwork are essential. Continuous education emerged as crucial for improving safety and performance. The study underscores the necessity of social support, job autonomy, and work-life balance as critical factors in reducing stress and improving the quality of care. Specific strategies are proposed to enhance nurses' mental health and improve working conditions."
强护理前置	护士给药错误/近失/用药安全流程	41729137	10.1111/inr.70166	2026	The Influence of Nursing Leadership Styles on Medication Safety: A Mixed-Methods Systematic Review.	International nursing review	Dirik HF; Theiakouli C; Efstathiou N	Q1_nursing_title_drug_safety;Q5_med_admin_errors_nurses	To synthesise evidence on the impact of nursing leadership styles on medication errors. Leadership plays a critical role in medication safety by shaping staff behaviour, promoting adherence to clinical guidelines and fostering a safety-oriented culture. However, the effects of specific leadership styles on medication safety have not yet been comprehensively synthesised. The Joanna Briggs Institute convergent segregated approach for mixed-method systematic reviews was employed and reported in accordance with PRISMA guidelines. Searches were conducted in MEDLINE, CINAHL, Scopus, PubMed, Web of Science, EMBASE, PsycINFO and Google Scholar, encompassing literature published from January 2014 to April 2025. The review includes 15 papers: 11 cross-sectional, 2 quality improvement, 1 quasi-experimental and 1 mixed-methods study. Transformational (n = 11) and ethical leadership styles were associated with enhanced medication safety, as evidenced by increased error reporting and greater adherence to medication protocols. Situational leadership was linked to gradual improvements in self-reporting behaviours. In contrast, passive-avoidant and toxic leadership styles correlated with higher rates of medication errors and decreased willingness to report errors. The effects of transactional leadership (n = 5) were mixed and appeared to be influenced by contextual factors. Synthesising both consistent and divergent findings clarified the complex dynamics through which leadership can mitigate or exacerbate medication errors, and offered guidance for the development of innovative and integrated leadership approaches. Transformational, ethical and situational leadership styles contribute to improved medication safety, whereas passive-avoidant and toxic leadership styles lead to increased medication errors. This review highlights the relevance of leadership approaches associated with safety-oriented behaviours. Understanding the effects of different leadership styles will inform and support decision-making, enabling nurse leaders to implement more effective strategies to reduce medication-related risks. Investment in leadership development, particularly programmes based on transformational and ethical principles, has the potential to strengthen safe medication practices. This systematic review's protocol was registered in PROSPERO (registration number CRD42023380426).
强护理前置	护士给药错误/近失/用药安全流程	41283626	10.3390/pharmacy13060165	2025	Bedside Medication Management: Pharmacy Technicians Managing Patient Medication Supply to Improve Nursing Productivity and Patient Safety.	Pharmacy (Basel, Switzerland)	Simpson TW; Mckenzie DS; Guastella RG; Ryan MJ	Q1_nursing_title_drug_safety	Audits of medication charts conducted by Royal Hobart Hospital Pharmacy revealed that dose omission was the most common medication error experienced by patients. Investigation of these errors also found that nurses spend significant time organising medication for inpatients. To address the issues contributing to these problems, an alternative model of medication management was implemented and tested. This model of bedside medication management involves medication supply managed by ward pharmacy technicians who review charts daily for changes to medicines and obtain the medicines needed for each patient. Outcomes on two intervention wards showed that the model, combined with technician involvement in controlled medicines stock management, resulted in 29.78 h of nursing time released to patient care per 20-bed ward per week, for an investment of 22.28 h of ward pharmacy technician time; a 75% reduction in delayed doses; a 44% reduction in missed doses; and an average decrease of two hours in the turnaround time for supply of inpatient medication. Introducing bedside medication management and controlled medicines stock management activities can release 1.34 h of nursing time to patient care for every hour of ward pharmacy technician time (at a lower hourly salary cost), decrease dose delays and omissions, and improve patient safety.
强护理前置	护士给药错误/近失/用药安全流程	42042673	10.3390/nursrep16040146	2026	AI Tools for Teaching the Safe Administration of Medications in Nursing: A Scoping Review.	Nursing reports (Pavia, Italy)	de Oliveira WDD; Ghirotti MELP; de Sousa ÁFL; Silva ALNVD; de Carvalho HEF; Valim MD	Q1_nursing_title_drug_safety;Q3_nursing_monitoring_admin;Q5_med_admin_errors_nurses	Background: Safe medication administration is a fundamental aspect of nursing practice and a core component of patient safety. However, systemic failures, workload pressures, and educational gaps continue to contribute to medication errors, posing persistent challenges for healthcare systems. In this context, innovative educational technologies, particularly Artificial Intelligence (AI), have emerged as promising strategies to support the development of competencies related to safe medication administration. Methods: This scoping review aimed to map evidence on AI-based tools used to teach safe medication administration in nursing. The review was conducted in accordance with the Joanna Briggs Institute (JBI) methodology and reported following the PRISMA-ScR guidelines. Searches were performed in PubMed, Scopus, Web of Science, LILACS, and Google Scholar, covering studies published between 2010 and October 2025 in English, Portuguese, and Spanish. Study selection was conducted in two stages, followed by standardized data extraction. Results: A total of 545 records were identified, of which only two studies met the eligibility criteria. The included studies, conducted in Israel and South Korea, evaluated a microlearning chatbot and Large Language Model (LLM)-based tools designed to support teaching safe medication administration. Both studies demonstrated improvements in knowledge and performance in tasks and simulations related to the medication process, as well as positive acceptability among participants. However, neither study assessed direct clinical outcomes, such as reductions in medication errors or preventable adverse events. Conclusions: Although AI-based educational tools show potential to enhance competencies related to medication safety in nursing, the available evidence remains limited. Further robust, multicenter, and comparative studies are needed to evaluate their impact on clinical outcomes and to support their integration into nursing education and practice.
强护理前置	护士给药错误/近失/用药安全流程	42430837	10.1016/j.nepr.2026.104922	2026	Patient safety climate and barriers to medication error reporting among nursing students in psychiatric training: A network analysis.	Nurse education in practice	Lu W; Bai C; Kong L; Wei M; Fan X; Wu D	Q1_nursing_title_drug_safety;Q3_nursing_monitoring_admin;Q5_med_admin_errors_nurses	To examine the dimension-level network linking patient safety climate and barriers to medication administration error reporting among nursing students in psychiatric clinical training. Patient safety climate and reporting barriers are important to nursing students' medication safety, but they are often examined separately or as total scores, limiting understanding of dimension-level connections. A cross-sectional, dimension-level network analysis. Data were collected from 1565 nursing students undertaking psychiatric clinical internships at a tertiary psychiatric hospital in Chengdu, China, between July 2020 and March 2025. Participants were recruited by convenience sampling and completed an anonymous online questionnaire distributed by teaching coordinators. Patient safety climate was measured using the Safety Climate Scale and reporting barriers were measured using the Barriers to Medication Administration Error Reporting Questionnaire. Dimension-level network analysis was used to identify central and bridge dimensions, with robustness examined using bootstrap and sensitivity analyses. The network showed two distinct but connected communities: patient safety climate and reporting barriers. The strongest connections were Fear-Face, Training-Worker Safety, Training-Team Positive Attitude and Disagreement over Medication Error-Reporting Effort. Blame, Worker Safety, Fear and Training were among the most central dimensions. Blame and Fear were the main bridge dimensions, followed by Worker Safety and Disagreement over Medication Error. Patient safety climate and reporting barriers were linked through psychosocial and psychiatric-context-specific dimensions. Findings suggest further development and evaluation of student-oriented reporting policy, just-culture education, psychiatry-specific guidance, worker-safety preparation and structured debriefing. Future studies should evaluate reporting readiness, psychological safety and reporting behaviour.
强护理前置	护士给药错误/近失/用药安全流程	39852634	10.3390/nursrep15010012	2025	Influence of Nursing Time and Staffing on Medication Errors: A Cross-Sectional Analysis of Administrative Data.	Nursing reports (Pavia, Italy)	Moriwaki M; Tanaka M; Kakehashi M; Koizumi M; Horiguchi H; Hayashida K	Q1_nursing_title_drug_safety;Q5_med_admin_errors_nurses	Background: Medication errors cause adverse events; however, studies have yet to examine medication errors related to nursing hours while considering ward characteristics in Japan. Purpose: This study investigated medication errors caused by nurses to quantitatively assess ward activity as busyness in nursing duties. Methods: This study considered patients hospitalized in the general wards of 10 National Hospital Organization institutions between April 2019 and March 2020. The study data were obtained from the Diagnosis Procedure Combination system, incident report system, and reports on nurse staffing and work hours. Data for 27,629 ward days with 88,475 patients were analyzed. Multivariate analysis was performed to determine the impact of factors on medication errors. Results: The mean patient age was 71.43 years (SD = 15.08). The medication error rate in nursing wards was 13.71%. The mean nursing time per patient during day shift was 1.95 h (SD = 0.58) in the non-medication error group and 2.06 h (SD = 0.58) in the medication error group (p < 0.01). The nursing time per patient in the medication error group compared to that in the non-medication error group had an odds ratio of 1.31 (p < 0.01) during day shifts. Conclusions/Implications for practice: Contrary to evidence, the results showed that medication errors caused by nurses related to increased nurse time with patients during day shifts. Further investigation is needed on the relationship of busyness with nursing duties to ensure an adequate nurse-patient ratio, nursing time, and improved patient safety.
强护理前置	护士给药错误/近失/用药安全流程	39791673	10.3390/healthcare13010066	2025	A Complex Intervention to Minimize Medication Error by Nurses in Intensive Care: A Case Study.	Healthcare (Basel, Switzerland)	Coelho F; Furtado L; Tavares M; Sousa JP	Q1_nursing_title_drug_safety;Q5_med_admin_errors_nurses	Background/Objectives: Medication errors are the most frequent and critical issues in healthcare settings, often leading to worsened clinical outcomes, increased treatment costs, extended hospital stays, and heightened mortality and morbidity rates. These errors are particularly prevalent in intensive care units (ICUs), where the complexity and critical nature of the care elevate the risks. Nurses play a pivotal role in preventing medication errors and require strategies and methods to enhance patient safety. This study aims to develop a comprehensive and evidence-based intervention to minimize medication errors by nurses in ICUs. Methods: This qualitative case study forms a part of a broader research project that commenced with a scoping review. Building on the review findings, a complex intervention was designed to address nurses' medication errors. A focus group of experts was conducted to validate the intervention designed, evaluating its contextual feasibility and relevance. Results: This study led to the development of a complex intervention whose relevance lies in its potential implementation within the studied context. The resulting intervention was structured around four main components-educational interventions, verification and safety methods, organizational and functional modifications, and an error reporting system-meticulously designed to leverage the ICU's existing resources. Conclusions: In conclusion, the proposed intervention has the potential to positively impact healthcare quality by reducing errors and promoting a culture of safety. Furthermore, this study's findings provide a relevant foundation for future research and practical applications, driving advancements in healthcare service excellence.
强护理前置	其他	40214290	10.1097/PTS.0000000000001347	2025	A Comprehensive Analysis of Patient Safety Research in Nursing: Trends, Topics, and Future Directions.	Journal of patient safety	Lee NJ; Kim N	Q1_nursing_title_drug_safety	This study aimed to comprehensively analyze patient safety research in the field of nursing over the past 20 years to identify key research topics and emerging trends. Structural topic modeling, a text mining methodology to identify latent topics from large volumes of unstructured textual data, was conducted on 6072 articles published in the Ovid Medline, Ovid Embase, Cumulative Index to Nursing and Allied Health Literature, and PubMed databases from January 2000 to April 2023. Based on the structural topic modeling results, we performed the Mann-Kendall trend test and conducted community detection. The analysis identified 39 unique topics, which were categorized into 4 communities: medication safety, structure, processes, and outcomes. Interest in patient safety culture, patient safety education, and qualitative research methodologies has been increasing, while traditional topics such as medical error analysis and nurse staffing have shown a decreasing trend. The scope of patient safety research in the field of nursing is gradually expanding, with an evident shift in research focus. Our findings provide crucial information for setting future research directions and advancing nursing practice and policy, ultimately contributing to improvements in patient safety.
强护理前置	护士给药错误/近失/用药安全流程	40214292	10.1097/PTS.0000000000001345	2025	Development and Evaluation of a Multifaceted Intervention Program for Preventing Medication Administration Errors by Nurses.	Journal of patient safety	Sim WH	Q1_nursing_title_drug_safety;Q3_nursing_monitoring_admin;Q5_med_admin_errors_nurses	This study aimed to develop and evaluate a multifaceted intervention program based on the Systems Engineering Initiatives for Patient Safety (SEIPS) model to prevent medication administration errors (MAEs) by nurses in an adult general ward of a comprehensive hospital in Seoul, South Korea. The program was developed using the Analysis, Design, Development, Implementation, Evaluation (ADDIE) model with a 3-round Delphi survey conducted with 16 experts. Strategies were categorized under the SEIPS model and finalized into a program with 9 domains and 21 interventions. A pretest-posttest design with 73 nurses (36 experimental, 37 control) evaluated the program's effectiveness in a tertiary care hospital in Seoul, South Korea. Surveys on patient safety culture, medication safety practices, and error rates were analyzed before and after a 3-month intervention using double-difference and time-series methods. The DID analysis demonstrated significant improvements in patient safety culture perception (0.42, P <0.001) and medication safety compliance (0.53, P <0.001), with large effect sizes ( d =1.07 and d =1.41, respectively). However, changes in self-reported medication error rates between groups were not statistically significant ( P =0.555), likely due to the short intervention period. The program improved patient safety awareness and medication safety compliance, validating its approach. This study highlights the importance of theoretically based interventions and suggests shifting from solely nurse education to addressing systemic issues for medication safety.
强护理前置	其他	40077104	10.3390/healthcare13050542	2025	Influence of Critical Thinking Disposition, Clinical Reasoning Competence, and Nursing Practice Environment on Medication Safety Competence of Hospital Nurses.	Healthcare (Basel, Switzerland)	Oh JA; Kim EA; Kim HR	Q1_nursing_title_drug_safety;Q5_med_admin_errors_nurses	This study examined the impact of nurses' critical thinking disposition, clinical reasoning competency, and nursing practice environment on their medication safety competency. A cross-sectional design was employed, involving a convenience sample of 210 nurses from four tertiary general hospitals and two general hospitals. Data were collected in September 2023 utilizing structured online self-report questionnaires and analyzed utilizing descriptive statistics, independent t-tests, one-way analysis of variance, Pearson's correlation coefficients, and stepwise multiple regression with SPSS/WIN 28.0 software. Significant positive relationships (p < 0.001) were found between nurses' medication safety competence and critical thinking disposition (r = 0.47), clinical reasoning competence (r = 0.67), and nursing practice environment (r = 0.40). Factors influencing medication safety competence were identified as clinical reasoning competence (β = 0.55, p < 0.001), nursing practice environment (β = 0.30, p < 0.001), and critical thinking disposition (β = 0.19, p < 0.001). The regression model accounted for 57% of the variance in medication safety competence and was statistically significant (F = 91.70, p < 0.001). These findings highlight key factors influencing medication safety competence of nurses and underscore the need for targeted strategies to enhance patient safety by optimizing critical thinking, clinical reasoning, and the nursing practice environment in healthcare settings.
强护理前置	护士给药错误/近失/用药安全流程	38908342	10.1016/j.pedn.2024.06.004	2024	Pediatric nurses' experiences of implementing the 'ten right principles' in safe medication management: A descriptive phenomenological study.	Journal of pediatric nursing	Öz GÖ; Arslanli SE; Pekyiğit A	Q1_nursing_title_drug_safety;Q3_nursing_monitoring_admin	In medication management, the ten right principles framework is an accepted global nursing standard and an important component of medication safety. Especially pediatric patients have a higher risk of harm in medication administration compared to adults. This study aimed to examine the experiences of pediatric nurses in implementing the ten right principles in safe medication management. A descriptive phenomenological approach was used in this study. The study was conducted with 16 pediatric nurses in a public hospital's Pediatric Service and Neonatal Intensive Care Unit. Pediatric nurses' medication practices were observed, and semi-structured interviews were conducted with the nurses after the observation. Observations were conducted using an observation tool, and interviews were conducted using a semi-structured interview form. Qualitative data were analyzed using thematic analysis. In this study, it was observed that although pediatric nurses generally adhered to the ten right principles, they had the most difficulties with the right dose and time principles. As a result of the interviews conducted after the observation, two themes (factors facilitating the implementation of the ten right principles and difficulties in implementing the ten right principles) were formed. The findings revealed that pediatric nurses achieved safe and effective medication administration and generally adhered to the ten right principles. This study highlights the positive contribution of pediatric nurses to patient safety by using multiple sources of information and clinical reasoning strategies despite the difficulties they experience in drug administration.
强护理前置	护士主导随访/监测/管理	42364644	10.1080/02813432.2026.2690598	2026	Nurses' perspectives on medication safety for Swedish community-dwelling older adults in primary care.	Scandinavian journal of primary health care	Caleres G; Thelin S; Persson E; Milos Nymberg V; Modig S	Q1_nursing_title_drug_safety;Q2_nurse_led_monitoring	To improve care for community-dwelling older individuals, Swedish primary care has implemented nurse-led elderly care units targeting this group. To explore how primary care nurses working in elderly care units view their role regarding medication safety and gain their perspectives on the work model. This was a qualitative focus group study with 14 strategically sampled primary care nurses working at elderly care units. Data were collected through three focus groups and two individual interviews between September 2024 and June 2025, audio-recorded and transcribed verbatim. Content analysis was applied, and the person-centred nursing framework was used to interpret the results. Triangulation and reflexivity were pursued, and an audit trail was maintained to ensure trustworthiness. Five categories emerged (1), diverse conditions for elderly care units (2), preventing and managing drug-related problems (3), bridging the gap - a vital function for medication safety (4), the comprehensive geriatric perspective, and (5) perceptions of the nurse's role. This study found that nurses in elderly care units recognize their potentially significant role in medication safety. Their comprehensive geriatric perspective enables them to impede or intervene on drug-related problems, compensate for fragmented care and resolve issues as a central coordinator. However, the absence of guidelines leads to inconsistent and inequitable care, insights important for further development of the work model.
强护理前置	其他	40898174	10.1186/s12913-025-13384-3	2025	Assessing the impact of nurses' patient safety competencies on key performance indicators (KPIs) for patient safety outcomes at Tamale Teaching Hospital: the mediating role of leadership and barriers to competency development.	BMC health services research	Ibrahim MM; Abdul-Rahaman F; Sayibu MS; Alhassan DN; Awudu RT; Sisala IM	Q1_nursing_title_drug_safety	Despite significant advancements in healthcare, patient safety remains a persistent global concern. Nurses' competency in patient safety is essential for minimizing errors and improving key performance indicators (KPIs) related to patient outcomes. This study assessed the impact of nurses' patient safety competency (PSC) on KPIs for patient safety outcomes at Tamale Teaching Hospital. A multi-method research design was employed, comprising quantitative data collected from 291 nurses using structured questionnaires and qualitative data from 10 in-depth interviews. Quantitative data were analyzed using SPSS Statistics and AMOS, while qualitative data were analyzed using QDA Miner Lite. Majority of nurses (61.2%) demonstrated high PSC, with the highest scores recorded in professional characteristics (M = 3.04, SD = 0.74). PSC was significantly associated with age, educational level, work experience, rank, and prior exposure to quality and safety programs (p < 0.05). Among the KPIs, medication safety recorded the highest performance (M = 3.82, SD = 0.86). Structural equation modeling (SEM) revealed that nurses' PSC significantly predicted KPIs for patient safety outcomes (β = 0.628, p < 0.001), with the leadership role in patient safety partially mediating this relationship (β = 0.218, p < 0.001). Qualitative findings identified key barriers to PSC development, including inadequate integration of patient safety into nursing education, lack of training and standardized protocols, limited career advancement opportunities, and limited scope of practice. Strengthening nurses' patient safety competencies and addressing barriers are essential strategies for improving patient safety outcomes, particularly in resource-constrained healthcare settings.
强护理前置	护士给药错误/近失/用药安全流程	40058135	10.1016/j.nedt.2025.106676	2025	Comparison of the effects of medication error encouragement training and low-fidelity simulation on the medication safety competence and knowledge of nursing students: A quasi-experimental study.	Nurse education today	Shahzeydi A; Farzi S; Rezazadeh M; Tarrahi MJ; Farzi S; Hosseini SA	Q1_nursing_title_drug_safety;Q3_nursing_monitoring_admin;Q5_med_admin_errors_nurses	Medication safety is a key indicator of healthcare quality and an essential component of patient safety. Medication errors threaten medication safety, causing harm to patients and leading to psychological and financial consequences for both patients and healthcare providers. There has been a significant increase in medication errors among nursing students. Among the main causes of medication errors are insufficient education, which leads to a lack of knowledge and competency in safe medication administration. Medication error encouragement training and low-fidelity simulation are among the new educational methods in the field of safe medication administration training. This study aimed to compare the effects of two methods-medication error encouragement training and low-fidelity simulation-on the knowledge and competency of medication safety among nursing students. This study is a quasi-experimental, two blinded, two-group design conducted in 2023. Sixty-four third-year nursing students were selected through convenience sampling and randomly assigned to control and intervention groups. The students' medication safety knowledge was assessed through self-report, and their medication safety competence was evaluated using a scenario as a pretest. Subsequently, one group underwent medication error encouragement training, while the other group experienced low-fidelity simulation. Afterward, the participants' medication safety competence was assessed post-intervention using a different scenario from the pretest, with their performance observed and their medication safety knowledge score self-reported. Data collection was done through the Medication Safety Critical Element Checklist and Medication Safety Knowledge Assessment. Data analysis was performed using SPSS version 16, with a significance level set at 0.05. The independent sample t-test revealed no significant difference between the knowledge and medication safety competence scores of the two groups before the intervention (P > 0.05). The paired sample t-test indicated a significant increase in the scores of knowledge and medication safety competence for both groups after the intervention (P < 0.05). Additionally, the MANCOVA test demonstrated a significant increase in the medication safety competence score for the medication error encouragement training group compared to the low-fidelity simulation group after the intervention (P < 0.05). However, no significant difference was found in the medication safety knowledge scores between the two groups after the intervention (P > 0.05). The study results indicate that both medication error encouragement training and low-fidelity simulation play a significant role in enhancing the knowledge and medication safety competence of nursing students. Therefore, it is recommended that nursing educators incorporate these two methods in medication safety training.
强护理前置	护士ADR上报/药物警戒认知与行为	41943146	10.1186/s12912-026-04620-0	2026	Strengthening pharmacovigilance in emergency care: knowledge, attitudes and barriers to adverse drug reaction reporting among nurses in Ghana.	BMC nursing	Sagoe S; Kwakye IN; Degley TA; Adom-Fynn D; Antwi AO; Kugbey N	Q1_nursing_title_drug_safety;Q4_nurses_adr_reporting	BACKGROUND: Adverse drug reactions (ADRs) pose a significant challenge to patient safety, particularly in high-acuity settings such as emergency departments. Despite their critical role in pharmacovigilance, nurses often underreport ADRs due to systemic, knowledge-related, and attitudinal barriers. This study assessed nurses’ knowledge, attitudes and barriers toward ADR reporting in the Accident and Emergency (A&E) Unit of a Teaching Hospital in Ghana. METHODS: A cross-sectional survey design was employed, with data collected from 136 nurses using structured questionnaires. Stratified random sampling was used to ensure representation from all three emergency sub-units. Multiple linear regression and parallel mediation analysis (PROCESS Macro, Model 4, bootstrap n = 5,000) were performed. RESULTS: Results indicated that 76.5% of nurses accurately classified adverse drug reactions (ADRs), and 88% identified antibiotic allergies; yet, only 32.3% were able to articulate institutional reporting protocols. Although 89% recognised the significance of ADR reporting, only 24% consistently recorded ADRs. Significant obstacles included insufficient time (78.6%), poor training (63.2%), fear of retribution (58.1%), convoluted forms (49.3%), and hierarchical conventions (44.1%). The intention to report emerged as the most significant predictor (B = 0.52, β = 0.538, p < .001), whereas attitudes (B = 0.314, p < .001) and perceived behavioural control (B = 0.352, p < .001) somewhat mediated the influence of knowledge (B = 0.198, p = .008) on ADR reporting. CONCLUSION: Although the respondents possessed adequate knowledge of ADRs, this knowledge does not consistently translate into reported practices. Again, despite their favorable attitudes toward the value of ADR reporting, systemic and cultural barriers which included workflow constraints, fear of professional repercussions inhibited their active participation. Implementing context-specific training, introducing streamlined electronic reporting tools, establishing feedback mechanisms, and fostering leadership support is critical to enhancing ADR reporting. CLINICAL TRIAL NUMBER: Not applicable.
强护理前置	护士给药错误/近失/用药安全流程	41889452	10.1093/ofid/ofag136	2026	Bridging the Gap: Optimizing OPAT Transitions to Skilled Nursing Facilities.	Open forum infectious diseases	Mehta M; Tedeschi C; Zhang J; Morjaria S; Johnson J	Q1_nursing_title_drug_safety	We evaluated patients discharged to skilled nursing facilities for outpatient parenteral antimicrobial therapy (OPAT). Among 89 patients, discharge medication errors and OPAT-related interventions were common, including laboratory monitoring, therapeutic adjustments, and adverse event management; 32 patients (36%) experienced at least 1 documented discharge medication error, with a total of 44 errors identified across the cohort. These findings highlight transition-of-care vulnerabilities and underscore the importance of structured OPAT oversight to improve patient safety.
强护理前置	护士给药错误/近失/用药安全流程	40574499	10.1111/jan.70032	2026	Associations Between Interruptions and Medication Administration Errors Among Nurses in Hospital Settings: A Scoping Review of Quantitative Studies.	Journal of advanced nursing	Schroers G; Huggins E; Sasangohar F; O'Rourke J	Q1_nursing_title_drug_safety;Q3_nursing_monitoring_admin;Q5_med_admin_errors_nurses	To provide an overview of quantitative research studies that report inferential statistics on the associations between interruptions and medication administration errors among nurses in hospital settings. A scoping review guided by the Joanna Briggs Institute methodology for scoping reviews. Quantitative research studies conducted among nurses in hospital settings and published in English were sought. Covidence software was used by two authors to independently screen titles, abstracts, and full-text articles. Two authors performed an independent data extraction using a standardised extraction template. Ovid Medline, EMBASE (Elsevier), CINAHL (EBSCOHost), Web of Science, and Scopus databases were searched from the database inception through October 2024. Citation searching was also used to locate relevant studies. Twenty-two studies met the review criteria. Studies were conducted in nine different countries, often in more than one hospital, and in various nursing units. Definitions of interruption and medication administration error frequently differed across studies or were not provided. Data were collected via direct observation, self-report survey, a combination of direct observation and self-report, or retrospective review of records. Most (n = 16; 73%) studies reported a statistically significant positive association between interruptions and medication administration errors. Globally, interruptions are prevalent during nurse medication administration, and a majority of studies report a positive association between interruptions and medication administration errors. Continued investigation of this association using standard definitions of interruption and medication administration error, as well as consistent methods, is needed to strengthen research in this area. The findings from this review can be used to inform future primary research, potential systematic reviews, and the development of targeted interventions to enhance medication safety and nursing practice in hospital environments worldwide. Reporting was guided by Joanna Briggs Institute scoping review method and the PRISMA extension for Scoping Reviews. No patient or public contributions were made to this scoping review.
强护理前置	护士给药错误/近失/用药安全流程	40054992	10.1136/bmjoq-2024-003188	2025	Improving drug charting practices and documentation among nurses in emergency department at a regional hospital, Bhutan: a quality improvement initiative.	BMJ open quality	Wangmo P; Wangdi S; Lhamo G; Dorji J; Wangmo J; Wangchuk N	Q1_nursing_title_drug_safety;Q5_med_admin_errors_nurses	Medication error is one of the most common safety issues and the highest prevalence rate of preventable medication-related harm is seen in low-income and middle-income countries especially in Africa and South Asian countries. Studies done elsewhere show that medication errors related to transcription and drug chart documentation can be as high as 70%. A baseline survey done in our department showed that our drug charting practices and documentation are only complete in 45% which could significantly contribute to medication errors and patient safety. To address this gap, our project aimed to improve the drug charting practices and documentation among nurses in our department from 45% to more than 90% in 8 weeks. We formed a team and implemented strategies through four plan-do-study-act cycles. Interventions included increasing sensitisation about hospital transcription protocol, standardising drug charts and monitoring of drug chart practice. The members meet every 2 weeks to discuss, analyse and plan for next intervention based on our findings at the end of every cycle. At the end of the project, the completeness of drug chart documentation improved from 45% to 98% and adherence to standard charting practices from 51% to 98% CONCLUSION: Medication transcription error is common and improving on incomplete drug chart and poor charting practices can reduce errors. Our results emphasise the importance of simple and cost-effective intervention in bringing and achieving the aim which could be implemented in other department and institutions.
强护理前置	护士给药错误/近失/用药安全流程	40183639	10.1515/ijnes-2024-0056	2025	Deliberate practice of medication administration among nursing students: a pilot study.	International journal of nursing education scholarship	Schroers G; Pfieffer J; Tell D; Johnson KD; O'Rourke J	Q1_nursing_title_drug_safety;Q3_nursing_monitoring_admin;Q5_med_admin_errors_nurses	The objective of this pilot study was to investigate the deliberate practice teaching method with medication administration skills to prepare for a future larger study. A multi-methods repeated measures design was used. Pre-licensure nursing students engaged in deliberate practice across two study visits that were spaced four to eight weeks apart. Simulated scenarios served as the pre-posttests. Study procedures were feasible to implement. Medication error rates decreased from 80.9 to 22.2 %. Students voiced a need for more skills practice and that deliberate practice is beneficial. The deliberate practice teaching method was feasible to implement, skills improved, and students attributed their improvements to the teaching method. Skills were retained over a 4-8 week span suggesting that skill decay did not occur in this timeframe. Worldwide, improvements in medication administration safety are required. Changes in the methods used to teach medication administration may contribute to these necessary improvements.
强护理前置	护士主导随访/监测/管理	41200672	10.4103/ijcm.ijcm_6_24	2025	Educational Intervention to Build Concepts on Drug-Related Adverse Events, their Monitoring and Reporting among Nursing Students: A Multicentric Longitudinal Study in North India.	Indian journal of community medicine : official publication of Indian Association of Preventive & Social Medicine	Singh S; Mittal N; Kumar S; Dhillon BS; Kaur K; Singh S	Q1_nursing_title_drug_safety	Adverse drug reactions (ADR) are unfavorable and harmful reactions to drugs used for disease prevention, diagnosis, treatment, or modifying normal body functioning. The research examined nursing students' knowledge and perception of adverse medication responses and the impact of structured training interventions. Single group pre and post-interventional study was conducted on nursing students using a questionnaire. Pretest group had the lowest mean knowledge score (56.84010, SD = 17.28675), whereas the post-test group displayed the highest mean score (69.17513, SD = 16.48941). After a duration of one month, the level of knowledge saw a reduction; however, it still remained greater than the level before the training. The mean knowledge was 59.16244 with SD of 18.26255. The structured training program enhanced nursing students' ADR knowledge and perception.
强护理前置	护士给药错误/近失/用药安全流程	41937911	10.2147/PHMT.S556561	2026	Nurses and Midwives Mistakes and Errors in Pediatric Health Outcomes in Southwestern Uganda.	Pediatric health, medicine and therapeutics	Akantorana M; Tumwesigye R; Nalwanga CM; Niyonzima V; Luwaga R; Beebwa E	Q1_nursing_title_drug_safety;Q5_med_admin_errors_nurses	"According to the World Health Organization, nearly 1 in 10 patients suffer harm during healthcare, resulting in over 3 million deaths in low- and middle-income countries. Alarmingly, more than half of these incidents are preventable, with medication errors being the primary cause. Children are particularly vulnerable to these errors and other adverse patient events. Therefore, this study explored nurses and midwives' mistakes and errors in paediatric health outcomes in southwestern Uganda. We adopted a phenomenological qualitative research design. Purposive and consecutive sampling methods were used to recruit nurses and midwives who had served in their respective units for at least six months and were willing to participate and signed a written informed consent form. Data collection was done using a semi-structured interview guide. All interviews were face-to-face and audio-recorded upon participants' consent. Thematic analysis was used to generate the themes. The study revealed four themes that emerged from participants' perceptions regarding the reasons for pediatric medication errors namely; work flow and work environment, work overload, limited resources and training and education need. Regarding participants' experience of pediatric medication errors, omission and commission errors was quoted and three themes emerged from interventions to medication errors, namely; sticking to rights of drug administration, education and training, and resources. Results of this study indicate that although nurses demonstrated positive perceptions of strategies to improve pediatric medication safety, medication errors remain a serious challenge requiring close supervision. The primary problem identified as quoted verbatim by the participants is ""…overcrowding of babies in limited clinical spaces"", which created a high-risk environment for errors. The findings highlight the urgent need to incorporate the voices of nurses into policy, education, and training initiatives. Such inclusion will contribute to the development of robust healthcare systems and more effective strategies to enhance pediatric medication safety."
强护理前置	其他	41672036	10.1080/10376178.2026.2629247	2026	Factors associated with medication safety competence of novice nurses: A descriptive cross-sectional study.	Contemporary nurse	Kim J; Han M; Park J; Lim M; Choi J; Kim MS	Q1_nursing_title_drug_safety;Q5_med_admin_errors_nurses	Background: Ensuring medication safety is a critical responsibility of novice nurses who are defined as those with less than one year of clinical experience in clinical practice. Understanding factors associated with medication safety competence is essential for developing effective training programs. This study identified the factors associated with the medication safety competence of novice nurses and examined the relationships between nursing practice readiness, critical reflection competency, and clinical decision-making ability.Methods: This study was conducted at a tertiary hospital in Seoul, South Korea. The participants were 263 novice nurses with at least six months of clinical experience, who were recruited through convenience sampling. Data were collected in July 2024 using a questionnaire that included tools measuring medication safety competence, nursing practice readiness, critical reflection competency, and clinical decision-making in nursing. Data were analyzed using descriptive statistics, t-tests, ANOVA, Pearson's correlation coefficients, and hierarchical regression analysis.Results: Medication safety competence was significantly correlated with nursing practice readiness (r = .731, p < .001), critical reflection competency (r = .704, p < .001), and clinical decision-making (r = .444, p < .001). Hierarchical regression analysis identified nursing practice readiness (β = .733, p < .001) and critical reflection competency (β = .316, p < .001) as significant predictors of medication safety competence. The final model explained 58.6% of the variance in medication safety competence.Conclusions: Nursing practice readiness and critical reflection competency are key factors correlated with medication safety competence in novice nurses. Enhancing these competencies through structured pre-employment, on-the-job training, and fostering reflective thinking is crucial for improving medication safety.
强护理前置	其他	40868538	10.3390/children12081087	2025	Nurse-Initiated Improvement for Documentation of Penicillin Adverse Drug Reactions in Pediatric Urgent Care Clinics.	Children (Basel, Switzerland)	Monsees E; Petrie D; El Feghaly RE; Suppes S; Lee BR; Whitt M	Q1_nursing_title_drug_safety	Background/Objective: Penicillin allergy labels (PALs) contribute to broad-spectrum antibiotic use. Thorough documentation can help prescribers identify and remove unnecessary PALs. We aimed to improve documentation of PALs in three pediatric urgent care (PUC) clinics, using a nurse-initiated quality improvement (QI) approach. Methods: QI interventions included a survey to assess prescriber and nurse confidence, an online educational module, and an algorithm to aid in clarifying PALs. We measured the percentage of PALs with a clarified reaction severity as our primary outcome using annotated control charts. Descriptive and inferential statistics evaluated survey responses between nurses and prescribers. Results: Clarified PAL reaction severity had a sustained upward shift from 58.5% to 63.3% following implementation of our interventions. Of 129 nurses and prescribers, 87 (67.4%) respondents completed the survey. Prescribers and nurses reported feeling knowledgeable about PALs but experienced different challenges to clarifying PAL documentation. Prescribers reported time pressures as a barrier to PAL clarification more often than nurses (IQR [3, 4], p = 0.001). Nurses reported higher confidence in ability to document a PAL compared to prescribers (IQR [3.25, 5], p = 0.010). Respondents requested family education and practice guidance to aid PAL clarification. No consistent differences were noted in PAL documentation by sociodemographic characteristics. Conclusions: The nurse-initiated QI approach demonstrated improved PAL documentation in PUCs. Engaging nurses in antibiotic stewardship initiatives can provide new perspectives and broaden the approach to intervention design and implementation. Future efforts should focus on improving electronic health record and interprofessional workflow processes to build on these improvements.
强护理前置	护士给药错误/近失/用药安全流程	41500984	10.1111/nicc.70328	2026	Proactive Nursing for Medication Safety: An Interpretative Phenomenological Study of Neonatal Intensive Care Nurses' Experiences of Initiating Medication Queries.	Nursing in critical care	Ramadan OME; Elsharkawy NB	Q1_nursing_title_drug_safety;Q5_med_admin_errors_nurses	Medication errors are frequent in Neonatal Intensive Care Units, where complex weight-based dosing and fragile physiology amplify the consequences of mistakes. Nurse-initiated medication queries function as a critical yet vulnerable safety barrier, but little is known about how neonatal intensive care nurses experience and navigate these decisions in everyday practice. To explore how registered nurses in Neonatal Intensive Care Units experience and interpret initiating medication-safety queries during drug administration, and how they perceive individual, interpersonal and organisational-environmental conditions shaping these decisions. Interpretative phenomenological study using Interpretative Phenomenological Analysis, rooted in Heideggerian hermeneutic philosophy and subsequently interpreted through the Human Factors Engineering lens. Purposive, maximum-variation sampling recruited neonatal intensive care nurses from three Saudi Arabian hospitals; 25 semi-structured interviews were conducted between February and May 2025 and analysed using a six-stage protocol supported by rigorous strategies for credibility and trustworthiness. Interviews with 25 registered nurses yielded four interrelated experiential themes: (1) knowledge and confidence barriers-fear of appearing incompetent and uncertainty about calculations suppressed queries despite clinical experience; (2) interpersonal dynamics-physician approachability and peer support facilitated queries, whereas hierarchical norms created communication barriers; (3) organisational and system pressures-high workloads and a blame culture discouraged queries, while supportive policies and a strong safety climate empowered nurses and (4) moral and professional tensions-nurses experienced ethical conflict as they balanced patient advocacy with maintaining collegial relationships. Nurse-initiated medication queries in Neonatal Intensive Care Units are not simply a function of individual vigilance or technological support. Sustained medication safety requires integrated interventions that strengthen nurses' clinical self-efficacy, reduce obstructive hierarchies, redesign workload and escalation pathways and explicitly address the moral distress arising when safety concerns are voiced or suppressed. For critical care nurses working in Neonatal Intensive Care Units, nurse-initiated medication queries are a key, yet fragile, safety barrier. Findings underscore the need for organisations to combine electronic decision-support with assertiveness and communication training, NICU-specific workload optimisation, and ethically oriented debriefing and supervision. System-level changes targeting safety culture and hierarchical barriers are essential to sustaining proactive medication safety behaviours among NICU nurses.
强护理前置	护士给药错误/近失/用药安全流程	41285420	10.1111/nhs.70258	2025	Nursing Students' Behavioral Intentions Toward Medication Safety: A Cross-Sectional Study Based on the Theory of Planned Behavior.	Nursing & health sciences	Zarandona J; Labaka A; Unanue-Arza S; Lapkin S	Q1_nursing_title_drug_safety;Q3_nursing_monitoring_admin;Q5_med_admin_errors_nurses	Medication administration errors pose a significant risk to patient safety and the quality of healthcare. Measuring the involvement of nursing students in incidents during supervised clinical placements can be challenging. We aimed to evaluate nursing students' behavioral intentions to enhance medication safety using the Spanish version of the Theory of Planned Behavior-Medication Safety Questionnaire (TPB-MSQ-S). A cross-sectional design was utilized, involving 498 nursing students from the Basque Country. The TPB-MSQ-S demonstrated robust psychometric properties (content validity index = 0.91, Cronbach's α = 0.77). The TPB constructs correlated positively with students' decision to report errors (attitude r = 0.38, subjective norms r = 0.18, perceived behavioral control r = 0.17). Age was also significantly correlated with all three constructs. Multiple regression analysis showed that attitude significantly predicted behavioral intention (β = 0.39, p < 0.001), and the model explained 14.1% of the variance (p < 0.001). TPB-MSQ-S is a valid tool for assessing nursing students' intentions regarding medication-safety. Attitude significantly influences their willingness to report medication errors. Improving education on medication safety before professional practice could lead to safer nursing practices.
强护理前置	其他	39204187	10.3390/ph17081082	2024	Proton Pump Inhibitor Prescription in Nursing Home Residents: Prevalence, Appropriateness, and Associated Factors-A Secondary Data Analysis from Three German Regions and the Impact of Guideline Recommendations.	Pharmaceuticals (Basel, Switzerland)	Wolf U; Wegener M	Q1_nursing_title_drug_safety	"Despite reliable evidence of adverse drug effects, the substantially increased prescription rates of proton pump inhibitors (PPIs) remain at a high level. This study analyzed the appropriateness of PPI prescriptions among residents of nursing homes in three regions of Germany. Baseline data of a cluster-randomized controlled trial were used to determine the prevalence of PPI prescriptions, the validity of indications, and the adequacy of the prescribed dosages according to 1. their drug approvals and 2. valid recommendation guidelines. Regression analyses were conducted to assess associated factors. A total of 437 residents in 37 nursing homes were included (mean age 83 ± 9.2 years, 72% women). The PPI prescription prevalence was 44% (n = 193). In 52/193 (27%) there was no adequate indication, and in 54 (39%) of 138 indicated PPI prescriptions it was overdosed. Yet, in only less than one-third (28%) of ""adequate"" prescriptions, the indication was according to the PPI approvals, whereas the majority (72%) were off-label indications in line with valid guideline recommendations. Non-indicated PPI prescription was associated with the total number of prescribed drugs (OR 1.32; 95% CI 1.18-1.62; p = 0.013). There were no associations with age, level of care dependency, cognitive impairment, prescription of psychotropic drugs, number of chronic diseases, number of physicians' consultations, or study region. To conclude, in 55%, the high prescription prevalence among residents was either not indicated or overdosed. In total, only 20% (39/193) of cases of PPI use complied with the approved indications. There is a need for quality control of 1. PPI administration in German nursing homes, and 2. of guideline recommendations expanding the off-label PPI use by 72% within the indication scale, predominantly from wide prescription for low-dose ASA."
强护理前置	护士给药错误/近失/用药安全流程	40597005	10.1186/s12912-025-03262-y	2025	Intravenous medication administration practices: insights into knowledge, attitude, and behavior of intensive care unit (ICU) nurses in Pakistan.	BMC nursing	Ahmad T; Sitaruno S; Pattharachayakul S; Kiddeer M; Khan SA	Q1_nursing_title_drug_safety;Q3_nursing_monitoring_admin;Q5_med_admin_errors_nurses	Medication errors are a leading cause of mortality and morbidity worldwide. Patients in intensive care unit (ICU) are particularly vulnerable to adverse events resulting from intravenous (IV) medication errors. This study aims to evaluate the knowledge, attitudes, and behaviours of ICU nurses in Pakistan regarding IV drug administration and to identify strategies for preventing medication errors in ICU. A cross-sectional study was conducted using convenience snowball sampling, including 426 ICU nurses from various hospitals in Pakistan. Data were collected through a validated questionnaire assessing medication error knowledge, attitudes, and behaviours. Statistical analyses, including multiple logistic regression, were performed to identify significant associations. ICU nurses demonstrated satisfactory expertise in IV drug preparation and administration; however, gaps were observed in professional behaviors related to ensuring safe and effective patient care. Specifically, 93.9% of nurses accurately calculated IV medication dosages, and 89.6% emphasized the importance of periodic assessment of clinician's medication therapy safety skills. However, only 73.5% adhered to hand hygiene practices during IV medication preparation and administration, despite 97.2% receiving formal training in these procedures during their education. Multivariate analysis revealed significant associations: nurses fluent in English demonstrated better understanding of medication instructions (odds ratio OR = 2.59, 95% CI: 1.26-5.31; p = 0.009). Female nurses showed higher knowledge levels (odds ratio OR = 2.62, 95% Confidence interval, CI: 1.20-5.70; p = 0.015). Additionally, nurses from Punjab exhibited 79% lower knowledge levels compared to those from other provinces (odds ratio OR = 0.214, 95% Confidence interval, CI: 0.077-0.595; p = 0.003). Overall, a strong positive association was observed between nurses' knowledge, attitudes, and behaviors and the identified demographic factors. Improving nurses' knowledge, attitudes, and behaviors through targeted education and continuous clinical practice monitoring is essential for enhancing medication safety in critical care. Regular training and evaluation programs are vital to minimizing medication errors and ensuring safe and effective healthcare practices in ICUs.
强护理前置	护士给药错误/近失/用药安全流程	42170769	10.1097/jnr.0000000000000749	2026	Factors Associated With Medication Safety Competence Among Clinical Nurses in China: A Latent Profile Analysis.	The journal of nursing research : JNR	Zhang P; Yu G; Xu R; Cao S; Mo L; Liu Y	Q1_nursing_title_drug_safety	Nurses can promote medication safety. However, the main factors affecting their ability to do so are uncertain. In this study, a person-centered approach was employed to analyze the latent profiles of medication safety competence in clinical nurses in China and to identify the significant influencing factors. A multicenter cross-sectional online survey was conducted. From January 17 to February 18, 2024, 1,228 nurses (mean age=33.52, SD =7.55; 97.20% female) were recruited from several hospitals in the Chinese provinces of Hubei, Chongqing, and Guangzhou and enrolled as participants. The Critical Thinking Diagnostic Scale and Medication Safety Competence Scale were used in collecting study data. Mplus 8.3 software was adopted for the latent profile analysis to clarify the medication safety competence subgroups. SPSS 24.0 software was employed to perform the analysis of variance (ANOVA), Pearson's Chi-square analysis, and logistic regression analysis to examine the factors associated with medication safety competence. Four profiles were derived from the latent profile analysis: Profile 1 (low medication safety competence; 9%), Profile 2 (medium low medication safety competence; 8%), Profile 3 (medium high medication safety competence; 40%), and Profile 4 (high medication safety competence; 44%). The total critical thinking score was identified as a positive predictor of profile affiliation. The results of the regression analysis found that, compared with Profile 4, being a junior nurse ( OR =2.341, 95% CI [1.005, 5.450]), having no self-perceived nursing achievement ( OR =6.205, 95% CI [2.084, 18.473]), and occasionally having self-perceived nursing achievement ( OR =7.495, 95% CI [3.419, 16.430]) increased the likelihood of being in Profile 1; that having no history of medication error ( OR =0.408, 95% CI [.177, .938]) decreased the likelihood of being in Profile 1; that having 11-15 years of work experience ( OR =2.239, 95% CI [1.166, 4.299]) and occasionally having self-perceived nursing achievement ( OR =3.102, 95% CI [1.074, 8.953]) increased the likelihood of being in Profile 3; and that being a supervisor nurse ( OR =0.404, 95% CI [.242, .728]) decreased the likelihood of being in Profile 3. Based on the results, the medication safety competence of nurses in China may be divided into four subgroups. Having a higher critical thinking score, a professional title (supervisor nurse or above), self-perceived nursing achievement (often/always), and no history of medication error all increase the likelihood of being in Profile 4. The findings provide a reference for nursing managers when formulating continuing education to promote medication safety competence. The factors associated with the various profiles identified in this study may facilitate the development of better-tailored intervention strategies.
强护理前置	护士给药错误/近失/用药安全流程	38896107	10.1111/jan.16280	2025	Registered nurses' emotional responses to medication errors and perceived need for support: A qualitative descriptive analysis.	Journal of advanced nursing	Mahat S; Rafferty AM; Vehviläinen-Julkunen K; Härkänen M	Q1_nursing_title_drug_safety;Q5_med_admin_errors_nurses	"To identify the contributing factors behind the second victim phenomenon, describe the emotional responses of nurses after medication errors, assess the support received by them after errors and recognize the need for a suitable support program for second victims. Qualitative descriptive design. Eleven in-depth semi-structured interviews were conducted among registered nurses studying advanced degrees at a University in Finland during November 2021-April 2022. Data were analysed using thematic analysis. The study results revealed four themes with various sub-themes which included: contributing factors behind the second victim phenomenon; emotional responses of nurses after error; support received by nurses; and the desired need for a support program for second victims. The severity of the error and the negative work environment acted as catalysts for the second victim phenomenon among nurses. A ""bitter aftermath"" of emotions and a sense of insufficient support added further risk to already stressed and anxious nurses. This study identifies the early exploratory and enduring impact of memories associated with medication errors, some of them haunting nurses for long periods of time. Further, the need for support at different levels is highlighted to reduce the impact of negative emotions generated among nurses after medication errors. Through the lens of this study, it has been possible to identify contributing factors behind the second-victim phenomenon and enduring symptoms that make nurses vulnerable to becoming second victims of medication incidents. This study addresses the aftermath effect of medication errors from the perspective of nurses involved with such incidents. It provides valuable insights for healthcare managers and nurse leaders to establish a just and blame-free culture in healthcare organizations and help emotionally traumatized nurses cope effectively after error. The research adheres to Consolidated criteria for reporting qualitative research (COREQ) guidelines. No patient or public contribution."
强护理前置	护士给药错误/近失/用药安全流程	40911119	10.1007/s13312-025-00180-9	2026	Nurse-Led Quality Improvement Initiative to Reduce Medication Errors in Pediatric ICU.	Indian pediatrics	Kumari S; Bansal A; Agnihotri M; Saini R	Q1_nursing_title_drug_safety;Q5_med_admin_errors_nurses	To evaluate the effectiveness of a context-specific, nurse-driven medication errors bundle in reducing the incidence of medication errors (MEs) by ≥ 50% in a pediatric intensive care unit (PICU). We conducted a prospective, before-and-after quality improvement study, between February and November 2023, in a 15-bedded multidisciplinary PICU of a tertiary public hospital in northern India. Prescriptions advised to children hospitalized during the study period were analyzed. The intervention comprised of a structured prescription format, nursing observation and administration charts, and drug incompatibility charts. The bundle was implemented through four sequential Plan-Do-Study-Act (PDSA) cycles. Medication errors were categorized into prescription, dispensing, administration, and monitoring errors and assessed for severity using the National Coordinating Council for Medication Error Reporting and Prevention (NCC MERP) Index. The primary outcome was change in the overall ME rate. The secondary outcomes included category-specific error rates and improvement in staff awareness of quality improvement principles. A total of 968 prescriptions were evaluated during the pre-assessment phase and 1,386 during the intervention. The overall ME rate declined from 8.5% to 2.9%, prescription errors dropped from 13.1% to 3.8%, dispensing errors from 12.2% to 5.2%, administration errors from 3.8% to 1.9%, and monitoring errors from 1.7% to 0%. Most errors were intercepted and corrected before reaching the patient (NCC MERP Category B). Quality improvement awareness among staff improved from 55.5% to 84%. A low-cost, nurse-led, multidisciplinary medication errors bundle led to a sustained reduction in MEs, demonstrating its potential for use in comparable PICU settings.
强护理前置	护士给药错误/近失/用药安全流程	40369684	10.1111/jocn.17798	2025	The Relationship Between Sleep Quality and the Risk of Medication Errors in Nurses Working in Surgical Wards: A Multicenter Study.	Journal of clinical nursing	Aksel Demir T; Koçaşli S	Q1_nursing_title_drug_safety;Q3_nursing_monitoring_admin;Q5_med_admin_errors_nurses	"Determination of the relationship between sleep quality and the risk of medication errors in nurses working in surgical services. This multicenter, descriptive and correlational study was conducted with 192 nurses working in surgical wards of all training and research hospitals in Ankara, the capital of Türkiye, between January and December 2023. Data were collected using the ""Nurse Information Form,"" ""Pittsburgh Sleep Quality Index,"" ""Epworth Sleepiness Scale,"" and ""Medication Administration Error Scale."" The suitability of numerical variables for normal distribution was examined graphically and with the Shapiro-Wilk test. Additionally, Mann-Whitney test, Kruskal-Wallis, Bonferroni, and Spearman's Rank Correlation Coefficient tests were used in the analyses. The STROBE checklist was followed in writing the study. The median age of nurses was 27.0 (IQR = 8.0) years, and 38.5% were in the 21-25 age group. Among the nurses, 81.3% stated that they had sleep problems due to working hours, and 44.3% stated that they made medication errors due to insomnia. The nurses' Pittsburgh Sleep Quality Index total score median was 12.00 (IQR = 9.00), Epworth Sleepiness Scale score was 11.00 (IQR = 8.75), and Medication Administration Error Scale score was 85.00 (IQR = 25.75). No statistically significant relationship was found between nurses' Epworth Sleepiness Scale and Medication Administration Error Scale scores (rs = 0.042; p = 0.565). A statistically significant low-level relationship was found between the nurses' Epworth Sleepiness Scale score and the total Pittsburgh Sleep Quality Index score (rs = 0.387; p < 0.001). Statistically significant weak and very weak relationships were found between Medication Administration Error Scale and subjective sleep quality, sleeping pill use, and daytime dysfunction (p < 0.05). The study found that nurses had poor sleep quality and daytime sleepiness. It was determined that nurses with sleep problems were at a higher risk of making medication errors. Based on these results, it is recommended that nurses' working hours be planned to support their sleep patterns, and nurses be provided with adequate rest time during shift work hours. Additionally, nurses should be educated about sleep hygiene and the effects of sleep disorders, and more research should be conducted to understand the causes of medication errors and develop preventive strategies. The basic principle of healthcare is to ""do no harm."" Among healthcare professionals, nurses have great responsibility in preventing medical errors. However, the excessive workload, high number of patients under their care, and working in a day-night shift system lead to fatigue and sleep deprivation. Sleep problems increases their tendency to make mistakes. This study aims to contribute evidence to the literature on the impact of sleep problems on medication errors."
弱相关/需人工排除	其他	40436721	10.1016/j.sapharm.2025.04.006	2025	The medicines' pathway in nursing homes: An updated framework to support effective, safe, and person-centered medication processes.	Research in social & administrative pharmacy : RSAP	Damiaens A; Foulon V	Q1_nursing_title_drug_safety;Q5_med_admin_errors_nurses	A quality framework for the medicines' pathway in nursing homes was developed during the Come-On study, consisting of eight processes, 27 key activities and 137 best practices. This framework focuses on effective and safe medication processes, but does not include person-centered aspects. Therefore, in this paper, we present an update of the framework, adding person-centered key activities and best practices. We formulated person-centered key activities and best practices based on findings from the RESPECT project. Here, we performed interviews with residents, informal caregivers, and healthcare professionals to investigate their experiences and expectations with regard to resident and informal caregiver involvement in every step of the medicines' pathway. Also, we developed and pilot tested strategies to improve resident and informal caregiver involvement across the medicines' pathway in nursing homes. In total, two key activities and 15 best practices were added to the framework, and four key activities and four best practices were reformulated to strengthen their person-centered character. Adaptions were made in all but three processes (i.e. purchase and ordering, delivery, and medication preparation). The updated framework defines eight processes, 29 key activities and 152 best practices. It provides a base for quality improvement strategies to implement an effective, safe, and person-centered medicines' pathway in nursing homes.
强护理前置	护士给药错误/近失/用药安全流程	42412906	10.2196/87436	2026	Medication-Related Errors Among Nurses by Unit Adaptation Levels: Bayesian Network-Based Exploratory Study.	JMIR nursing	Sugimura N; Ogasawara K	Q1_nursing_title_drug_safety	"Medical errors occur more frequently in health care than in other industries due to challenges in patient safety education for nurses and students. To address this, it is important to identify the factors and structures underlying clinical errors and apply these insights to educational programs. Medication-related errors are highly preventable with appropriate interventions, highlighting the importance of data-driven safety education. Previous research suggests that unit adaptation, rather than clinical experience alone, plays a critical role in error occurrence. Focusing on ""adaptive performance,"" an underexplored concept in nursing, can help identify new educational strategies and interventions. This hypothesis-generating study used Bayesian network modeling to examine how unit experience-and, secondarily, total nursing experience-relates to the structure of medication-related errors, with implications for data-driven patient safety education and nursing student instruction. This mixed methods study conducted a qualitative root cause analysis of medication error reports to identify causal factors. Bayesian network modeling, an artificial intelligence-based approach, was used to visualize error-generation flows and compare models based on years of experience within the current unit. Data were obtained from 2023 medication-related error reports submitted by nurses to the Japan Council for Quality Health Care. Among 119 medication-related incidents, the largest proportion occurred in internal medicine departments (n=47 cases, 39.5%), followed by surgical departments (n=27 cases, 22.7%), the intensive care unit (n=10 cases, 8.4%), and the emergency room (n=7 cases, 5.9%). Most incidents occurred in patient rooms or wards (n=97 cases, 81.5%). Root cause analysis identified 10 types of medication-related events and 23 contributing factors. Cases were categorized into low-, moderate-, and high-adaptation groups based on years of experience in the current unit. In the low-adaptation group (n=33), 69.7% of nurses had ≥5 years of total nursing experience, indicating that the group did not consist solely of novice nurses. The average entropy of incident events across the Bayesian network models ranged from 0.37 to 0.78, suggesting moderate to relatively high uncertainty in the inferred error structures. The moderate- and high-adaptation models exhibited fewer complex error networks, with weaker chains of unsafe conditions or actions than the low-adaptation model. The extensive clinical experience did not always prevent errors; rather, it was often linked to lapses in verification behavior. Unit adaptation appears to play a critical role in shaping error pathways. Nurses with lower unit adaptation demonstrated more complex error structures, indicating higher vulnerability to incident chains. In contrast, total years of nursing experience did not uniformly reduce risk and may even relate to lapses in verification behaviors."
强护理前置	护士给药错误/近失/用药安全流程	42231328	10.1186/s12912-026-04841-3	2026	The effect of problem-solving-based medication care training on pharmacological knowledge and medication error risk among pediatric nursing students: a quasi-experimental study.	BMC nursing	Hamzeluy M; Tehrani TH; Shahbazi F; Khalili A	Q1_nursing_title_drug_safety;Q3_nursing_monitoring_admin	Medication administration errors represent a major threat to pediatric patient safety, and insufficient pharmacological knowledge among nursing students contributes substantially to this risk. Given the complexity of intravenous medication care in children, educational approaches that actively support knowledge acquisition and safe medication practices during clinical training are needed. This study aimed to evaluate the effect of problem-solving-based intravenous medication care training integrated into pediatric clinical education on pharmacological knowledge and medication error risk among nursing students. This quasi-experimental pretest-posttest study was conducted in 2024 among sixth-semester nursing students undergoing pediatric clinical training at Hamadan University of Medical Sciences, Iran. Using a census approach, 54 eligible students were allocated to an experimental group (n = 27) or a control group (n = 27) based on predefined clinical group assignments. Both groups received routine clinical training, while the experimental group additionally participated in structured problem-solving-based intravenous medication care training delivered through daily clinical scenarios over nine consecutive days. Data were collected using a demographic questionnaire, a researcher-developed pharmacological knowledge questionnaire, and an observational medication error risk checklist. Data were analyzed using appropriate parametric and non-parametric statistical tests, including repeated-measures analysis, with effect sizes reported. At baseline, no significant differences were observed between groups in demographic characteristics, pharmacological knowledge, or medication error risk (P > 0.05). Following the intervention, pharmacological knowledge increased significantly in both groups; however, the improvement was significantly greater in the experimental group, which achieved higher post-intervention knowledge scores compared with the control group (P < 0.001; Cohen's d = 1.22). Medication error risk decreased significantly over time in both groups, but the reduction was significantly greater in the experimental group, with a significant time-by-group interaction effect (P < 0.001). Integrating problem-solving-based intravenous medication care training into pediatric clinical education was associated with greater improvements in pharmacological knowledge and a larger reduction in medication error risk compared with routine clinical training alone. Embedding structured scenario-based learning within clinical practice may support medication safety during undergraduate pediatric nursing education. Not applicable.
强护理前置	护士给药错误/近失/用药安全流程	40706343	10.1016/j.pedn.2025.07.018	2025	Fostering a safe horizon: Nursing organizational culture as a mediator between medication safety climate and reporting intentions for high-alert medication errors among pediatric nursing care.	Journal of pediatric nursing	Hendy A; Ibrahim RK; Sultan HM; Alharbi HF; Al-Kurdi Z; Abuelzahab NH	Q1_nursing_title_drug_safety;Q5_med_admin_errors_nurses	Medication errors in pediatric care, especially involving high-alert medications, pose significant risks. Nurses' reluctance to report such errors is influenced by organizational culture, fear of blame, and ineffective reporting systems. A positive medication safety climate and supportive organizational culture are essential in promoting error-reporting behaviors. This study examines the mediating role of nursing organizational culture in the relationship between medication safety climate and nurses' intention to report high-alert medication errors in pediatric settings. A descriptive quantitative study was conducted with 251 pediatric nurses in Cairo, Egypt, using a self-report questionnaire. The questionnaire was administered online from November 2024 to February 2025. Measures included the Medication Safety Climate (MSC), Nursing Organizational Culture, and Nurses' Intention to Report Errors. A significant positive correlation was found between MSC and reporting intention (r = 0.91, p < .01). Relational culture (r = 0.33, p < .01), innovation culture (r = 0.62, p < .01), and task culture (r = 0.43, p < .01) were positively correlated with reporting intention. Hierarchical culture showed a negative correlation (r = -0.40, p < .01). Mediation analysis confirmed organizational culture partially mediated the relationship (total effect = 0.4001). A supportive organizational culture, especially one that is relational, innovative, and task-oriented, enhances error reporting. Strengthening these cultural elements, alongside a positive safety climate, improves pediatric patient safety.
弱相关/需人工排除	护士主导随访/监测/管理	41250159	10.1186/s13063-025-09236-4	2025	Evaluation of a nurse-led program for the prevention of complications of long-term glucocorticoids (COCORTICO): study protocol for a randomized trial.	Trials	Nicol S; Trin K; Simon LA; Nowak E; Duval O; Martin C	Q1_nursing_title_drug_safety;Q2_nurse_led_monitoring	Long-term glucocorticoids are widely prescribed for autoimmune and inflammatory diseases, but their use is associated with a wide range of adverse events, some of which can be severe. Patient education on toxicity and preventive strategies is essential, yet many patients do not receive sufficient information. In some areas, nurse-led therapeutic programs have been developed to optimize care. However, no standardized, institutionally supported education program exists to prevent the adverse events of long-term glucocorticoid therapy. We are conducting a superiority, open-label, parallel-group, randomized trial, comparing a nurse-led interdisciplinary program with standard of care, across five French hospitals. Eligible participants are adult patients initiating a first sequence of long-term glucocorticoids for a medical condition, excluding onco-hematological diseases, severe chronic renal failure and organ transplantation. The nurse-led prevention program consists of the following: (1) a video explaining glucocorticoids-related adverseevents and appropriate preventive measures, (2) a personal meeting with a trained nurse, (3) a consultation with a dietitian, (4) a personalized individual paper sheet summarizing appropriate non-drug preventive measures for the patient, (5) an information paper sheet summarizing appropriate drug preventive measures for the treating physician, and (6) phone calls at week 12, week 24, and week 36 to ensure that the preventive measures are adequately implemented and understood. Patients in both groups receive an information paper sheet summarizing preventive measures related to glucocorticoid therapy. Patients randomized to the control group receive the standard care provided by their physician. The primary endpoint is the burden of glucocorticoid toxicity, evaluated by a blinded investigator using the cumulative worsening score of the Glucocorticoid Toxicity Index (GTI) at 52 weeks. The secondary endpoints are the occurrence of specific glucocorticoid-related adverse events, quality of life, implementation of preventive measures and cumulative glucocorticoid dosage at 52 weeks. We hypothesize that this therapeutic education program will reduce the burden of long-term glucocorticoid toxicity and improve patients' quality of life. If so, this program could be implemented in routine care for patients receiving long-term glucocorticoid therapy. ClinicalTrials.gov NCT04909606. Registered on 2 June 2021, https://clinicaltrials.gov/study/NCT04909606.
强护理前置	其他	39994635	10.1186/s12912-025-02859-7	2025	Assessing self-perceptions related to safe medication management among nursing students: an analytical cross-sectional study in Iran.	BMC nursing	Nemati-Vakilabad R; Hashemian M; Mojebi MR; Mirzaei A	Q1_nursing_title_drug_safety	Ensuring patient safety is critical, with safe medication management being a key aspect. However, nursing students often lack the necessary skills for effective medication management. These students need to acquire the required competencies during their undergraduate studies. This study aimed to investigate the self-perceived status of Iranian nursing students in medication safety management. An analytical cross-sectional study. The study involved 221 nursing students who completed surveys assessing their self-perception of drug management and dosage calculation. Demographic data were also collected. The data collection forms included a self-perception questionnaire and a dosage calculation test. Analytical tests such as independent sample t-tests, one-way ANOVA, Pearson's correlation coefficient, and descriptive statistics were employed for data analysis using SPSS 22.0 software. Our research found that the average self-perception score of students in medication management was 57.65 ± 13.53 (range = 24-96). Linear regression analysis revealed that higher overall GPAs (F = 38.098, p < 0.001) and work experience in a hospital (t = 10.367, p < 0.001) were associated with improved self-perception skills in medication management. Additionally, individuals with increasing age demonstrated better self-assessment skills in managing safe medications. This study underscores the importance of nursing education in enhancing students' competencies in safe medication management. Specific interventions are recommended to improve knowledge and skills, and sociodemographic factors can help identify students needing additional support. Increasing clinical exposure is also suggested to enhance their competencies.
强护理前置	其他	41210875	10.3389/fmed.2025.1678646	2025	Qualitative study on the evaluation of humanistic care quality in geriatric nursing based on three-dimensional quality structure theory.	Frontiers in medicine	Yuan J; Li L; Zhan Q; Liu H; Liu Y; You Y	Q1_nursing_title_drug_safety	"To understand the current situation of nursing humanistic care in geriatrics, to integrate the humanistic care quality evaluation viewpoints based on the Donabedian's three-dimensional quality structure theory, and to provide a reference direction for constructing a nursing humanistic care quality evaluation system in geriatrics specialties. 4 geriatric nursing managers and 8 geriatric nurses of our hospital were selected for semi-structured interviews from October 2024 to December 2024, and based on the content analysis method, the data were analyzed and themes were refined using NVivo12 software. A total of 12 sub themes were extracted. The structural level: rationalization of human resources, caring hospital environment, system and responsibilities; Process level: caring communication, identifying individual needs, patient medication safety, prevention of high-risk patients, medical and nursing cooperation, and humanistic literacy of nursing personnel; Outcome level: satisfaction, patient outcomes, and incidence of adverse outcomes. The quality of geriatric nursing humanistic care is still room for improvement. We further optimize the structure of human resources by allocating psychiatric nurses and constructing a stratified nursing response mechanism to satisfy personalized humanistic care, and encourage the participation of family members to ensure the continuity of patient care, and ultimately improve the information-based nursing system to realize the full coverage of humanistic care and the transformation of geriatric nursing from ""disease-oriented"" to ""whole-person care."""
弱相关/需人工排除	其他	42134231	10.1016/j.nedt.2026.107157	2026	Generative artificial intelligence in undergraduate paediatric nursing education: A scoping review of current applications and ethical considerations.	Nurse education today	Williams S; Dabkowski E; Webb C	Q1_nursing_title_drug_safety	Paediatric content in undergraduate nursing education is typically delivered through lectures, simulation, and clinical placements. Constraints include reduced placement availability, variable learning quality, and shortages of paediatric-qualified educators have increased reliance on simulation and virtual learning. Generative artificial intelligence (GenAI) offers scalability to support paediatric education through clinical scenarios, personalised feedback, and assessment support. Identify and map existing literature on the use of GenAI in the delivery of paediatric content within undergraduate nursing programs. This scoping review was conducted using Arksey and O'Malley's (2005) framework and reported in accordance with PRISMA-ScR guidelines. A comprehensive search of nine databases was undertaken on 8 July 2025, followed by supplementary searching in August 2025. Studies were included if they examined the use of GenAI in teaching paediatric content to undergraduate nursing students. Data was charted and synthesised narratively. Six quantitative studies, from Asian or Middle Eastern contexts, were included. GenAI applications supported scenario-based learning, ethical reasoning, medication-safety comparisons, and assessment scoring, and were associated with improved engagement and personalised feedback. However, evidence was constrained by small, single-site designs, inconsistent GenAI reporting, reliance on self-report, and limited evaluation of competence, safety, or practice transfer. No studies included children or families' perspectives, and few addressed risks related to misinformation, developmental appropriateness, cultural safety, or bias. Evidence supporting GenAI use in paediatric-focused education remains preliminary and geographically limited. While promising, applications require cautious, ethically guided implementation. Future research should prioritise multi-site, methodologically rigorous studies using paediatric-specific and safety-focused outcomes, transparent reporting, and governance that addresses privacy, bias, accuracy, and paediatric vulnerability.
强护理前置	其他	41862362	10.1016/j.hlc.2025.12.025	2026	Evaluation of a Nurse-Pharmacist Post-Discharge Telehealth Model of Care for People With Heart Failure.	Heart, lung & circulation	Bennetts JD; Robson C; Weismantel-Savage A; Mani J; Yu J; Robson L	Q1_nursing_title_drug_safety	"Medication-related problems (MRPs) are common during transitions of care for people with heart failure (HF), contributing to early hospital readmission and mortality. However, the integration of a nurse-pharmacist model of care (MoC) into transitional care has seldom been explored. To determine the feasibility and acceptability of a nurse-pharmacist transition-of-care telehealth service for patients with HF discharged from the John Hunter Hospital, Australia. We also explored the impact of service provision on MRP detection, guideline-directed medical therapy (GDMT) prescribing, and hospital readmissions. Upon discharge, patients with HF were referred to an existing telehealth service and offered pharmacist-led medication reconciliation and education (""MedRec"") in addition to usual care. Primary outcomes were feasibility, measured by recruitment and successful MedRec completion, and acceptability, measured by an investigator-developed survey. Secondary outcomes were MRPs detected during MedRec. Exploratory outcomes included GDMT prescribing and hospital readmission rates. A total of 100 patients with HF were offered MedRecs and accepted by 80 patients. In total, 62 MedRecs were performed, mean age 67.6 (±13.6) years, male sex (n=34/62; 54.8%). MRPs detected included: 25 recipients (40.3%) experiencing drug-related toxicity or adverse events, 13 recipients (20.9%) experiencing medication non-adherence issues, and 12 recipients (19.4%) with drug optimisation issues unrelated to their HF. Drug and/or disease management information was requested by 35 MedRec recipients (56.4%). Post-MedRec, 56.5% of participants completed surveys. Engagement with a pharmacist via MedRec enhanced medication education, was perceived to ease anxiety associated with understanding medication-related changes, and empowered greater self-management. GDMT optimisation was recommended for over two-thirds (69.2%) of MedRec conducted for HF with reduced ejection fraction patients. The rate of 30-day cardiovascular readmissions was reduced by nearly 8% for those who accepted a post-discharge MedRec compared to those who declined the MedRec service (8.1% (n=5/62) vs 15.8% (n=6/38) respectively, [p=0.324]). A post-discharge nurse-pharmacist telehealth service is a feasible and well-accepted MoC. The inclusion of a routine MedRec post-discharge may enhance continuity of care, improve medication safety, and support HF management."
强护理前置	其他	40012458	10.4040/jkan.24088	2025	Mediating effect of grit on the influence of nurses' silence behavior on medication safety competence: a cross-sectional study.	Journal of Korean Academy of Nursing	Kim H; Park W	Q1_nursing_title_drug_safety	This study investigated the mediating effect of grit in the relationship between silence behavior and medication safety competence among nurses. The study included 166 nurses from four university hospitals and general hospitals in Seoul and Gyeonggi-do, South Korea. Data were collected from March 1 to 10, 2024, using self-report questionnaires. Data were analyzed using the t-test, analysis of variance, Scheffé's test, and Pearson's correlation coefficients with IBM SPSS Statistics ver. 23.0 (IBM Corp.). A mediation analysis was performed using Hayes's PROCESS macro model 4 and the bootstrapping method. Medication safety competence showed significant correlations with silence behavior (r=-.21, p=.008) and grit (r=.43, p<.001). Furthermore, grit partially mediated the relationship between silence behavior and medication safety competence. This study indicates that grit is a significant mediator in the relationship between silence behavior and medication safety competence. Therefore, an integrated approach that reduces silence behavior and promotes grit is essential for strengthening nurses' medication safety competence. Ultimately, these strategies will help ensure patient safety by improving medication safety competence.
强护理前置	其他	41809131	10.1016/j.ijnsa.2026.100514	2026	Nursing home staffing and operations in Taiwan and the United States: A comparative pilot study.	International journal of nursing studies advances	Lee YW; Harris J; Anderson RA; Shieu B	Q1_nursing_title_drug_safety	: The global aging population has precipitated a surge in demand for long-term care, particularly in nursing homes. While the United States operates under a multipayer system, Taiwan utilizes a single-payer National Health Insurance program supplemented by Long-Term Care 10-year plan 3.0. Despite these systemic differences, both nations face critical workforce challenges. This study explores how these distinct frameworks influence nursing home operations, specifically comparing workforce characteristics, staffing practices, and medication safety protocols. : This was a comparative, descriptive, qualitative pilot study. : Data were collected between December 2022 and May 2023 at two hospital-affiliated nursing homes in the Northeastern United States and three Christian hospital-affiliated nursing homes in Central Taiwan. Data included direct observations and semi-structured interviews with 34 nursing staff (12 U.S., 22 Taiwan). Thematic analysis and descriptive statistics were used. : Both participating Nursing homes experienced significant staffing shortages, although ratios differed (U.S. sites: 1:20-30; Taiwan sites: 1:30-40). Resident profiles varied: U.S. sites managed diverse populations, while Taiwan sites served homogeneous residents. U.S. sites employed electronic medication systems with clear error reporting, whereas Taiwan sites relied on inefficient manual, paper-based protocols. Staff training was systematic at the U.S. sites but limited at the Taiwan sites. Notably, COVID-19 attrition patterns diverged: at U.S. sites, turnover was immediate due to burnout, whereas at Taiwan sites, resignations were delayed and post-pandemic. : Systemic and cultural contexts profoundly influence NH operations. While U.S.A. sites benefit from technology and standardized training, Taiwan sites require technological adoption to improve medication safety and workflow efficiency. These preliminary findings highlight critical targets for improvement and establish a foundation for future, larger-scale research to enhance resident care quality and the work-life balance of nursing staff globally.
弱相关/需人工排除	其他	42368682	10.2147/PPA.S606768	2026	The Need to Feel Safe: Older Adults' and Family Caregivers' Perspectives on Safe and Person-Centered Medication Management in Home Nursing Care.	Patient preference and adherence	Olsen US; Jakobsen E; Solberg W; Stjern K; Arnevik O; Solum Myren GE	Q1_nursing_title_drug_safety	To explore the experiences and preferences of older adults living at home and their family caregivers regarding medication use and medication management support through home care. Individual semi-structured interviews were conducted with 11 older adults and six family caregivers in Norway during the spring of 2024. The study employed a qualitative design involving collaboration with co-researchers. Data were analyzed using qualitative content analysis. The analysis yielded three main categories-practical aspects of medication management, knowledge about the need for and effects of medications, and responsibility and collaboration-each comprising several subcategories. An overarching theme, between feeling safe and being safe: balancing autonomy and support in medication management at home, captured the balance between feeling safe as an inner sense of being cared for and being safe as external protection from harm, as well as the balance between autonomy and support in medication management. While routines and procedures in home nursing services are intended to promote safety, both older adults and family caregivers described a more passive role in medication management than they desired, often accepting what was provided while withholding questions and preferences for greater individualization. These findings indicate that achieving both feeling safe and being safe requires person-centered approaches that foster involvement, knowledge, and control. Person-centered medication management requires that the preferences, needs, and concerns of older adults and family caregivers are made visible and actively addressed. Strengthening communication and shared understanding between services and users is essential for achieving collaborative practice that promotes safety, autonomy, and support.
强护理前置	护士给药错误/近失/用药安全流程	41914822	10.1111/ijn.70139	2026	Evaluation of the Validity, Reliability and Psychometric Properties of the Polish Version of the Medication Safety Scale Among Intensive Care Nurses.	International journal of nursing practice	Lis K; Sak-Dankosky N; Czarkowska-Pączek B	Q1_nursing_title_drug_safety;Q5_med_admin_errors_nurses	This study was conducted to evaluate the validity, reliability and psychometric properties of the Polish version of the Medication Safety Scale among intensive care nurses. This is a methodological and psychometric study. Healthcare environments are particularly prone to medication errors, making it crucial to implement strategies to prevent them. The study group included 341 nurses working in adult critical care in Poland. Data were collected from March to November 2022 using convenience sampling. The scale included a total of 45 items divided into five factors (working conditions, individual factors, systemic factors, drug administration and drug knowledge). Single-choice response options were structured using a 5-point Likert scale. A forward-backward translation process with monolingual testing was conducted. Psychometric validity was then assessed: Confirmatory factor analysis (CFA) was performed to evaluate the questionnaire's structure, with diagonally weighted least squares (DWLS) used as the estimation method. Subscale reliability was assessed using McDonald's ω, Cronbach's α and composite reliability (CR). Convergent validity was examined using the average variance extracted (AVE). Factor analysis confirmed that the five-factor model was suitable for the data. The analysis confirmed the reliability of the subscales (McDonald's ω = 0.910 to 0.946, Cronbach's α = 0.907 to 0.943, CR = 0.931 to 0.965) and convergent accuracy (AVE = 0.538 to 0.932). The Polish version of the Medication Safety Scale can be applied as a valid and reliable measurement instrument for assessing medication safety among intensive care nurses.
强护理前置	护士给药错误/近失/用药安全流程	42089774	10.3928/01484834-20260403-04	2026	Promoting Just Culture: Implementing a Medication Error Reporting Process in Nursing Education.	The Journal of nursing education	Perez T	Q1_nursing_title_drug_safety;Q5_med_admin_errors_nurses	This quality improvement project aimed to promote a just culture when medication errors (MEs) occur by implementing a standardized ME reporting process that encouraged consistency, transparency, and support for students and faculty. Clinical faculty were trained on the ME reporting process, which included a school of nursing incident reporting system, a debriefing tool, an algorithm to classify student behavior, and structured support for students as second victims. Faculty were surveyed before and after the training. Faculty confidence in addressing MEs with students significantly improved after training. MEs related to the incorrect dose, patient, time, medication, and route accounted for 69% of all reported MEs. Data collection for the ME incident reporting system is ongoing. Implementing a standardized ME reporting process increases faculty confidence in addressing errors while promoting fairness and equity among students. These findings emphasize the value of having a well-structured, consistent approach for managing MEs.
强护理前置	护士给药错误/近失/用药安全流程	41893086	10.3390/nursrep16030098	2026	Knowledge, Attitudes, and Behaviors of Italian Home Care Nurses: Factors Associated with Medication Error Prevention in a Nationwide Cross-Sectional Survey.	Nursing reports (Pavia, Italy)	Dionisi S; Di Simone E; De Leo A; Liquori G; Panattoni N; Amato L	Q1_nursing_title_drug_safety;Q5_med_admin_errors_nurses	Objectives: This study aims to identify factors associated with medication errors among home care nurses in Italy, focusing on the relationships between knowledge, attitudes, and behaviors, and assessing how sociodemographic and professional characteristics influence these dimensions. Methods: A nationwide cross-sectional survey was conducted using the Italian validated version of the Knowledge, Attitudes, and Behaviors in Medication Error in the Home Care setting questionnaire, previously developed and validated for home care settings. Multivariate logistic regression analyses were performed to explore associations among knowledge, attitudes, behaviors, and selected sociodemographic variables because the survey was disseminated through open online channels, and the response rate could not be calculated. Results: A total of 320 nurses participated. Younger age and holding a non-university degree were significantly associated with higher knowledge levels. Internet access at the workplace emerged as the only significant factor associated with medication error prevention for both positive attitudes [OR = 0.412, 95% CI: 0.197-0.861; p = 0.018] and correct behaviors [OR = 0.456, 95% CI: 0.216-0.962; p = 0.039]. Furthermore, attitudes positively predicted knowledge [OR = 2.226, 95% CI: 1.291-3.962, p = 0.004], and both knowledge and attitudes significantly influenced behaviors. Conclusions: The study highlights the interdependence of knowledge, attitudes, and behaviors in preventing medication errors in home care. While internet access and formal education are associated with differences in knowledge, attitudes, and behaviors, the relationships observed warrant further investigation. These findings underscore the potential value of targeted educational strategies and resource availability to support nurses in promoting safe practices.
强护理前置	其他	42314424	10.1016/j.ijnurstu.2026.105612	2026	Are psychotropic medications equivalent in fall risk among nursing home residents? A meta-analysis of pharmacologic subtypes and polypharmacy effects.	International journal of nursing studies	Zhang H; Li W; Zhi S; Fang S; Li J; Zhang T	Q1_nursing_title_drug_safety	Falls are a major concern for nursing home residents, and psychotropic medications are key risk factors. However, the differential fall risk among pharmacologic subtypes remains unclear, as exemplified by the comparison of typical and atypical antipsychotics, which impedes precise medication safety management. The aim of this study is to compare the fall risk across specific pharmacologic subgroups of psychotropic medications in nursing home residents through a systematic review and meta-analysis. This systematic review and meta-analysis involved comprehensive searches of nine databases for observational studies assessing medication use and fall risk in older nursing home residents. Study quality was appraised using standardized tools, and data were pooled using random-effects models. Twenty studies were included. Meta-analysis showed that the use of typical antipsychotics (OR = 1.66, 95% CI: 1.25-2.21), atypical antipsychotics (OR = 1.78, 95% CI: 1.48-2.13), long-acting sedative-hypnotics (OR = 1.43, 95% CI: 1.13-1.82), short-acting sedative-hypnotics (OR = 1.39, 95% CI: 1.07-1.55), antidepressants (OR = 1.55, 95% CI: 1.33-1.81), and polypharmacy (OR = 1.64, 95% CI: 1.24-2.12) were all significantly associated with increased odds of falling. Subgroup analysis indicated no statistically significant higher fall risk for atypical compared to typical antipsychotics (P>0.05), and the difference between long-acting and short-acting sedative-hypnotics was not significant. All categories of psychotropic medications significantly increase fall risk in nursing home residents, with atypical antipsychotics posing a potentially higher risk. This study underscores the necessity of distinguishing risk among pharmacologic subtypes for precise risk management and provides critical evidence for informing safer prescribing practices to prevent falls.
强护理前置	护士给药错误/近失/用药安全流程	41416888	10.1093/intqhc/mzaf127	2026	Explaining the educational needs of nursing students in preventing medication errors: a qualitative study.	International journal for quality in health care : journal of the International Society for Quality in Health Care	Baghcheghi N; Koohestani HR	Q1_nursing_title_drug_safety;Q5_med_admin_errors_nurses	Patient safety and the prevention of medication errors are recognized as fundamental priorities in healthcare. Nursing students, as future healthcare providers, are susceptible to committing medication errors. This study was designed to explain the educational needs of nursing students in the field of medication error prevention. This qualitative study was conducted in 2024 using conventional content analysis as outlined by Graneheim and Lundman. Data were collected through 22 in-depth, semi-structured interviews with nursing students from the … University of Medical Sciences who had clinical training experience. Data collection continued until data saturation was achieved. The trustworthiness of the data was ensured according to the criteria proposed by Guba. The analysis of the interviews yielded four main themes and eleven sub-themes. The main themes were as follows: the need to strengthen cognitive abilities and mental management, the need for soft skills training, the need for safety culture education and learning from errors, and the need to integrate medication safety education into all stages of the curriculum. The educational needs of nursing students regarding medication error prevention are multidimensional and extend beyond pure pharmacological knowledge. These findings underscore the necessity for a fundamental revision of curricula, the vertical and horizontal integration of medication safety concepts, a focus on soft skills, and fostering a culture of learning from errors rather than a culture of blame.
强护理前置	护士ADR上报/药物警戒认知与行为	40278770	10.3390/tropicalmed10040097	2025	COVID-19 in Morocco: Nurses' Knowledge of Anti-COVID-19 Vaccines and Their Involvement in Vaccine Vigilance.	Tropical medicine and infectious disease	Laamiri FZ; Aarrad M; Manoussi A; Khouya YB; Hadrya F; Chahboune M	Q1_nursing_title_drug_safety;Q4_nurses_adr_reporting	The COVID-19 pandemic has highlighted the crucial role of nurses in managing health crises, particularly in implementing vaccination campaigns launched in many countries worldwide. This descriptive study assesses nurses' knowledge of COVID-19 vaccines and their involvement in vaccine vigilance. Conducted over four months in 2022 among 200 primary healthcare nurses in the Fès-Meknès region, the data were collected using a questionnaire developed and validated by a multidisciplinary team. The results show that 60% of participants self-reported being unaware of the nature of COVID-19 vaccines, and 49.5% did not understand the concept of vaccine pharmacovigilance. Additionally, 76.5% had not received any pharmacovigilance training in this pandemic context, 80% had never been in contact with pharmacovigilance centers, and 48.5% expressed a need for training in this field. One-third of the participants were unaware of severe adverse effects. The most frequently reported adverse effects were fever (76.5%), malaise (73%), and anxiety (63%). These results highlight the importance of strengthening continuous training and improving the coordination among various healthcare sector stakeholders to reduce vaccine hesitancy, enhance healthcare expertise, and ensure the effectiveness of vaccination campaigns during current and future pandemics.
强护理前置	护士给药错误/近失/用药安全流程	41366901	10.1097/MD.0000000000046222	2025	The effect of web-based double-eye control program on the prevention of pediatric medication errors of nursing students: A quasi-experimental study.	Medicine	Özgüven Öztornaci B; Karakul A; Ardahan Akgül E; Doğan P; Yildirim Sari H; Başbakkal Z	Q1_nursing_title_drug_safety;Q3_nursing_monitoring_admin;Q5_med_admin_errors_nurses	Medication errors in the pediatric population are a major patient safety problem, leading to death, disability, or prolonged hospitalization. This study investigated the effect of medication skills training provided to senior pediatric nursing students through simulation and a web-based Double-Eye Control Program (DECP) on students' pediatric medication error rates. This quasi-experimental one-group pretest-posttest study was conducted using structured, non-participant observation. The outcomes were overall medication error rate and subcategories (preparation, administration, follow-up, and recording). In the pre-intervention stage, students administered medication to a pediatric mannequin according to a scenario. The intervention consisted of simulation training supported by a web-based DECP. No randomization was performed. Post-intervention, students repeated the same scenario using the DECP. Data were analyzed with the Wilcoxon Signed Rank Test, and interrater reliability among 4 observers was assessed using Fleiss' Kappa. The mean overall error rate decreased from 55.37% before the intervention to 13.52% after the intervention. Preparation, administration, follow-up, and recording error rates all significantly decreased (P < .001). The web-based DECP integrated with simulation significantly reduced pediatric medication administration errors among student nurses.
强护理前置	护士给药错误/近失/用药安全流程	42260882	10.1097/MD.0000000000049241	2026	Nurses' sleep quality and medication administration errors: A cross-sectional study based on the ten rights framework.	Medicine	Tanrikulu F; Gündoğdu H; Bölük M	Q1_nursing_title_drug_safety;Q3_nursing_monitoring_admin;Q5_med_admin_errors_nurses	"Medication errors are among the most common causes of preventable harm in healthcare, and nurses' sleep quality is a critical factor influencing these errors. Understanding how sleep quality affects adherence to the ""Ten Rights"" of medication administration is essential for improving patient safety. This study aimed to examine the effect of nurses' sleep quality on medication administration errors within the framework of the ""Ten Rights"" of medication administration. This descriptive, cross-sectional study was conducted at a tertiary hospital in Türkiye. A total of 217 nurses voluntarily participated in the study. Data were collected using a sociodemographic characteristics form, a medication administration errors form, and the Pittsburgh Sleep Quality Index. Reporting followed the Strengthening the Reporting of Observational Studies in Epidemiology guidelines. The nurses' mean Pittsburgh Sleep Quality Index score was 9.24 ± 3.35, indicating poor overall sleep quality. Sleep quality significantly differed by gender, marital status, and parental status, and it was poorer among nurses working more than 72 hours per month or those who reported medication errors within the last 6 months. The most common errors were administering medication without knowledge of its side effects and failing to inform patients about their medication. Nurses experiencing low sleep quality demonstrated a significantly increased likelihood of committing errors related to the right time and frequency, right documentation, and right evaluation principles. Poor sleep quality among nurses may be associated with certain medication administration errors. Supporting nurses' sleep health may contribute to medication safety and the overall quality of patient care."
强护理前置	其他	40423184	10.3390/nursrep15050150	2025	An Indispensable Requirement for Medical Dosage Calculation: Basic Mathematical Skills of Baccalaureate Nursing Students.	Nursing reports (Pavia, Italy)	Hijji BM	Q1_nursing_title_drug_safety	Background/Objectives: While drug dosage calculation is vital in nursing, research indicates nursing students often struggle with necessary mathematics competencies, a gap not previously explored in the Arab world. This study assessed the basic mathematical skills of baccalaureate nursing students in a branch of a Saudi Arabian public university and compared the findings with studies conducted in other countries, which have consistently reported better performance. By highlighting these disparities, this study underscored the need for global educational reforms to ensure safe nursing practices. Methods: This was a cross-sectional study. Three hundred and thirty students were invited; consenting students completed a mathematics experts-validated 45-question test covering four key areas: numbers and operations, data interpretation, measurement, and algebraic applications. Descriptive and inferential statistics were applied. The Mann-Whitney U test was used to detect differences in scores based on gender. An independent-samples Kruskal-Wallis test was conducted to compare the three student groups simultaneously. As this test was statistically significant, post hoc pairwise comparisons were performed to assess differences in scores between the first and second, first and third, and second and third levels of study. Results: A response rate of 40.6% was achieved. Scores ranged from 3 to 58 (median: 18, 27%), with only 2% passing (≥60%). Significant differences in scores were found between genders (p = 0.037) and across study levels (p = 0.002). Overall, 25 (56%) items were difficult, while 20 (44%) were moderately difficult. Conclusions: The low median score underscored a critical need for interventions to improve mathematical competencies in nursing students, affecting medication safety in healthcare systems.
强护理前置	护士给药错误/近失/用药安全流程	41284704	10.1177/02601060251396867	2025	The perception of the impact of smart infusion pumps on nurses' medication administration performance: A study in Saudi Arabia hospitals.	Nutrition and health	Al-Dossary RN	Q1_nursing_title_drug_safety;Q3_nursing_monitoring_admin	BackgroundSmart infusion pumps are widely adopted to improve medication safety, yet their effectiveness depends on nurses' perceptions, usability, and integration into clinical workflows.Study AimThis study evaluated nurses' perceptions of smart infusion pumps in Saudi Arabian hospitals, focusing on learnability, memorability, efficiency, error management, and medication administration performance.MethodsA cross-sectional survey was conducted among 249 registered nurses across nine hospitals. Data were collected using a validated questionnaire and analyzed with descriptive statistics, t-tests, and ANOVA.ResultsMost nurses reported daily pump use (76.8%). Learnability and memorability scores were higher among younger nurses, diploma holders, and those in the Central Region (p < 0.05). Efficiency differed significantly by gender (p = 0.041), while error management varied by gender and region (p < 0.05). Medication administration performance showed no significant differences across demographics (p > 0.05).ConclusionSmart infusion pumps were positively perceived overall, though regional and demographic disparities highlight the need for standardized training and stronger system-level support.
强护理前置	护士给药错误/近失/用药安全流程	42328634	10.3389/fphar.2026.1824478	2026	What leads to medication errors in polish hospitals from the perspectives of nurses? a multicenter cross-sectional survey.	Frontiers in pharmacology	Kwiecień-Jaguś K; Kopeć M; Małecka-Dubiela A; Guzak B	Q1_nursing_title_drug_safety;Q3_nursing_monitoring_admin;Q5_med_admin_errors_nurses	"Patient safety in pharmacotherapy is a critical element of proper medical care, and when properly implemented, it delivers real therapeutic benefits. The project aimed to analyse the causes of medication administration errors in hospitals with varying referral levels. The study was part of a larger research project. From the 585 hospitals in Poland, 50 were randomly selected. The 488 nurses agreed to participate in the study. Four hundred sixty-eight completed questionnaires were finally included in the statistical analysis. Research data collection began in 2023, and the entire process took a year. A descriptive analysis for socio-demographic data was used. Factor analysis and varimax rotation were used to transform large amounts of raw, complex data into a clear, interpretable structural model. The Polish version of the Medication Administration Error scale was validated and rechecked with the alpha-Cronbach index. A part A of the questionnaire, which consists 29 statements about the reason of Medication Administration Errors, achieved 0.93 - with is considered as a very good. The main results showed that the most common reasons for medication error in the administration process in intensive and internal units are: appearance of drug, drug similarity, and illegible orders. On an equal footing in terms of the number of points obtained (AVG > 4), other identified factors are: Pharmacists are not available 24 h a day"" (item 12) and ""Brand-name drugs are replaced by other generics (item 13). A huge problem is the lack of training on new drugs used in the hospital, and the frequent use of abbreviations. The second, no less important issue, especially in the more conservative units, is interruption in the preparation process and staff shortages. Most of the factors that lead to MAE, as identified by nursing personnel in internal and intensive care units, can be modified through management processes using prepared tools, scientific recommendations, and technologies. Some areas, such as the shortage of medical personnel in conservative general wards, require further work and up-to-date legislation."
强护理前置	护士给药错误/近失/用药安全流程	41783938	10.1111/nicc.70415	2026	A Quality Improvement Initiative to Enhance Paediatric Nurses' Knowledge of High-Alert Medication Administration.	Nursing in critical care	Moustafa ARA; Abdelaziz MN; Elsayed MR; Elsayed O; Ali AY; Rezk NM	Q1_nursing_title_drug_safety;Q3_nursing_monitoring_admin;Q5_med_admin_errors_nurses	High-alert medications (HAMs) cause a lot of safety issues in paediatric healthcare settings, and medication errors have three times the potential to harm this group than in adults. This quality improvement study was conducted to assess nurses' knowledge of HAMs, the barriers to safe HAM administration and the impact of targeted education. This quality improvement project assessed the knowledge of HAM administration before and after structured training among paediatric nurses in critical care units. Barriers to safe medication administration were identified through questionnaire responses, including both knowledge-related and organisational obstacles. Knowledge gain was measured using paired t-tests and Wilcoxon signed-rank tests. An exploratory regression analysis was conducted to investigate the associations with knowledge improvement. This study included 335 nurses. The improvement in knowledge regarding administration increased significantly after training, from an average score of 4.87 to 9.41. Main obstacles to safe medication administration identified include lack of knowledge (39.4%), unavailability of reference texts (34.6%) and ambiguous dose calculations (32.0%). Those under 25 years old, as well as those having less than 2 years of experience, recorded the absolute highest gains. Self-rated competency improved minimally, although those indicating low confidence dropped to below 10%. A great demand for additional education in HAMs was noticed, where 82% were asking for more training. Structured training significantly improved theoretical HAM knowledge and identified critical system barriers (lack of references and ambiguous protocols). Continuous education represents an essential foundation for subsequent medication safety quality improvement initiatives. For paediatric critical care nurses, these findings establish a knowledge foundation and identify system barriers essential for improving paediatric HAM safety.
强护理前置	护士给药错误/近失/用药安全流程	41147089	10.1111/jan.70321	2026	Frequency and Associated Factors of Interruptions During the Medication Administration Process Among Nurses in South Korea: A Cross-Sectional Study.	Journal of advanced nursing	Jang SG; Choi EY; Baek SJ; Moon HM; Hong SH; Cho JK	Q1_nursing_title_drug_safety;Q3_nursing_monitoring_admin	To investigate the frequency and associated factors of interruptions initiated by human and environmental sources during the medication administration process among nurses in South Korea. A cross-sectional descriptive study. Data were collected from January to March 2022 through an online survey administered to nurses working in tertiary hospitals in South Korea. The survey assessed interruptions during the medication administration process, nursing work environments and organisational culture. Descriptive statistics and regression analysis were used to identify factors associated with interruptions. Human-initiated interruptions were more frequent than those initiated by environmental sources. Human-initiated interruptions increased with a higher patient load and a relation-oriented organisational culture but decreased with adequate staffing and resources, as well as an innovation-oriented culture. Environment-initiated interruptions were more frequent in settings with a task-oriented culture and less frequent among female nurses. The findings highlight the importance of understanding the distinct characteristics of interruptions and developing targeted strategies based on their sources and contributing factors. Creating supportive environments and fostering an organisational culture that actively prevents unnecessary interruptions are essential for enhancing medication safety and workflow efficiency. To apply these findings in clinical practice, it is necessary to allocate staffing resources appropriately to reduce interruptions. Providing education on the importance of maintaining uninterrupted medication administration processes is essential to reduce human-initiated interruptions. This study provides practical evidence that organisational culture and staffing are associated with interruptions in clinical nursing practice. Nurse managers should apply these findings by promoting staffing adequacy and fostering a collaborative, innovative environment that encourages continuous improvement and openness to change. Tailored strategies that reflect the specific characteristics of different types of interruptions can help reduce their occurrence and improve medication safety. STROBE checklist. No patient or public contribution.
强护理前置	护士主导随访/监测/管理	40057985	10.1093/ageing/afaf019	2025	Monitoring the effects of medications in residential aged care (nursing home) using digital health technologies: insights from the ReMInDAR and ADEPT projects.	Age and ageing	Lim R; Boord M; Soriano J; Bilton R; Roughead EE	Q1_nursing_title_drug_safety	The adoption of technology, particularly for monitoring the effects of medications in residential aged care (nursing home), has been slow. Ageing populations have led to increased demand for residential aged care globally, resulting in a growing imperative to implement technological solutions to meet the complex healthcare and medication needs of older people in residential aged care. This commentary explores the potential for and the challenges associated with implementing technological interventions within residential aged care to improve monitoring of medication effects. Drawing on insights from two implementation trials, specifically the Reducing Medicine-induced Deterioration and Adverse Reactions and A Digitally Enabled Pharmacist Service to detecT medicine harms in residential aged care, we discuss the unique challenges and opportunities arising from the real-world applications of digital technologies for medication safety in aged care.
强护理前置	其他	42216826	10.1155/jonm/8353270	2026	Association Between Joint Commission International Patient-Centered Standards and Self-Reported Nursing Performance in Sana'a, Yemen Hospitals.	Journal of nursing management	Qabban KA; Al-Wesabi MM; Jowah HM	Q1_nursing_title_drug_safety	Yemen's prolonged conflict has severely strained the healthcare infrastructure, creating resource shortages and staffing deficits that compromise nursing practice and patient safety. The Joint Commission International (JCI) provides globally recognized patient-centered standards for quality improvement; however, their implementation and association with self-reported nursing performance remain underexplored in fragile, resource-constrained settings such as Yemen. This cross-sectional study was conducted between August and October 2024 at six hospitals in Sana'a, Yemen. A simple random sample of 526 nurses from emergency, inpatient, intensive care, and neonatal units completed a validated 66-item questionnaire assessing six JCI domains-international patient safety goals (IPSGs), access to care and continuity (ACC), patient-centered care (PCC), assessment of patients (AOP), care of patients (COP), and medication management and use (MMU)-and self-reported nursing performance. Analyses included confirmatory factor analysis (CFA) with multigroup measurement invariance testing across hospital types, multiple regression (variance inflation factor [VIF] = 3.07-5.69; Durbin-Watson = 1.84), relative weights analysis to address multicollinearity, the marker-variable technique to assess common method bias (CMB), and extensive sensitivity analyses. JCI implementation was moderately high, with the highest mean score for ACC (mean = 4.95 ± 1.38) and the lowest for IPSGs (mean = 4.46 ± 1.48). Self-reported nursing performance was moderate (mean = 4.64 ± 1.39). The standards explained 67.2% of the variance in self-reported performance (R2 = 0.672, p < 0.001), with MMU (β = 0.277), IPSGs (β = 0.208), and PCC (β = 0.137) emerging as the strongest correlates of self-reported nursing performance, although the cross-sectional same-source design precludes causal inference. ACC, AOP, and COP did not reach statistical significance. Measurement invariance testing achieved full scalar invariance (ΔCFI = 0.008), validating direct mean comparisons across hospital types. Nurses in private hospitals reported significantly higher levels of JCI standard implementation than nurses in public hospitals across all six domains (p < 0.001; Cohen's d = -0.60 to -0.89). The common method variance (CMV)-adjusted R2 was 0.59. JCI patient-centered standards showed significant positive associations with self-reported nursing performance in Yemen. Given the cross-sectional, same-source self-report design, these findings should be interpreted as correlational rather than causal, even after common-method-bias adjustment (CMV-adjusted R2 = 0.59). Targeted training in medication safety and patient safety protocols, coupled with equitable resource allocation and systemic investment in public hospitals, is recommended to close quality gaps and improve outcomes for vulnerable Yemeni populations. Nurse leaders should treat medication safety, IPSG-anchored supervision, and patient-centered communication as priority levers for quality improvement. They should also advocate for equitable resourcing and structural support of public-sector nursing to close the implementation gap with private hospitals.
弱相关/需人工排除	护士主导随访/监测/管理	40717969	10.3389/fphar.2025.1522650	2025	Effectiveness of a structured pharmaceutical review of pharmacotherapeutic plans to reduce drug-related problems in nursing homes: a study protocol of a pragmatic quasi-experimental trial.	Frontiers in pharmacology	Campabadal-Prats C; Aragonès E; Romeu M; Salom-Garrigues C; Bejarano F; Martín Luján F	Q1_nursing_title_drug_safety	Patients living in nursing homes have increased aging, comorbidity, spending on health resources and mortality. High drug use is associated with an increased risk of falls, disability, and death. It is estimated that 20%-50% of inappropriate medications are consumed in the elderly. This abstract outline the study protocol for evaluating the effectiveness of a pharmaceutical intervention designed to optimize medication use among nursing home residents, with a particular focus on reducing drug-related problems (DRPs) and minimizing polypharmacy. The pharmaceutical intervention led by a primary care pharmacist and based on systematically reviewing the pharmacotherapeutic plans of patients admitted to nursing homes will effectively improve the quality and safety of treatment plans. Pre-post, quasi-experimental intervention study with a control group and prospective 3-month follow-up of a cohort of patients in nursing homes. The intervention consists of a clinical review of the pharmacotherapeutic plan carried out by the pharmacist and subsequently agreed upon in the pharmacotherapeutic advisory committee. The study variables will be evaluated at baseline and 3 months post-intervention. The outcome variables are drug-related problems and polymedication. Percentage change will be measured before and after the intervention. Descriptive statistics will be performed for quantitative variables such as qualitative and comparison of means and proportions. Decreasing 10% DRPs in terms of number of DRPs per patient as well as the proportion of patients experiencing DRPs. Reducing 10% polymedication in terms of the number of drugs per patient as well as the number of polymedicated patients. This study will expand the collaboration between the pharmacy and primary care physicians, promoting the continuum of care, strengthening the safety culture, and improving prescribing habits. The protocol was approved by the Research Ethics Committee of the Jordi Gol Primary Care Research Institute (IDIAP), Barcelona, 22/191-EOm. clinicaltrials.gov, NCT05944328 Registered.
强护理前置	护士给药错误/近失/用药安全流程	41834487	10.1155/jonm/1245208	2026	Structural Model of Medication Errors in Clinical Nursing: A Structural Equation Model Based on the Ecological Systems Theory.	Journal of nursing management	Kim J; Song Y	Q1_nursing_title_drug_safety;Q5_med_admin_errors_nurses	Medication errors remain a critical patient safety issue. Although prior research has examined individual and environmental determinants, few studies have investigated their complex interrelationships within an integrated theoretical framework, particularly in clinical nursing practice. To examine the structural relationships among the nursing work environment, communication with health professionals, fatigue, and medication errors among clinical nurses, grounded in Bronfenbrenner's ecological systems theory. A cross-sectional study was conducted involving 230 clinical nurses from four tertiary hospitals in South Korea. Data were collected using validated self-report questionnaires measuring the nursing work environment, communication with health professionals, fatigue, and medication errors. Structural equation modeling, supported by confirmatory factor analysis, was used to evaluate direct and indirect pathways and to assess overall model fit. The proposed model demonstrated acceptable fit (χ2/df = 2.98, RMSEA = 0.08, CFI = 0.93). The nursing work environment exerted a significant direct effect on communication (β = 0.80, p < 0.001), and communication was significantly associated with reduced fatigue (β = -0.78, p = 0.005). Fatigue had a direct effect on medication errors (β = 0.32, p = 0.003), while communication showed both direct and indirect effects on medication errors. The model explained 64.3% of the variance in communication, 45.4% in fatigue, and 29.8% in medication errors. A supportive nursing work environment facilitates effective interprofessional communication, which in turn mitigates fatigue and reduces medication errors. Communication functions as a key mediating mechanism within this structural pathway. To reduce medication errors, nurse managers should prioritize fostering positive work environments, implementing structured communication protocols, and establishing systematic fatigue management strategies. Such organizational initiatives may enhance communication efficiency and strengthen patient safety outcomes.
强护理前置	护士ADR上报/药物警戒认知与行为	42270105	10.1136/bmjopen-2025-107828	2026	Driving factors and barriers to irrational antibiotic prescribing in Pakistan: a qualitative study of physicians', pharmacists' and nurses' perspectives in public and private hospitals.	BMJ open	Khan ME; Jamil E; Abubakar M; Javed A; Abbas D; Nawaz E	Q1_nursing_title_drug_safety;Q4_nurses_adr_reporting	Irrational prescribing is a major global health concern, contributing significantly to increased morbidity, mortality and antimicrobial resistance (AMR). Despite existing knowledge and awareness, irrational antibiotic use remains prevalent among healthcare professionals. This qualitative study aimed to explore the contributing factors to irrational antibiotic prescribing, understand healthcare professionals' perceptions, identify barriers to rational use and gather suggestions for improving rational antibiotic use. A qualitative study using semi-structured interviews was conducted with participants. A total of 60 healthcare professionals (20 physicians, 20 pharmacists and 20 nurses) participated after providing verbal consent. Semi-structured interviews were conducted with healthcare professionals across various clinical settings in Pakistan until data saturation was reached. The Consolidated Criteria for Reporting Qualitative Research (COREQ) checklist was used to ensure transparent reporting. An inductive thematic analysis approach was employed and themes and subthemes were developed from the data. The findings revealed a generally good understanding of irrational prescribing. Contributing factors included prescriber-related issues, patient expectations, weak regulatory oversight and underutilisation of pharmacists. Key barriers identified were financial constraints, lack of awareness and insufficient resources. Suggestions for improvement included regular audits, public awareness campaigns, an integrated healthcare system, interprofessional collaboration, drug utilisation reviews, adverse drug reaction reporting, standardising hospital policies and strengthening regulatory frameworks. This study highlights critical factors and barriers contributing to irrational antibiotic prescribing and presents practical suggestions to improve rational use. Implementing evidence-based approaches, updating clinical guidelines, and promoting awareness among healthcare professionals are essential steps toward improving prescribing practices and combating AMR.
强护理前置	护士给药错误/近失/用药安全流程	41693040	10.1097/NND.0000000000001225	2026	Remorse to Resilience: A Phenomenological Inquiry of New Graduate Nurses' Medication Errors.	Journal for nurses in professional development	Paradiso C; Amicucci B; Joseph R	Q1_nursing_title_drug_safety;Q5_med_admin_errors_nurses	Despite their best intentions, some new graduate registered nurses' first year of practice is marred by a medication error. This phenomenological study sampled (n = 10) nurses who experienced a medication error during their transition-to-practice program. The use of inductive and deductive coding revealed an array of emotions aligning with the Second Victim Syndrome framework. Nursing professional development practitioners should foster psychological safety by normalizing medication errors and supporting new graduates in their recovery.
强护理前置	护士给药错误/近失/用药安全流程	39959691	10.1016/j.rcsop.2025.100566	2025	Hospital pharmacy implementation of a unit dose dispensing system: A qualitative interview study to determine experiences, views and attitudes of nursing staff.	Exploratory research in clinical and social pharmacy	Steindl-Schönhuber T; Drechsel T; Gittler G; Weidmann AE	Q1_nursing_title_drug_safety	"Evolving automated technologies in the dispensing process promise effective solution to reduce medication error rates. The Unit-Dose-Dispensing-System (UDDS) is an essential element of the ""Closed Loop Medication Management System"" that enables the tracking of single medication items across the entire medication workflow thereby improving transparency, patient safety and healthcare efficiency"". The aim of this study was to determine hospital nurses' attitudes towards the unit dose dispensing system implemented by the hospital pharmacy department, examine their perceptions of opportunities and barriers in everyday practice and explore their experiences with its implementation. A qualitative interview study with 23 nurses from the Barmherzige Brüder Hospital Linz, Austria was conducted. The validated and piloted semi-structured interview guide was based on best practice guidelines for qualitative interview studies and the Consolidated Framework for Implementation Research (CFIR). Interviews were transcribed verbatim and mapped against the Framework of Implementation of Services in Pharmacy (FISpH) by two researchers independently. Twenty-three nurses were interviewed. Despite the overwhelmingly positive experiences with ease of use, resultant time saving, improved collaboration, patient safety, patient autonomy and a better facilitated discharge process considered as some of the positive attributes, several barriers were identified. Nurses commented on a lack in standardised workflow, erosion of knowledge and sustainability. Nurses highlighted key factors for implementation success and advantages of the unit dose dispensing system, suggesting a need to adapt to local conditions and full electronic integration into patient care. Suggestions to further improve the reliability and efficiency were made. •There is no research qualitatively exploring the implementation facilitators and barriers of a unit dose dispensing system at hospital ward level from the nurses' perspectives.•Insights are provided into the significance of good collaboration between all ward staff to ensure the necessary workflow adaptations, the necessity of a seamlessly integrated IT system and the adaptability of the system depending on the patient population.•The findings highlight key factors for a successful implementation of a unit dose dispensing system at ward level while underlining its advantages for workload, staff shortages and patient safety."
强护理前置	护士给药错误/近失/用药安全流程	41991332	10.1111/jocn.70326	2026	Nursing Perceptions of the Intended Use of Artificial Intelligence to Prevent Medication Errors: A Qualitative Descriptive Study.	Journal of clinical nursing	Martinez-Puertas J; Frutos-Rodríguez N; Winderholler-Heinzenknecht A; Morales-Plaza C; Martinez-Ortigosa A; Rodriguez-Arrastia M	Q1_nursing_title_drug_safety;Q3_nursing_monitoring_admin;Q5_med_admin_errors_nurses	To explore the perceptions of nursing professionals in high-demand healthcare services regarding the adoption of AI-based support systems for the prevention of medication errors. A qualitative descriptive study was conducted between November 2024 and March 2025. Sixteen semi-structured interviews were held with nurses from emergency and intensive care units, guided by conceptual dimensions of the Technology Acceptance Model framework. Participants were recruited using purposive and snowball sampling. ATLAS.ti v.9 software was used for an inductive thematic analysis. Two major themes emerged: (i) professional reflections on medication safety and related risks; and (ii) integrating artificial intelligence into nursing practice to reduce such risks and prevent medication errors. While artificial intelligence was recognised as a promising resource to support clinical decision-making and reduce cognitive load, nurses identified barriers, including limited training, inadequate technological infrastructure, unreliable data sources, and ethical concerns that could compromise its safe implementation and thereby hinder its potential to prevent medication errors. AI-based support systems are perceived as useful, but complex resources for addressing medication errors, which remain a critical challenge in healthcare. Its successful implementation depends not only on the availability of resources, but also on the organisational context and the ability to respond to the needs and concerns of healthcare professionals. Integrating artificial intelligence into routine workflows to support clinical decision-making and reduce medication errors in high-demand settings requires more than infrastructure and technical training. Effective adoption demands participatory design, clear role delineation, and context-sensitive training aligned with medication-management processes. Lack of alignment may result in artificial intelligence increasing complexity instead of contributing to safer and more efficient medication administration. Methods and findings are reported following SRQR recommendations. No patient or public contribution.
强护理前置	其他	42403261	10.1097/NNE.0000000000002257	2026	Innovative Educational Strategies to Improve Dosage Calculation Competency in a Nursing Program.	Nurse educator	Onubogu UD; Nelson NJ; Gardner L; Johnson S	Q1_nursing_title_drug_safety;Q3_nursing_monitoring_admin	Medication dosage calculation (MDC) errors remain a persistent concern to patient safety and a barrier to nursing student progression. Programs continue to seek scalable, sustainable instructional strategies to improve MDC competency. Significant declines in pass rates occurred with more than half of students across program levels failing initial MDC assessments. A retrospective program evaluation examined MDC outcomes across 13 semesters (4 pre- and 9 postimplementation) following the implementation of a standardized, experiential MDC initiative integrating instruction, simulation, and assessment. First-attempt pass rates were compared using a t test to assess program-level change over time. Mean semester-level MDC pass rates were significantly higher postimplementation, t(3.79) = -4.18, P = .016, with the postimplementation semesters consistently meeting or exceeding the program benchmark. A standardized, experiential approach to MDC instruction was associated with sustained improvements in program-level outcomes and provides practical guidance for nurse educators seeking data-driven curricular innovations to support medication safety and student progression.
强护理前置	其他	42218520	10.1186/s12913-026-14848-w	2026	Rheumatology nurses' perspectives of automatic substitution of biological medicines in community pharmacies and its safety: a qualitative study.	BMC health services research	Oikarinen R; Aarnio E; Tolonen HM; Härkänen M; Hämeen-Anttila K	Q1_nursing_title_drug_safety	Automatic substitution of biological medicines refers to a dispensing practice in community pharmacies in which a pharmacist substitutes a prescribed biological medicine with an interchangeable biologic product without contacting the prescriber. Automatic substitution of biological medicines in community pharmacies offers one possibility to reduce increased healthcare expenditures through price competition among biological medicines. The implementation of automatic substitution requires active engagement, information and coordination to maintain medication safety. Research on healthcare professionals' perceptions towards automatic substitution remains limited. This study provides insight into automatic substitution from the perspective of rheumatology nurses, whose role in rheumatology patient care is essential. The Aim of the study was to explore rheumatology nurses' perceptions of automatic substitution of biological medicines and its safe implementation. Data were collected through individual semi-structured interviews in 2025. The participants were rheumatology nurses (n = 10) with clinical experience in patient care, including injection and device guidance for patients. The data were analysed with inductive content analysis. To ensure comprehensive and transparent reporting, the Consolidated Criteria for Reporting Qualitative Research (COREQ) checklist was utilised. Four categories were identified: (1) Perceptions of automatic substitution, (2) Factors supporting the implementation of automatic substitution, (3) Concerns related to automatic substitution, and (4) Safe implementation of automatic substitution. All interviewees acknowledged the critical roles of community pharmacies and healthcare personnel in ensuring safe implementation. Perceptions of automatic substitution were positive, although concerns were raised about medication-related issues and work-related challenges such as increased workload in patient counselling. Factors supporting the implementation of automatic substitution were mainly related to the suitability of biological medicines for substitution, and patients' experience of biological medicines and generic substitution. Rheumatology nurses' perceptions of automatic substitution were generally positive, and they considered biological medicines suitable for substitution. However, their concerns regarding work-related challenges and medication-related issues highlight the importance of ensuring sufficient resources to sustain patient safety. Successful and safe implementation of automatic substitution will require comprehensive patient counselling.
强护理前置	其他	42447169	10.1371/journal.pone.0327104	2026	Psychiatric nurses versus psychiatrists and pharmacists 'knowledge on polypharmacy practices in psychiatry: An interprofessional mixed-methods exploration.	PloS one	Khalil AI; Almuhalbidi AA; Almutairi RT; Almutairi SS; Alansari HH; Almarri AS	Q1_nursing_title_drug_safety	Polypharmacy is often crucial for managing complex and treatment-resistant psychiatric disorders, yet it carries risks such as adverse drug interactions, medication non-compliance, and suboptimal health outcomes. Interprofessional perspectives on polypharmacy significantly influence clinical decision-making and prescribing practices. This research evaluates healthcare providers' knowledge and attitudes regarding psychiatric polypharmacy, comparing the views of psychiatric nurses, psychiatrists, and pharmacists. It also explores how these factors impact prescribing behaviors and interprofessional collaboration. A convergent mixed-methods approach was employed at the Erada Complex for Mental Health and Addiction in Jeddah, Saudi Arabia. The study involved 221 healthcare providers, including psychiatrists (n = 32), psychiatric nurses (n = 158), and pharmacists (n = 31). Quantitative data were collected using validated scales to assess knowledge and attitudes, while qualitative insights were gathered through open-ended responses and group discussions. Knowledge levels varied among the professionals, with psychiatrists possessing the most comprehensive understanding (84.2 ± 11.0), followed by pharmacists (81.5 ± 10.0) and psychiatric nurses (79.5 ± 9.8). Attitudes toward polypharmacy also differed, with psychiatrists showing the most favorable views (3.79 ± 0.49), whereas nurses and pharmacists were more cautious due to concerns about adverse effects and medication burden. A significant positive correlation (r = 0.653, p < 0.05) was observed between knowledge and attitude scores. Sociodemographic factors, such as professional experience and confidence in medication management, influenced both knowledge and attitudes regarding medication management. Qualitative findings highlighted interprofessional tensions, with psychiatric nurses advocating for more conservative approaches, psychiatrists emphasizing clinical necessity, and pharmacists focusing on optimizing medication safety. Healthcare providers demonstrated varying levels of awareness and attitudes toward psychiatric polypharmacy, shaped by their professional roles and responsibilities. While psychiatrists were more accepting of polypharmacy, psychiatric nurses expressed concerns about patient burden, and pharmacists prioritized safety considerations. Enhancing interprofessional collaboration and ongoing education on polypharmacy practices are essential for improving patient outcomes.
强护理前置	其他	40784062	10.1016/j.pedn.2025.08.006	2025	Medication safety in paediatric nursing: A call for deeper insight beyond self-reports - A response to.	Journal of pediatric nursing	Albuquerque DR; Santos-Costa P; Pestana-Santos M	Q1_nursing_title_drug_safety	
强护理前置	护士给药错误/近失/用药安全流程	42010760	10.1155/jonm/4433675	2026	Identifying Nurses at Risk of Nursing Interruptions During Medication Administration Using Machine Learning: A Multicenter Cross-Sectional Study.	Journal of nursing management	Dong X; Ding S; Wang S; Liu M; Gan G; Cao H	Q1_nursing_title_drug_safety;Q3_nursing_monitoring_admin	Nursing interruptions during medication administration (NIMA) critically contribute to medication administration errors. However, validated prediction tools for NIMA risk assessment are unavailable. This study aimed to develop and internally validate three machine learning-based prediction models (logistic regression [LR], decision tree [DT], and Naive Bayes [NB]) for identifying nurses' individualized risk of NIMA. A total of 4758 Chinese nurses were recruited from 12 tertiary hospitals between November 2023 and January 2024. The outcome was defined as the occurrence of ≥ 1 NIMA during the latest work shift. We used univariate analysis and LR to identify predictors. Participants were randomly allocated to training (n = 3806; 80%) and internal validation (n = 952; 20%) sets. Three machine learning models were implemented in Python, with performance evaluated via 1000-iteration stratified bootstrapping. Key performance metrics included AUC, accuracy, recall, specificity, precision, F1-score, and G-mean. Models comparisons used the DeLong test. The best model was further assessed with the Hosmer-Lemeshow test and calibration curves. Overall, 52.1% of nurses experienced at least one NIMA event. Predictive features of NIMA included 18 factors, such as department type, marital status, shift type, general self-efficacy level, and the needs of multiple people. In the test set, AUCs ranged from 0.679 to 0.748. The LR model performed best, achieving the highest AUC of 0.748 (95% CI: 0.717-0.779), an accuracy of 0.694 (95% CI: 0.664-0.724), and other performance metrics, including precision, recall, specificity, F1-score, and G-mean. The calibration of the LR model was supported by the Hosmer-Lemeshow test (X2 = 7.062, p = 0.530). This study systematically evaluated multiple influencing factors of NIMA and developed three internally validated risk prediction models of NIMA. The LR-based nomogram and the web-based calculators showed the most consistent performance and may support risk stratification and targeted nursing management, pending external validation and feasibility assessment.
强护理前置	其他	42245165	10.3389/fped.2026.1747318	2026	Multidisciplinary perspectives on pediatric nurse prescribing: a mixed-methods analysis of attitudes and consensus.	Frontiers in pediatrics	Wang J; Yue Y	Q1_nursing_title_drug_safety	In China, expanding nursing roles to include nurse prescribing has been proposed as a potential strategy to improve the efficiency of pediatric healthcare. Its implementation requires a clear understanding of how pediatric nurses and physicians view medication safety, professional boundaries, and implementation conditions in child health. A convergent mixed-methods study was conducted among pediatric healthcare professionals from four tertiary hospitals in China. Quantitative data were collected using a validated questionnaire assessing attitudes, perceived benefits, risk perception, collaborative trust, training needs, and support for prescribing scope. Data were analyzed using comparative statistics and logistic regression. Qualitative responses to open-ended questions were examined thematically, and the quantitative and qualitative findings were integrated in a joint display matrix. Nurses showed stronger support for nurse prescribing than physicians (4.32 ± 0.67 vs. 2.92 ± 0.75, p < 0.001). Multivariable analysis identified perceived benefits (OR = 2.08, 95% CI: 1.14-3.81, p = 0.018) and training needs (OR = 2.57, 95% CI: 1.07-6.16, p = 0.035) as significant positive predictors of support. Both groups agreed most strongly with prescribing for basic, low-risk medications. Integrated findings highlighted three implementation priorities: clear scope definition, standardized training, and legal-regulatory safeguards. Pediatric nurses and physicians differed in their overall attitudes, but their shared acceptance of low-risk prescribing suggests a feasible implementation pathway. The findings support a phased model of pediatric nurse prescribing built on interdisciplinary collaboration, structured training, and appropriate regulatory safeguards.
弱相关/需人工排除	其他	42394078	10.3233/SHTI260916	2026	Challenges of Bringing Augmented Reality into Nursing Medication Preparation.	Studies in health technology and informatics	Luginbühl T; Sariyar M	Q1_nursing_title_drug_safety;Q3_nursing_monitoring_admin	Augmented reality (AR) is frequently proposed as a support technology for nursing medication preparation, yet its integration into routine practice remains challenging. This study examines these challenges by situating pill recognition within the constraints of everyday ward work. An exploratory design combined a targeted literature review, workflow analysis, a market scan of wearable devices, and a proof of concept for image-based recognition of oral medication. While classification was feasible under constrained conditions, performance declined under realistic variability, particularly when distinguishing visually similar medications. The findings indicate that limitations arise less from model performance alone than from the difficulty of obtaining sufficiently informative visual input during routine tasks. Approaches that support sequential evidence acquisition and verification appear more viable than single-image recognition, emphasizing the need to align sensing, interaction, and workflow conditions.
强护理前置	护士给药错误/近失/用药安全流程	41966834	10.1016/j.sger.2026.02.005	2026	[Task interruption during medication administration by nurses in nursing homes].	Soins. Gerontologie	Esenci B; Saint-Lorant G	Q1_nursing_title_drug_safety;Q3_nursing_monitoring_admin	Task interruptions during medication administration are a subject that has been little evaluated and analyzed in medical-social institutions, yet one that poses risks for nurses and residents. This study examines a tool proposed by the French National Authority for Health: the wearing of a vest in residential care facilities for dependent elderly people in order to assess the impact on task interruptions. The study highlights the importance of support and awareness-raising in its implementation in order to achieve positive results.
弱相关/需人工排除	护士主导随访/监测/管理	41321269	10.1177/10600280251395053	2026	Evaluation of Nurse-Managed Heparin Nomogram Adherence After Implementation of an Electronic Health Record-Embedded Heparin Calculator: An Antithrombotic Stewardship Initiative.	The Annals of pharmacotherapy	Robichaux TP; Gilmore V; Willits E; Turner K; Miranda S; Lindsley J	Q1_nursing_title_drug_safety;Q2_nurse_led_monitoring;Q3_nursing_monitoring_admin	Therapeutic intensity unfractionated heparin (UFH) infusions require titration to target a therapeutic activated partial thromboplastin time (aPTT) or UFH anti-Xa. At The Johns Hopkins Hospital (JHH) and Johns Hopkins Bayview Medical Center (JHBMC), a computerized nurse-managed UFH calculator was built into the electronic health record (EHR) to improve adherence to institutional nomograms. This study evaluated the impact of implementation of an EHR-embedded UFH calculator on nurse-managed UFH nomogram adherence. A retrospective, observational cohort study was conducted at 2 institutions within one health system. Patients admitted to adult services who received nurse-managed UFH for at least 4 consecutive hours were included. Patients admitted between March 2019 and March 2021 constituted the pre-implementation cohort and patients admitted August 2021 through August 2023 were included in the post-implementation cohort. The primary outcomes were nurse-managed UFH nomogram adherence, management of critical aPTT results, and therapeutic aPTT achievement. A total of 2128 patients were included in the pre-implementation cohort and 2517 in the post-implementation cohort. The mean age was 61 for both the pre- and post-implementation cohorts. The post-implementation cohort experienced an increase in adherence to initial bolus dose recommendations when compared with the pre-implementation cohort (85.9% vs 92%, P < 0.001) as well as increased adherence to correct initial infusion doses (80.8% vs 95.9%, P < 0.001). Infusion dose adjustment error rates were reduced in the post-implementation cohort (4.9% vs 1.5%, P < 0.001). Fewer patients experienced nomogram nonadherence errors in the post-implementation cohort (20.2% vs 5.3%, P < 0.001). Critical aPTT nomogram adherence improved after calculator implementation for resumption at the recommended dose (72.4% vs 94.0%, P < 0.001). However, the time to therapeutic aPTT achievement was similar between pre-implementation and post-implementation cohorts. A stewardship initiative to implement an EHR-embedded nurse-managed UFH calculator significantly increased adherence to nomogram-recommended initial doses and dose adjustments.
强护理前置	护士ADR上报/药物警戒认知与行为	40909003	10.3389/fneur.2025.1632231	2025	Dexamethasone in brain tumor patients: a real-world pharmacovigilance audit.	Frontiers in neurology	Prasad V; Elhag A; Onyiriuka L; Mthunzi E; Hatch S; Naeem A	Q2_nurse_led_monitoring	Dexamethasone is routinely prescribed for the management of peritumoral edema in brain tumor patients. Despite available orientations for its management in neuro-oncology patients, the individual needs according to the natural history of the disease and treatment options allied to a hierarchical system with multiple teams involved poses significant challenges in its real-world application. We conducted a retrospective single-centre observational study of 316 brain tumor referrals to a tertiary neurosurgical center over a 3-month period. Data was extracted from referral notes, multidisciplinary team (MDT) documentation and clinical records. Steroid-related variables such as indication, dose, duration, weaning plan, complications, and follow-up practices were collected alongside demographic and clinical data. Of 316 referrals, 210 patients (66.5%) were started on steroids at baseline, yet only 6% had a documented weaning plan at that point. MDT referral occurred in 252 patients (79.7%), where steroid initiation was significantly associated with surgical management (χ 2 = 13.1, p < 0.001). However, only 28.8% of MDT-referred patients had a documented steroid plan, with higher rates in surgical patients (41.3%) than those managed conservatively or with best supportive care (BSC) (16.5%, p < 0.001). Steroid-related complications occurred in 11.4% (24/210) of patients, most commonly wound infections. Prolonged steroid use (>2 weeks) (OR = 3.5, [95% CI: 1.1-11.0], p = 0.04), and absence of an MDT steroid plan (OR = 4.2, [95% CI: 1.2-15.0], p = 0.03) were significant predictors of complications, particularly of Common Terminology Criteria for Adverse Events (CTCAE) Grade 2-3 severity. Nurse-led clinic follow-up was more common in surgical patients (91%) than BSC patients (24.6%, p < 0.001) and supported steroid monitoring. Prolonged steroid use and incomplete documentation of steroid plan were associated with increased steroid-related complications highlighting the need for more robust prescribing protocols and improved multidisciplinary follow-up.
强护理前置	护士主导随访/监测/管理	39763258	10.56434/j.arch.esp.urol.20247710.164	2024	Compliance with Targeted Therapy and Fear of Adverse Drug Reactions in Patients with Renal Cell Carcinoma: A Nurse-Led Retrospective Descriptive Study.	Archivos espanoles de urologia	Zhang C; Dong M; Hu Y	Q2_nurse_led_monitoring	This study aimed to explore factors affecting adherence to targeted therapy in patients with renal cell carcinoma, focusing on the fear of adverse drug reactions. This retrospective case-control study selected patients with renal cancer who received targeted therapy at our hospital from June 2021 to April 2023, categorising them based on their adherence to oral targeted drugs. Patients with good compliance reported significantly lower levels of fear related to disease progression and adverse drug reactions (p < 0.05). This group showed greater perceived necessity of medication, fewer concerns about medication, and higher trust in their prescribed treatments (p < 0.05). Furthermore, while these patients rated their relationships with doctors lower, their perceptions were more positive overall (p < 0.05). Moreover, they reported more robust social support networks (p < 0.05). The heightened impact of the disease on their lives led them to adopt more proactive coping strategies (p < 0.05). The incidence of drug-related events at 1, 3, 6, 9, and 12 months was significantly lower in the good compliance group than in the poor compliance group (p < 0.001). Fear of adverse drug reactions emerged as an independent predictor of compliance (p < 0.001). Adherence to targeted cancer therapy is significantly influenced by fear of adverse drug reactions, with psychological factors, patient-provider relationships, and the personal impact of the disease playing crucial roles.
强护理前置	护士主导随访/监测/管理	38863109	10.1093/bjd/ljae111	2024	Effectiveness of a nurse-led one-to-one education programme in addition to standard care in children with atopic dermatitis: a multicentre randomized control trial.	The British journal of dermatology	Barbarot S; Aubert H; Vibet MA; Leray M; Foureau A; Elan F	Q2_nurse_led_monitoring	Therapeutic patient education (TPE) is recommended for children with atopic dermatitis (AD), but no consensus has been reached on the optimal tailoring of delivery. While repeated multidisciplinary group education sessions have shown effectiveness, the benefits of one-on-one educational interventions led by nurses for children with AD have not yet been assessed. To assess the benefits of additional, well-structured, 1-h nurse-led individual TPE interventions in children with AD and their families compared with standard care alone. Children with moderate-to-severe AD and their parents were randomized to receive a 1-h nurse-led education session in addition to standard care vs. standard care alone. The primary outcome was the area under the curve (AUC) of the SCORing of Atopic Dermatitis index (SCORAD) from baseline to week 24 (lower AUC values represent better long-term control of the disease). In our study, 176 patients were randomized across 11 centres, and 153 were included in the full analysis set. The mean (SD) age was 4.47 (4.57) years. By week 24, there were no significant differences in the AUCs of the SCORAD between the two groups (P = 0.3). Secondary outcomes including patient-reported severity and quality of life [AUCs of the patient-oriented SCORAD (PO-SCORAD) and Infants' Dermatitis Quality of Life Index (IDLQI), Children's Dermatitis Quality of Life Index (CDLQI) and Family Dermatitis Quality of Life Index (FDLQI)] were not significantly different between the two groups. The only significant change observed in the intervention group, when compared with the one receiving standard care, was a decrease in topical steroid phobia, as assessed by the topical corticosteroid phobia (TOPICOP) score. Prespecified subgroup analyses showed that disease severity in the intervention group was significantly lower throughout the study, compared with the standard-care group when participants had moderate AD at baseline (n = 47); while participants with severe AD at baseline (n = 106) did not show benefit from the intervention. Participants showed no additional benefit from the intervention regardless of age group. This study did not show any additional effectiveness, in long-term severity control, of a 1-h nurse-led TPE intervention in children with AD treated with standard care, compared with those treated with standard care alone. However, it should be noted that the intervention reduced the fear of using topical steroids and may be beneficial for patients in the subgroup with moderate AD.
强护理前置	护士主导随访/监测/管理	41852063	10.17079/jkgn.2025.00374	2026	Associations between chronic disease profiles and self-reported adverse drug reactions in community-dwelling older adults: A cross-sectional study.	Journal of Korean gerontological nursing	Choi HG	Q2_nurse_led_monitoring	This study examined the associations between the types and number of chronic diseases and adverse drug reactions (ADRs) in community-dwelling older adults, aiming to identify high-risk groups and inform nursing strategies for medication safety. This cross-sectional analysis included 4,478 adults aged ≥65 years from the 2021 Korea Health Panel Survey. Thirty-one physician-diagnosed chronic diseases were grouped into 11 categories, and the number of diseases was classified as 0~1, 2, 3, 4, or ≥5. ADRs were operationally defined using a single self-report item asking whether participants had experienced side effects from any medications, including over-the-counter drugs. Multiple logistic regression analyses adjusted for sociodemographic and health-related covariates were conducted to estimate odds ratios (ORs) and 95% confidence intervals (CIs). Arthritis and spinal diseases showed the strongest association with ADRs (OR=2.16, 95% CI=1.44~3.24), followed by depression (OR=2.15, 95% CI=1.22~3.79) and cardio-cerebrovascular diseases (OR=1.86, 95% CI=1.25~2.77). ADR risk increased progressively with multimorbidity: OR=1.87 for two diseases, 2.63 for three, 3.15 for four, and 6.22 for ≥five diseases, compared with 0~1 diseases. ADRs were significantly more likely among older adults with arthritis and spinal diseases, depression, or cardio-cerebrovascular diseases, with risk escalating as multimorbidity increased. Embedding disease type and burden into nursing assessment enables targeted medication review, education, and proactive monitoring. Such nurse-led, collaborative strategies can mitigate drug-related harm and inform policy and training for safe medication use in aging populations.
强护理前置	护士给药错误/近失/用药安全流程	40955765	10.1111/jan.70223	2026	Experiences of Visually Impaired Individuals in Self-Administering Prescription Medications: A Cross-Sectional Study.	Journal of advanced nursing	Svitlica BB; Radovanović A; Obrenov L; Hromiš S	Q2_nurse_led_monitoring;Q3_nursing_monitoring_admin	To explore the challenges that visually impaired individuals face in managing their prescribed therapy at home, and to identify the implications for all healthcare professionals involved in medication management and patient safety. A cross-sectional, descriptive, observational study. Data were collected from 357 visually impaired adults recruited at the premises of the Union of the Blind and Visually Impaired during their visits for various reasons between October 2022 and June 2023, using an interviewer-administered questionnaire. Variables included demographics, medication practices, and self-reported challenges in medication administration and dosing. Data were analysed using multivariate analysis of variance (MANOVA), a series of Kruskal-Wallis tests, and post hoc Dunn's tests in R (v. 4.4.3). Respondents faced major problems in differentiating different types of tablets/capsules (56%) and differentiating different packages of drugs (47%); 5% of respondents sometimes take the wrong medicine, 4% sometimes take the wrong dose, and 11% sometimes take medicine at the wrong time. The most frequent problem was applying medications in liquid form. Older participants, those with chronic illness, multiple medications, lower education, or complete blindness reported significantly more difficulties. More than half of the respondents stated that they needed help in recognising drugs (60%), dosing (62%), and the expiration date of the drug (74%). Visually impaired individuals, particularly those who are older and have complex medication regimens, face substantial barriers to safe and independent medication use. These findings highlight the need for individualised support and practical education strategies. Through individualised approaches and practical training, with interprofessional collaboration, patient safety can be significantly improved and the risk of medication errors reduced. In a healthcare system with rapid technological advances and a growing shortage of healthcare workers, it is necessary to consider a broader range of support strategies, including efforts to understand the specific needs of people with visual impairments and the use of available assistive devices. What problem did the study address?: Visually impaired individuals encounter substantial challenges in safely managing their prescribed medications, especially as they age and develop chronic health conditions. Despite the increasing global prevalence of vision impairment, this issue remains underexplored in nursing literature and practice. What were the main findings?: This study presents evidence on the specific challenges that visually impaired adults face when self-administering medications. It identifies key risk factors-including advanced age, polypharmacy, chronic illness, and complete blindness-and highlights the dosage forms that pose the greatest difficulty. Importantly, it also reveals a widespread need for assistance with medication identification, dosing, and monitoring expiration dates. Where and on whom will the research have an impact?: The findings highlight nurses' essential role in facilitating safe medication management for visually impaired patients. This involves assessing medication literacy, educating patients and caregivers, and promoting accessible medication labeling. The study highlights the need for nurse-led interventions and policy efforts to reduce disparities in medication safety, while recognising the valuable roles of both pharmacists and physicians in providing a comprehensive, interprofessional approach. The authors adhered to the STROBE guidelines. No patient or public involvement.
强护理前置	护士主导随访/监测/管理	41095601	10.3390/healthcare13192516	2025	Nurses' Role in Patient Education for Managing Inflammatory Joint Diseases: Insights from a Cross-Sectional Survey in Bulgarian Rheumatology Clinics.	Healthcare (Basel, Switzerland)	Stoilova S; Popova-Belova S; Geneva-Popova M	Q2_nurse_led_monitoring	Background: Nurses play a central role in the management of inflammatory joint diseases (IJD), of which the success depends on patient adherence to treatment, self-monitoring, timely detection of adverse drug reactions (ADRs), and adopting a healthy lifestyle. This study sought to examine the opinions of patients with IJD regarding the educational and supportive contributions of nurses. Methods: The research is based on a cross-sectional survey of patients with IJD treated with biologic disease-modifying antirheumatic drugs (bDMARDs) in two rheumatology clinics in Plovdiv, Bulgaria, from the beginning of August 2024 to the end of January 2025. The group included patients of three diagnoses: (1) rheumatoid arthritis (RA), (2) psoriatic arthritis (PsA), and (3) axial spondyloarthritis (axSpA). Results: Regardless of the diagnosis, and after adjusting for covariates, patients rated the roles of nurses in disease treatment and management, the acquisition of self-injection skills for bDMARDs, the implementation of a healthy lifestyle, and the maintenance of psychological well-being at the higher end of the 0 to 4 scale. However, the axSpA patients were less affirmative in their responses compared to the RA and PsA patients. In the RA and PsA groups, the working patients were associated with the lowest ratings, followed by retirees with disability. Conclusions: Our findings indicate that nurse-led education in patient self-management skills is greatly appreciated by patients with IJD. Further developments in specialized training programs tailored to the specific needs of different diagnoses and in consideration of patients' social status will lead to increased patient satisfaction and a better overall quality of life.
强护理前置	护士主导随访/监测/管理	40701590	10.1136/bmjopen-2025-104311	2025	Exploring patient and professional perspectives on implementing pharmacogenomic testing in the UK primary care setting and estimating the cost-effectiveness: a mixed-methods study protocol.	BMJ open	Qureshi S; Latif A; Hughes DA; Timmons S; Avery A	Q2_nurse_led_monitoring	Pharmacogenomic testing could potentially reduce the number of adverse drug reactions and improve treatment outcomes through tailoring treatment to an individual's genetic makeup. Despite its benefits and the ambitions to integrate into routine care, the implementation of pharmacogenomic testing in primary care settings remains limited. This study aims to qualitatively explore the views of healthcare professionals (HCPs) and patients on implementing pharmacogenomic testing in the UK National Health Service (NHS) primary care setting and to estimate the cost-effectiveness of service-delivery implementation by comparing different HCPs' models of care. This study consists of three workstreams (WS). WS1 is semi-structured interviews with General Practitioners, pharmacists, nurses and patients (24 participants) to explore implementation issues, including the perceived barriers and facilitators to delivering a pharmacogenomic service. WS2 consists of focus groups (between 24-36 participants) with genomic experts to develop practical pharmacogenomic-guided clinical pathways for primary care. WS3 will estimate the cost-effectiveness of implementing pharmacogenomic testing when led by different HCPs incorporating parameters from the literature, expert opinions, as well as data from WS1 and WS2. Thematic analysis will be used to analyse the qualitative data from WS1 and WS2, mapping findings onto the Consolidated Framework for Implementation Research domains, which will also be used as the theoretical framework. WS3 will be a decision-analytic model developed in Microsoft Excel to compare the cost-effectiveness of pharmacist-led, GP-led, nurse-led or multidisciplinary pathways. This study has been approved by the NHS Health Research Authority and Health and Care Research Wales (24/PR/1088). Findings will be disseminated through peer-reviewed publications, conference presentations and engagement with NHS policymakers and Genomics England.
强护理前置	护士主导随访/监测/管理	41711237	10.1093/eschf/xvag035	2026	Optimising Transitions of Care and Long-Term Management in Heart Failure: A Scoping Review of Strategies and Models.	ESC heart failure	Camarón J; Galván Ruiz M; López-Lluva MT; Pérez L; Ramos R; Seoane B	Q2_nurse_led_monitoring	Heart failure (HF) remains a major public health challenge, with high mortality, frequent rehospitalisations, and increasing healthcare costs, which underscores the urgent need for strategies to optimise care transitions and long-term management globally. This scoping review aimed to identify and synthesise current approaches to improve continuity of care in patients with HF. Two systematic searches for (1) transitional care and (2) long-term follow-up (period extending beyond post-discharge, typically for ≥ 6 months) were conducted following the PRISMA extension for scoping reviews (PRISMA-ScR) checklist. Searches were carried out in international databases (PubMed/Medline and Scopus) and through manual searches for records published from January 2015 to June 2024, reflecting the contemporary era of HF care. Strategies were screened by two independent reviewers. After merging the searches' results (transitional care and long-term follow-up) and adding manually identified reports, 118 studies were considered eligible. Of these, those deemed most relevant by the authors (n=73) were synthesised qualitatively in a table and presented narratively. Most of them were published after 2020 (53.4%) in Europe and North America (75.3%). Intervention studies accounted for 32.9% (45.8% randomised controlled trials). In summary, structured discharge planning with close follow-up reduced 30-day rehospitalisation by 20%-50% (50% with early follow-up, 30% with nursing coordination, 20% with a pharmaceutical intervention). One nurse-led programme, including calls and visits, decreased hospitalisation at six weeks from 16.3% to 8.1% (p=0.048) and mortality at nine months from 13.8% to 4.1% (p=0.03). A risk-stratification-based management reduced death or rehospitalisation for cardiovascular events by 12% (HR [hazard ratio]: 0.88; p=0.04). An intensive programme with education, exercise, and close monitoring lowered rehospitalisation or death by 38% at 30 days and 39% at 90 days. Multidisciplinary HF units, day care hospitals, and home hospitalisation improved adherence and outcomes. Telemedicine and remote monitoring enabled early detection of decompensation. Pharmacist- and nurse-led interventions enhanced medication safety and adherence. Psychosocial and caregiver support improved self-management and quality of life. Despite heterogeneity across healthcare systems and variability in programme designs, the evidence supports coordinated and patient-centred strategies for HF care transitions and long-term follow-up. These approaches reduce mortality and rehospitalisation, enhance patient engagement and quality of life, and provide a sustainable framework for healthcare systems.
强护理前置	护士给药错误/近失/用药安全流程	39259920	10.1093/jamia/ocae239	2024	Electronic health record system use and documentation burden of acute and critical care nurse clinicians: a mixed-methods study.	Journal of the American Medical Informatics Association : JAMIA	Cho H; Nguyen OT; Weaver M; Pruitt J; Marcelle C; Salloum RG	Q3_nursing_monitoring_admin	Examine electronic health record (EHR) use and factors contributing to documentation burden in acute and critical care nurses. A mixed-methods design was used guided by Unified Theory of Acceptance and Use of Technology. Key EHR components included, Flowsheets, Medication Administration Records (MAR), Care Plan, Notes, and Navigators. We first identified 5 units with the highest documentation burden in 1 university hospital through EHR log file analyses. Four nurses per unit were recruited and engaged in interviews and surveys designed to examine their perceptions of ease of use and usefulness of the 5 EHR components. A combination of inductive/deductive coding was used for qualitative data analysis. Nurses acknowledged the importance of documentation for patient care, yet perceived the required documentation as burdensome with levels varying across the 5 components. Factors contributing to burden included non-EHR issues (patient-to-nurse staffing ratios; patient acuity; suboptimal time management) and EHR usability issues related to design/features. Flowsheets, Care Plan, and Navigators were found to be below acceptable usability and contributed to more burden compared to MAR and Notes. The most troublesome EHR usability issues were data redundancy, poor workflow navigation, and cumbersome data entry based on unit type. Overall, we used quantitative and qualitative data to highlight challenges with current nursing documentation features in the EHR that contribute to documentation burden. Differences in perceived usability across the EHR documentation components were driven by multiple factors, such as non-alignment with workflows and amount of duplication of prior data entries. Nurses offered several recommendations for improving the EHR, including minimizing redundant or excessive data entry requirements, providing visual cues (eg, clear error messages, highlighting areas where missing or incorrect information are), and integrating decision support. Our study generated evidence for nurse EHR use and specific documentation usability issues contributing to burden. Findings can inform the development of solutions for enhancing multi-component EHR usability that accommodates the unique workflow of nurses. Documentation strategies designed to improve nurse working conditions should include non-EHR factors as they also contribute to documentation burden.
强护理前置	护士给药错误/近失/用药安全流程	40033469	10.1111/jocn.17721	2025	Contributing Factors to Medication Administration Errors Among Novice Registered Nurses: An Integrative Review.	Journal of clinical nursing	Webb C; Dabkowski E; Missen K; Missen A	Q3_nursing_monitoring_admin	The aim of this review was to explore the influencing factors that contribute to medication administration errors (MAEs) made by novice registered nurses (NRNs). MAEs are a significant yet preventable risk to patient safety in healthcare settings, compromising both patient health and care quality. Evidence suggests that NRNs are more prone to MAEs, highlighting the importance of exploring the contributing factors to develop effective prevention strategies. An integrative review. An electronic literature search was conducted in which articles were restricted to peer-reviewed, full-text articles published in the English language between January 2013 and December 2023. Quality assessments and data syntheses were conducted by two independent authors. CINAHL Complete, MEDLINE, APA PsycArticles, APA PsycInfo, PubMed, Cochrane Library and Web of Science. Eleven studies met the inclusion criteria. The main influencing factors identified in this review were intrinsic factors (lack of confidence, reduced coping skills and reluctance to seek assistance) and extrinsic factors (time pressures, hectic workloads, low staffing and high-stress environments). Clinical, educational and research implications were also identified. This integrative review explored the various influencing factors contributing to MAEs by NRNs in healthcare settings. These included gaps in pharmacological knowledge, limited simulation-based learning and challenges in using electronic medical records. Addressing these issues through targeted education and increased simulation experiences in undergraduate curricula could enhance NRNs' competence and confidence. Preferred Items for Systematic Reviews and Meta-Analysis (PRISMA) guidelines. No patient or public contribution was made due to the study design. Understanding the factors behind medication administration errors among new nurses helps organisations develop strategies to address these issues, reducing patient harm and enhancing nursing practice. Our findings offer recommendations to improve nursing education worldwide.
强护理前置	护士给药错误/近失/用药安全流程	40345760	10.1016/j.cnur.2025.01.006	2025	Pharmacogenomics for Nurses.	The Nursing clinics of North America	Cheek DJ; Walker T	Q3_nursing_monitoring_admin	In the new and evolving area of precision medicine, the nurse will not only have to rely on the 5 rights for medication administration but may also have to take into account the patient's genetic makeup. The 5 rights of medication administration have been incorporated into precision medicine, which includes pharmacogenetics-the specific gene and drug interaction- or more broadly, pharmacogenomics, which encompasses specific gene and drug interactions and other genetic and environmental factors. Pharmacogenomic testing is now available with specific guidelines to assist the prescriber with drug and dose selection to improve drug efficacy and reduce adverse drug reactions.
中等护理相关	其他	41712415	10.1177/27527530251410910	2026	Naxitamab for Relapsed/Refractory Neuroblastoma.	Journal of pediatric hematology/oncology nursing	Herriage T; Rawwas J; Sterman A; Hennen E; Bevers E	Q3_nursing_monitoring_admin	BackgroundChildren with relapsed/refractory (R/R) neuroblastoma are at risk for poor outcomes due to resistant disease. Naxitamab is an anti-glycolipid disialoganglioside (GD2) monoclonal antibody approved by the Food and Drug Administration for the treatment of R/R high-risk neuroblastoma. Serious adverse reactions are an expected part of treatment and include severe nerve pain during the infusion. Institutions using an interdisciplinary team approach can create a safe system for the infusion of naxitamab in the outpatient clinic setting. The purpose of this article is to present this immunotherapy, naxitamab, its adverse events (AEs), and one institution's approach in administering naxitamab in an outpatient infusion center.MethodAn interdisciplinary team, led by a pediatric oncology advanced practice nurse, developed a detailed standardized care plan that can be tailored to the patient's previous history with pain medications and response to naxitamab. The team includes multiple nursing roles, physician specialists, pharmacists, psychosocial staff, and the patient and family; each team member is educated in their defined role.ResultsAEs can be effectively managed, and naxitamab infusions can be safely infused in the outpatient infusion center through repeated cycles of treatment. Patients can be discharged to home 2 hr after the completion of the infusion.DiscussionOutpatient administration of naxitamab requires exact planning and implementation by a well-prepared interdisciplinary team. This approach supports patients and families in maximizing their quality of life through ambulatory care.
强护理前置	护士给药错误/近失/用药安全流程	41178830	10.1111/jan.70341	2026	The Influence of Nurse Staffing and Workload on Medication Administration Errors: A Scoping Review.	Journal of advanced nursing	Rachman M; Yen PY	Q3_nursing_monitoring_admin;Q5_med_admin_errors_nurses	To summarise the type of medication administration errors associated with nurse staffing and workload, and identify how nurse staffing, workload and medication administration data were measured and captured in existing studies. A scoping review. We conducted a literature search across four electronic databases, including Embase, CINAHL, Ovid Medline and Scopus, from inception to June 2024. The search was limited to articles published in English and primary studies examining nurse staffing, workload and medication administration errors in hospital settings. Of the 1141 articles retrieved, 36 articles met the inclusion criteria. The majority were conducted using a Cohort (n = 15) or Cross-sectional (n = 16) study design. Most studies (n = 21) used self-reported data to evaluate nurse staffing, workload and medication administration errors. We found limited studies used objective data sources, such as barcode medication administration (BCMA) systems (n = 5) and electronic staffing systems (n = 5), to assess the impact of staffing on medication errors involving the administration of time-critical medications. There was a fair amount of heterogeneity in how nursing workload and medication administration errors were measured and analysed, complicating nurse leaders' ability to allocate staffing resources that meet the patient's needs. This review found a heavy reliance on self-reported data across different study designs. While self-reported data offer valuable insights, the emerging use of objective data sources, such as BCMA, can minimise bias and capture more nuances in administration errors during high-demand periods. The review highlights the emerging use of real-world data to examine the influence of nurse staffing and workload on medication administration errors. As nursing care becomes increasingly complex, future studies utilising subjective and objective data sources can assist nurse leaders in making informed, data-driven staffing decisions to reduce medication errors. The review followed the PRISMA-Scr reporting guidelines. No patient or public contribution.
强护理前置	护士给药错误/近失/用药安全流程	40951594	10.1155/jonm/2439568	2025	Nurses' Work Interruptions and Responses: Multitasking During Medication Tasks and Differences by Nursing Delivery System.	Journal of nursing management	Hong KJ; Lee E	Q3_nursing_monitoring_admin;Q5_med_admin_errors_nurses	Aim: This study aimed to report not only the frequency and source of work interruptions but also nurses' responses to them, focusing on multitasking during medication-related work. It also examined the differences in work interruption according to the nursing care delivery system. Background: Work interruptions increase nurses' workload complexities and errors, as they compromise nurses' attention. Design: The time and motion cross-sectional observational study method was used. Method: Data were collected between September 4 and 15, 2023, from six nurses in a functional nursing care delivery unit and five nurses working eight-hour shifts in an integrated nursing care unit at a general hospital in South Korea. The Work Observation Method by Activity Timing program was used to record the tasks performed by nurses. Results: The number of interruptions, including multitasking per hour, was 11.21 and 9.27 for the functional nursing care delivery unit and the integrated nursing care unit, respectively. The most interrupted locations were the nurse station (41.6%) and patient rooms (35.4%) in each unit, respectively. Common sources of interruptions were other nurses and patients in both units, followed by family or caregivers in the functional nursing delivery unit and equipment malfunction in the integrated nursing care unit. Nurses responded to work interruptions during medication administration, multitasking 2.79% and 3.02% of the time they administered medication in the functional nursing care delivery unit and integrated nursing care unit, respectively. The most common task in multitasking with medication involved communicating with other professionals. Conclusions: Interruptions and multitasking disrupt medication-related tasks in healthcare environments and require strategies to mitigate frequent work interruptions. Implications for Nursing Management: Efforts aimed at mitigating interruptions that disrupt patient safety, including preventing medication errors and developing interventions based on differences in the nursing delivery system, are needed.
强护理前置	护士给药错误/近失/用药安全流程	39381898	10.1111/jocn.17483	2025	Analysis of the Incidence and Factors Influencing Medication Administration Errors Among Nurses: A Retrospective Study.	Journal of clinical nursing	Li B; Yue L; Peng H; Chen X; Sohaib M; Peng B	Q3_nursing_monitoring_admin;Q5_med_admin_errors_nurses	To explore the incidence and factors influencing medication administration errors (MAEs) among nurses. Medication administration is a global concern for patient safety. Few studies have assessed the incidence of MAEs or explored factors that considered the interplay between behaviour, the individual and the environment. This retrospective study included 342 MAEs reported in the electronic nursing adverse event reporting system between January 2019 and September 2023 at a university-affiliated teaching hospital in China. Data on nurses' demographics and medication administration were extracted from the nursing adverse event reports. The reports were classified according to the severity of patient harm. The causes of the 342 MAEs were retrospectively analysed using content analysis based on Bandura's social cognitive theory. Descriptive statistics were used to calculate the proportion of medication errors and the distribution of subcategories. In total, 74.3% of MAEs were adverse events owing to mistakes and resulted in no harm or only minor consequences for patients. Nurses aged 26-35 years and those with 6-10 years of experience were the most common groups experiencing MAEs. Factors influencing MAEs included personal ('knowledge and skills' and 'physical state'), environmental ('equipment and infrastructure,' 'work settings' and 'workload and workflow') and behavioural ('task performance' and 'supervision and communication') factors. The study further highlighted the interrelationships among personal, behavioural and environmental factors. Multiple factors influence MAEs among nurses. Nurse-related MAEs and the relationship between behaviours, individual factors and the environment, as well as ways to reduce the occurrence of MAEs, should be considered in depth. Understanding the factors influencing MAEs can inform training programs and improve the clinical judgement of healthcare professionals involved in medication administration, ultimately improving patient prognoses and reducing MAEs. The findings can help develop clinical guidelines for preventing MAEs.
中等护理相关	护士给药错误/近失/用药安全流程	40714949	10.1111/wvn.70067	2025	Effectiveness of Interventions for Reducing Interruptions During Medication Administration: A Systematic Review.	Worldviews on evidence-based nursing	Zhang W; Zhang Y; Guo Z; He Y; Ma W	Q3_nursing_monitoring_admin;Q5_med_admin_errors_nurses	Medication errors, particularly during administration, are a major threat to patient safety, with interruptions being a key contributor. Nurses are the most affected by these disruptions, and various interventions have been proposed to reduce interruptions. This review evaluates the effectiveness of preventive and responsive interventions aimed at reducing interruptions during medication administration. A systematic search of multiple databases identified 14 eligible studies on interventions targeting nurse interruptions. The review includes randomized controlled trials and quasi-experimental studies, focusing on interruption and medication error rates. Significant heterogeneity prevented meta-analysis. Preventive strategies, like no-interruption vests and awareness campaigns, may reduce interruptions from external sources, but nurse-to-nurse interruptions remained common. Responsive strategies showed limited success in reducing interruptions but improved nurses' ability to manage them. The impact on medication errors was inconclusive. Preventive strategies help reduce interruptions, but more targeted interventions are needed for nurse-to-nurse disruptions. A combined approach of preventive and responsive strategies can enhance medication safety.
强护理前置	护士给药错误/近失/用药安全流程	40907110	10.1016/j.nepr.2025.104535	2025	Factors associated with medication administration by nursing students: A scoping review.	Nurse education in practice	Dos Santos Sousa VT; da Silva Fernandes E; Barros LM; Soto CLM; de Souza Oliveira AC; Rios MP	Q3_nursing_monitoring_admin;Q5_med_admin_errors_nurses	To map factors that may interfere with parenteral medication administration by undergraduate nursing students in hospital settings. Medication errors are a major patient safety concern, especially during administration often caused by communication failures, distractions and lack of training. Though data often focus on professionals, nursing students also face high error rates and near misses during clinical training. A scoping review. This study was conducted using the Joanna Briggs Institute methodology and the Preferred Reporting Items for Systematic Reviews and Meta-Analyses Extension for Scoping Reviews (PRISMA-ScR). Data sources-MEDLINE, LILACS, BDENF, Web of Science, Scopus and the Brazilian Digital Library of Theses and Dissertations-were consulted in November 2024. Additionally, citation review of selected studies was performed. Primary studies addressing parenteral medication administration by undergraduate nursing students and reporting influencing factors in the hospital environment were included. Results are presented descriptively, supported by tables and figures. The final sample comprised 20 studies published between 2002 and 2024, with a higher frequency in Nurse Education Today. Geographically, Australia and the United States predominated, each contributing four investigations. Sample sizes ranged from 10 to 329 students, with a mean of 109 participants. Methodologically, 11 studies employed a quantitative approach and nine used a qualitative design. Identified factors include student self-confidence, deficiencies in clinical supervision and institutional environmental limitations. This review underscores the imperative for implementing educational strategies that foster clinical competence, strengthen patient safety culture and cultivate safer, more collaborative learning environments during nursing education.
中等护理相关	护士给药错误/近失/用药安全流程	39797668	10.1136/bmjoq-2024-002994	2024	Barriers to medication administration error reporting in a tertiary hospital in Lebanon.	BMJ open quality	Mehanna D; El Gerges N; Chalhoub M; Daou R	Q3_nursing_monitoring_admin;Q5_med_admin_errors_nurses	The aim of this study is to identify the key barriers that prevent medication administration errors (MAEs) from being reported by nurses in Lebanese hospitals. A quantitative cross-sectional study was conducted at Hotel-Dieu de France Hospital using a self-administered questionnaire. A total of 275 responses were recorded and analysed using the IBM SPSS software V.23.0. Our study showed that 'Fear' and 'Administrative response' present the two main types of barriers to MAE reporting with a frequency of 62.9% and 60.7%, respectively, with more than half of our nurses confirming it (52.7%). The significant administrative barriers are: No positive feedback if medications were given correctly, too much emphasis being placed on MAE and the focus by the nursing administration on the individual rather than looking at the systems as a potential cause of the MAE whereas the significant fear barriers are the chances of suing the nurse if MAE is reported, the fear of adverse consequences of MAE reporting, the blame of nurses if something happens to the patient as a result of the MAE. No significant association was found between the barriers and demographic factors such as age, gender, experience and attending the training and orientation programmes. The findings highlight the need for targeted strategies to address these types of barriers. Anonymous error reporting, fostering a culture of transparency and adopting a non-punitive reporting system are approaches that can be implemented for optimal performance improvement, enhanced safety and healthcare quality and reduced wasting of the hospitals' financial resources.
强护理前置	护士给药错误/近失/用药安全流程	40273614	10.1016/j.nedt.2025.106744	2025	Assessment of undergraduate nursing students' medication administration competency: A systematic review.	Nurse education today	Irvine S; Whiteing N; Andrew S	Q3_nursing_monitoring_admin	Nursing students must be well-prepared and competent in medication administration (MA) and be able to apply pharmacology knowledge as registered nurses. MA is integral to ensuring patient safety, but nursing students find it challenging to acquire competency in MA. Little is known about assessing medication administration competency in various clinical practice settings. To conduct a systematic review of how undergraduate nursing students' medication administration competency is assessed in clinical practice settings. Original research studies were identified using PubMed, Web of Science, CINAHL, PsycINFO, Scopus, ScienceDirect, and ERIC. This systematic literature review included primary research studies using objective competency measures of MA assessment of undergraduate nursing students in a clinical practice setting, published in English between 1990 and 2023. Data was extracted and synthesised using the Preferred Reporting Items for Systematic Reviews. 32 original research papers were included in the review. Studies came from 12 countries. A quasi-experimental design was used by 75 % of studies to examine MA competency assessment. Medication assessments were conducted primarily in simulation labs. Simulation was found to have positive outcomes on MA competency on clinical placement. Studies were grouped into three categories: 'Using technology', 'Educational Strategies', and 'Focus on Safety skills'. Studies reported error rates associated with patient identification and hand hygiene, including those of senior nursing students. Quality appraisal was conducted using the Medical Education Research Study Quality Instrument (MERSQI). The MERSQI Mean score was 12.92/18. Several studies failed to report the sample size calculation and the validity of instruments. A whole-curriculum approach with MA content and skills mapped and scaffolded across the undergraduate nursing program is required to enable students to achieve MA competency. Attention to the design of studies is required to ensure the reliability of results. Further research is required to understand the cognitive and affective behaviours contributing to the ongoing errors, focusing on assessing competency in clinical placement.
强护理前置	护士给药错误/近失/用药安全流程	39475893	10.1097/NNA.0000000000001502	2024	Examining Nursing Medical Malpractice Cases Related to Medications.	The Journal of nursing administration	Higden J; Folcarelli P; Schaffer A	Q3_nursing_monitoring_admin	The aim of this study was to analyze medication-related nursing medical malpractice cases to gain insights regarding how malpractice risk can be reduced. The criminal prosecution and verdict of nurse RaDonda Vaught focused attention on the potential medicolegal risk for nurses related to medications. Medication-related medical malpractice cases involving nurses were obtained from a national database. Various attributes of these cases were examined, including contributing factors, injury severity, and case outcomes. Authors identified 231 nursing medication-related medical malpractice cases closed from 2017 to 2021. The most frequent adverse events involved medication administration. Not following policies or protocols was the most common contributing factor. Opioids and epinephrine were the medications most frequently involved in the cases. Indemnity payments were made in 56.3% of the cases, with an average indemnity payment of $366 002. Nursing medication-related medical malpractice cases are relatively uncommon, which may reassure nurses regarding medicolegal risk. Medications and contributing factors involved in the cases suggest patient safety interventions including education related to policies, procedures, and protocols.
强护理前置	护士给药错误/近失/用药安全流程	38451141	10.1097/01.NEP.0000000000001247	2024	Nursing Students' Perceptions Regarding Teaching and Learning Practices That Promote Safe Medication Administration.	Nursing education perspectives	Hnatyshyn T; Ens T; Estefan A; Kirkpatrick M	Q3_nursing_monitoring_admin;Q5_med_admin_errors_nurses	This article reports on a study conducted to explore what helps and what complicates learning safe medication administration. In this study, nurse educators explored students' perspectives on effective teaching practices, what influences medication errors and near misses, and strategies for improving students' learning about medication administration. Students ranked nursing instructors, peers, and staff nurses as having the greatest positive impact on both their learning and patient safety. Good relationships, an appropriate pace of learning, and practice were also beneficial. Noise, time constraints, and interruptions were negatively associated with learning and patient safety.
弱相关/需人工排除	护士给药错误/近失/用药安全流程	39153953	10.1016/j.medine.2024.08.002	2024	Analysis of medication errors in Neonatal Intensive Care: A systematic review.	Medicina intensiva	Escandell-Rico FM; Pérez-Fernández L	Q3_nursing_monitoring_admin;Q5_med_admin_errors_nurses	Medication errors, potentially causing harm and causing harm, increase significantly in newborns cared for in intensive care settings. In this sense, this work carries out a systematic review to analyze the most current evidence in relation to medication errors in neonatal intensive care, discussing the topics that refer to health technology from smart pumps, cost-effectiveness of medications, the practice of nursing professionals on the medication administration process and quality improvement models. In this way, it could be considered a useful tool to promote quality and safety in neonatal intensive care.
强护理前置	护士给药错误/近失/用药安全流程	42091056	10.1055/a-2867-0618	2026	Development and Application of a Nurse-Led Clinical Decision Support System for Safe Intravenous Medication Administration: A Nonrandomized Controlled Trial.	Applied clinical informatics	Zhang F; Yun W; Qin L	Q3_nursing_monitoring_admin;Q5_med_admin_errors_nurses	Intravenous medication administration is a high-risk clinical procedure, where medication errors can lead to adverse consequences. Evidence-based clinical practice guidelines provide recommendations for the administration and monitoring of intravenous infusions. These guidelines are being increasingly integrated into clinical decision support systems (CDSS). The development of CDSS should emphasize nurses as core users, closely align with their clinical workflows, and ultimately create practical, user-friendly tools through thoughtful interface design, functional logic, and intelligent alert mechanisms. We aimed to design and develop a clinical decision support tool based on the Data-Information-Knowledge-Wisdom model, which minimizes infusion errors by providing real-time alerts and standardizing workflows. A nonrandomized trial (May-July 2024) in a tertiary hospital compared traditional practices (n = 1,204) with a CDSS (n = 1,207) using 300 clinical rules and a personal digital assistant interface. Outcomes included error rates, severity, nurse satisfaction, and efficiency. The CDSS reduced errors by 56.8% (16.69-7.21%, p < 0.001), eliminated severe errors (Level 3-4), improved nurse satisfaction (mean: 69.1/85 on a 17-85 scale), and reduced prescription processing time by 41%. This nurse-led CDSS enhances infusion safety and efficiency, offering a scalable solution. Artificial intelligence-driven predictive error detection could further optimize outcomes.
强护理前置	护士给药错误/近失/用药安全流程	40365125	10.36401/JQSH-24-33	2025	Medication Administration Error Reporting Among Nurses: A Descriptive Qualitative Study.	Global journal on quality and safety in healthcare	Tuvor D; Kumah A; Abiti R; Afakorzi SH; Agbemade PK; Ahiale C	Q3_nursing_monitoring_admin;Q5_med_admin_errors_nurses	Nurses are integral to the healthcare delivery team (multidisciplinary team). They are involved and play vital roles with responsibilities to ensure the quality of healthcare for their patients. The key to those varied roles is the administration of medication. Depending on the clinical setting, nurses spend up to 40% of their hours on medication administration and its management processes. They are liable to identify and prevent medication administration errors (MAEs) and their consequences. This study aimed to explore the barriers and facilitators to the reporting behavior for MAEs among nurses in Ghana. A descriptive qualitative cross-sectional study was conducted among nurses in a district catholic hospital in Ghana. The level of nurses' knowledge of MAEs, causes of such errors, barriers to reporting, and strategies for minimizing errors were assessed. Purposive sampling was used to select a total sample of 20 nurses interviewed face-to-face using an in-depth method. The interviews were recorded, transcribed, and analyzed thematically. The study found that all nurses are aware of MAEs, which serve as the basis for decision-making. However, some nurses do not report these errors when they occur. Factors such as workload, stress and tiredness, staff shortage, difficulty calculating drug dosage, inadequate knowledge about specific medications, distractions during administration, and patient-related factors were identified as common causes of MAEs. The study also revealed that hospital management and the potential negative consequences of reporting errors, such as unpleasant reactions, lawsuits, and loss of a job, are significant barriers to reporting. Regular training workshops should be conducted to update nurses' knowledge about the importance of reporting medication errors, the reporting process, new medications and their administration, to develop a policy document that promotes a nonblaming, nonpunitive, and supportive learning culture for MAE medic reporting.
弱相关/需人工排除	护士给药错误/近失/用药安全流程	40850027	10.1016/j.ijnurstu.2025.105187	2025	Omission of regular medications in aged care facilities: a retrospective observational study.	International journal of nursing studies	Garratt SM; Prasad M; Ottosen K; Manias E	Q3_nursing_monitoring_admin	In aged care facilities, medications are typically administered to older adults by authorized aged care workers. Medication dose omissions may occur during this process, where a prescribed dose is not administered before the next scheduled dose time. Published research on medication dose omissions almost exclusively focuses on hospital settings, with dose omissions described as mistakes or a form of administration error. There is very little empirical evidence about medication dose omissions in aged care facilities, how they occur, the medications omitted, and why. The aim of this study was to characterize medication dose omissions in the context of Australian aged care facilities, outlining the prevalence of omissions, most commonly omitted medications, omission categories, timing of omissions, and reasons behind medication dose omissions. A retrospective observational study was conducted using de-identified secondary medication administration data from two national electronic medication chart providers, spanning from March 17th 2023 to March 18th 2024. All regular medication dose omission events over the timeframe were included. Data included resident demographics, aged care workers role permissions, and free-typed reasons and rationales aged care workers had recorded for each dose omission. Data were analyzed using descriptive statistics, independent sample t-tests, activity pattern analysis, and Spearman's correlation. In total, 12,438 residents lived in aged care facilities during the timeframe, across 287 aged care facilities. Residents experienced a median of one dose omission per 100 doses dispensed (IQR 0.45-2.66). Certified nursing staff were the primary recorders of omitted doses (60 %). The Anatomical Therapeutic Chemical classifications most omitted were alimentary tract and metabolism medications (one dose omission per 26.84 doses), and nervous system medications (one dose omission per 53.65 doses). The most omitted medications included forms of paracetamol, laxatives, and lubricating eye drops. In all, 56 % of medication omission records lacked corresponding details about the factors or decision-making that led to the omission. Regular medications were omitted, but inconsistently recorded in Australian aged care facilities. Standardization and education around managing and recording omissions may improve resident-centric medication administration in aged care facilities, better support aged care workers' clinical decision-making, and help to inform more nuanced medication reviews.
弱相关/需人工排除	其他	41075050	10.1007/s40520-025-03183-5	2025	Polypharmacy appropriateness in Italian Long-Term Care Facilities: the nationwide prescription day point survey.	Aging clinical and experimental research	Malara A; Zucchelli A; Trevisan C; Borselli G; Incalzi RA; Onder G	Q3_nursing_monitoring_admin	Global population aging is increasing the demand for Long-Term Care Facilities to support older adults with complex health needs. The Prescription Day LTCFs project is a national multicenter point-prevalence study, conducted by the Italian Society of Gerontology and Geriatrics in collaboration with the ANASTE Humanitas Foundation, investigated medication prescription patterns and administration practices in 3,400 residents across 82 facilities in Italy. Participants had a mean age of 84.7 years, with a high prevalence of frailty (49.7%) and polypharmacy (84.8% taking five or more medications). Common chronic conditions included hypertension, dementia, and dysphagia. The study highlighted the complexity of pharmacological regimens, emphasizing risks related to potentially inappropriate medications, drug-drug interactions, and frequent modifications of solid oral dosage forms to facilitate administration in residents with swallowing difficulties or cognitive impairment. These complexities contribute to increased nursing workload. Despite advances in deprescribing research, polypharmacy remains highly prevalent, underlining the need for tailored prescribing guidelines. Variability among Long Term Care Facilities reflects differences in organization and regional healthcare frameworks. The findings provide a valuable foundation for developing strategies to optimize medication management, enhance safety, and improve quality of care in Italian Long Term Care Facilities. This study also offers insights to inform healthcare policies and best practices in pharmacological care for older adults in Long Term Care settings. PRE BIO CE n. 0027032 (20/06/2024), National Ethics Committee, Istituto Superiore di Sanità, Rome, Italy.
强护理前置	护士给药错误/近失/用药安全流程	39449460	10.3390/nursrep14040223	2024	Paediatric Emergency Nurses' Perception of Medication Errors: A Qualitative Study.	Nursing reports (Pavia, Italy)	Collado-González B; Fernández-López I; Urtubia-Herrera V; Palmar-Santos AM; García-Perea E; Navarta-Sánchez MV	Q3_nursing_monitoring_admin;Q5_med_admin_errors_nurses	Patient safety is fundamental to healthcare. Adverse events, particularly medication errors, cause harm to patients, especially the paediatric population in the emergency department. To explore paediatric emergency nurses' perceptions of medication administration errors. A qualitative, ethnomethodological, descriptive study. The participants were nurses working in the paediatric emergency department. Data were collected through in-depth individual interviews with paediatric emergency nurses. The study excluded nurses employed for less than six months. Ten individual interviews were carried out. All interviews were face-to-face and audio-recorded with the participant's consent. Interviews took between 52 min and 1 h 25 min. A questions guide was followed during the interviews. The analysis of the data was carried out according to the scheme proposed by Taylor and Bogdan. The participants' discourse revealed three main categories: Safety culture, transmitted by supervisors and safety groups. Teamwork, with good communication and a positive relationship. Error management, the lack of formal support and negative feelings despite an understanding of the multifactorial nature of errors. The study identifies several challenges in the healthcare system. Emphasis was placed on the perception of errors in terms of patient harm, while near misses or dose delays or omissions are not treated as errors. Although institutions have implemented safety culture strategies, nurses have not fully embraced them. There is a need to promote a positive safety culture and a safe working environment that encourages communication within the team. The hospital should provide training in safe management and patient safety and develop effective protocols. This study was not registered.
强护理前置	护士给药错误/近失/用药安全流程	39266110	10.1016/j.profnurs.2024.06.008	2024	Educational preparedness and perceived importance on confidence in new graduate registered nurses' medication administration.	Journal of professional nursing : official journal of the American Association of Colleges of Nursing	Westman J; Johnson KD; Smith CR; Kelcey B	Q3_nursing_monitoring_admin;Q5_med_admin_errors_nurses	Medication errors are the most common type of error affecting patient safety and the most preventable cause of adverse medical events globally. Medication errors occur most frequently (33.3 %) during the administration phase. New nurses felt their education left them vulnerable to errors, suggesting that current curricula may be insufficient. The purpose of this study was to determine the relationship between new nurses' educational preparedness and perceived importance with confidence in medication administration. A secondary aim was to determine the difference in the variables based on demographic information. A descriptive, correlational design was employed using the Theory of Human Error. Ohio newly licensed nurses were surveyed for their educational preparedness, perceived importance, and confidence in nine medication competencies. Descriptive and inferential statistics were used. N = 201. A significant, positive relationship was found between both educational preparedness and confidence, and perceived importance and confidence. Nurses reported high levels of educational preparedness, perceived importance, and confidence. All correlations and regressions were significant, indicating that as nurse educational preparedness and/or perceived importance increases, the odds of confidence increases. Demographic analysis demonstrated that practice area and years of experience significantly contributed to differences in the variables. Understanding the educational preparedness and perceived importance of the medication competencies can help guide future research into creating educational and clinical interventions to ultimately decrease medication errors.
中等护理相关	护士给药错误/近失/用药安全流程	42031420	10.1136/bmjhci-2025-101507	2026	Does the accuracy of medication administration documentation improve with electronic medication systems? A stepped-wedge cluster randomised trial.	BMJ health & care informatics	Badgery-Parker T; Li L; Woods A; Raban M; Westbrook J	Q3_nursing_monitoring_admin	Accurate documentation of medication administration is crucial for patient safety. This study compares the accuracy of documentation between paper-based and electronic medication management (eMM) systems. A secondary analysis of data from a stepped-wedge cluster randomised trial of an eMM implementation was conducted. The eMM module allowed electronic prescribing, recording of drug dispensing, drug administration and medication reconciliation and monitoring. Medication administration processes were observed in a tertiary paediatric hospital in Sydney, Australia. Trained nurse observers recorded details of medication administrations which were then compared with the information documented by nurses about the administrations. 5095 administrations were analysed. With eMM compared with paper, significantly fewer administrations had no time documented (adjusted OR (aOR) 0.15; 95% CI 0.07 to 0.34; p<0.001), but documented details were more often inaccurate (aOR 4.6; 95% CI 3.3 to 6.6). Fewer doses were administered from incorrect prescriptions with eMM (aOR 0.25; 95% CI 0.18 to 0.36). eMM improves certain aspects of documentation but introduces new challenges, particularly in accurately recording administration details. Further investigation is needed to optimise these systems. Australian New Zealand Clinical Trials Registry 370325.
强护理前置	护士给药错误/近失/用药安全流程	42133931	10.1080/01612840.2026.2621863	2026	Mental Health Nurses' Experiences of a Medication Administration Error (MAE) - A Scoping Review.	Issues in mental health nursing	Betts P; McCarthy S; Mahony JO; Lehane E	Q3_nursing_monitoring_admin;Q5_med_admin_errors_nurses	Nurses spend up to 40% of their time safely administering medication. Medication administration errors (MAEs) are a concern as they can compromise patient safety and increase the risk of morbidity and mortality. Although some research has investigated factors that influence MAEs, there has been limited attention paid to the impact and unique experiences of mental health nurses directly involved in such errors. The scoping review intended to explore literature on the experiences of mental health nurses regarding MAEs within the hospital setting. A database search found 540 citations, with one extra study identified through reference lists; no new papers were found in the grey literature. Three papers included: an editorial and two qualitative studies. Using MMAT for quality appraisal, the review showed that mental health nurses' experiences of MAEs were shaped by workload, staffing, ward dynamics, patient involvement, and communication. Nurses reported emotional responses such as fear, anxiety, stress, relief, and guilt. Mental health nurses administer medication, yet the effects of MAEs are largely overlooked, with only three studies covering this area. This review highlights the importance of understanding factors and emotions related to MAEs. While nurses shared experiences, the studies did not explain how they interpreted these errors.
中等护理相关	护士主导随访/监测/管理	42060234	10.1007/s11096-026-02141-z	2026	Barriers and facilitators for the implementation of medication safety recommendations: focus groups with stakeholders.	International journal of clinical pharmacy	Oude Lansink MAM; Vervloet M; van Tholen L; Dankers M; Heringa M; van den Bemt BJF	Q3_nursing_monitoring_admin;Q5_med_admin_errors_nurses	Multiple medication safety recommendations to reduce preventable medication-related hospitalisations have been introduced in the Netherlands. Still, these hospitalisations remain prevalent. This might be due to suboptimal implementation in clinical practice. Therefore, more insight is needed into barriers and facilitators for the implementation of these medication safety recommendations across healthcare sectors. This study aimed to identify barriers and facilitators for implementing medication safety recommendations across healthcare sectors from the perspective of various stakeholders. A selection of 17 Dutch medication safety recommendations targeting medications responsible for a large proportion of medication-related hospitalisations was evaluated in focus groups to identify barriers and facilitators to their implementation. These included recommendations for: reducing fall risk in elderly; initiating prophylactic medication; monitoring patients at risk of electrolyte disorders; clarifying responsibilities for patient care; informing patients about alarm symptoms; and prescribing antithrombotics on strict indication. Stakeholders were selected through purposive sampling based on their profession and healthcare sector. Transcripts of audio-recordings were analysed inductively, after which implementation factors were categorised using the Consolidated Framework for Implementation Research. Thirty stakeholders were divided into five focus groups. These included community pharmacists (n = 9), general practitioners (n = 4), hospital pharmacists (n = 3), representatives from healthcare knowledge organisations (n = 3), patient representatives (n = 2), medical specialists (n = 2), nurses (n = 2), and other stakeholders (n = 5). Forty-nine barriers and facilitators were identified. Key themes were lack of specified responsibilities, limited information exchange, local collaboration and protocol adherence. Recommendations with a lower level of implementation often required collaboration with multiple healthcare providers, whereas recommendations with a higher level of implementation were frequently supported by clinical decision support systems. A broad range of barriers and facilitators to the implementation of medication safety recommendations was identified. Overall, the findings highlight the need for recommendations with specified responsibilities, improved information exchange, strengthened local collaboration, and increased protocol adherence.
强护理前置	护士给药错误/近失/用药安全流程	39308556	10.1016/j.rcsop.2024.100504	2024	Comparing nursing medication rounds before and after implementation of automated dispensing cabinets: A time and motion study.	Exploratory research in clinical and social pharmacy	Jeffrey E; Walsh Á; Hague J; Lai K	Q3_nursing_monitoring_admin	Nursing medication administration is an integral, albeit time consuming component of a nursing shift. Automated dispensing cabinets (ADCs) are a medicines management solution designed to improve both efficiency and patient safety. This study aimed to evaluate the time taken to undertake a medication round including the number of locations visited to retrieve medicines, across four different clinical specialties within one hospital. Studies to date have investigated the effect of ADCs on nursing medication rounds centred around one clinical specialty, in hospitals with varying levels of digital maturity. This study adds to the existing body of evidence by investigating multiple clinical specialties where EPMA in use throughout the study period. In this study, prior to ADC implementation nurses retrieved required medicines from shelves in the medication room, mobile medication carts, and patients' own drug (POD) lockers. Post-ADC implementation, medicines were retrieved exclusively from the ADC and POD lockers only. Nurses were observed on each ward completing medication rounds, using the data collection tool designed for this study. Pre-implementation data was collected between February and June 2023, and post-implementation data collected between July and September 2023. There was a statistically significant reduction in the time required for medicines retrieval on the surgical ward only, post- ADC implementation. The time taken to retrieve each medication went from a mean of 98.1 s to 47.2 s (p = 0.0255). When comparing all four specialties as a whole, there was a reduction in the mean time required to issue each medicine preversus post-ADC implementation, from 83.3 s to 62.6 s respectively, however this difference was not shown to be statistically significant. The mean number of locations visited to obtain all required medicines for each patient reduced significantly from 1.73 to 1.04 (p < 0.01). There is potential for improved efficiency as nurses become more familiar with new workflows. It may be of benefit to repeat this study to ascertain whether time savings have been further improved.
弱相关/需人工排除	护士给药错误/近失/用药安全流程	38014840	10.1177/10600280231212890	2024	Assessing the Clinical, Economic, and Health Resource Utilization Impacts of Prefilled Syringes Versus Conventional Medication Administration Methods: Results From a Systematic Literature Review.	The Annals of pharmacotherapy	Benhamou D; Weiss M; Borms M; Lucaci J; Girgis H; Frolet C	Q3_nursing_monitoring_admin;Q5_med_admin_errors_nurses	The objective of this systematic review was to assess the clinical, economic, and health resource utilization outcomes associated with the use of prefilled syringes in medication administration compared with traditional preparation methods. We conducted a systematic literature review to evaluate outcomes such as medication errors, wastage, time savings, and contamination in prefilled syringes. Our search encompassed multiple databases, including PubMed and Embase, for studies published between January 1, 2017, and November 1, 2022. Peer-reviewed publications meeting our inclusion criteria underwent rigorous screening, including title, abstract, and full-text article assessments, performed by two reviewers. Among reviewed articles, 24 met our eligibility criteria. Selected studies were primarily observational (46%) and conducted in Europe (46%). Our findings indicated that prefilled syringes consistently reduced medication errors (by 10%-73%), adverse events (from 1.1 to 0.275 per 100 administrations), wastage (by up to 80% of drug), and preparation time (from 4.0 to 338.0 seconds) (ranges varied by drug type, setting, and dosage). However, there was limited data on contamination. Economically, prefilled syringes reduced waste and error rates, which may translate into overall savings. This review highlights the value of prefilled syringes, which can streamline medication delivery, save nursing time, and reduce preventable medication errors. Moreover, prefilled syringes have the potential to minimize medication wastage, optimizing resource utilization and efficiency in health care settings. Our findings provide new insights into clinical and economic benefits of prefilled syringe adoption. These benefits include improved medication delivery and safety, which can lead to time and cost reductions for health care departments, hospitals, and health systems. However, further real-world research on clinical and economic outcomes, especially in contamination, is needed to better understand the benefits of prefilled syringes.
中等护理相关	护士给药错误/近失/用药安全流程	40201765	10.2147/RMHP.S500340	2025	Optimizing Strategies for Managing Difficult Intravenous Access.	Risk management and healthcare policy	Saad AA; Simsekler MCE; Ahmed S; Ouda R; Khaddam O; Sanousi M	Q3_nursing_monitoring_admin	Difficult intravenous (IV) access (DIVA) remains a significant challenge in healthcare, leading to treatment delays, patient discomfort, and adverse outcomes. Contributing factors include patient conditions (eg, obesity, dehydration, anatomical variations) and provider-related challenges (eg, inadequate training, improper technique). Addressing DIVA requires a structured, data-driven approach. This study examines the root causes of IV access complications, their prevalence, and distribution across healthcare settings. It evaluates the impact of an escalation pathway and data-driven strategies to improve IV success rates, provider training, and process standardization. A retrospective analysis was conducted on 311 DIVA patients at Sheikh Shakhbout Medical City (SSMC), Abu Dhabi, UAE, over seven months (June-December 2023). Data were obtained from electronic medical records (EMR) and Intensive Care Outreach Nurse (ICON) consultation forms. A novel IV escalation pathway and documentation system facilitated data collection on patient demographics, IV access reasons, and primary diagnoses. Among ICON-assisted patients, 74.6% had a known DIVA history, with cancer and renal disease being common conditions. ICONs achieved a first-attempt success rate of 68.8%, underscoring the need for improved floor nurse training. The most frequent IV access indications were medication administration, antibiotics, laboratory tests, and analgesia. Additionally, 57.3% of ICON consultations occurred outside standard hours, highlighting resource allocation challenges. Structured escalation pathways, advanced nurse training, and data-driven decision-making are critical in addressing DIVA. Recommendations include a dedicated IV access team, ultrasound-guided cannulation, and predictive analytics to identify high-risk patients, ultimately enhancing patient outcomes and healthcare efficiency.
强护理前置	护士给药错误/近失/用药安全流程	40828586	10.1097/01.NEP.0000000000001451	2025	Deliberate Practice of Medication Administration Among Nursing Students: A Multisite Study.	Nursing education perspectives	Schroers G; Vanderzwan K; Kilroy S; Klenke-Borgmann L; Pfieffer J; Tell D	Q3_nursing_monitoring_admin;Q5_med_admin_errors_nurses	The aim of the study was to determine the effectiveness of deliberate practice of medication administration on decreasing medication administration errors among prelicensure nursing students. The deliberate practice method is credited to improving various skills. Little is known about deliberate practice of medication administration. A repeated-measures quasi-experimental research study was conducted at four sites. Volunteer participants independently completed eight simulated medication administration scenarios across six study visits spaced by a minimum of four weeks. Each visit included deliberate practice of medication administration. Observational data on medication errors were collected. Changes in errors over assessment times were analyzed using the generalized estimating equations model. Multiple covariates were investigated. Sixty students participated. The error rate per medication was 86 percent at baseline and 7 percent at the final assessment. Assessment time was a significant predictor of error (p < .001). Findings provide support for deliberate practice in improving and retaining medication administration skills.
弱相关/需人工排除	护士给药错误/近失/用药安全流程	41490026	10.1177/1877718X251410503	2026	Consensus expert recommendations for management of dysphagia during hospital admission in Parkinson's disease.	Journal of Parkinson's disease	Safarpour D; Brooks A; Smiley A; Katzka DA; Shprecher DR; Greene JG	Q3_nursing_monitoring_admin	Dysphagia is a common and often underrecognized symptom in patients with Parkinson's disease (PD) that is frequently overlooked during hospitalization. Dysphagia may be present without overt clinical signs, complicating timely identification and intervention. The absence of clear guidelines for managing dysphagia in hospitalized patients with PD often results in delays in medication administration, with subsequent deterioration in both motor and non-motor symptoms. This consensus paper, developed through collaboration among experts in otolaryngology, gastroenterology, neurology, hospital medicine, nursing, social work, speech-language pathology, pharmacy, and nutrition, presents comprehensive recommendations for the evaluation and management of dysphagia in hospitalized patients with PD. These guidelines emphasize the importance of early screening, appropriate diagnostic evaluation, and multidisciplinary involvement to support timely and safe oral intake and sustained medication schedules. Special consideration is given to the role of alternative medication formulations and compensatory strategies when swallowing impairments are identified. Recognizing the variability in access to specialty care, especially in rural and community hospital settings, these recommendations also provide practical tools for providers. They outline when to initiate swallowing evaluations, criteria for specialist referral, use of telemedicine for consultations with specialists, and strategies to bridge care from the inpatient to outpatient setting. By implementing these consensus guidelines, healthcare teams can improve the safety, outcomes, and hospital experience of patients with PD, while reducing complications and length of stay associated with dysphagia-related issues.Plain language titleConsensus expert recommendations for management of swallowing difficulties in patients with Parkinson's disease during hospitalization.
强护理前置	护士给药错误/近失/用药安全流程	37424324	10.1177/10598405231184387	2025	Competence and Stress of Medication Administration Practices for School Nurses in K-12 Taiwan Schools.	The Journal of school nursing : the official publication of the National Association of School Nurses	Yu HY; Huang CH; Liao LL; Lin HL; Chang LC	Q3_nursing_monitoring_admin	We investigated school nurses' experiences, perceived government support, school nurses' acceptance of responsibility for medication administration, perceived stress, and perceived competence of medication administration and analyzed factors associated with perceived competence. In this cross-sectional study, from February to April 2023, we conducted an online survey of 269 school nurses serving at K-12 schools in Taiwan. The results revealed that although 71% of the participants had prior experience with medication administration, they reported low competence and high stress in areas such as drug interactions, adverse drug effects, and referrals. The school nurses' disagreement with responsibilities for medication administration emerged as the only factor to be significantly associated with perceived medication administration competence, accounting for 22.8% of the variance. We recommend implementing continuing training programs to provide school nurses with up-to-date medication information. Additionally, the development of practice guidelines is suggested as a means of enhancing nurses' competence and reducing their stress levels for the administration of medications.
中等护理相关	护士给药错误/近失/用药安全流程	39049319	10.3233/SHTI240213	2024	Introduction of Mobile Technology to Improve Emergency Department BCMA Rates.	Studies in health technology and informatics	Lunt C	Q3_nursing_monitoring_admin	Barcode Medication Administration (BCMA) is a proven process for maintaining patient safety during medication administration. However, maintaining compliance with BCMA scanning in the Emergency Department has its challenges. To overcome these challenges handheld devices, enabled with scanning technology, were provided to each nurse. BCMA compliance rates increased by 20% over a 6-month period. Handheld devices work to improve BCMA compliance in the ED environment when using a 1:1 model.
弱相关/需人工排除	护士给药错误/近失/用药安全流程	38973246	10.1111/jan.16318	2025	Medication administration in aged care facilities: A mixed-methods systematic review.	Journal of advanced nursing	Garratt S; Dowling A; Manias E	Q3_nursing_monitoring_admin;Q5_med_admin_errors_nurses	To synthesize aged care provider, resident and residents' family members' perspectives and experiences of medication administration in aged care facilities; to determine the incidence of medication administration errors, and the impact of medication administration on quality of care and resident-centredness in aged care facilities. A mixed-methods systematic review. CRD42023426990. The AMED, CINAHL, MEDLINE, EMBASE, EMCARE, PsycINFO, Scopus and Web of Science core collection databases were searched in June 2023. Included studies were independently screened, selected and appraised by two researchers. The Preferred Reporting Items for Systematic Reviews and Meta-Analysis (PRISMA) checklist was followed, with the Mixed Methods Appraisal Tool was used for critical appraisal. Convergent synthesis of data, thematic synthesis and meta-analysis were performed. One hundred and twenty-eight studies were included (33 qualitative, 85 quantitative and 10 mixed-methods). Five themes were formulated, including 1) Staffing concerns, 2) The uncertain role of residents, 3) Medication-related decision-making, 4) Use of electronic medication administration records and 5) Medication administration errors. Educational interventions for aged care workers significantly reduced medication administration errors, examined across five studies (OR = 0.37, 95%CI 0.28-0.50, p < .001). Medication administration in aged care facilities is challenging and complex on clinical and interpersonal levels. Clinical processes, medication errors and safety remain focal points for practice. However, more active consideration of residents' autonomy and input by aged care workers and providers is needed to address medication administration's interpersonal and psychosocial aspects. New directions for future research should examine the decision-making behind dose form modification, aged care workers' definitions of medication omission and practical methods to support residents' and their family members' engagement during medication administration. It is important that medication administration in aged care facilities be more clearly acknowledged as both a clinical and interpersonal task. More attention is warranted regarding aged care workers clinical decision-making, particularly concerning dose form modification, covert administration and medication omissions. Resident-centred care approaches that support resident and family engagement around medication administration may improve adherence, satisfaction and quality of care. What Problem Did the Study Address? Medication administration in aged care facilities is a complex clinical and interpersonal activity. Still, to date, no attempts have been made to synthesize qualitative and quantitative evidence around this practice. There is a need to establish what evidence exists around the perspectives and experiences of aged care workers, residents and resident's family members to understand the challenges, interpersonal opportunities and risks during medication administration. What Were the Main Findings? There is a lack of empirical evidence around resident-centred care approaches to medication administration, and how residents and their families could be enabled to have more input. Dose form modification occurred overtly and covertly as part of medication administration, not just as a method for older adults with swallowing difficulties, but to enforce adherence with prescribed medications. Medication administration errors typically included medication omission as a category of error, despite some omissions stemming from a clear rationale for medication omission and resident input. WHERE AND ON WHOM WILL THE RESEARCH HAVE AN IMPACT?: The findings of this systematic review contribute to aged care policy and practice regarding medication administration and engagement with older adults. This review presents findings that provide a starting point for aged care workers in regards to professional development and reflection on practice, particularly around clinical decision-making on dose form modification, medication administration errors and the tension on enabling resident input into medication administration. For researchers, this review highlights the need to develop resident-centred care approaches and interventions, and to assess whether these can positively impact medication administration, resident engagement, adherence with prescribed medications and quality of care. This systematic review was reported in accordance with the Preferred Reporting Items for Systematic Reviews and Meta-Analyses (Page et al., 2021). No patient or public contribution to this systematic review.
中等护理相关	护士给药错误/近失/用药安全流程	40828588	10.1097/01.NEP.0000000000001452	2025	Tool Development and Testing: An Objective Measurement of Medication Administration Competency.	Nursing education perspectives	Schroers G; Pfieffer J	Q3_nursing_monitoring_admin	Nurses are largely responsible for the safety of medication administration when providing direct patient care. Educators require objective tools to assess and evaluate medication administration skills. Thus, the Objective Medication Administration Tool (OMAT©) was created. The development of the OMAT was guided by standards, evidence, and the competency outcomes and performance assessment theoretical model. Thirteen experts assessed the OMAT for content validity. Item content validity indexes ranged .89 to 1.0. Scale content validity average was .98. Interrater reliability was established among five trained raters. Cohen kappa values ranged .89 to .98. Findings provide preliminary support for the validity and reliability of the OMAT.
中等护理相关	护士给药错误/近失/用药安全流程	41921021	10.1097/DCC.0000000000000758	2026	Breaking Barriers: Improving Documentation in Titratable Medication Administration.	Dimensions of critical care nursing : DCCN	Kamp R	Q3_nursing_monitoring_admin	A newly opened Medical Intensive Care Unit identified variation in nursing documentation practices related to titratable medications, with underlying causes initially unclear. The primary aim of this quality improvement initiative was to reduce variation in titratable medication documentation practices by identifying and addressing barriers to compliance. Using an improvement science approach informed by protocol-based care and iterative Plan-Do-Study-Act cycles, the project identified key barriers, including workflow inefficiencies, documentation complexity, and knowledge gaps. A targeted educational intervention was subsequently developed, and auditing tools were used to assess sustainability. Following the intervention, compliance with titratable medication documentation improved from a baseline of 78.5% to 88.7%, as demonstrated by audits conducted 3 months postintervention. Pre- and postclass surveys also showed significant improvements in nurses' confidence and competence in documenting and managing titratable medications. This project provides insight into the development of collaborative, data-driven educational interventions that foster accountability, enhance clinical documentation practices, and ultimately improve patient safety and care quality in critical care settings. Future quality improvement efforts may benefit from incorporating simulation-based strategies.
强护理前置	护士给药错误/近失/用药安全流程	39112994	10.1186/s12912-024-02213-3	2024	The link between patient safety competence and adverse event among master of nursing students: a cross-sectional mixed-methods study.	BMC nursing	Zhang X; Wang F; Wang Q; Liu H; Lee SY	Q3_nursing_monitoring_admin	Patient safety (PS) is a core competency for registered nurses. However, there is a gap between the PS competence of nursing students and their clinical experience in PS. This study explored the effect of PS competence levels on the occurrence of adverse events (AEs) among nursing master's students in China. A sequential mixed methods design was used, with a purposive sample across seven colleges. A total of 327 graduate nursing students, aged 22 to 38, participated in the survey, and 15 participated in qualitative interviews. The Health Professional Education in Patient Safety Survey (H-PEPSS) assessed the students' competence levels in PS. The respondents also reported any AEs that they had been involved in over the past year. A total of 78 AEs occurred in the past year, with 17.7% of the participants involved 1 to 3 AEs. The most common AEs were medication administration errors (30.77%) and improper use of medical equipment/supplies (28.20%). Students acquired more competencies from the clinical setting than from the classroom setting. Three competencies learned from classroom settings were associated with clinical AEs: low clinical safety skills [OR = 0.61], inappropriate identify, response to and disclosing AE and close calls [OR = 0.454], and low confidence in working in teams with other health professionals [OR = 2.168]. Qualitative data analysis revealed five themes: recognizing AEs, reducing harm by addressing immediate risks to patients and others involved, promoting safe medication and clinical practice, managing members' authority and team dynamics, and dealing with inter-professional conflict. The quantitative and qualitative data align, supporting the enhancement of students' PS competence.
中等护理相关	护士给药错误/近失/用药安全流程	40423205	10.3390/nursrep15050173	2025	Steps to Adapt the Medication Administration Error Survey in Highly Specialised Units-Polish Perspectives.	Nursing reports (Pavia, Italy)	Kwiecień-Jaguś K; Mędrzycka-Dąbrowska W; Kopeć M	Q3_nursing_monitoring_admin;Q5_med_admin_errors_nurses	Background and Objectives: Medication errors are a critical issue in healthcare systems worldwide, contributing to significant patient harm, with studies indicating that medication-related incidents are among the most common causes of adverse events in medical practice. There are between 80 and 200 steps in providing a single patient with a single dose of drugs, with five stages, including prescription, preparation, dispensation, administration and monitoring. This study aims to describe and validate the MAEs (Medication Administration Error Scale) tool, which investigates the most common causes of medication errors in medication administration. Materials and Methods: Independent translators translated the original version of the scale using language verification. The agreed-upon version of the translation was then assessed by a team of nurses, specialists in anaesthetic and intensive care nursing, in terms of understanding the translated content. After introducing changes resulting from linguistic and organisational differences, a survey questionnaire was prepared and used in the pilot study. Eighty-six respondents participated in the pilot study via the Office 365 platform and the Forms programme. The research was led by nurses who work in highly specialised units. The reliability of the translated version of the questionnaire was examined by calculating the Cronbach's alpha coefficient. Results: The tool's internal consistency across ranges was within acceptable limits. For part A (questions 1-29), it was 0.93; for part B (questions 30-45), it was 0.94. In part C, regarding the percentages of the type of error occurring in a given medical facility, Cronbach's alpha coefficient was 0.97. When the factor loadings of the items were evaluated, they were determined to be in the range of 0.602-0.783. In this context, the factor loading levels of the items in the 5-factor model were high and sufficient. Conclusions: The statistical analyses suggest that the Polish version of the Medication Administration Error Survey demonstrates satisfactory reliability and is a promising tool for assessing the cause of medication administration errors.
中等护理相关	护士给药错误/近失/用药安全流程	39656963	10.1093/ajhp/zxae374	2025	Medication administration by inpatient pharmacists: Innovative interdisciplinary care teams.	American journal of health-system pharmacy : AJHP : official journal of the American Society of Health-System Pharmacists	Boothby L; Webb E; Goodlett D; Brown K; Odinet J	Q3_nursing_monitoring_admin	"Pharmacists traditionally provide clinical pharmacy services in acute care settings. Two hospitals within our system integrated medication administration pharmacists into inpatient interdisciplinary care teams. Goals of this interdisciplinary care model were to improve productivity, quality, safety, patient satisfaction, and team member engagement while decreasing waste in the medication-use process and reliance on external nursing agency support. The new pharmacy role of medication administration pharmacist (MAP pharmacist) was integrated into the inpatient interdisciplinary care team. This new pharmacy role was not responsible for order verification in the electronic medical record. MAP pharmacists administered 99% of medications for assigned patients, averaging 100 to 120 medication administrations per day. Pharmacists educated patients about medications, including their purpose and most common adverse effects, using the teach-back method. Patient satisfaction scores increased 37% for patients' ability to understand adverse effects of medications and 44% for understanding the purpose of their new medications. Annual nursing staff turnover decreased from 30% to 7%, with a $2 million decrease in external nurse agency spend from 2022 to 2023. Pharmacist team member satisfaction scores, as measured on a Press Ganey scale ranging from 1 (poor) to 5 (very good), remained high, at a mean of 4.00 for engagement, with ""progress,"" ""quality work, and ""knows what is expected"" cited as strengths (mean scores of 4.23-4.46). The mean Press-Ganey score for pharmacy well-being increased from 3.80 in 2022 to 3.99 in 2023. Pharmacy opportunities identified via survey include enhanced communication and continued professional development. Post implementation, all surveyed nurses requested medication administration pharmacists on the inpatient interdisciplinary care team moving forward. The interdisciplinary care team with pharmacists enhanced medication safety and quality indicators, improved nursing satisfaction with workflow, and had a positive impact on patient satisfaction. Increased nursing capacity allowed for expanded assignments and nurse-to-patient ratios, as well as decreased reliance on external nurse agency support. Due to the overwhelming success of the initiative, MAP pharmacists' role as part of the interdisciplinary care team is being expanded to additional hospital service lines throughout the healthcare system."
中等护理相关	护士给药错误/近失/用药安全流程	39160515	10.1186/s12912-024-02248-6	2024	Simulated medication administration for vulnerable populations using scanning technology: a quasi-experimental pilot study.	BMC nursing	Meginniss A; Coffey C; Clark KD	Q3_nursing_monitoring_admin;Q5_med_admin_errors_nurses	Medication errors may occur due to shortcuts and pressures on time and resources on nurses. Nursing students are enculturated into these environments where their perceptions of norms around reporting and responding to medication errors are formative, yet simulated medication administration experiences are rarely reflective of the real-world environment. such as the standard use of medication scanning technology. The purpose of the present study is to test a pilot intervention, Medication Quick Response (QR) code scanning, and evaluate its effect on medication errors during simulation when compared to traditional simulation medication administration practices and to assess the students' perceptions of the intervention. We conducted a quasi-experimental, observational study involving Junior and Senior (3rd and 4th year) undergraduate, pre-licensure nursing students from Spring 2022 until Fall 2023. Seven simulations were conducted in pediatric and obstetric courses. The intervention group used non-patented, low cost QR scanning during medication administration. The control group used standard manual administration. Medication errors were measured based on the quantity, type of error, and degree of patient risk. A Qualtrics survey was used to assess the students' perceptions of the intervention following simulation participation. A total of 166 students participated in the study. In each course, 7 groups were assigned to the intervention and 8 were assigned to the control. More than half of the groups made at least one medication error (n = 17), one-third of groups (n = 10) made a high-risk medication error. There was no statistically meaningful difference in the rate, type, or potential patient risk of medication errors between the intervention and control groups. The majority of participants (n = 53) felt that QR scanning more closely mimicked medication administration in clinical settings. Half of the participants responded that it improved their safety practices (n = 37). The results of this pilot study indicate that while there is a high risk for error among pre-licensure nursing students, the use of QR scanning did not increase the risk of medication errors. The next study iteration will build upon these pilot findings to integrate the use of embedded medication errors, time management tasks, and a multi-site implementation.
中等护理相关	护士给药错误/近失/用药安全流程	42450859	10.3390/healthcare14131850	2026	The Proportion of Self-Reported Medication Administration Errors and Associated Factors: A Cross-Sectional Study.	Healthcare (Basel, Switzerland)	Banakhar M; Katooa N; Alyoubi N; Aloqmani S; Alyoubi R; Alsharif K	Q3_nursing_monitoring_admin;Q5_med_admin_errors_nurses	(1) Background: Medication administration errors (MAEs) are potentially harmful incidents that may be avoidable. This study aimed to assess the proportion of self-reported MAE reporting among nurses in Saudi Arabia and to identify the associated factors. (2) Methods: A descriptive cross-sectional study was conducted among 259 nurses at a teaching hospital from January to March 2023. Data were collected via an electronic questionnaire and analyzed using descriptive statistics. (3) Results: The results of this study revealed that medication administration errors were reported at a higher level. The study demonstrated that nurses notify their department when a medication administration error occurs. The primary contributing factors identified for not reporting MAEs were high workload (84.1%) and fear of legal action (42.5%). Double-checking medications was the most recommended preventive measure (99.7%). (4) Conclusions: Recommendations to increase MAE reporting include workload management and fostering a non-punitive reporting culture to enhance patient safety.
中等护理相关	护士给药错误/近失/用药安全流程	38902018	10.1136/bmjqs-2023-016868	2024	Raising the barcode: improving medication safety behaviours through a behavioural science-informed feedback intervention. A quality improvement project and difference-in-difference analysis.	BMJ quality & safety	Grailey K; Brazier A; Franklin BD; McCrudden C; Fernandez Crespo R; Brown H	Q3_nursing_monitoring_admin	Barcode medication administration (BCMA) technology can improve patient safety by using scanning technology to ensure the right drug and dose are given to the right patient. Implementation can be challenging, requiring adoption of different workflows by nursing staff. In one London National Health Service trust scanning rates were lower than desired at around 0-20% of doses per ward. Our objective was to encourage patient safety behaviours in the form of medication scanning through implementation of a feedback intervention. This was informed by behavioural science, codesigned with nurses and informed by known barriers to use. Five wards were selected to trial the intervention over an 18-week period beginning August 2021. The remaining 14 hospital wards acted as controls. Intervention wards had varying uptake of BCMA at baseline and represented a range of specialties. A bespoke feedback intervention comprising three behavioural science constructs (gamification, the messenger effect and framing) was delivered to each intervention ward each week. A linear difference-in-difference analysis was used to evaluate the impact of our intervention on scan rates, both for the overall 18-week period and at two weekly intervals within this timeframe. We identified a 23.1 percentage point increase in medication scan rates (from an average baseline of 15.0% to 38.1%) on the intervention wards compared with control (p<0.001) following implementation of the intervention. Feedback had most impact in the first 6 weeks, with an initial percentage point increase of 26.3 (p<0.001), which subsequently plateaued. Neither clinical specialty nor number of beds on each ward were significant factors in our models. Our study demonstrated that a feedback intervention, codesigned with end users and incorporating behavioural science constructs, can lead to a significant increase in the adoption of BCMA scanning.
强护理前置	护士给药错误/近失/用药安全流程	39627723	10.1186/s12887-024-05269-x	2024	Investigating pediatric nurses' perceptions of factors contributing to MAEs at Yendi hospital, Ghana.	BMC pediatrics	Nukpezah RN; Anyaba NA; Osman W	Q3_nursing_monitoring_admin	Medication administration errors (MAEs) are a critical concern in pediatric healthcare, contributing to adverse drug events (ADEs) and negatively impacting patient health. This study explores pediatric nurses' perceptions of factors contributing to MAEs at Yendi Municipal Hospital to develop interventions enhancing patient safety. A descriptive cross-sectional survey was conducted among 143 nurses at Yendi Municipal Hospital using structured questionnaires. Data were analysed using SPSS 26.0 and Excel 2016. Bivariate analysis examined relationships between socio-demographic characteristics and MAEs. Contributing factors to MAEs included inadequate training (91.6%), misunderstanding medical abbreviations (88.8%), poor supervision (92.3%), eagerness to sign out shifts (70.6%), improper handover (88.8%), inadequate staff (77.6%), dosage miscalculations (83.9%), and illegible handwriting (81.8%). Significant associations were found between MAEs and the type of unit/ward (X²=6.25, p = 0.012) and educational level (Fisher Exact test = 4.20, p = 0.036). Inadequate training, poor supervision, and communication issues are major contributors to MAEs in pediatric settings. Targeted interventions can significantly improve patient safety and care quality.
强护理前置	护士给药错误/近失/用药安全流程	41902463	10.1111/inm.70251	2026	Game Changers in the Treatment of and Engagement With Persons Living With Mental Health and Substance Use Disorders: The Role of the Nurse.	International journal of mental health nursing	Kent-Wilkinson A; Ogunwemimo S; Zaba E	Q3_nursing_monitoring_admin	The game changers in mental health and substance use disorder treatment have been shaped by historical sea changes marked by transformative advancements that have significantly enhanced patient care. Breakthroughs in psychotherapy, psychosurgery and psychopharmacology have each contributed to reshaping clinical practices, especially the revolutionary discovery of psychotropics. More recently, the rapid development of artificial intelligence has begun to address long-standing barriers in access to care for individuals experiencing mental health and substance use disorders. Transitioning from past eras characterised by institutionalisation and inhumane treatment, the field of mental health and substance use has embraced a more holistic, patient-centred and community-based approach. Landmark legislation and progressive policy frameworks have played a vital role in safeguarding the rights and dignity of individuals living with mental health and substance use disorders. Patient engagement, the cornerstone of effective treatment, continues to evolve alongside the expansion of therapeutic options, from patients having no autonomy over decisions to encouraging clients to make informed decisions about their care. Within this dynamic landscape, nurses serve as essential gatekeepers of the healthcare system, providing critical functions such as clinical assessment, medication administration, patient education, counselling and ongoing monitoring to mitigate adverse treatment outcomes and support recovery, while establishing a therapeutic relationship in all aspects of care. This historical discussion paper explores and summarises the key game changer events by highlighting the treatment and engagement of persons living with mental health and substance abuse disorders of the past in timeline periods. Predictions for the future are also projected to encourage reflections of the past and thought-provoking acumens for the future.
弱相关/需人工排除	护士主导随访/监测/管理	39358774	10.1186/s12912-024-02378-x	2024	Testing the validity and reliability of the Korean nursing surveillance scale: a methodological study.	BMC nursing	Kim SY; Cho MK	Q3_nursing_monitoring_admin	Because of the importance of nursing surveillance, there is a need to develop a scale to measure nursing surveillance that reflects the roles of nurses in South Korea. This study aimed to develop a scale to measure surveillance by Korean nurses and to test its reliability and validity. In the development phase, a literature review was conducted to verify the attributes of nursing surveillance, and preliminary items were developed based on the surveillance activities in the Nursing Intervention Classification (NIC) and the interviews of Korean nurses and modified through content validation and a pilot study. In the psychometric testing phase, two surveys were conducted with Korean nurses working in acute hospitals, using the preliminary scale in exploratory factor analysis (EFA, n = 220) and confirmatory factor analysis (CFA, n = 219). Data were analyzed through EFA, CFA, correlation, and reliability analyses to verify convergent validity, discriminant validity, criterion validity, and reliability. To verify the validity of the preliminary scale, the exploratory factor analysis and confirmatory factor analysis convergent validity, discriminant validity, criterion validity, and reliability were performed. In the EFA, 16 items were grouped into four factors, accounting for 70.1% of the cumulative variance. In the CFA, the model exceeded the criteria for all fit indices (χ2 = 155.62 [df = 94, p < .001], CMIN = 1.65, SRMR = .048, RMSEA = .055, GFI = .921, NFI = .916, TLI = .955, CFI = .964) and was acceptable. The convergent validity, discriminant validity, criterion validity, and reliability were verified. The final Korean nursing surveillance scale consists of four factors: 'anticipation of problems and decision-making' with six items; 'systematic assessment' with five items; 'recognition of patterns' with three items; and 'identification of the patient's self-care and coping strategies' with two items. The Korean nursing surveillance scale developed in this study comprised questions that included NIC's surveillance activities and empirical data from Korean nurses; based on the attributes of nursing monitoring derived from concept analysis, its validity and reliability were verified. This study can provide precedent to motivate the development of nursing surveillance scales in other countries, and ultimately stimulate studies on nursing surveillance, which is essential for patient safety.
中等护理相关	护士给药错误/近失/用药安全流程	39179272	10.1136/bmjoq-2023-002692	2024	Patient safety and the COVID-19 pandemic: a qualitative study of perspectives of front-line clinicians.	BMJ open quality	Schulson L; Bandini J; Bialas A; Huigol S; Timmins G; Ahluwalia S	Q3_nursing_monitoring_admin	Studies on the impacts of COVID-19 on patient safety are emerging. However, few studies have elicited the perspectives of front-line clinicians. We interviewed clinicians from 16 US hospitals who worked in the emergency department, intensive care unit or inpatient unit during the COVID-19 pandemic. We asked about their experiences with both clinician well-being and patient care throughout the pandemic. We used a rigorous thematic analysis to code the interview transcripts. This study was part of a larger randomised control trial of an intervention to improve healthcare worker well-being during the COVID-19 pandemic; the findings described here draw from clinicians who spontaneously raised issues related to patient safety. 11 physicians and 16 nurses in our sample raised issues related to patient safety. We identified two primary themes: (1) compromised access to healthcare and (2) impaired care delivery. First, clinicians discussed how changes in access to healthcare early in the pandemic-including a shift to telehealth and deferred care-led to delays in accurate diagnosis and patients presenting later in their disease course. Second, clinicians discussed the effects of COVID-19 on care delivery related to staffing, equipment shortages and space constraints and how they deviated from the standard of care to manage these constraints. Clinicians noted how these issues led to patient safety events such as central line infections, patient falls and serious medication administration errors. Several well-intentioned interventions implemented in the early weeks of the pandemic created a unique context that affected patient safety throughout the pandemic. Future pandemic preparedness should consider planning that incorporates a patient safety lens to mitigate further harm from occurring during a public health crisis.
中等护理相关	护士给药错误/近失/用药安全流程	41453775	10.1136/bmjoq-2025-003728	2025	Opioid Room of Horrors: a simulation approach to strengthen drug administration safety.	BMJ open quality	Hannou S; Nicorici C; Bosshard W; Voirol P; Sadeghipour F; Perrottet N	Q3_nursing_monitoring_admin	Medication administration errors (MAEs) are frequent and preventable. While the five rights (5R) rule and the double-check are standard practices for safe drug administration, incidents still occur. MAEs involving high-risk drugs such as opioids are a major concern, especially in older patients. To address this, a practical, error-driven training was developed through an opioid Room of Horrors (RoH) to reinforce the 5R rule and the double-check procedure and map risks within the opioid medication-use process, thereby improving the safety of opioid administration. The secondary objective was to evaluate participant satisfaction with the training. The opioid RoH integrates four errors and four hazards hidden in the opioid medication-use process. Participants, working in pairs, were asked to prepare and administer an opioid to a fictitious patient. Two assessors recorded the number of errors detected and hazards avoided. During the debriefing, assessors reviewed and explained these items to the pair of trainees combined with a refresh on the 5R rule and the double-check process. Detection and avoidance rates were analysed using descriptive statistics. Participants assessed the training through a satisfaction questionnaire. A total of 86 sessions were conducted, involving 172 participants including nurses, nurse assistants and physicians from a geriatric department. Participants detected errors such as wrong patient (60%), expired drugs (63%), incorrect strength or galenic form (55%) and documented allergy (55%), while most hazards were avoided, except for the correct device, which was used in only 65% of cases. Double-check performance was inefficient mainly focusing on the dose check. Satisfaction was high (9.2/10), and 73% of participants reported a knowledge gain. The opioid RoH is an effective training to refresh and emphasise the rigorous application of the 5R rules and the double-check procedure to reduce MAEs. Additionally, this simulation showed persistent gaps such as patient identification and double-check failures, highlighting the need to strengthen safety practices through continuous training and institutional-level system improvements in medication administration safety.
强护理前置	护士给药错误/近失/用药安全流程	36377286	10.1177/10598405221136288	2024	School Nurse Perspectives of Medical Cannabis Policy in K-12 Schools: An Exploratory Descriptive Study.	The Journal of school nursing : the official publication of the National Association of School Nurses	Jochen A; Holben D	Q3_nursing_monitoring_admin	As states legalize medical cannabis, school nurses face increased parent questions about administration at school. Although school nurses frequently collaborate on the development and implementation of medication administration policies, their perceptions of barriers to school-based medical cannabis administration are not well-documented. To explore these perceptions, we surveyed school nurses (n = 379) in sixteen states about their beliefs related to school-based medical cannabis administration policy development. Findings revealed school nurses from states completely legalizing cannabis expressed significantly fewer concerns about the safety, stigma, and federal status of medical cannabis than their peers in more restrictive states. Implications for practice include (a) education of key stakeholders, (b) collaboration with stakeholders to formulate medication administration policy; and (c) development of state-level guidance for school professionals.
中等护理相关	护士给药错误/近失/用药安全流程	39170885	10.1002/hsr2.2317	2024	The barriers and challenges of using health information technology in medication administration process for pediatrics and neonates: A qualitative study.	Health science reports	Norouzi S; Nematollahi M; Ahmadian L	Q3_nursing_monitoring_admin	"Children and neonates are more susceptible to diseases and are a vulnerable group in medication administration (MA). Nurses interact directly with patients, ensuring safety and preventing unintended outcomes. Health Information Technology (HIT) has transformed health care, aiding nurses in decision-making and treatment responses. Despite its benefits, technology presents challenges that must be overcome to facilitate the nursing practice. Therefore, the present study aimed to explore the barriers to HIT use in the process of MA in children and neonates in a developing country. Semi-structured face-to-face interviews were conducted with 22 health care professionals across seven pediatric and neonatal settings. Also, observations were made of these settings for 3 weeks. A qualitative analysis was performed using the conventional content analysis method, recommended by Colaizzi's seven-step approach. The results showed that the most significant barriers to adopting technology in MA process could be classified into two main categories: ""inappropriate management approaches"" with two sub-categories (""Managers' reluctance to adopt new technology"", ""lack of adequate budget for hardware resources""), and ""resistance to change"" with two sub-categories (""A desire to use conventional (traditional) approaches in care"", ""cultural issues and impracticality of providing some specialized technology services""). The findings revealed MA process complexities, which have been insufficiently examined in the current literature. We have highlighted the need for improved ""effectiveness of HIT systems in administering medication processes, budget for hardware resources, and managers"" interest in using new technology. The present findings can guide the development of more effective and user-friendly HIT systems in pediatric and neonatal care settings."
强护理前置	护士给药错误/近失/用药安全流程	40099409	10.1177/01939459251325494	2025	Educational Needs of Patient Safety Care Among Nurses in General Hospitals.	Western journal of nursing research	Lee J; Nam KH; Suh Y; Kim K; Park H; Lee Y	Q3_nursing_monitoring_admin	Education is one of the effective strategies to improve patient safety care in healthcare. For better education, it is essential to identify areas where intervention is needed. This study was designed to analyze nurses' educational needs by comparing the perceived importance and performance of patient safety care in general hospitals in Korea. A cross-sectional study of 296 nurses in Korea was conducted between November and December 2022. The importance-performance analysis (IPA), Borich rank assessment, and the locus for focus (LF) model were used to compare nurses' perceived importance and performance of each aspect of patient safety care. Overall, the mean performance score of patient safety care (4.47 ± 0.52) was significantly lower than the mean importance score (4.59 ± 0.51) (t = 5.05, P < .001). As determined using IPA and the LF model, the top-priority educational needs were related to proper hand hygiene practice and side effect monitoring after medication administration. This study provided areas where general hospital nurses need additional education to ensure patient safety. The results suggest the need for developing systematic education programs to enhance nurses' patient safety competencies, which could contribute to improving the quality of healthcare services.
中等护理相关	护士给药错误/近失/用药安全流程	36131393	10.1177/10598405221127453	2024	Exploration of Factors Associated with Reported Medication Administration Errors in North Carolina Public School Districts.	The Journal of school nursing : the official publication of the National Association of School Nurses	Best NC; Nichols AO; Pierre-Louis B; Hernandez J	Q3_nursing_monitoring_admin;Q5_med_admin_errors_nurses	School nurses are pivotal to the safety of school-aged children, particularly those who receive medications in the school setting. The purpose of this study was to explore factors associated with medication administration errors in North Carolina school districts between 2012/2013 and 2017/2018. A longitudinal study using repeated measures analysis of school health services data collected in the North Carolina Annual School Health Services and Programs Survey was conducted. Over time, the number of medication errors (p = .001) and number of medication corrective action plans (p < .0001) trended upwards. There was also an increase in medication errors when the number of schools in a district was higher (p < .0001). Conversely, there was a decrease in corrective action plans when school nurses were directly employed by the school district (p = .0471). We implore school disticts to consider the important role of school nurses to keep kids safe, healthy, and ready to learn.
中等护理相关	护士给药错误/近失/用药安全流程	39049283	10.3233/SHTI240169	2024	A Different View of Health Information Technology Workarounds in Critical Care.	Studies in health technology and informatics	Browne J; Braden CJ	Q3_nursing_monitoring_admin	When health information technology (HIT) was introduced into the hospital setting there was an obvious disruption to nursing workflow. In many cases it took a nurse extra steps or extra time to complete processes such as clinical documentation and medication administration. In response to HIT problems, nurses developed workarounds. Research on nursing workarounds has been hindered by a lack of variable definitions, measures and research models. This paper offers the results of an exploratory mixed methods study that proposes definitions for workarounds and describes the variable relationships with turbulence and patient safety in critical care.
弱相关/需人工排除	护士给药错误/近失/用药安全流程	41767499	10.3389/fmed.2026.1704787	2026	New graduate medication safety preparedness: an Australian cross-sectional and longitudinal qualitative research study.	Frontiers in medicine	Ottrey E; Rees CE; Lyons KM; Brock TP; Monrouxe LV; Harrison C	Q3_nursing_monitoring_admin;Q5_med_admin_errors_nurses	Patient safety is paramount, yet medication management errors are common, including amongst new graduates. Ongoing need exists to examine new graduates' medication safety preparedness, to better improve preparedness and help them manage medication errors. This cross-sectional and longitudinal qualitative research (LQR) explores new graduates' medication safety preparedness in nursing, pharmacy and medicine. Underpinned by social constructionism, 26 final-year healthcare students at an Australian university participated in three study phases between July 2019 and April 2020: entrance interviews (around degree completion), longitudinal audio-diaries (through approximately the first 12 weeks of work), and exit interviews (after approximately 12 weeks of work). We analyzed interview and audio-diary transcripts, and audio-diary email correspondence using team-based framework analysis, cross-sectionally and longitudinally. Participants' medication safety stories demonstrated mostly unpreparedness, often about developing and implementing medication therapy plans. Medication error narratives revealed errors (of commission or omission) made by new graduates or others. They were rich in emotional talk (mostly negative such as anxiety, anger and sadness talk), illustrating psychosocial impacts on new graduates. However, positive emotional talk was also present in preparedness stories. While the proportion of preparedness stories increased across time at the cohort level, we found more nuanced/complex patterning in participants' narratives at the individual level including evidence of stability, and positive or negative changes in medication safety preparedness. We offer evidence-based recommendations for student/new graduate learning to help educators better prepare them for medication safety and enable them to cope with the emotional work of safe medication management. Further LQR with longer study durations is now needed on medication safety preparedness.
强护理前置	护士给药错误/近失/用药安全流程	40380296	10.1186/s12912-025-03186-7	2025	Prevalence of medication administration errors and its determinants among nurses in Ethiopia: a systematic review and meta-analysis.	BMC nursing	Wudu MA; Bayked EM; Bekalu YE; Birhanu TA	Q3_nursing_monitoring_admin	Despite nurses being the backbone of patient care, medication administration errors (MAEs) remain a serious risk to patient safety in low-income countries, including Ethiopia. However, the previous review was outdated, included fewer than 10 studies, focused solely on tertiary hospitals, and did not pool determinants. As a result, this meta-analysis aimed to determine the pooled prevalence of MAEs and their determinants among nurses in Ethiopia, addressing gaps in the study setting, time, and outcomes. The study protocol was registered in PROSPERO. Observational studies conducted in Ethiopia and published in English from 2010 to 2024 were included. PubMed, Scopus, EMBASE, and Google Scholar databases were used to search for studies. The Joanna Briggs Institute (JBI) checklist was used to evaluate the quality of the studies, with three authors participating in the process. Data analysis for the pooled magnitude of MAEs and their determinants was conducted using STATA 17 software with the DerSimonian and Laird random-effects model. Heterogeneity was assessed via Cochrane's Q-test and the I² statistic, while publication bias was evaluated through funnel plots, Egger's test, and Doi plot. Of the 264 articles retrieved, 18 studies, including 4,314 nurses, were included in the meta-analysis. The pooled magnitude of MAEs among nurses in Ethiopia was 57% (95% CI: 49-64%). Moreover, inadequate work experience [OR = 3.64; 95% CI: (3.32, 3.96); I²=0.00%], interruptions [OR = 3.53; 95% CI: (3.19, 3.87); I²=0.00%], lack of guideline availability [OR = 2.14; 95% CI: (1.63, 2.66); I²=0.00%], lack of training [OR = 3.22; 95% CI: (2.67, 3.77); I²=0.00%], night shifts [OR = 3.89; 95% CI: (3.37, 4.41); I²=0.00%], and a nurse-patient ratio ≥ 1:10 [OR = 2.82; 95% CI: (2.19, 3.45); I²=0.00%] were identified as determinants of MAEs among nurses. The magnitude of MAEs in the current review was substantially higher compared to global reports and studies in Africa, highlighting the need for urgent intervention. Furthermore, inadequate work experience, interruptions, lack of guideline availability and training, night shifts, and a nurse-patient ratio ≥ 1:10 were identified as determinants of MAEs among nurses. This suggests that providing training, disseminating guidelines in accessible formats, improving staffing ratios, and fostering a culture of safety are crucial steps to reduce MAEs. Not applicable.
中等护理相关	护士给药错误/近失/用药安全流程	39653509	10.1136/bmjoq-2024-003025	2024	How often do parents administer medications to their children in hospital? A prospective direct observational study.	BMJ open quality	Westbrook JI; Li L; Badgery-Parker T; Fitzpatrick E; Mumford V; Merchant A	Q3_nursing_monitoring_admin	Parents and carers play a critical role in supporting their children while in hospital. Multiple qualitative studies have explored parental involvement in the care of hospitalised children. Administration of medication to young children can be difficult and cause anxiety and stress for children. Parents are often willing and able to assist, yet little is known about how often parents are given responsibility for medication administration in hospital.We analysed data from a prospective direct observational study of nurses administering medication at a major paediatric referral hospital in Australia. Data from observations of 298 nurses preparing and administering 5137 medication doses to children on nine medical and surgical wards between 07:00 and 22:00 were analysed. Details of drugs administered, whether medications were left for parents/carers to administer, and if nurses observed the administration by parents, were recorded.Parents were at their child's bedside during 89.7% (n=4610) of observed medication administrations. Parents gave 20.3% (n=1045) of medications. In 14.3% (n=733), medications were left with parents to administer without a nurse present. In 6.1% (n=312) of doses, medications were given to parents, but the administration was observed by a nurse. Parents were most likely to be given medications to administer to young children (1-5 years), and the medications most frequently administered were analgesics and anti-epileptics.Parents/carers are integrally involved in the administration of many medications to children in hospital. The extent of parents' role and the impact on medication administration efficiency has been largely absent from the healthcare literature. Given that one in five medication doses is administered by parents, hospitals should recognise this contribution and consider if any additional support for parents is required.
强护理前置	护士给药错误/近失/用药安全流程	39029325	10.1016/j.nepr.2024.104067	2024	The mediating role of pediatric nursing competence in the relationship between pediatric drug administration self-efficacy and medical error tendency in nursing students.	Nurse education in practice	Can Gezer M; Küçük Alemdar D	Q3_nursing_monitoring_admin	This study was conducted to determine the mediating role of pediatric nursing competence in the relationship between self-efficacy in pediatric drug administration and medical error tendency in nursing students. The self-efficacy of nursing students towards drug administration knowledge and practices is one of the determinants of achieving the goals of nursing education programs related to drug administration. The sample of the descriptive and correlational study consisted of a total of 303 3rd and 4th-year students taking the Pediatric Health and Diseases Nursing course at the Department of Nursing. Data were collected using the Pediatric Nursing Competency Scale (PNCS), the Medication Administration Self-Efficacy Scale in Children for Nursing Students (MASSC) and the Medical Errors Tendency Scale (METS). Pearson correlation analysis, linear regression analysis, independent groups t-test, one-way analysis of variance (ANOVA) and post hoc (Tukey, LSD) test were used to analyze the data. In addition, hierarchical regression analyses regarding the mediation effect were performed using PROCESS Model 4 developed by Hayes (2013) for SPSS. When the correlation levels between the total scores of MASSC, PNSC and METS were analyzed, a positive moderate correlation was found between PNSC and MASSC total scores, a positive weak correlation was found between METS and MASSC total scores and a positive weak correlation was found between METS and PNSC total scores (p<0.05). As a result of the analysis, the model was found to be significant and the total change in METS was explained by 17.3 % of the total change in METS (F=63.289;p=0.000). It was found that PNSC was a partial mediator variable between MASSC and METS. As a result of the study, it was determined that pediatric nursing competence had a partial mediating role in the relationship between pediatric drug administration self-efficacy and medical error tendency in nursing students.
中等护理相关	护士给药错误/近失/用药安全流程	39403550	10.1177/20420986241288421	2024	Effect of a closed-loop medication order executive system on safe medication administration at a tertiary hospital: a quasi-experimental study.	Therapeutic advances in drug safety	Yin X; Song H; Lu J; Yang J; Wang R; Lin Z	Q3_nursing_monitoring_admin;Q5_med_admin_errors_nurses	Closed-loop electronic medication management systems are effective measures for preventing medication errors (MEs). However, there is limited evidence supporting this, and few studies have evaluated the long-term effects of these systems on safe medication. To evaluate the long-term effects of implementing a closed-loop medication order executive system on the safe clinical use of medications. A quasi-experimental design. Data from 2017 to 2023 were extracted and retrospectively analyzed. The primary outcome indicator was the ME rate. Secondary outcome indicators were the accuracy of order verification and patient identification and the implementation rate of fresh medicine dispensing. The autoregressive integrated moving average (ARIMA) model in time-series analysis was used to evaluate the level and trend changes in ME rates using SPSS 25.0 before and after system implementation. Root cause analysis and descriptive statistics were used to assess changes in types, stages, and causes of ME rates. The independent samples t-test was used to analyze secondary outcomes. Overall, 295 MEs were reported with a mean of 0.26 ± 0.26 ME rates per month during 2017-2023. The ARIMA model showed a decrease in the average level of ME rates after system implementation, with no statistically significant decrease in the long term, and a significant drop in the ME rate in the short and medium term (p < 0.01). Nurses' administration accounted for more than 60% of errors post-implementation, and lack of communication was a prominent factor. The accuracy of order verification and patient identification and the implementation rate of fresh medicine dispensing all increased after implementation. Adopting a closed-loop executive system is beneficial for ensuring patient medication safety, but a single integrated system does not completely eliminate MEs. Optimizing system functionalities and applying structured handoff tools are recommended to meet clinical needs and enhance system usability.
中等护理相关	护士给药错误/近失/用药安全流程	39016533	10.1097/XEB.0000000000000446	2024	Improving the quality of medication administration practices in a tertiary Australian hospital: a best practice implementation project.	JBI evidence implementation	Brown T; Roberts E; Lizarondo L; McArthur A; Basnet P; Basukoski M	Q3_nursing_monitoring_admin	Medication safety is an important health priority that focuses on preventing harm from medication-related events. Unsafe medication administration practices can lead to errors, which can cause avoidable injury (or harm) to patients. This paper reports on an evidence implementation project conducted in a large tertiary hospital in Australia to improve nursing compliance with best practice recommendations for medication administration. The project was guided by JBI's seven-phase approach to evidence implementation, using audit and feedback and a structured framework to identify barriers, enablers, and implementation strategies. The project resulted in improved compliance with best practice recommendations. This was achieved through multimodal strategies, including education, improved access to resources, and targeted feedback and discussion sessions to encourage culture and behavior change. The project improved nurses' medication administration practices, specifically in performing independent second checks. Collaborative efforts of the project leads facilitated the review of medication administration policy and the development of staff education resources. Patient engagement remains an area for improvement, along with the potential need for further ongoing medication education. http://links.lww.com/IJEBH/A237.
弱相关/需人工排除	护士给药错误/近失/用药安全流程	40907101	10.4037/aacnacc2025998	2025	Optimizing Patient Safety: Intravenous Smart Pump Usability in Acute and Critical Care.	AACN advanced critical care	Giuliano KK; McDaniel P; Baker D	Q3_nursing_monitoring_admin;Q5_med_admin_errors_nurses	Large-volume intravenous (IV) smart pumps are used in acute and critical care to deliver IV fluids and medications with safety-enhancing features such as dose error reduction systems. Although these technologies offer improvements over manual administration, IV smart pumps are associated with high rates of medication errors, programming challenges, and usability issues. Alarm fatigue, interface complexity, and workarounds are common, with studies showing high error rates. The Elaine Marieb Center for Nursing and Engineering Innovation at the University of Massachusetts Amherst addresses these concerns through interdisciplinary research focused on IV smart pump usability, safety, and innovation. Real-world studies, US Food and Drug Administration recalls, and post-market issues underscore the urgent need for improved user-centered design and regulatory oversight. Collaboration between clinicians, engineers, and manufacturers is crucial for developing safer, more intuitive devices. This article synthesizes current evidence and highlights opportunities for advancing IV smart pump safety and usability to improve patient outcomes.
强护理前置	护士给药错误/近失/用药安全流程	39966856	10.1186/s12912-025-02826-2	2025	Medication administration errors and predictive role of resilience and emotional exhaustion in a sample of Iranian nurses.	BMC nursing	Mohebifar M; Ahmadi M; Moradi S	Q3_nursing_monitoring_admin;Q5_med_admin_errors_nurses	Medication errors, mainly in the administration phase are, one of the most prevalent and critical problems in healthcare, so it is crucial to examine the factors that influence the incidence of medication administration errors among nurses. Nurses' burnout caused by emotional exhaustion often results in frequent errors, compromising patient safety. Conversely, nurses' resilience level has been linked to promoting professional development and enhancing the level of patient safety and care. This study aimed to ascertain whether nurse emotional exhaustion and resilience can predict medication administration errors. A cross-sectional descriptive correlational study was conducted on 272 nurses from February 2024 to April 2024 in the teaching hospitals affiliated to Ahvaz Jundishapur University of Medical Sciences, Ahvaz, Iran. The data of the study was collected through the demographic information questionnaire, the medication administration errors questionnaire, the short version of the Resilience Scale (RS-14), and the emotional exhaustion scale. Data were analyzed using descriptive and analytical statistics such as independent t-test, one-way ANOVA, Pearson's correlation coefficient, and multiple linear regression in SPSS-22. nurses' mean scores for medication administration errors, emotional exhaustion, and resilience were 10.29 ± 10.02, 29.97 ± 7.92, and 56.65 ± 8.28, respectively. The regression model indicated that the rise in resilience, age, and work experiences are associated with decreased levels of medication administration errors as much as 0.42, 0.51, and 0.80 times respectively. This model explained 23% of the variance in medication administration errors in nurses (F = 18.054, p < 0.001). The level of resilience among nurses was found to play a very important role not only in preventing medication administration errors but also in preventing nurse emotional exhaustion. Accordingly, teaching positive coping methods when dealing with stressful situations must be given top priority in all healthcare settings to promote nurses' standard of care, reduce the likelihood of medical errors, and prevent emotional exhaustion. Additionally, nurses must receive continuous, dedicated training on drug knowledge, including side effects, as well as the correct techniques of drug administration.
中等护理相关	护士给药错误/近失/用药安全流程	39440680	10.1177/21650799241284085	2025	A Qualitative Assessment of Changes in Occupational Exposures Among Healthcare Facility Workers.	Workplace health & safety	Gimeno Ruiz de Porras D; Patel J; Conway S; Pompeii L; Mitchell LE; Carson A	Q3_nursing_monitoring_admin	Adult-onset asthma, notably prevalent among healthcare professionals, especially nurses, is often attributed to occupational factors such as exposure to cleaning agents. Studies consistently underscore the substantial role of such exposure in work-related asthma among hospital staff. We aimed to (a) identify and characterize current practices in cleaning and aerosolized medication administration; (b) assess changes in practices since a similar 2003 study of Texas healthcare workers; and (c) identify factors contributing to diverse exposures within healthcare job categories. We conducted focus groups with 38 participants in 6 healthcare settings, analyzing current practices, changes since 2003, and factors contributing to exposure diversity. We used a three-step approach for data analysis, including sociodemographic characterization, a scissor-and-sort technique for exposure description, and qualitative content analysis. Participants were primarily healthcare providers (76%) and housekeepers/cleaners (11%) who reported exposure to aerosolized medications, cleaning products, adhesives, and solvents. Participants reported transitioning from cleaning practices to new formulas with reduced odors and shifting from spray cleansers to wipes. Personal protective equipment (PPE) used during cleaning tasks varied, with training differing among job categories. Aerosolized medication administration varied among facilities, with reported medication types and protocol changes over time. The results emphasized the significance of maintaining uniform protection, disseminating knowledge, and consistently adhering to PPE protocols in the healthcare environment. Addressing the identified gaps in comprehension and potential sources of exposure variability requires additional focus on occupational health and safety initiatives.
中等护理相关	护士给药错误/近失/用药安全流程	40713749	10.1186/s12912-025-03652-2	2025	Reliability and validity of the Chinese version of patient safety culture scale in medication administration.	BMC nursing	Zhang Y; Jiang H; He W	Q3_nursing_monitoring_admin	A key idea in all phases of health care is patient safety. The development of a patient safety culture in hospitals greatly depends on the importance nurses focus on patient safety when administering medication. A scale to evaluate patient safety culture in medication administration is currently lacking. China has not yet adopted the patient safety culture scale in medication administration, despite the fact that it was created in Turkey. The purpose of this study was to evaluate the reliability and validity of the Chinese version of the Patient Safety Culture Scale in Medication Administration in the context of Chinese clinical nursing. In January 2025, 492 nurses in China were selected for the survey using a convenience sampling method. The reliability of the translated scale was evaluated using Cronbach's α coefficient, split-half reliability, and test-retest reliability. Exploratory factor analysis (EFA) and confirmatory factor analysis (CFA) were employed to assess structural validity. The data was analyzed using SPSS 22.0 and Amos 24.0. The Cronbach's α coefficient of the Chinese version of Patient Safety Culture Scale in Medication Administration was 0.898, the split-half reliability was 0.803, and the test-retest reliability was 0.916. EFA revealed a robust two-factor model that accounted for 77.339% of the variance, the CFA results validated the consistency of the two factors, with CMIN/DF = 2.203, CFI = 0.979, IFI = 0.979, and GFI = 0.920, supporting the efficacy of the scale in assessing the patient safety culture in medication administration. The Chinese version of Patient Safety Culture Scale in Medication Administration demonstrated favourable reliability and validity among nurses. Not applicable.
中等护理相关	护士给药错误/近失/用药安全流程	42166492	10.1371/journal.pone.0335116	2026	Medication error reporting in Ghana: A multicenter assessment of healthcare professionals' knowledge, attitudes and practices.	PloS one	Arhin SM; Henneh IT; Nkrumah KS; Yahaya ES; Owusu Agyei PE; Antwi-Adjei M	Q3_nursing_monitoring_admin;Q5_med_admin_errors_nurses	Medication errors (MEs) remain a leading cause of preventable patient harm globally, with significant implications in low- and middle-income countries (LMICs) where reporting systems are not standardized. Understanding healthcare professionals' knowledge, attitudes and practices is critical to designing interventions that strengthen patient safety. A cross-sectional, multicenter study was conducted among healthcare professionals, including nurses, doctors, and pharmacists. A structured questionnaire assessed sociodemographic characteristics, knowledge of categories and sources of MEs, medication administration practices, and awareness and use of error reporting systems. Data were analyzed using descriptive statistics and Poisson regression with robust standard errors to identify factors associated with reporting system awareness. A total of 2078 healthcare professionals including nurses, doctors, and pharmacists were surveyed. Knowledge levels varied across different medication error categories, with highest recognition for wrong dose (85.5%) and wrong patient errors (81.5%), while shortage of drugs showed lower recognition (44.0%). While adherence to some safety practices was strong (86.6% always checked patient identity), unsafe behaviors such as preparing medications for more than one patient at a time (37.4%) and failure to double-check insulin doses (only 33.9% compliance) were reported. Although 62.6% were aware of institutional error reporting systems, only 23.6% consistently reported errors, and over 53% were uncertain about the process of submitting incident forms. Healthcare professionals in Ghana demonstrate strong knowledge of medication error categories and sources but notable gaps persist in safe medication practices and reporting behaviors. Despite moderate awareness of reporting systems, utilization remains poor, reflecting systemic and cultural barriers. These findings highlight the need for targeted educational interventions and system improvements to enhance medication safety culture and error reporting practices across different healthcare specialties and experience levels.
中等护理相关	护士给药错误/近失/用药安全流程	41312035	10.33546/bnj.3548	2025	Proportion of medication error reporting and its associated factors among healthcare workers in Indonesia: A mixed-methods study.	Belitung nursing journal	Pramesona BA; Wardani DWSR; Ramdini DA; Taneepanichskul S	Q3_nursing_monitoring_admin;Q5_med_admin_errors_nurses	Medication errors (MEs) are among the most prevalent healthcare-related incidents. However, many institutions do not report these incidents. This study aimed to investigate the proportion of medication error reporting and the associated factors of medication error reporting among healthcare workers (HCWs) in the hospital settings. This mixed-methods study used a sequential explanatory design. The quantitative phase involved 122 HCWs, including physicians, nurses, midwives, and pharmacists/pharmacist assistants, and the qualitative phase purposively included 15 of these participants. Data were collected from June to July 2024 at a public hospital in North Lampung, Indonesia, using a self-administered questionnaire and face-to-face in-depth interviews. Quantitative data were analyzed using logistic regression, and qualitative data were analyzed using thematic analysis. The proportion of medication error reporting among HCWs was found to be 64.7%. Lack of a readily available system for reporting medication errors and fear of being blamed were considered as two of the most common causes of HCWs being hindered from reporting MEs. The logistic regression analysis showed that having experienced any medication administration error and having discovered medication error cases that others committed were significantly associated with medication error reporting. From qualitative data, eight themes emerged: 1) monitoring and evaluation, 2) teamwork, 3) self-motivation, 4) organizational culture, 5) rewards and penalties, 6) lack of facilities, 7) lack of understanding about MEs, and 8) fears. The study found a relatively high rate of medication error reporting, indicating that HCWs have an intrinsic motivation to report. However, systemic barriers, such as the lack of a supportive infrastructure and fear of retribution, remain major challenges. Developing a user-friendly, digital medication error reporting system with an anonymous option is recommended to mitigate fear and providing institution-wide training on patient safety culture and reporting procedures to address knowledge gaps.
强护理前置	护士给药错误/近失/用药安全流程	40527070	10.1016/j.nedt.2025.106810	2025	Exploring mathematics anxiety among nursing and midwifery students and the impacts on pharmacological knowledge: A qualitative study.	Nurse education today	Abdul-Mumin KH; Arrifin ISM; Austerberry J; Johnston J; McKenna L	Q3_nursing_monitoring_admin	"Mathematics anxiety is a well-documented phenomenon that can significantly impact learning, particularly in disciplines requiring numerical proficiency. For nursing and midwifery students, mathematics anxiety poses a critical challenge, potentially compromising pharmacological knowledge and safe medication administration. Despite its importance, limited research has explored the experiences of nursing and midwifery students regarding mathematics anxiety and its direct impact on pharmacological calculations. This study aimed to address this gap and to explore mathematics anxiety for undergraduate nursing and midwifery students in Brunei Darussalam. A qualitative descriptive study. An online questionnaire containing two open-ended questions was distributed via Google Forms to eligible participants. Thematic analysis was conducted to identify recurring patterns, codes, and themes from the responses. Nineteen participants completed the questionnaire, revealing two key themes: ""We cannot run and hide from maths."" and ""A basic knowledge of maths should suffice."" Four subthemes were also identified: ""Maths is everywhere"", ""It is bitter but must be swallowed"", ""Fear and nervousness about maths"", and ""Maths is challenging but can be fun!"" Findings highlight students' struggles with mental calculations and their apprehension toward mathematical problem-solving. Mathematics is an essential component of daily nursing and midwifery practice, from calculating patient ratios to drug dosages. This study reveals that many students lacked confidence in mental mathematics, despite its critical role in real-time drug calculations. Addressing mathematics anxiety through structured interventions is imperative to enhance students' pharmacological competence and, ultimately, patient safety."
弱相关/需人工排除	其他	39104147	10.1177/21650799241266273	2024	Naloxone and the Workplace: Combatting the Opioid Crisis While Safeguarding Workers' Health and Wellbeing.	Workplace health & safety	Rosemberg MA; Dahlem CHG	Q3_nursing_monitoring_admin	
中等护理相关	护士ADR上报/药物警戒认知与行为	39844473	10.1111/cts.70134	2025	Knowledge, Attitude, Practice, and Barriers of Adverse Drug Reaction Reporting Among Healthcare Professionals in Timor-Leste: A Cross-Sectional Survey.	Clinical and translational science	da Costa J; Nosoongnoen W; Rungapiromnan W; Tragulpiankit P	Q3_nursing_monitoring_admin	The Timor-Leste Pharmacovigilance (PV) became an associate member of the WHO Programme for International Drug Monitoring in 2019; however, the adverse drug reaction (ADR) reporting rate remains low, with only nine reports per 1342 million inhabitants over 5 years. This study aimed to evaluate the knowledge, attitude, practice, and barriers related to ADRs, pharmacovigilance, and ADR reporting among healthcare professionals (HCPs) in Timor-Leste. A cross-sectional survey with a validated, self-administered questionnaire was conducted among 600 HCPs, including clinical doctors, nurses, and pharmacy employees from one national referral and five referral hospitals. Of the 461 HCPs who responded (76.8% response rate), 98 were clinical doctors (21.3%), 311 nurses (67.4%), and 52 pharmacy employees (11.3%). The knowledge score on ADRs was 3.81 ± 0.36 out of 8, with clinical doctors, nurses, and pharmacy employees scoring 4.49 ± 0.51, 3.47 ± 0.24, and 4.56 ± 0.26, respectively. On pharmacovigilance and ADR reporting, the score was 3.00 ± 0.16 out of 8, with clinical doctors, nurses, and pharmacy employees scoring 3.36 ± 0.26, 2.81 ± 0.08, and 3.50 ± 0.24, respectively. All scores referred to the number of correctly answered questions. Positive attitudes were observed, with 53.4% agreeing that ADR reporting is crucial for drug safety, although only 22.0% reported observed ADRs. Key barriers included unavailability of reporting forms (81.0%), insufficient financial support (71.9%), and lack of reporting by colleagues (71.4%). These findings highlight the need for increased awareness, training, and resources to improve ADR reporting in Timor-Leste.
强护理前置	护士给药错误/近失/用药安全流程	41388542	10.1186/s12912-025-04222-2	2025	Exploring experiences and perceptions of nursing students regarding missed nursing care in Ethiopia: a descriptive qualitative study.	BMC nursing	Abawaji M; Cardwell R; Germossa G; McKenna L	Q3_nursing_monitoring_admin	BACKGROUND: Missed nursing care is a critical issue, particularly in resource-limited settings. Nursing students may encounter missed nursing care during clinical placements. However, despite growing international attention, no study has explored missed nursing care from nursing students’ perspectives in Ethiopia. Therefore, this study aimed to explore Ethiopian nursing students’ experiences and perceptions of missed nursing care during clinical placements. METHODS: A descriptive qualitative design was used at two universities in western Ethiopia between April and June 2024. Participants were nursing students who had completed at least one clinical placement. Considering participant diversity, data collection began with an initial estimated sample of 15 students and continued until information power was achieved, resulting in 23 participants. Individual face-to-face semi-structured interviews were conducted, and data were analysed inductively using Braun and Clarke’s six-phase thematic analysis. Ethical approval and written informed consents were obtained before interviews. FINDINGS: Four themes emerged from the transcribed data: Nature of Missed Nursing Care, Students’ Responses to Missed Nursing Care, Consequences of Missed Nursing Care, and Overcoming Missed Nursing Care. Students frequently observed omissions in basic and complex nursing care, including hygiene, counselling, bed making, wound care, vital signs monitoring, timely medication administration, and documentation. These omissions were attributed to systemic factors such as nurse shortages, high patient load, and lack of equipment, as well as personal factors including nurses’ carelessness and negligence. Most students viewed missed nursing care as undesirable and experienced emotional distress when witnessing it, though a few perceived some omissions as minor. Students believed missed nursing care compromised patient outcomes and hindered their learning and professional development. They also suggested solutions such as improving staffing, resources, teamwork, and supervision. CONCLUSION: Missed nursing care is a multifaceted issue frequently encountered by nursing students during clinical placements. Addressing this problem is essential not only to enhance patient safety but also to improve students’ clinical learning experiences and better prepare them for future practice. This study provides a foundation for future research exploring how exposure to missed nursing care influences students’ professional development.
中等护理相关	护士给药错误/近失/用药安全流程	41224307	10.1136/bmjopen-2025-109619	2025	Impact of barcode medication administration on patient safety in UK hospital settings: protocol for a mixed-methods realist evaluation.	BMJ open	Mahmoud A; Abdelaziz S; McErlean M; Jani Y; Slatter M; Villena A	Q3_nursing_monitoring_admin	Barcode medication administration (BCMA) systems are increasingly being implemented in hospital settings, with the aim of decreasing medication administration errors. However, the majority of the literature demonstrating the value of BCMA in supporting patient safety is from the USA. Furthermore, little is known about the underlying mechanisms that support its use. This study aims to explore the impact of BCMA on patient safety including medication admisntration errors and nursing time spent providing direct patient care, in terms of what works, for whom, under what circumstances, and how. We will use a mixed-methods realist evaluation. The study will be conducted in four phases, at two London NHS teaching trusts and one South West Region NHS Trust using different electronic health record systems. Phase 1 will involve documentary analysis and a narrative review to develop an initial programme theory for how BCMA is expected to work. Phase 2 will use interviews with key informants to refine this programme theory. The programme theory will then be tested in phase 3 using mixed methods: (1) observation of nurses' medication administration; (2) analysis of alert data from the BCMA systems to understand the alerts' clinical significance and utility and (3) interviews with nurses and hospital inpatients to explore their views. These data will be triangulated to refine and finalise the programme theory in phase 4, together with recommendations for practice. The Study Coordination Centre has obtained approval (24/SC/0326) from the Oxford B NHS Research Ethics Committee and the Health Research Authority. The study's findings will be presented at scientific meetings and published in peer-reviewed journals. Additionally, summaries of the findings will be produced, targeted at relevant groups such as healthcare professionals, policy-makers and study participants.
强护理前置	护士给药错误/近失/用药安全流程	41961452	10.1007/s11845-026-04306-1	2026	Organizational determinants of missed nursing care in surgical.	Irish journal of medical science	Şişman H; Yurtseven Ş; Alptekin D; Gezer D	Q3_nursing_monitoring_admin	"This study examined the prevalence and systemic causes of missed nursing care (MNC) in surgical units and investigated the relationship between missed care and nurses’ professional satisfaction to support global patient safety strategies. This descriptive, cross-sectional study included 107 registered surgical nurses at a university hospital in 2024. The validated MISSCARE Questionnaire was utilized, demonstrating high reliability (Cronbach’s alpha = 0.915). Data were analyzed using descriptive and inferential statistics. Primary causes of MNC were insufficient workforce (87.9%) and equipment shortages (75.7%). Critical safety omissions were prevalent; 60.7% of nurses reported that timely medication administration and 57.9% reported that regular vital sign monitoring were rarely achieved. Notably, 57.9% of nurses liked their profession only at a “moderate” level, a sentiment linked to the 87.9% staffing shortage preventing quality care. Nurses who ""did not like their job at all"" had significantly higher MNC scores (p = 0.001), establishing that understaffed environments impair both professional satisfaction and patient safety. MNC in surgical units is a systemic problem caused by workforce and logistical inadequacies, threatening patient safety. Job satisfaction is a direct organizational predictor of MNC (p < 0.001), suggesting that investing in positive work environments is crucial for clinical quality. We advocate for the global implementation of surgery-specific nurse-patient ratios."
强护理前置	护士给药错误/近失/用药安全流程	39440999	10.1111/jep.14198	2025	Examination of the relationship between nurses' adherence to medication administration principles and their attitudes toward patient safety.	Journal of evaluation in clinical practice	Yilmaz Coşkun E; Özsaban A; Üzen Cura Ş	Q3_nursing_monitoring_admin;Q5_med_admin_errors_nurses	"Preventing errors associated with medication administration is achievable through nurses' adherence to correct principles. This study aims to investigate the relationship between nurses' adherence to medication administration principles and their attitudes toward patient safety. This study adopts a descriptive and relationship-seeking research design. A total of 310 nurses who met the inclusion criteria participated in the study. Data collection tools included the ""Nurse Information Form,"" ""Medication Administration Principles Adherence Form,"" and ""Patient Safety Attitude Scale"". Among the participating nurses, 32.9% (n = 102) reported experiencing a medication administration error, and 77.7% (n = 241) witnessed such an error. The study revealed a statistically significant positive relationship between nurses' adherence to medication administration principles and their attitudes toward patient safety (p < 0.001). This study underscores the importance of nurses' adherence to medication administration principles in ensuring patient safety."
弱相关/需人工排除	护士给药错误/近失/用药安全流程	39895336	10.1093/intqhc/mzaf012	2025	Prevalence and contributing factors of intravenous medication administration errors in emergency departments: a prospective observational study.	International journal for quality in health care : journal of the International Society for Quality in Health Care	Tan S; Teh LJ; Mohd Mokhtaruddin S; Henry Basil J	Q3_nursing_monitoring_admin	Medication administration in busy emergency departments (EDs) presents significant challenges due to the high-pressure environment and complexity of processes. Medication administration errors (MAEs) are a critical concern as they can severely impact patient safety and increase healthcare costs. Understanding the prevalence and underlying factors contributing to intravenous MAEs is essential for enhancing patient care and improving hospital services. This study aims to explore and measure the frequency of intravenous MAEs in EDs and identify factors contributing to these errors during their preparation and administration. This prospective study utilized the direct observation technique where the preparation and administration of 222 intravenous medications were observed in the EDs of two hospitals in Malaysia. Information on medication preparation, administration, and other procedures was recorded. Error rates were calculated, and multivariable logistic regression was conducted to identify factors contributing to intravenous MAEs. MAEs were detected in 83.3% (185/222) of the observed medications affecting 86.7% (124/143) patients. Among these, a total of 240 MAEs were identified, with the most common being wrong rate of administration (55.8%), wrong preparation technique (20.8%), and omission error (11.7%). Alimentary tract and metabolism medications accounted for the highest proportion of MAEs (52.0%), followed by anti-infective medications (21.7%) and nervous system medications (15.4%). Excluding wrong time errors reduced the error rate to 80.2% (178/222). Nonverbal orders and inadequate or absence of labelling were significantly associated with MAEs, while factors such as the complexity of preparations, working shift, experience, and high-alert medications showed no significant associations. The study highlighted a high prevalence of intravenous MAEs in EDs. Nonverbal orders and inadequacy in labelling of medications were significant contributing factors to MAEs in the ED. Implementing an admixture labelling policy, comprehensive training programmes, strict enforcement of existing guidelines and protocols through regular audits, establishing nonpunitive error reporting system, and technological solutions where financially feasible are crucial for mitigating these errors to promote patient safety.
中等护理相关	护士给药错误/近失/用药安全流程	40821417	10.5863/JPPT-23-00139	2025	Optimization of Medication Workflows to Improve Timely Medication Administration on a Pediatric Hospital Unit: A Quality Improvement Project.	The journal of pediatric pharmacology and therapeutics : JPPT : the official journal of PPAG	Standish JC; Chapman L; Cloyd O; Johnson K; Mellody K; Fisher K	Q3_nursing_monitoring_admin;Q5_med_admin_errors_nurses	Medication workflows are important to improve patient safety and provide timely lifesaving medical care. When operating efficiently, they can also decrease medication and labor waste. The objective of this quality improvement project is to compare missing dose request rates before and after improvements in medication workflows, specifically, decreases in medication and labor waste and the financial implications of these improvements. The study evaluated the rate of medication missing dose requests on a 24-bed medical surgical unit in a standalone pediatric hospital from May 2022 to October 2022. Medication workflows were evaluated by pharmacy and nursing team members, and interventions were identified and implemented with the Model for Improvement methodology. Outcomes of missing dose requests per 100 medication doses dispensed were tracked weekly, as were staff time and costs of medications. The missing dose requests per 100 medication doses dispensed decreased from 3.8 to 1.03 during the 6-month initiative. This improvement estimated that 988 missing medication doses were prevented, leading to an estimated $61,038.64 in waste savings. The average cost of the medication and materials (excluding labor) to replace a single missing dose of medication was $61.78. The median cost was $54.71 (IQR, 11.91-4,213.11). Pharmacist, pharmacy technician, and nurse time saved per missing dose were estimated to be 6, 14, and 17 minutes, respectively. Multimodal improvements in inpatient medication workflow reduce missed medication errors and improve cost and labor efficiencies.
强护理前置	护士给药错误/近失/用药安全流程	39908809	10.1016/j.enfie.2025.100492	2025	Risk factors associated with adverse medication events reported by nurses in a Pediatric Hospital in Mexico.	Enfermeria intensiva	Hidalgo-Velasco RM; Martínez-Velasco G; Martínez-Salazar M; Juárez-González K; Vázquez-Vega S	Q3_nursing_monitoring_admin;Q5_med_admin_errors_nurses	During pediatric medication administration, patient safety-related incidents such as sentinel event, adverse event or quasi-failure still occur. To identify risk factors associated with adverse events during the medication of pediatric patients reported by nurses. Cross-sectional study, non-probabilistic sampling. From January to October 2021, 411 reports from the Vencer II System were reviewed, of which only 140 reported notifications of incidents during the medication of pediatric patients. Using Root Cause Analysis 38 factors associated with adverse events were investigated. Descriptive and inferential statistics were used. Of the 411 reports reviewed, 140 (34.0%) correspond to incidents; 116 (83.0%) to adverse events and 24 (17.0%) to quasi-failure, no sentinel events were reported. In the human factor, six of the seven proximal factors had a frequency ≥ 40%. Work overload was significantly associated with the occurrence of adverse events; OR = 3.24 (95% CI [1.31-7.99]) (p = 0.008). Contrary to what has been reported, LASA (Look-Alike, Sound-Alike) medications and double-check omission were identified as protective against the occurrence of incidents; OR = 0.323 (95% CI [0.13-0.84]) (p = 0.017); OR = 0.39 (95% CI [0.15-0.99]) (p = 0.047). Work overload was identified as a risk factor associated with the occurrence of adverse events, so it is necessary to evaluate this factor from objective medication and from the nurses' perception of it. Having a documented incident notification and response system in place will allow healthcare institutions to demonstrate diligence and transparency. Finally, the usefulness of Root Cause Analysis and the Ishikawa Diagram to identify factors that can cause incidents is again supported, so their integration into the VENCER II instrument would be useful.
弱相关/需人工排除	护士给药错误/近失/用药安全流程	38355403	10.1177/08971900241232565	2024	Increasing the Rate of Venous Thromboembolism Chemoprophylaxis Administration Using the Electronic Medical Record.	Journal of pharmacy practice	Pollock AB; Harrell KN; Miles MVP; Garrett ES; Carter BL; Maxwell RA	Q3_nursing_monitoring_admin	Introduction: Venous thromboembolism (VTE) remains a leading cause of preventable harm among hospitalized patients. Pharmacologic VTE prophylaxis reduces the rate of in-hospital VTE by 60%, but medication administration is often missed for various reasons. Electronic medical record (EMR) prompts may be a useful tool to decrease withholding of critical VTE chemoprophylaxis medications. Methods: In August 2021, an EMR prompt was implemented at a tertiary referral academic medical center mandating nursing staff to contact a provider for approval before withholding VTE chemoprophylaxis. A pre-intervention group from August 2020 to August 2021 was compared to a post-intervention group from August 2021 to August 2022. Rates of VTE chemoprophylaxis withholding were compared between the groups with a P < .01 considered significant. Results: A total of 16,395 patients prescribed VTE chemoprophylaxis were reviewed, with 13,395 (81.7%) receiving low molecular weight heparin. Of the 16,395 patients included, 10,701 (65.3%) were medical and 5694 (34.7%) were surgical. Patients in the pre-intervention cohort (n = 8803) and post-intervention cohort (n = 7592) were similar in hospital length of stay and duration of DVT prophylaxis. In the post-intervention group, the frequency of surgical patients with at least one missed dose had increased by 4.2% (P = .002), with the trauma and acute care surgery (TACS) show an increase of 6.6% (P < .001). However, the frequency of medical patients and non-TACS patients with missed doses decreased by 3.1% (P = .002) and 1.0% (<.001), respectively. Conclusions: EMR prompts appear to be a low-cost intervention that increases the rate of VTE prophylaxis administration among medical and elective surgery patients.
弱相关/需人工排除	护士给药错误/近失/用药安全流程	38803148	10.1111/jan.16247	2025	Prevalence and factors associated with medication administration errors in the neonatal intensive care unit: A multicentre, nationwide direct observational study.	Journal of advanced nursing	Henry Basil J; Premakumar CM; Mhd Ali A; Mohd Tahir NA; Seman Z; Voo JYH	Q3_nursing_monitoring_admin	To determine the prevalence of medication administration errors and identify factors associated with medication administration errors among neonates in the neonatal intensive care units. Prospective direct observational study. The study was conducted in the neonatal intensive care units of five public hospitals in Malaysia from April 2022 to March 2023. The preparation and administration of medications were observed using a standardized data collection form followed by chart review. After data collection, error identification was independently performed by two clinical pharmacists. Multivariable logistic regression was used to identify factors associated with medication administration errors. A total of 743 out of 1093 observed doses had at least one error, affecting 92.4% (157/170) neonates. The rate of medication administration errors was 68.0%. The top three most frequently occurring types of medication administration errors were wrong rate of administration (21.2%), wrong drug preparation (17.9%) and wrong dose (17.0%). Factors significantly associated with medication administration errors were medications administered intravenously, unavailability of a protocol, the number of prescribed medications, nursing experience, non-ventilated neonates and gestational age in weeks. Medication administration errors among neonates in the neonatal intensive care units are still common. The intravenous route of administration, absence of a protocol, younger gestational age, non-ventilated neonates, higher number of medications prescribed and increased years of nursing experience were significantly associated with medication administration errors. The findings of this study will enable the implementation of effective and sustainable interventions to target the factors identified in reducing medication administration errors among neonates in the neonatal intensive care unit. We adhered to the STROBE checklist. An expert panel consisting of healthcare professionals was involved in the identification of independent variables.
强护理前置	护士给药错误/近失/用药安全流程	39823825	10.1016/j.nepr.2025.104254	2025	Investigation of the relationship between mathematics anxiety of nursing students and their self-efficacy in drug administration in children.	Nurse education in practice	Belli M; Uslu N	Q3_nursing_monitoring_admin;Q5_med_admin_errors_nurses	This study aimed to examine the relationship between nursing students' math anxiety and their self-efficacy in pediatric medication administration. Medication errors in pediatric patients are often linked to the precision required in dose calculations, posing significant risks to patient safety. Math anxiety, characterized by fear and worry, can impair students' performance in mathematical tasks, potentially reducing self-efficacy in medication administration. A descriptive, cross-sectional, correlational design was employed, adhering to STROBE guidelines. The study was conducted between May and July 2022 with 175 third- and fourth-year nursing students at a state university financed by public funds, in Turkey. Data were collected through a sociodemographic information form, a self-efficacy scale for pediatric medication administration, and a two-dimensional math anxiety scale. Statistical analyses included descriptive statistics, t-tests, ANOVA, and Pearson correlation. Third-year students had higher drug preparation scores than fourth-year students. Students who willingly chose nursing had higher self-efficacy. Those confident in calculation skills had higher self-efficacy and lower math anxiety. Higher math anxiety negatively correlated with drug preparation scores, while calculator use was linked to increased anxiety and lower scores. No significant correlation was found between math anxiety and overall self-efficacy. Reducing math anxiety and enhancing mathematical skills may improve nursing students' self-efficacy in pediatric drug administration. Nursing education should incorporate strategies to strengthen mathematical competencies.
强护理前置	护士给药错误/近失/用药安全流程	40434395	10.1093/jamia/ocaf080	2025	The impact of inpatient medication administration technologies on nursing autonomy and practice: a meta-ethnographic synthesis of the qualitative literature.	Journal of the American Medical Informatics Association : JAMIA	Kazi S; Pruitt Z; Franklin E; Hettinger AZ; Ratwani RM; Weir C	Q3_nursing_monitoring_admin	To conduct a meta-ethnographic synthesis summarizing the overarching themes of the qualitative literature on nurse interaction with medication administration technologies (MAT) comprising electronic medication administration record (eMAR) and bar-coded medication administration (BCMA). We searched scientific databases from their inception until September 23, 2024, resulting in 2270 unique articles, and extracted data from 27 articles. Scientific rigor was assessed by the Standards for Reporting Qualitative Research (SRQR) checklist. Noblit and Hare's methodology was used to conduct a meta-ethnography to identify and interpret emergent themes. SRQR revealed low-to-medium methodological quality and theoretical framing of the literature. We found 6 overarching themes connecting MAT with nursing work: (1) View of the MAT system as mechanistic and invariant vs living and co-evolving with its users drives the research approach; (2) MAT limits nurse autonomy; (3) MAT unnaturally splits the medication administration workflow; (4) Nurses must manage MAT challenges at the sharp end; (5) MAT does not align with social dependencies of nursing work; and (6) MAT increases perceived safety but can also result in new types of errors. MAT does not support key cognitive work that nurses must perform to maintain safety. Additionally, MAT can impede problem solving during medication management and limit nursing autonomy that is essential for safe medication administration. Recommendations based in human factors engineering recognizing how MAT design impacts nursing work and workload are essential in improving the fit of MAT to nurse cognitive workflows.
强护理前置	护士给药错误/近失/用药安全流程	39026330	10.1186/s12912-024-02178-3	2024	Construction and application of an ICU nursing electronic medical record quality control system in a Chinese tertiary hospital: a prospective controlled trial.	BMC nursing	Zhang S; Quan YY; Chen J	Q3_nursing_monitoring_admin	ICU nurses provide critical care and meticulously document electronic medical records (EMRs), tracking vital signs, interventions, and medication hourly. Despite China's ICUs effectively integrating real-time monitor and ventilator data into EMRs, challenges persist. Patient movements can introduce inaccuracies, and the demands of critical care may lead nurses to miss assessments like pain and nutrition. Traditional manual EMR verification is inefficient and error-prone, highlighting the urgent need for standardized, technology-aided EMR practices in ICU nursing. This study aimed to describe the development and evaluation of an electronic medical records quality control system implemented in a Chinese tertiary care ICU setting, where current practices impact the accuracy of electronic medical records. A prospective controlled trial was conducted with 600 ICU patients in Zhejiang Province from January to December 2023. An automated EMR quality control system was implemented in July 2023, facilitating real-time data collection and quality control for vital signs, medication management, and nursing evaluations. After implementing the ICU nursing electronic medical record quality control system, the prevalence of false data on vital signs decreased from 9 to 1.33%. Additionally, the incidence of incomplete medication administration dropped from 3.33 to 1.67%, and the rate of missing evaluations of assessment items in EMRs was reduced from 8 to 1.33%. Besides, the average time spent on quality control of the electronic medical records was 62 (48,76) seconds per record, which was significantly lower than the 264 (195.5,337.5) seconds using the traditional method. The nurses' satisfaction with the nursing electronic medical record quality control was (105.73 ± 9.31). The ICU nursing electronic medical record quality control system has led to substantial improvements in the quality and reliability of EMRs. The reduction in false data on vital signs, instances of incomplete medication administration, and missing evaluations of assessment items demonstrates the system's positive impact on nursing documentation practices. These improvements not only enhance the accuracy of patient records but also contribute to better patient care and safety within the ICU setting.
强护理前置	护士给药错误/近失/用药安全流程	41232086	10.1097/NCQ.0000000000000923	2025	Safe Practices in Nursing Care for Patients Undergoing Bone Marrow Transplantation: A Scoping Review.	Journal of nursing care quality	da Rocha IMP; Martins MM; Ferreira LM; Carvalho AP; Pires R	Q3_nursing_monitoring_admin	Bone marrow transplantation (BMT) is a high-complexity procedure requiring specialized nursing to ensure care safety and quality. The purpose of this study is to map safe nursing practices for patients undergoing BMT. A scoping review was conducted following Joanna Briggs Institute and PRISMA-ScR guidelines. The search, based on the PCC (Population, Concept, Context) framework, was conducted across 5 databases: MEDLINE, Cumulative Index to Nursing and Allied Health Literature, Academic Search Complete, Scopus, and Web of Science. Studies published between 2014 and 2024 in English, Portuguese, or Spanish were considered. Six studies were included. Key practices identified included structured medication administration protocols, infection prevention strategies, transfusion safety, graft infusion techniques, and the importance of professional training. Safe nursing practices are essential for minimizing risks and ensuring quality care in BMT. The findings highlight the relevance of evidence-based protocols and continuous education to support clinical decision-making and improve patient outcomes.
中等护理相关	护士给药错误/近失/用药安全流程	40705874	10.1097/NCQ.0000000000000887	2025	Developing a Medication Administration Observation Checklist: Key Insights for Standardized Reporting Methodology.	Journal of nursing care quality	Hickey M; Barber BV; Flynn C; Keeping S; Doig A; Bercovici R	Q3_nursing_monitoring_admin	Medication administration incidents are a significant patient safety concern in health care, often driven by human and work system factors which contribute to errors. The purpose of this study was to develop a medication administration observation checklist tool tailored for a pediatric tertiary care center in Atlantic Canada. We synthesized existing evidence on methodologies for observational tools in medication administration by nurses. Next, we engaged nursing knowledge users in Think Aloud sessions to iteratively refine the checklist's items. We share the development of a medication administration observation checklist tool. This process incorporated valuable feedback from frontline nurses and nurse managers, ensuring the checklist's relevance and usability in clinical practice. Our findings underscore the importance of co-developing data collection tools with interdisciplinary teams, leveraging theoretical frameworks to capture complexities in workflow, and enhancing transparency in reporting methodologies to support replicability across diverse clinical contexts.
强护理前置	护士给药错误/近失/用药安全流程	40455580	10.1089/big.2024.0122	2025	Deep Learning-Based Decision Support System for Nurse Staff in Hospitals.	Big data	Chen J; He F; Tang L; Gu L	Q3_nursing_monitoring_admin;Q5_med_admin_errors_nurses	To promote the informatization management of hospital human resources and advance the application of hospital information technology. The application of deep learning (DL) technologies in health care, particularly in hospital settings, has shown significant promise in enhancing decision-making processes for nurse staff. Utilizing a hospital management decision support system based on data warehouse theory and business intelligence technology to achieve multidimensional analysis and display of data. This research explores the development and implementation of a DL-Based Clinical Decision Support System (DL-CDSS) tailored for nurses in hospitals. DL-CDSS utilizes advanced neural network architectures to analyze complex clinical data, including patient records, vital signs, and diagnostic reports, aiming to assist nurses in making informed decisions regarding patient care. By leveraging large-scale datasets from Hospital Information Systems, DL-CDSS provides real-time recommendations for treatment plans, medication administration, and patient monitoring. The system's effectiveness is demonstrated through improved accuracy in clinical decision-making, reduction in medication errors, and optimized workflow efficiency. The system analyzes and displays nurses data from hospitals in terms of quantity, distribution, structure, forecasting, analysis reports, and peer comparisons, providing head nurses with multilevel, multiperspective data mining analysis results. Challenges such as data integration, model interpretability, and user interface design are addressed to ensure seamless integration into nursing practice, also concludes with insights into the potential benefits of DL-CDSS in promoting patient safety, enhancing health care quality, and supporting nursing professionals in delivering optimal care.
弱相关/需人工排除	护士给药错误/近失/用药安全流程	39632561	10.1111/ggi.15009	2025	Statement on medication simplification in long-term care facilities by the Japanese Society of Geriatric Pharmacy: English translation of the Japanese article.	Geriatrics & gerontology international	Maruoka H; Hamada S; Koujiya E; Higashihara K; Shinonaga H; Arai K	Q3_nursing_monitoring_admin;Q5_med_admin_errors_nurses	Many older adults who are certified for long-term care services live or stay in long-term care facilities (LTCFs), where they receive medical and nursing care. These individuals often encounter medication-related problems, such as polypharmacy and complex medication regimens, including frequent administration schedules. Although considerable attention has been paid to polypharmacy in the context of optimizing medication use in older adults, little emphasis has been placed on simplifying these regimens. Recently, the Japanese Society of Geriatric Pharmacy issued statements on medication simplification in LTCFs based on a scoping review of the literature and expert opinions. In these statements, medication simplification is defined as the process of reducing the number of medication administration times, ideally to once during lunchtime. The statements outline principles and processes to achieve medication simplification through interprofessional collaboration, including consolidating and reducing the number of medication administration times a day to minimize the risk of medication errors and ensure medical safety. Medication simplification will play a substantial role in alleviating the burden of medication intake for residents, and in reducing and equalizing the workload of medication administration for staff members throughout the day in LTCFs. These statements suggest that administering medication during lunchtime is beneficial when an adequate number of staff members are available in LTCFs. We hope that these statements will help ensure patient safety, and facilitate successful medication optimization for all medical, nursing and social care professionals working in LTCFs. Geriatr Gerontol Int 2025; 25: 14-24.
强护理前置	护士给药错误/近失/用药安全流程	39179293	10.1891/JNM-2024-0044	2026	Validity and Reliability of a Newly Developed Instrument to Measure Nursing Workarounds During Medication Administration.	Journal of nursing measurement	Savage M; Park SH; Bott M; Manos EL; Wambach K; Gibbs H	Q3_nursing_monitoring_admin	Background and Purpose: According to patient safety literature, workarounds are used when processes are not clear and may not match the intended workflows. There is no available quantitative instrument to measure the type and frequency of workarounds when nurses administer medications. The purpose of this study was to assess the psychometric properties of a newly developed instrument that measured the type and frequency of workarounds when nurses administer medications to patients. Methods: Items for the newly developed instrument were derived based on the concept analysis of workarounds, and the psychometric evaluation included content validity, face validity, item analysis, dimensionality, reliability, and construct validity testing. The instrument was administered to registered nurses in an acute care hospital in Northern Virginia. Results: Psychometric evaluation of the newly developed instrument demonstrated adequate content and face validity. Based on exploratory factor analysis using principal axis factoring of the 18 items, 12 items were retained comprising three subscales: (a) defining characteristics, (b) type of workarounds, and (c) frequency of workarounds. Coefficient alpha ranged from .83 to .92 for the three subscales. As hypothesized, convergent validity was supported by Spearman Rho correlations ranging from .27 to .47 among the Halbesleben, Rathert, and Bennett total and two subscales. Divergent validity was supported with Spearman Rho correlations ranging from -.09 to .15 with two other Halbesleben, Rathert, and Bennett subscales. Conclusions: The findings provided beginning evidence for the reliability and validity of the newly developed Savage Barcode-Assisted Medication Administration Workarounds Tool comprised of three subscales-defining characteristics, types of workarounds, and frequencies of workarounds.
弱相关/需人工排除	护士给药错误/近失/用药安全流程	41929242	10.1177/00185787261435487	2026	Characterization of Electronic Missing Medication Requests to Identify Medication-Use System Vulnerabilities and Interprofessional Workflow Targets.	Hospital pharmacy	Achey TS; Goco B	Q3_nursing_monitoring_admin	Missing medication requests (MMRs) are common in inpatient care and may represent both medication distribution-system vulnerabilities and uncertainty-driven communication. This quality improvement study characterized electronic health record (EHR)-generated MMRs to identify where requests originated, when they occurred, and why they were submitted, to inform actionable intervention targets. This IRB-exempt, retrospective quality improvement initiative reviewed MMRs submitted from inpatient nursing units to the inpatient pharmacy during a 30-day period (September 2020) at a 258-bed community teaching hospital. Messages were summarized by nursing unit, hour of day, and day of week, and categorized using a structured operational schema to identify dominant drivers and priorities. A limited post-implementation assessment tracked aggregate message volume to evaluate directional change after targeted workflow interventions. A total of 13 915 MMRs were submitted during the study period (mean 464/day; approximately 20/hour; ~1 message every 3 minutes). Requests clustered in higher-acuity areas and peaked around nursing shift-change and medication administration rhythms (approximately 0800 and 2000). The most frequent categories were continuous infusion redispense (4189; 30.1%), request for dose despite initial dispense (1712; 12.3%), and inability to locate a cart-fill item (1488; 10.7%). Patterns including redundant messages and requests sent soon after dispensing suggested limited visibility into medication status and opportunities to improve transparency and workflow expectations. Following implementation of targeted workflow changes, aggregate message volume decreased by 14.7% (median 11 870; IQR, 11 726-12 045), representing a median reduction of 2045 messages (IQR, 1870-2189) from baseline. High-volume MMRs can serve as a practical diagnostic signal of medication-use system vulnerabilities and communication workarounds. Characterizing MMRs by location, timing, and request type can help health systems prioritize targeted interventions, including infusion standardization, automated dispensing cabinet optimization, workflow alignment to predictable demand peaks, and EHR-based tracking tools.
中等护理相关	护士给药错误/近失/用药安全流程	39989107	10.1111/nicc.13275	2025	Effectiveness of a checklist for enteral medication administration: A randomized controlled trial.	Nursing in critical care	Külekci E; Iyigün E	Q3_nursing_monitoring_admin	Enteral nutrition protocols are used when oral nutrition is contraindicated. Medications may be administered through enteral feeding tubes when alternative routes of administration are not available. A brief review of the literature shows a lack of knowledge and inconsistent behaviours among nurses regarding enteral medication administration, which may pose a threat to patient safety. This study was conducted to evaluate the effectiveness of an enteral medication administration checklist in reducing medication administration errors via enteral feeding tubes. A randomized, controlled, triple-blind, experimental design was used. The study was conducted between 2022 March and June in five different intensive care units of a research and training hospital in X city, XX country. Sixty-nine volunteer nurseswere divided into two groups: intervention (n = 34) and control (n = 35) by stratified randomization method. The study was conducted in two steps. First, a checklist for enteral medication administration was developed according to the recommendations of the American Society for Parenteral and Enteral Nutrition, the European Society for Clinical Nutrition and Metabolism and the British Association of Parenteral and Enteral Nutrition. Second, the effectiveness of the checklist on the intervention group in reducing implementation errors was examined. Four data collection tools, including a descriptive information form, enteral medication administration evaluation form, knowledge assessment form and observation form, were used in the study. In the pretest phase, the mean error rate of the control group was 37.49 ± 18.42, while in the intervention group it was 38.23 ± 15.08; in the post-test phase, the mean total error rate of the control group was 26.88 ± 17.56, and it was 2.21 ± 4.05 in the intervention group. Accordingly, it was determined that the post-test total error rate mean of the intervention group was statistically significantly lower than that of the control group (p < 0.05, t = -8.096 [-30.846; -18.502]). The enteral medication administration checklist reduced errors in the administration of medications through enteral feeding tubes. Therefore, the checklist can be used to reduce errors in medication administration. This study was conducted to reduce errors in enteral drug administration reported in the literature. With the developed checklist, these errors were reduced, and a standard practice approach was provided to intensive care nurses.
强护理前置	护士给药错误/近失/用药安全流程	40682072	10.1186/s12912-025-03579-8	2025	Factors associated with not reporting medication administration errors among critical care nurses in Kelantan, Malaysia: a cross-sectional study.	BMC nursing	Ishak MS; Ibrahim MI	Q3_nursing_monitoring_admin	Patient safety is crucial in healthcare, especially in regard to giving medication. Nurses have a big responsibility in this. The study looked at why critical care nurses in public tertiary hospitals in Kelantan might not report Medication Administration Errors (MAEs). A cross-sectional study was conducted in public tertiary hospitals in Kelantan, Malaysia, between February and April 2023. Proportional random sampling was used to choose the critical care nurses. Those in administrative roles and those who were unavailable during the study were excluded. A standardized questionnaire was used to examine the variables associated with not reporting MAEs. A binary logistic regression analysis was applied to identify the significant factors associated. A total of 424 critical care nurses participated in the study. The average duration of service was 16.83 ± 5.90 years. Nurses working in high patient-load units such as Emergency Departments and High Dependency Wards were more likely to refrain from reporting MAEs (AOR = 1.91; 95% CI: 1.05-3.46). Non-reporting was also more likely among nurses with no personal experience of MAEs (AOR = 2.10; 95% CI: 1.14-3.90) and those who had not observed errors committed by others (AOR = 1.98; 95% CI: 1.25-3.13). This study shows that critical care nurses in units with higher nursing: patient ratio, do not experience or witness MAEs tend to avoid reporting the incident. To improve patient safety, it's essential to promote a reporting culture in these units. Government agencies should support anonymous incident reporting by nurses for better healthcare quality and safety.
弱相关/需人工排除	护士给药错误/近失/用药安全流程	40633116	10.1097/NNE.0000000000001932	2025	Use of the Stay SAFE Interruption Management Strategy: A Multisite Multi-Methods Study.	Nurse educator	Schroers G; Vanderzwan K; Klenke-Borgmann L; Kilroy S; Pfieffer J; Tell D	Q3_nursing_monitoring_admin;Q5_med_admin_errors_nurses	Interruptions can increase risks for errors. The Stay SAFE interruption management strategy aims to mitigate errors. The purposes of this study were to: (1) determine nursing students' interruption management behaviors before and at multiple assessments after learning Stay SAFE and (2) explore students' perceptions of Stay SAFE. Four study sites were included. Data were collected over 10 months via direct observation, self-report, and semi-structured interviews. Prelicensure nursing students independently completed 8 simulated scenarios with embedded interruptions. Interruptions occurred during medication administration and handoff. Sixty students participated. A majority (93-100%) used Stay SAFE in the posttests. Three qualitative themes emerged: (1) Preparedness for interruptions, (2) Stay SAFE can lessen risks for errors, and (3) Stay SAFE has applicability in various contexts. Use of Stay SAFE may reduce errors and contribute to patient safety. Continued research on Stay SAFE is warranted.
强护理前置	护士给药错误/近失/用药安全流程	42189579	10.2196/87898	2026	Simulation-Based Training for Nursing Students to Improve Patient Safety: Systematic Review.	JMIR nursing	González-Sanz A; López-García JC; Sutil-Rodríguez E; Juárez-Vela R; Santos-Sánchez JÁ; Navas-Echazarreta N	Q3_nursing_monitoring_admin	Patient safety is a fundamental pillar of health care quality. Simulation-based training provides a controlled environment for nursing students to develop safety competencies and error-recognition skills before clinical practice. This systematic review aimed to describe and characterize the simulation-based education features and modalities used to address patient safety outcomes in undergraduate nursing students, identifying the strategies that contribute to improvements in safety-related competencies. A systematic review was conducted following PRISMA (Preferred Reporting Items for Systematic Reviews and Meta-Analyses) guidelines across PubMed, Web of Science, Scopus, CINAHL, Cochrane, and Lilacs (2019-2024). Inclusion criteria focused on original studies involving undergraduate nursing students and simulation interventions measuring patient safety outcomes. Studies in languages other than English, Spanish, or Portuguese were excluded. Two reviewers independently performed study selection and data extraction. Methodological quality was assessed using Joanna Briggs Institute tools, applying a 60% quality threshold for inclusion. Results were synthesized through a narrative approach. A total of 20 studies from 12 countries were included. The methodological quality was high (n=14) and moderate (n=6). Findings revealed that high-fidelity simulation and virtual reality are the primary strategies used. Simulation proved effective in enhancing both technical skills (medication administration accuracy) and nontechnical skills (communication via SBAR [Situation, Background, Assessment, Recommendation] and ISBAR [Identification, Situation, Background, Assessment, Recommendation] tools, teamwork, and adverse event reporting). Key strategies contributing to safety included repetitive practice and interprofessional simulation, which significantly improved error detection and clinical judgment. Simulation is an essential pedagogical strategy for preparing nursing students to deliver safe care. Practical implications include the need to integrate structured simulation into nursing curricula to bridge the theory-practice gap. Future research should prioritize longitudinal designs to assess the retention of these safety skills in clinical settings and develop standardized metrics for measuring patient safety outcomes.
强护理前置	护士给药错误/近失/用药安全流程	40085052	10.1097/JXX.0000000000001121	2025	A multistate analysis of nurse practitioner delegation regulations.	Journal of the American Association of Nurse Practitioners	Gonzalez JD; Gigli KH	Q3_nursing_monitoring_admin	Nurse practitioners (NPs) are essential to meeting the demand for primary care and improving quality. Variation in primary care work environment has implications for outcomes. One opportunity to better support NP practice includes increasing NP access to support staff. However, given statutory regulation of NP's ability to delegate to unlicensed personnel, there may be limited effect of these interventions. To describe state regulations on NP delegation to unlicensed personnel and consider implications of NP delegation regulations on opportunities to improve NP work environment. We conducted a cross-sectional, six state policy surveillance of state nursing regulations related to NP delegation to unlicensed personnel. Using an iterative data identification process, we review of documents from six state boards of nursing. Analysis included nominal and textual data. Five states prohibited NPs from delegating medication administration to unlicensed personnel. One state permitted delegation of mediation administration to unlicensed personnel but only in community settings. Delegation limitations prevent NPs from practicing to the full extent of their education. Nurse practitioners must be aware of the delegation regulations when working with unlicensed personnel to prevent disciplinary actions. Nurse practitioner-specific delegation regulations can facilitate greater use of unlicensed personnel in NP-led primary care. Boards of Nursing should consider NP delegation regulations that promote public safety, minimize unintended consequences, and increase access to NP-led primary care.
中等护理相关	护士给药错误/近失/用药安全流程	40308045	10.7748/ns.2025.e12384	2025	How to administer oral medicines safely in health and social care settings.	Nursing standard (Royal College of Nursing (Great Britain) : 1987)	O'Connor M	Q3_nursing_monitoring_admin	The safe administration of oral medicines is a fundamental aspect of healthcare practice and is essential for optimising patient outcomes and preventing adverse events. This article outlines a step-by-step procedure that nurses can follow to ensure patients receive oral medicines correctly and safely, without causing harm. • Oral medicines include tablets, capsules or liquid preparations. • When administering oral medicines, it is important to consult the patient's prescription chart or medication administration record and to use the '6 Rs' of medicines administration as a guide. • Oral medicines should not be blindly crushed or spilt because this can affect the absorption rate and dose, and may lead to adverse effects such as gastrointestinal irritation. REFLECTIVE ACTIVITY: 'How to' articles can help to update your practice and ensure it remains evidence-based. Apply this article to your practice. Reflect on and write a short account of: • How this article might improve your practice when administering oral medicines. • How you could use this information to educate nursing students or enable colleagues to reflect on their own practice in safely administering oral medicines.
弱相关/需人工排除	护士给药错误/近失/用药安全流程	42169983	10.15649/cuidarte.5160	2026	Monitoring smart infusion pumps in adult intensive care units.	Revista Cuidarte	Narváez-Martínez MA; Rosas-Santana A; Rojas-Castañeda YA; Zapata-Cristancho DC	Q3_nursing_monitoring_admin	Medication administration in intensive care units is one of the main care activities of nursing professionals. The integration of scientific knowledge, together with the use of technologies such as infusion pumps, enables the reduction of errors and improves the quality of care. To describe the use of an infusion pump monitoring platform for medication administration in adult intensive care units at a university hospital in Bogotá, Colombia. This was an observational, retrospective study that collected 35,738 medication administration records from five intensive care units using a monitoring platform during 2023. A descriptive analysis was performed using frequencies and proportions, along with simple associations assessing compliance between medications and doses. Compliance with the drug library during the first year of the platform was 66%. The platform reported 5,589 hard-limit blocks involving high-alert medications, of which 76% were related to the administration of noradrenaline, midazolam, and fentanyl. The results were consistent with other studies, demonstrating drug library compliance ranging from 65% to 80% during the first year of implementation. The implementation of institutional medication administration monitoring programs, using technologies integrated into infusion pumps, positively impacts patient safety, reduces costs associated with care, and continuous improvement within institutions.
强护理前置	护士给药错误/近失/用药安全流程	41366763	10.1186/s12912-025-04110-9	2025	Nurses' knowledge, attitudes, and role perception in medication administration: do hospital context and nurses' level of professional experience make a difference?	BMC nursing	Chu AMY; So HY; Yu LWL; Ho BPY; Chang SSY; Chan LSH	Q3_nursing_monitoring_admin	BACKGROUND: Medication administration is a fundamental component of nursing practices, with direct implications for patient safety, health outcomes, and healthcare quality. Despite its importance, however, the literature lacks a comprehensive understanding of how individual and systemic factors are associated in medication administration, thus prompting this study. METHODS: A web-based survey was administered to 3,829 nursing staff members across seven hospitals in a Hong Kong cluster. The survey aimed to examine the associations between hospital context, professional ranking, and working experience on nurses’ knowledge, attitudes, and role perception in medication administration. The final count of usable responses was 1,393, yielding a response rate of 36.4%. RESULTS: The study’s findings suggest that nurses’ knowledge, attitudes, and role perception in the medication administration process vary significantly according to the hospital context and the nurses’ work experience and professional rank. LIMITATIONS: This study relies on self-reported data and a sample limited to Hong Kong, which may affect generalizability. The lack of formal psychometric validation is also an important methodological consideration. CONCLUSIONS: This study highlights the importance of considering individual and systemic factors, including hospital context and nurses’ professional ranking and nursing experience, in strategies aimed at enhancing medication administration and reducing errors. The findings also reveal the need for further research to untangle the complex relationships between these factors and their influence on patient safety and healthcare quality.
强护理前置	护士给药错误/近失/用药安全流程	41707643	10.1177/27527530251398474	2026	Dinutuximab-Associated Neurotoxicity: Incidence, Presentation, Risk Factors, and Nursing Interventions.	Journal of pediatric hematology/oncology nursing	Dalton KL; Armideo EA; Markert SL; Thornton CP	Q3_nursing_monitoring_admin	BackgroundDinutuximab, a GD2-directed monoclonal antibody, is now incorporated into therapy for high-risk and relapsed or refractory neuroblastoma. Despite its boxed warning for drug-induced neurotoxicity, little is known about the incidence, risk factors, monitoring guidelines, or management of this spectrum of adverse neurologic effects. This study aimed to describe neurotoxicity symptoms, summarize nursing-related interventions, and evaluate potential risk factors for neurotoxicity.MethodThis retrospective descriptive study reviewed 437 dinutuximab cycles administered to 65 patients between 2018 and 2023. Data on patient demographics and clinical variables, occurrence of 11 potential distinct neurotoxicities, and nursing responses were analyzed to describe the sample and evaluate for differences and associations between variables.ResultsNeurotoxicity occurred in 159 (36.4%) cycles, affecting 83.1% of participants without relation to age or sex. Neurotoxicities encompassed nine separate symptoms and typically included urinary retention (66.2% of neurotoxic cycles) and visual changes (16.9% of neurotoxic cycles). Symptoms appeared on day 1 in 73.7% of cycles. Neurotoxicity was unrelated to dinutuximab use in upfront versus relapsed therapy (OR = 1.20, p = .484) or Curie score (OR = 1.0, p = .883). A total of 11 nursing interventions were identified and ranged from calling a code (0.46% of all cycles) to additional medication administration (29.5% of all cycles).DiscussionDinutuximab-associated neurotoxicity is common and appears early in treatment. Findings suggest patients may be universally at risk for toxicity with relation to demographics or clinical factors. Targeted neurologic monitoring and nursing interventions are needed for safe administration and should be developed and tested.
弱相关/需人工排除	护士给药错误/近失/用药安全流程	41925730	10.1097/NNE.0000000000002158	2026	Deliberate Practice of Hand Hygiene and Patient Identification During Simulated Medication Administration: A Multisite Study.	Nurse educator	Schroers G; Pfieffer J; Vanderzwan K; Klenke-Borgmann L; Kilroy S; Tell D	Q3_nursing_monitoring_admin	Nursing students are often noncompliant with foundational patient safety procedures during medication administration. Determine the effectiveness of deliberate practice on hand hygiene and patient identification compliance among prelicensure nursing students during simulated medication administration. A repeated-measures quasi-experimental study was conducted at 4 schools of nursing. Participants independently completed 8 simulated scenarios across 2 semesters. Deliberate practice occurred after each simulation. Data were collected using the Observational Medication Administration Tool. Changes in compliance were analyzed using the Generalized Estimating Equations model. Sixty students participated. Hand hygiene compliance improved from 17% at baseline (T0) to 59% at final assessment (T7). Patient identification compliance improved from 47% at T0 to 90% at T7. Statistically significant ( P < .001) improvements occurred across assessment times. Findings provide support for deliberate practice in improving compliance with hand hygiene and patient identification. Continued focus and reinforcement of foundational patient safety procedures with nursing students is recommended.
中等护理相关	护士给药错误/近失/用药安全流程	39430694	10.1177/20552076241286434	2024	Machine learning-based risk prediction model for medication administration errors in neonatal intensive care units: A prospective direct observational study.	Digital health	Henry Basil J; Lim WH; Syed Ahmad SM; Menon Premakumar C; Mohd Tahir NA; Mhd Ali A	Q3_nursing_monitoring_admin	Neonates' physiological immaturity and complex dosing requirements heighten their susceptibility to medication administration errors (MAEs), with the potential for severe harm and substantial economic impact on healthcare systems. Developing an effective risk prediction model for MAEs is crucial to reduce and prevent harm. This national-level, multicentre, prospective direct observational study was conducted in neonatal intensive care units (NICUs) of five public hospitals in Malaysia. Randomly selected nurses were directly observed during medication preparation and administration. Each observation was independently assessed for errors. Ten machine learning (ML) algorithms were applied with features derived from systematic reviews, incident reports, and expert consensus. Model performance, prioritising F1-score for MAEs, was evaluated using various measures. Feature importance was determined using the permutation-feature importance for robust comparison across ML algorithms. A total of 1093 doses were administered to 170 neonates, with mean age and birth weight of 33.43 (SD ± 5.13) weeks and 1.94 (SD ± 0.95) kg, respectively. F1-scores for the ten models ranged from 76.15% to 83.28%. Adaptive boosting (AdaBoost) emerged as the best-performing model (F1-score: 83.28%, accuracy: 77.63%, area under the receiver operating characteristic: 82.95%, precision: 84.72%, sensitivity: 81.88% and negative predictive value: 64.00%). The most influential features in AdaBoost were the intravenous route of administration, working hours, and nursing experience. This study developed and validated an ML-based model to predict the presence of MAEs among neonates in NICUs. AdaBoost was identified as the best-performing algorithm. Utilising the model's predictions, healthcare providers can potentially reduce MAE occurrence through timely interventions.
中等护理相关	护士给药错误/近失/用药安全流程	41723409	10.1186/s12911-026-03369-5	2026	Development of a minimum data set for a pediatric and neonatal Medication Administration Clinical Decision Support System (MACDSS), mapped to FHIR: a mixed-methods research synthesis.	BMC medical informatics and decision making	Norouzi S; Agah J; Sarkohi Z; Ahmadian L	Q3_nursing_monitoring_admin;Q5_med_admin_errors_nurses	Medication administration in pediatrics and neonatology is a highly complex and safety-critical process, where even minor errors can have severe consequences. Clinical Decision Support Systems (CDSS) have shown promises in reducing such errors; however, most existing systems focus primarily on the prescribing stage and are designed for physicians, leaving a critical gap in support for nurses during medication administration-the final and most error-prone stage. Moreover, heterogeneous and overly complex data structures in CDSS hinder interoperability, consistency, and scalability, limiting their effectiveness in clinical practice. To address these challenges, it is esssential to develop a Medication Administration CDSS (MACDSS) tailored to pediatric and neonatal care. A foundational step in this process is to establish a standardized Minimum Data Set (MDS) to ensure data consistency, interoperability, and alignment with international standards such as HL7 Fast Healthcare Interoperability Resources (FHIR), thereby enhancing medication safety in these vulnerable populations. A research synthesis approach was employed to develop the MDS. The study began with a qualitative phase to identify nurses' needs for and barriers to health information technology adoption in the medication administration process. This was followed by a systematic literature review across four databases (PubMed/MEDLINE, Embase, CINAHL, and ProQuest) to extract data elements from existing systems. Data from both phases were synthesized using a mixed-methods approach proposed by Robert et al. and refined through thematic analysis. An expert panel comprising medical informatics specialists and pediatric nursing Ph.D. holders validated the final data elements to ensure relevance, accuracy, and interoperability. The qualitative study identified 12 data elements and highlighted key themes and barriers to technology adoption in medication administration processes. The systematic literature review yielded 84 data elements, which were mapped to the FHIR standard. An expert panel contributed 17 additional elements. From a total number of 83 candidates, 33 essential data elements were finalized and categorized into Individuals (7), Diagnostics (4), and Medications (22), with 14 elements linked to researcher-defined extensions on the FHIR. Of these, 20 were text-based and 13 numeric. By integrating qualitative research, a systematic review, and expert panel, 33 essential data elements were identified and mapped to the FHIR standard to support interoperability with EHR systems. The resulting framework offers a practical foundation for safer medication administration and can guide future system design and research in health informatics.
强护理前置	护士给药错误/近失/用药安全流程	40018749	10.1097/XEB.0000000000000492	2026	Nurses' use of the five rights of medication administration in a comprehensive care unit: a best practice implementation project.	JBI evidence implementation	Smith JM; Upchurch L	Q3_nursing_monitoring_admin;Q5_med_admin_errors_nurses	"The ""five rights"" of medication administration are used by nurses daily to prevent patient medication errors. The five rights of medication administration are the right patient, drug, route, dose, and time. In the United States alone, between 7,000 and 9,000 medication administration errors occur annually. Internationally, medication errors are a leading cause of injury and harm. This project aimed to improve compliance with medication administration rights in a comprehensive care unit among nurses in the acute care hospital setting. This project was conducted using an audit and feedback strategy, as recommended by the JBI Evidence Implementation Framework. Included in the project was the use of the JBI Practical Application of Clinical Evidence System (PACES) for pre- and post-audit data analysis and the JBI Getting Research into Practice (GRiP) approach to identify barriers, strategies, and outcomes. The project identified eight best practice criteria for medication administration to be used by nurses, including the five rights. After the baseline audit, barriers were identified, and educational interventions were implemented to improve adherence to best practices. A follow-up audit was conducted, and the results of both audits were compared. In the baseline audit, two of the eight criteria, including checking the expiry date of medication and verbal identification of patient identifiers, were found to have lower adherence. Nursing staff education and visual reminders were implemented. A post-implementation audit was conducted, showing improved compliance with medication administration best practices. Staff education and visual reminders for best practices improved adherence to the five rights of medication administration. Annual competency training to reinforce best practices will prevent the incidence of medication errors, thereby maintaining quality and safety in patient care. http://links.lww.com/IJEBH/A321."
中等护理相关	护士给药错误/近失/用药安全流程	42020203	10.1136/ejhpharm-2025-004790	2026	Cost-effectiveness of pharmacy automation in hospital settings: systematic review.	European journal of hospital pharmacy : science and practice	Alshmemri MA; Alharbi AM; Altowairgi TA	Q3_nursing_monitoring_admin;Q5_med_admin_errors_nurses	Medication errors in hospital pharmacies are still a major source of patient injury and healthcare expenditure globally. There has been a growing trend of implementing pharmacy automation technologies to improve the efficiency of work processes and minimise errors. However, there is a lack of evidence on the cost-effectiveness of these technologies. The objective of this systematic review was to assess the cost-effectiveness of pharmacy automation technologies such as automated dispensing cabinets (ADCs), robotic dispensing systems, automated compounding systems, barcode-assisted medication administration (BCMA) and unit-dose dispensing systems (UDDS) compared with traditional manual dispensing systems in inpatient and outpatient hospital pharmacy settings. Literature searches were performed using PubMed, Scopus, ScienceDirect and Google Scholar on 11 January 2026. The search terms were developed using Boolean operators and key words for pharmacy automation and economic evaluation. Articles were independently screened by two authors using Covidence software and any disagreements were resolved by consensus. The articles were selected based on predefined inclusion and exclusion criteria, focusing on cost-effectiveness outcomes in hospital pharmacy settings. The findings were qualitatively synthesised. A total of 613 articles were screened for title and abstract, and 7 of 118 full-text articles were selected based on the inclusion criteria. The included articles assessed various automation technologies such as ADCs, robots, UDDS, BCMA and LED-guided picking systems in hospital settings in Taiwan, Germany, the Netherlands, Singapore, Denmark and Brazil. Cost-effectiveness analysis showed large error reduction rates, with incremental cost-effectiveness ratios ranging from €2.01 to €386 per error prevented, and large efficiency gains, including time savings of up to 25.68 min per patient and equivalent to 11.7 full-time equivalent nurses. Automation reduced clinical, procedural and potentially harmful errors in comparison to manual systems, thereby supporting better patient safety and efficiency. Pharmacy automation technologies are highly cost-effective and efficient compared with manual dispensing systems. These technologies reduce errors, improve efficiency and can also provide cost savings, thereby providing rationale for their use as a strategy for optimising hospital pharmacy operations.
强护理前置	护士给药错误/近失/用药安全流程	41745894	10.3390/nursrep16020069	2026	Links Between Staffing and Resource Inadequacy and Missed Nursing Care in an Academic Medical Center (Eastern Province, Saudi Arabia): A Cross-Sectional Study.	Nursing reports (Pavia, Italy)	Al-Sawad AA; Dardas HA; Al-Shawaf LH; Shammari MA; Emshamea RS; Al-Barbari EA	Q3_nursing_monitoring_admin	Background: Missed nursing care, defined as essential patient care that is omitted or delayed, is a growing source of concern due to its effects on healthcare quality and patient safety. Our aims in this study were twofold: first, we examined the extent and types of missed nursing care, and second, we analyzed the relationship between the care missed by hospital nurses and the staffing and resource adequacy in an academic medical center. Methods: A descriptive cross-sectional study was conducted during the period between November 2022 and July 2023. Data were collected using a self-administered questionnaire that comprised items on socio-demographic and work-related characteristics, items on staffing and resource availability, and items from the 'MISSCARE' Survey. Results: The most frequently missed nursing care involved pressure-relieving interventions (Mean = 2.39) and ambulation/mobilization (Mean = 2.27), while medication administration (Mean = 1.60) and glucose monitoring (Mean = 1.56) were missed the least. Labor resource inadequacy (β = 0.315, p < 0.001) and communication and teamwork deficits (β = 0.285, p < 0.001) were positively associated with missed nursing care, whereas staffing and resource adequacy showed an inverse association (β = -0.164, p = 0.006). The model explained 49.8% of the variance in missed nursing care (R2 = 0.498). Conclusions: These findings highlight that missed nursing care is a system-level issue primarily associated with staffing and resource constraints rather than individual characteristics. Improving staffing adequacy, resource availability, and interprofessional collaboration may reduce care omissions and enhance patient safety in Saudi Arabian academic medical centers.
弱相关/需人工排除	护士主导随访/监测/管理	42157164	10.1186/s12888-026-08103-z	2026	Feasibility and preliminary effectiveness of electronic medication monitoring system to improve antipsychotic adherence: a type 1 effectiveness-implementation hybrid pilot study.	BMC psychiatry	Wang RS; Hu H; Zhang M; Li W; Li M; Tong G	Q3_nursing_monitoring_admin	Schizophrenia is a severe mental disorder characterized by widespread poor medication adherence, which impacts treatment outcomes and quality of life. In rural China, despite the national Severe Mental Illness Management System, day-to-day adherence monitoring still relies largely on family supervision and self-report, creating gaps in early detection of non-adherence. To assess the preliminary effectiveness, feasibility, and acceptability of an electronic Medication Event Monitoring System (MEMS) pillbox to improve antipsychotic adherence among community-dwelling adults with schizophrenia in rural China. We conducted a two-month pilot randomized wait-list controlled trial in two townships in Yunnan Province. Twenty-eight patients were identified via purposive sampling and then individually randomly assigned (1:1) to either the intervention group (active MEMS pillbox) or the control group (deactivated pillbox for Month 1, then activated for Month 2) via a computer-generated random sequence. The primary outcome was medication adherence, secondary outcomes included symptom severity, functional status, adverse effects and attitudes toward medication. We also conducted rapid qualitative research, analyzed using the Consolidated Framework for Implementation Research (CFIR), to assess feasibility and acceptability. At month 1, the intervention group showed higher daily and dose adherence rates than the control group, although these differences did not reach statistically significant. In contrast, self-reported adherence (measured by BARS) and medication attitudes (measured by DAI-10) showed significant improvements over time in both groups. No serious adverse events, psychiatric rehospitalizations, or clinical relapses occurred in either group during the study. Qualitative findings showed high technical acceptance but revealed declining provider motivation over time and systemic performance appraisal pressures as key implementation barriers. This pilot study provides preliminary evidence of the technical feasibility of MEMS for schizophrenia care in rural area; however, given the limited sample size, the findings should be viewed as hypothesis-generating rather than confirmatory. While technically feasible, the broader applicability of MEMS is constrained by organizational and systemic barriers. Future larger-scale trials with extended follow-up are necessary to evaluate long-term sustainability and scalability. Chinese Clinical Trial Registry, ChiCTR2500102022. Retrospectively registered on 7 May 2025.
强护理前置	护士给药错误/近失/用药安全流程	41291743	10.1186/s12912-025-04085-7	2025	Determining the self-evaluation levels of nursing students' competency in child patient safety.	BMC nursing	Butun A; Ertekin K	Q3_nursing_monitoring_admin	The competency of nursing students in ensuring child patient safety is crucial in the healthcare landscape, particularly with the increasing emphasis on patient-centred care and safety within clinical settings. This study aims to determine the self-evaluation levels of paediatric patient safety competence among nursing students. This study is a descriptive cross-sectional study. The setting of the study was Faculty of Health Sciences at the Public University located at southeastern of Turkey. The population of the study consists of 3rd and 4th-year nursing students at Faculty of Health Sciences (N = 190). A total of 162 nursing students participated in this study. Convenience sampling was used to recruit participants. Data were collected between May 12, 2025 and May 30, 2025. The data were collected by using questionnaire technique with a data collection form consisting of 3 parts: (1) demographic characteristic form, (2) Patient Safety Competency Self-Evaluation Tool, and (3) Competency Scale for Pediatric Nursing for Nursing Students. The data analysis was conducted using IBM SPSS. Nursing students generally have a moderate to high level of competence regarding patient safety, but they need development in certain areas such as safe medication administration. Clinical experience with paediatric patients was significantly associated with higher competency scores across all domains (p < .05). Additionally, the significantly higher patient safety and paediatric nursing competency scores of students with clinical experience highlight the importance of practical training. Receiving formal training on child health showed no significant impact on competency levels (p > .05). The majority of students (93.2%) reported a strong desire for additional training, particularly in safe medication administration, which was identified as their greatest area of concern. This study revealed that nursing students generally have a moderate to high level of competence regarding patient safety, but they need development in certain areas such as safe medication administration. Additionally, the significantly higher patient safety and paediatric nursing competency scores of students with clinical experience highlight the importance of practical training. Vast majority of nursing students requested additional training on paediatric patient safety. Recommendations include enhancing simulation-based learning, integrating mentorship programs, and expanding paediatric-specific modules in nursing curricula to better prepare students for safe and effective paediatric care. Not applicable.
强护理前置	护士给药错误/近失/用药安全流程	40021364	10.1016/j.pedn.2025.02.008	2025	Interventions to promote well-being of nightshift nursing team members.	Journal of pediatric nursing	Wyche H; Weber A; McNulty T; Ruiz M; Keller S; Salmon ML	Q3_nursing_monitoring_admin;Q5_med_admin_errors_nurses	To measure the impact of a mindfulness or physical activity intervention and the combination of both on hospital nightshift nursing teams' professional quality of life, medication administration error, role meaning, and sleep quality. In this two-site study using a cluster cross-over randomized trial design, 18 units were randomized to one of two interventions (mindfulness or physical activity) during the first 8-week period and to both interventions during the second 8-week period. Questionnaires completed at baseline (T0), Week 8 (T1), and Week 18 (T2) included the Professional Quality of Life (ProQOL-21) (Compassion Satisfaction, Compassion Fatigue), PROMIS Sleep Disturbance, PROMIS Sleep Impairment, Sleep Hygiene, and Role-Related Meaning Scale for Staff (RRMSS). Participants (n = 82) completed questionnaires at T0, 33 at T1, and 23 at T2. Significant improvements in PROMIS Sleep Disturbance scores occurred within both study arms from T0 to T1 and T1 to T2 and within both arms in PROMIS Sleep Impairment scores from T0 to T1 and from T0 to T2. Across questionnaires, the largest improvement occurred between T0 and T2 and the least between T1 and T2. Compassion satisfaction had the largest improvement in the physical activity intervention and compassion fatigue had the largest improvement in the mindfulness intervention. Mindfulness and physical activity interventions can reduce sleep disturbance, sleep impairment, and compassion fatigue and improve compassion satisfaction in nightshift nursing care teams. Nursing care team members' sleep and professional quality of life could directly benefit from hospital-sponsored nightshift well-being interventions including mindfulness, physical activities and sleep hygiene information.
强护理前置	护士给药错误/近失/用药安全流程	42198983	10.1111/jocn.70368	2026	Emergency Department Triage Nurses' Scope of Practice: An Observational Study.	Journal of clinical nursing	Considine J; Oldland E; Currey J; Blencowe P; Maybury K; Stella L	Q3_nursing_monitoring_admin	To explore emergency department triage nurses' scope of practice and activities related to their triage role and management of patients located in emergency department waiting areas. Exploratory, descriptive, observational study using naturalistic decision making. Data were collected using semi-structured non-participant observation: researchers recorded their observations using a lapel microphone and recorder from 8 January to 7 May 2025. Fifteen triage nurses from three emergency departments in Melbourne, Australia were observed for 2 to 2.5 h each. Audio-recordings were transcribed verbatim and analysed using deductive content analysis. The HIRAID emergency nursing framework (History including Infection risk, Red flags, Assessment, Interventions, Diagnostics, reassessment and communication) was used as the coding frame. Participants had a median of 10 (interquartile range 7.5-21) years nursing and 5 (interquartile range 3.2-13) years triage experience. During a total of 33 observation hours, there were 303 interactions, including 237 interactions with 169 different patients; the remainder were with carers or other clinicians. In total, 1183 tasks were coded ranging from 12 to 128 tasks per triage nurse. The most common tasks were: taking a history (n = 475); post-triage communication with patients, carers and other clinicians (n = 288); patient assessment including vital signs and focussed assessments (n = 165); and interventions including medications and psychological care (n = 134). All elements of taking a history, identifying red flags and assessment were more common during the triage process, with few instances during post-triage care. Interventions (medication administration, psychological care), diagnostics (pathology, imaging, urinalysis) and communication with patients, carers and other clinicians occurred during both triage and post-triage care. Triage nurse practice is complex, multifaceted and extends beyond triage category allocation. The traditional perspective that triage and post-triage care are linear and clearly divided is not fit for purpose in contemporary triage practice. The scope of triage nurses' practice both in the context of triage of incoming patients and care of patients in ED waiting areas is poorly understood. The role of triage nurses extends far beyond rapid assessment and triage category allocation and triage nurses use a breadth of expertise and skills to maintain safety, promote comfort and expedite emergency care for patients in ED waiting areas. History, red flags and assessment were more likely during the triage process than post-triage, but interventions, diagnostics and communication spanned both triage and post-triage care. Future triage and waiting area models of care and educational preparation of triage nurses should be co-designed with triage nurses and consumers, so they reflect care as delivered rather than care as imagined. Consolidated criteria for reporting qualitative research (COREQ). No patient or public contribution.
中等护理相关	护士给药错误/近失/用药安全流程	40866296	10.1136/bmjqs-2025-018799	2025	Key partner priorities for measures of safe outpatient paediatric medication use.	BMJ quality & safety	Prideaux J; Britto MT; Vaughn LM; Auger KA; Fetters CD; Hoffman JM	Q3_nursing_monitoring_admin;Q5_med_admin_errors_nurses	Paediatric medication use is at high risk for errors due to factors such as weight-based dosing and liquid medications. In the outpatient setting, where most children take their medicines, errors are common and can be dangerous. However, errors are not widely measured in this setting. Continuous measurement is the first step towards quality improvement. Our aim was to collaborate with a variety of professional and patient/family key partners to identify types of measures needed to assess paediatric outpatient medication errors, including those that occur in the home. We conducted qualitative interviews and concept mapping with parents, pharmacists, paediatricians, nurses, health system leaders and healthcare organisational leaders. Using concept mapping, a multiple-step structured process of surveys, sorting and analysis using multidimensional scaling and hierarchical cluster analysis, participants generated measures and prioritised those they considered most important and feasible to measure in future medication error instruments. At the same time, interviews identified gaps in current measurement approaches and top priorities to fill these gaps. Results were compared during analysis. Concept mapping participants (n=71) contributed ideas which key partner panel (n=9) mapped into seven clusters: prescribing errors, giving medication/administration, pharmacy dispensing, dosing tools and education, monitoring for problems, error surveillance and family partnership in understanding errors. Interview participants (n=24) highlighted the need for health system measures of safe outpatient medication used for quality improvement, including feasible measures related to home administration, dispensing errors and measures of harm. The ability to segment data by high-risk populations (eg, preferred language) was a priority. Measures of safe administration at home were the highest priority for parents and healthcare professionals. Development of these measures is critical as no scalable measures for this element of care are available. These and other prioritised measures will likely need to include caregiver report.
强护理前置	护士给药错误/近失/用药安全流程	39845404	10.2147/RMHP.S495603	2025	Systematic Risk Analysis and Mitigation Strategies for Near-Miss Events in Interventional Operating Room Nursing.	Risk management and healthcare policy	Ma LY; Shan RF; Lu Y; Cong LY; Gu HY	Q3_nursing_monitoring_admin;Q5_med_admin_errors_nurses	The aim of this study is to examine the characteristics of intraoperative nursing near-miss events in interventional operating rooms, systematically identify and analyze associated risks, and propose effective mitigation strategies. A retrospective study was conducted using a specially designed survey focused on nursing near-miss events in Interventional operating rooms. Records of intraoperative near-miss events voluntarily reported by medical and nursing staff between January 2023 and March 2024 were analyzed. Grey relational analysis was used to evaluate and identify the associated risk factors. A total of 81 near-miss events were reported, with the majority (50%) occurring after 8 PM. These events were categorized into 6 main types: medication errors (60.49%), issues with consumables (16.05%), tubing-related incidents (8.64%), specimen handling errors (7.4%), transfer handover issues (4.93%), and patient transport problems (2.46%). Grey relational analysis identified air embolism formation during pressurized fluid administration as the highest risk event (ξ1 = 0.369). The risk factors were ranked as follows: weak coordination ability and lack of responsibility among nurses > operational interruptions > inadequate professional capability > poor communication between medical staff and nurses > equipment malfunction > frequent emergency surgeries and a fast paced working environment. Medication administration errors are frequently encountered, with air embolisms during pressurized fluid infusion representing the most significant risk. Operational interruptions are major contributors to these errors, often influenced by the coordination skills and professional competencies of nurses. Clinically, it is crucial to enhance the identification and management of near-miss events to reduce the incidence of adverse outcomes during surgical procedures.
强护理前置	护士给药错误/近失/用药安全流程	41987356	10.1111/inr.70179	2026	Nurses' Adherence to Double-Checking: A Systematic Review of Influencing Factors, Improvement Strategies, and Their Effectiveness.	International nursing review	Zhao J; Liu H; Shan A; Peng Y; Or CKL	Q3_nursing_monitoring_admin;Q5_med_admin_errors_nurses	This systematic review aims to systematically (1) synthesize factors of nurses' adherence to double-checking, (2) identify and describe strategies used to improve adherence, and (3) assess the reported effectiveness of these strategies. Medication administration errors are a major cause of adverse events. While two-nurse double-checking is widely mandated, nurses' adherence is inconsistent and often not performed independently or is omitted when clinical demands compete. Existing reviews have not fully synthesized adherence determinants and improvement approaches across the work system. Following PRISMA guidelines, we searched the CINAHL, PubMed, Embase, and Cochrane databases from inception to November 17, 2024. Peer-reviewed studies examining adherence determinants and evaluating adherence-improvement strategies were included. Determinants were mapped to a human factors engineering paradigm, and strategy findings were synthesized narratively. Factors affecting adherence included interruptions, unavailability of a second nurse, high workload or time pressure, low perceived risk or necessity of double-checking, and crowded medication rooms. Strategies used included written or visual reminders, education with feedback, and barcode-supported auditing systems. Studies also reported that education paired with visual reminders and co-sign tools, ongoing feedback with workflow integration, and protocolized barcode-supported auditing improved adherence; however, evaluations were limited and inconsistent. Non-adherence largely reflects constraints at all levels of the work system. Therefore, feasible and sustainable independent double-checking requires the redesign of tasks, workflows, physical space and environments, resource allocation, and enabling mechanisms. Practical support should enable independent cognitive verification, timely access to a second checker, and safe communication during verification. Policies should define independent double-checking, target requirements to higher-risk situations, and pair mandates with staffing, workflow design, and usable technology that make adherence to double-checking feasible and reviewable.
中等护理相关	护士给药错误/近失/用药安全流程	40657294	10.1002/hsr2.70980	2025	A Mobile Application to Reduce Time to Calculate Medication Dosage and Medication Administration Errors in Simulated Pediatric and Neonatal Settings: A Research Protocol for a Cross-Over, Randomized Controlled Trial.	Health science reports	Norouzi S; Sarkohi Z; Alizadeh L; Ahmadian L	Q3_nursing_monitoring_admin	Pediatric and neonate medication safety is a major issue. Children are at a higher risk of adverse drug events and medication errors than adults. As the mediation administration is the final stage of protection to impede potential unintentional adverse effects on patients. Thus, there is a strong need for research to explore new ways of reducing medication administration errors and time to calculate medication dosage in the pediatric and neonatal context. The objective is to assess the effectiveness of the Medication Administration Clinical Decision Support Systems (MACDSS) compared to the traditional method in a simulated environment for pediatric and neonatal care. An open-label (unmasked), two-treatment, two-period, cross-over randomized controlled trial will be conducted in pediatric and neonatal settings with simulated scenarios to assess time to calculate medication dosage and medication administration errors with the MACDSS application compared to the traditional method. This study will recruit 16 participants randomly (1:1) from the Afzali-poor hospital in Kerman. The participants are supposed to perform nine highly realistic scenarios, three at a high level of complexity, three at a medium level, and three simple scenarios. For the cross-over stage, different scenarios at the same level of complexity will be presented. The main outcome will be the time spent to calculate the drug dosage by the nurse. Developing a MACDSS as a mobile application may significantly improve the time needed to calculate dosage or amount and lower medication administration errors. If this application proves to be effective, it can be a very cost-effective means of improving outcomes in the medication administration process, positively affecting many pediatrics and neonates' patients. Irct.behdasht.gov.ir, ID: IRCT20240409061457N1 registered on June 22, 2024.
中等护理相关	护士主导随访/监测/管理	41254567	10.1186/s12890-025-04014-z	2025	Construction and clinical application of an innovative pharmacist-led service model for therapeutic drug monitoring in tuberculosis treatment: a pragmatic randomized controlled trial.	BMC pulmonary medicine	Lei Q; Wang H; Dang L; Lv X; Zhou X; Wang P	Q3_nursing_monitoring_admin	"Therapeutic drug monitoring (TDM) is a well-established strategy for optimizing tuberculosis (TB) management. However, the conventional ""physician-nurse-technician"" TDM model often results in suboptimal drug concentrations, potentially leading to poor treatment outcomes. This study aimed to develop an innovative pharmaceutical service model for TDM of isoniazid (INH) and rifampicin (RFP) in drug-susceptible TB patients, and to assess its clinical effectiveness and safety through a pragmatic randomized controlled trial (PRCT). A total of 489 TB patients undergoing first-line anti-TB treatment were enrolled and randomly assigned to a pharmacist-led multidisciplinary group or a control group. The intervention group received a pharmacist-led multidisciplinary model, which included TDM of INH and RFP, along with pharmaceutical care. In contrast, the control group received routine TDM-based treatment. Intention-to-treat (ITT) and per-protocol (PP) analyses were conducted to compare the safety and efficacy of the interventions. In the ITT analysis (n = 489), the pharmacist-led multidisciplinary model significantly increased the plasma concentrations of INH (χ²=5.016, P = 0.025) and RFP (χ²=38.410, P < 0.001), improved 1-month microbiological (adjusted OR = 1.855, 95%CI: 1.294-2.659) and culture conversion (aOR = 1.865, 95% CI: 1.237-2.811; n = 373), and enhanced 2-month cavity closure (aOR = 2.636, 95% CI: 1.435-4.844; n = 172). The intervention also reduced hospitalization duration by 4.1 days (95% CI: -7.134 to -1.102) and neutropenia risk (aOR = 0.611, 95% CI: 0.393-0.950). Per-protocol analyses confirmed consistent treatment effects (all point estimates within ± 10% of ITT results). This study develops an innovative pharmaceutical service model for drug-susceptible TB patients. The model achieves higher plasma concentrations of INH and RFP, improves treatment efficacy, and reduces the incidence of neutropenia. These findings highlight the clinical significance and potential application value of this model in optimizing TB management. Registration number: ChiCTR2300074328. Registration Platform: Chinese Clinical Trial Registry ( https://www.chictr.org.cn/ ). MR-61-24-012842 (registration time: 2023-08-03)."
弱相关/需人工排除	护士给药错误/近失/用药安全流程	39288339	10.1097/NNE.0000000000001738	2024	"360° Video Simulation Scenario for the WHO Global Patient Safety Challenge ""Medication Without Harm""."	Nurse educator	Sousa VTDS; Fernandes EDS; Costa EC; Moura JRSA; Melo ESJ; Carvalho REFL	Q3_nursing_monitoring_admin	High-quality video productions integrating 360° simulations of real-life nursing scenarios, though still emerging and relatively rare, have shown promise in enriching learning experiences and refining students' competencies, attitudes, and knowledge. To develop a 360° video simulation scenario for teaching medication safety in nursing. The methodological framework comprised 3 key stages: (1) crafting the script; (2) scrutinizing the script's validity through evaluation by expert judges in medication administration; and (3) developing the set, filming scenes, and refining the video using a 360° camera. All evaluated elements garnered substantial concurrence among the expert panel. After script validation, the video script underwent refinement and validation by expert judges. The 360° video was tailored for utilization with virtual reality glasses, rendering it accessible for integration into nursing education curricula. The final version consisted of a continuous scene that ended with a question that prompted the identification of errors.
强护理前置	护士给药错误/近失/用药安全流程	38407372	10.1111/jocn.17081	2025	Oral intake of solid medications in patients with post-stroke dysphagia. A challenge for nurses?	Journal of clinical nursing	Trapl-Grundschober M; Schulz S; Sollereder S; Schneider L; Teuschl Y; Osterbrink J	Q3_nursing_monitoring_admin	To provide a comprehensive overview of how stroke nurses manage solid medication (SM) delivery to patients with post-stroke dysphagia. Cross-sectional study. A self-administered online survey was carried out among nurses in German-speaking countries between September and December 2021. Out of a total of 754 responses, analysis was conducted on 195 nurses who reported working on a stroke unit. To identify swallowing difficulties in acute stroke care, 99 nurses indicated routinely administering standardised screenings, while 10 use unvalidated screenings, and 82 are waiting for a specialist evaluation. Regardless of whether screening methods are used or not, most preferred a non-oral route of medication administration for patients with suspected dysphagia. None of the respondents reported administering whole SMs orally to patients. If screening methods indicate dysphagia, approximately half of the respondents would modify SMs. Participants who stated to use the Gugging Swallowing Screen managed the SM intake guided by its severity levels. One-third of the group who awaited assessment by the dysphagia specialist provided modified medication before the consultation. Most of the nurses on stroke units use swallowing screens and avoid the administration of whole SMs in post-stroke dysphagia. In addition to the non-oral administration, SMs are modified if dysphagia is suspected. Precise guidance on the administration of SM is needed, based on screening tests and prior to expert consultation. ClinicalTrials.gov: Registration ID: NCT05173051/ Protocol ID: 11TS003721. The present paper serves to alert nurses to the issue of patient safety when administering medication for acute stroke-induced dysphagia. SM delivery after acute stroke-induced dysphagia is often neglected. While nurses are aware of the risk associated with dysphagia and would not give whole SMs to patients, the modification of tablets and their administration with semisolids are common. This study was reported according to the Checklist for Reporting of Survey Studies (CROSS).
强护理前置	护士给药错误/近失/用药安全流程	41811035	10.1097/01.NEP.0000000000001518	2026	A Correlational Study of Medication Knowledge Versus Confidence Levels in Student Nurses.	Nursing education perspectives	Wiles LL; Sump C	Q3_nursing_monitoring_admin	Nurses' medication knowledge and confidence levels play a large role in patient safety, but few studies have examined the relationship. We used a certainty scale to compare Bachelor of Science in Nursing students' medication knowledge with their perceived confidence scores. We found that confidence of certainty was 71 percent when correct and 43 percent when incorrect. We discovered a statistically significant positive correlation between correctness and certainty, a statistically significant negative correlation between correctness and uncertainty, and a statistically significant negative correlation between incorrect answers and certainty. Accordingly, confidence of certainty did not align with knowledge, revealing potential risk of error during medication administration.
强护理前置	护士给药错误/近失/用药安全流程	40598209	10.1186/s12912-025-03168-9	2025	The mediating role of self-esteem in the relationship between nursing students' self-efficacy in paediatric medication administration and their self-confidence-anxiety levels in clinical decision-making.	BMC nursing	Butun A; Özbay H; Ersü NF	Q3_nursing_monitoring_admin;Q5_med_admin_errors_nurses	Preventing medication errors and ensuring safe medication application for students to enhance their self-efficacy are important for patient safety. Improving self-efficacy and self-confidence and teaching strategies for managing the anxiety of nursing students during medication administration to children are crucial in paediatric clinical practises. The primary aim of this study was to evaluate nursing students' medication administration self-efficacy in children, self-confidence anxiety, and self-esteem in clinical decision-making. The second aim was to reveal the mediating role of self-esteem in the relationship between nursing students' self-efficacy in medication administration in children and self-confidence and anxiety levels in clinical decision-making. This study employed a cross-sectional survey research design. A total of 317 nursing students participated in the study. The data were collected between 16/09/2024 and 30/09/2024 via face-to-face survey technique. The data were collected using Student Introduction Form, Medication Administration Self-Efficacy Scale in Children for Nursing Students, Nursing Anxiety and Self-Confidence with Clinical Decision-Making Scale, and Rosenberg Self-Esteem Scale Short Form. Nursing students reported low self-efficacy (45.53 ± 15.85) and self-confidence (62.61 ± 30.16) in paediatric medication administration, along with moderate anxiety levels (89.20 ± 41.99). However, self-esteem levels were high (1.91 ± 0.52). Self-esteem was found to partially mediate the relationship between self-efficacy and self-confidence but did not significantly mediate the relationship between self-efficacy and anxiety. Among the participants, 39.4% stated that they did not make a mistake in calculating the medication dose in children. 69.1% of participants reported a need for training in the preparation and administration of paediatric medications. The results suggest that interventions to improve self-esteem could enhance nursing students' self-confidence in clinical decision-making, particularly in paediatric medication administration. Incorporating self-esteem-building activities and targeted training into nursing curricula is recommended to address low self-efficacy and moderate anxiety levels. These results have important implications for nursing education, suggesting that such interventions could reduce medication errors and improve patient safety. Future research should explore the long-term impact of these interventions on clinical performance and patient outcomes. Not applicable.
强护理前置	护士给药错误/近失/用药安全流程	40001025	10.1186/s12912-025-02847-x	2025	Prevalence of interprofessional collaboration towards patient care and associated factors among nurses and physician in Ethiopia, 2024: a systematic review and meta-analysis.	BMC nursing	Moloro AH; Sabo KG; Lahole BK; Wengoro BF; Mare KU	Q3_nursing_monitoring_admin	Enhancing clinical outcomes and patient satisfaction can be achieved through interprofessional collaboration between physicians and nurses. Conversely, a lack of nurse-physician interprofessional collaboration compromises patient safety, care, and improvement, and creates moral discomfort for healthcare professionals. Studies indicate that failures in interprofessional collaboration between nurses and physicians lead to adverse medical events, including hospital-acquired infections, medication administration errors, and unnecessary health-related costs. This systematic review and meta-analysis aimed to investigate the pooled proportions of the interprofessional collaborations towards patient care and associated factors among nurses and physicians in Ethiopia, 2024. A comprehensive search was conducted to find articles on interprofessional collaboration towards patient care and associated factors among nurses and physicians in Ethiopia. The study included cross-sectional studies conducted in Ethiopia and published in English from inception up to August 20, 2024. Excluded were conference proceedings, qualitative research, commentaries, editorial letters, case reports, case series, and monthly and annual police reports. The search encompassed full-text publications written in English and databases such as PubMed/MEDLINE, African Journals Online (AJOL), Semantic Scholar, Google Scholar, and Google. A checklist from the Joanna Briggs Institute (JBI) was used to evaluate the quality of the studies. Two independent reviewers performed data extraction, critical appraisal, and article screening. Statistical analysis was performed using STATA-17 software. A random-effects model was employed to estimate pooled proportions, and effect sizes with 95% confidence intervals were used to analyze determinants of interprofessional collaboration in patient care among nurses and physicians. Funnel plots and Egger's test were used to examine the possibility of publication bias (p-value < 0.10), and the trim-and-fill method by Duval and Tweedie was applied to adjust for publication bias. Five studies with a total of 1686 study participants that are conducted in three Ethiopian regions and meet the inclusion criteria were reviewed and pooled for this evaluation. The pooled proportions of the interprofessional collaboration towards patient care in Ethiopia is 52.73% (95% CI = 44.66, 60.79%, I2 = 91.5%). Factors such as attitude (favorable attitude towards collaboration) (OR = 1.13, 95% CI: 0.13, 9.89, I2 = 97.7%) and organizational support (satisfaction towards organizational support) (OR = 0.38, 95% CI: 0.07, 2.10, I2 = 97.5%) were not significantly associated with interprofessional collaboration towards patient care. In summary, this systematic review and meta-analysis reveal that interprofessional collaboration between nurses and physicians in Ethiopia is moderately common, with a pooled proportion of 52.73%. This finding underscores the need for ongoing efforts to enhance collaborative practices to further improve patient care outcomes. Additionally, the review identified two potential contributors to interprofessional collaboration: satisfaction with organizational support and favorable attitudes towards collaboration. However, the pooled effects of these factors did not show a significant association with interprofessional collaboration. This highlights the necessity for further primary research to identify additional factors that may influence interprofessional collaboration and enhance patient care outcomes. Notable limitations of this study include significant variation among studies, a small number of studies, a focus solely on public hospitals, restriction to English-language publications, only observational studies, and limited access to databases such as EMBASE, CINAHL, and Web of Science. This systematic review and meta-analysis was registered in Prospero with the registration ID and link as follows: CRD42024579370; https://www.crd.york.ac.uk/prospero/#recordDetails .
弱相关/需人工排除	护士给药错误/近失/用药安全流程	41151931	10.3988/jcn.2025.0215	2025	Prevention of Unbearable Situations and Harms Protocol: A Quality Improvement Initiative in Neurological Delirium.	Journal of clinical neurology (Seoul, Korea)	Kim MS; Jo S; Kim HJ; Pyun SY; Kim S; Park SM	Q3_nursing_monitoring_admin	Hyperactive delirium in neurological wards frequently results in patient harm, falls, device removal, and caregiver injuries, alongside significant staff burnout. To address inconsistent management practices, we developed the Prevention of Unbearable Situations and Harms (PUSH) protocol, a structured multidisciplinary approach to proactively manage hyperactive delirium. This study evaluated the effectiveness of the PUSH protocol in reducing delirium-related adverse events (primary outcome), and improving clinical workflow, staff burnout, and satisfaction (secondary outcomes). We conducted a pre-post study in three phases: pre-implementation (November 2021-May 2022), pilot testing (June-August 2022), and post-implementation (September 2022-March 2023). The PUSH protocol includes Standard Care (routine delirium prevention), Preparation (anticipatory medication planning for patients at risk, Nursing Delirium Screening Scale ≥2), and Action (rapid response for escalating delirium) phases. Outcomes included delirium rates, hyperactive delirium episodes, adverse event incidence, medication response times, and staff burnout and satisfaction surveys. We compared pre- and post-implementation data using Poisson regression. Among 2,457 patients, 174 developed delirium during 2,958 observed person-days. Unbearable situations or harms decreased from 5.6 to 4.2 events per 100 person-days, with a fully adjusted incidence rate ratio of 0.539 (95% confidence interval: 0.368-0.788, p=0.001). Response times to sedative medication administration improved markedly (16 to 0 min; p<0.001). Staff burnout significantly decreased (32 to 27; p<0.001), and satisfaction notably increased (3 to 4; p=0.009). The PUSH protocol significantly reduced delirium-related harms, enhanced clinical workflow efficiency, decreased staff burnout, and increased satisfaction, supporting its broader implementation in neurological settings.
弱相关/需人工排除	护士给药错误/近失/用药安全流程	40592752	10.1136/bmjopen-2024-090496	2025	Consensus-based development and practice testing of a generic quality indicator set for parenteral medication administration at home: a RAND appropriateness method study.	BMJ open	Lok-Visser J; Hunneman R; Bekkers CHJ; Filius PMG; Lenferink A; Leeftink G	Q3_nursing_monitoring_admin	Due to nursing shortages, an ageing population and increasing care demand, there is a growing interest in parenteral medication administration at home (PMAaH), comprising the administration of parenteral medication in the home situation of patients. The operational design of such PMAaH care pathways is complex, resulting in many variations of adoptions, showing a need for a quality framework. Although quality indicators (QIs) have been proposed to monitor the quality of specific care pathways, a generic quality framework for all types of PMAaH is lacking. Therefore, this study proposes a generic quality set for PMAaH, which includes structure and process QIs, to benchmark and redesign PMAaH care pathways to ensure high quality. A generic QI set was developed for PMAaH using a systematic RAND appropriateness method adapted at the third phase. This method consisted of a scoping review to identify indicators, an expert panel rating phase including an online questionnaire and subsequent panel meeting to assess the appropriateness of the indicators and a retrospective practice testing to evaluate the feasibility, clarity and measurability of the indicators. After the practice testing, which consisted of an online questionnaire where experts could indicate the implementation state of all indicators in their hospital, a third expert panel adjusted the set to increase the likelihood of implementation in practice. The experts, all healthcare professionals involved in PMAaH processes, were recruited using the snowball sampling technique from three large Dutch, teaching hospitals. Subsequently, a practice testing by self-assessment was conducted in seven large Dutch teaching hospitals. 17 and seven healthcare professionals with diverse backgrounds participated in the online questionnaire and panel meeting, respectively. The scoping review resulted in 36 QIs for PMAaH. After two expert panel rating rounds (online questionnaire and panel meeting), two indicators were removed: a QI related to travel distance policy since it was irrelevant and redundant, and a QI stating that a clinician should take the lead in a PMAaH-team, which was deemed too restrictive. After the practice testing, two QIs were removed: a QI related to clinical response documentation, which was unclear for the practice testing respondents and already covered by other QIs, and a QI related to survival documentation, which was deemed infeasible and undesirable to measure this differently than other patients by the third expert panel.The final set consists of 32 indicators (of which 15 were structure indicators and 17 were process indicators). The final set predominately includes QIs that are aimed at patient safety but also QIs focusing on the working conditions of the healthcare workers. 17.6% of the QIs are currently fully implemented in general in all seven hospitals. The practice testing revealed that operational QIs are more frequently implemented in practice than systemic QIs and that a structured quality assurance programme is needed in the hospitals. This study proposes a generic quality set for PMAaH that hospitals can use to redesign and benchmark PMAaH care pathways to assure high quality. The practice testing confirmed that there is a need for this structured quality set.
中等护理相关	护士给药错误/近失/用药安全流程	41955876	10.1016/j.apergo.2026.104783	2026	Quantifying the relationship between physical environmental variables and interruption events during the medication process: An observational study.	Applied ergonomics	Pesarakli H; Sasangohar F; Javid AH; Lu Z	Q3_nursing_monitoring_admin	Interruptions during medication administration threaten patient safety in ICUs, yet their relationship to physical environmental features remains poorly understood. This observational study examined interruptions and recorded travel paths across three ICUs by shadowing 18 nurses during 100 medication rounds (29.25 h). Data were initially analyzed using descriptive statistics, path visualization, and heatmaps. Multiple linear regression was applied to examine relationships between layout variables and interruption number and duration. A total of 1,115 interruptions were recorded, primarily self-initiated (21.97%) and nurse-to-nurse interactions (18.30%). Travel distance strongly predicted interruptions, with each 100-foot increase causing a 26.8% increase. Medium and large units had 45% and 43% fewer interruptions than small units. Noon rounds had 31.6% fewer interruptions than afternoon rounds. Interruptions lasted longer at nurse stations (31.28-54.50s) and corridors (33.81-51.56s) than in patient rooms (26.48-43.57s). Results indicate that travel distance and unit size significantly impact interruption patterns, suggesting evidence-based design strategies can optimize ICU environments and improve medication administration safety.
弱相关/需人工排除	护士主导随访/监测/管理	42344490	10.3389/fmed.2026.1851388	2026	Impact of clinical pharmacist-led medication management and education on tacrolimus therapeutic control.	Frontiers in medicine	Ozturk N; Çattık BN; Malbora B; Akıncı AB; Aksoy BA; Ece D	Q3_nursing_monitoring_admin	"The management of Tacrolimus in pediatric bone marrow transplantation (BMT) presents significant challenges owing to its narrow therapeutic index and considerable pharmacokinetic variability. This study assesses the effects of clinical pharmacist interventions, particularly the resolution of drug-related problems (DRPs) and caregiver and nursing staff education, on stabilizing tacrolimus blood concentrations. This prospective interventional study was conducted across five hospitals in Istanbul from June 2024 to January 2026. The study comprised 65 pediatric patients, their caregivers, and 50 nurses. Clinical pharmacists identified Drug-Related Problems (DRPs) utilizing the PCNE V9.00 system and delivered both verbal and written educational interventions. Knowledge assessments and tacrolimus levels were evaluated at baseline, post-education, and at the 3-month follow-up. Out of the 35 pharmacist interventions conducted, 77.1% were successfully resolved. The proportion of patients within the therapeutic range (5-20 ng/ml) increased from 52.3% at baseline to 84.4% following the educational intervention and remained at 82.5% after 3 months (p < 0.001). Both caregivers and nurses demonstrated substantial and enduring improvements in their pharmacological knowledge and rational medication-use behaviors (p < 0.001). Notably, elevated knowledge levels and the presence of ""unresolved DRPs"" (p < 0.05) were identified as critical factors affecting tacrolimus stability, thereby adding an essential layer of control alongside traditional markers such as C-reactive protein (CRP) and renal function. Clinical pharmacist-led interventions substantially improve the management of tacrolimus therapy in pediatric bone marrow transplantation. Systematic education and proactive resolution of drug-related problems are essential for optimizing medication levels and safeguarding patient safety by addressing critical behavioral and systemic factors in post-transplant management."
强护理前置	护士给药错误/近失/用药安全流程	42224101	10.1590/1980-220X-REEUSP-2025-0453en	2026	Restraining hospitalized children for procedures: practices of nursing professionals in Brazil.	Revista da Escola de Enfermagem da U S P	Silva RA; Gaíva MAM	Q3_nursing_monitoring_admin	To describe the restraint practices used by Brazilian nursing professionals when performing healthcare procedures on hospitalized children. A cross-sectional study was conducted with 897 professionals working in the care of hospitalized children in the country. Data were collected between May 2024 and January 2025, using a questionnaire with sociodemographic information and another about restraint practices, which underwent content validation and pre-testing. The bank was analyzed in software R. Restraint was characterized as a common method; however, professionals reported that they did not receive training during their education and/or professional practice to perform it. The most commonly used techniques were physical, with support, and psychological, in procedures such as venipuncture, medication administration, and catheterization. The decision to use it was related to the child's behavior, ensuring their safety, and their refusal to cooperate. The restraint practices used by Brazilian nursing staff for pediatric care were described based on techniques, reasons, consent, family participation, control of potential harm, and documentation in medical records.
中等护理相关	护士给药错误/近失/用药安全流程	41928352	10.1097/NCQ.0000000000000947	2026	Infusion Pump Interoperability and Resulting Alert Reduction: Multisystem Findings.	Journal of nursing care quality	Blake JWC	Q3_nursing_monitoring_admin;Q5_med_admin_errors_nurses	Intravenous (IV) medication errors pose significant patient safety risks. While most hospitals use IV smart pumps, adoption of interoperability with electronic health records remains limited. Interoperability can reduce nursing workload and programming errors, a common source of IV medication errors. This study aimed to explore the impact of interoperability on programming alerts across diverse health systems that used a similar process and IV smart pump vendor for implementation. This pre-post retrospective study analyzed data from 22 clinical sites across 5 health systems and 1 control system using Epic and Cerner electronic health records. Outcomes included programming alert rates, edits, overrides, and potentially averted underdose and overdose events. Integration significantly reduced programming alerts, edits, overrides, and potentially averted overdose events. Intermittently dosed medications saw the greatest alert reduction; titrated medications remained unchanged. Interoperability can improve the safety of IV medication administration while reducing alert burden for nurses.
中等护理相关	护士给药错误/近失/用药安全流程	40085944	10.1177/08971900251326808	2026	Thrombosis Secondary to Intravenous Dicyclomine Administration: A Case Report and Literature Review.	Journal of pharmacy practice	Santibañez M; Lounsbury N; Moreno M; Singh-Franco D	Q3_nursing_monitoring_admin	"Introduction: Dicyclomine is an antimuscarinic agent approved for treatment of irritable bowel syndrome-associated abdominal pain. Intravenous (IV) administration should be avoided due to potential for thrombosis, but real-world evidence is generally lacking. This case report presents a thrombotic complication associated with inadvertent IV administration of dicyclomine. Case: A 43-year-old man with chronic colitis and recurrent Clostridioides difficile infections presented to a community hospital complaining of moderate-severe suprapubic abdominal pain and nausea/vomiting/diarrhea for 5 days. Computed tomography showed descending colonic wall thickening and proctitis, without perforation or abscess. Initial orders consisted of ketorolac 15 mg IV and dicyclomine 20 mg intramuscularly. The nurse inadvertently mixed ketorolac and dicyclomine in the same syringe and administered them simultaneously. Ultrasound subsequently confirmed a non-occlusive right axillary vein thrombosis and an occlusive superficial right basilic vein thrombosis. The patient was started on therapeutic enoxaparin subcutaneously. He was enrolled in a patient assistance program and was discharged on rivaroxaban dispensed from the hospital's outpatient pharmacy. Discussion: Dicyclomine is more selective for the M1 and M3 receptors, and the M3 receptor causes nitric oxide activation. As dicyclomine was unintentionally administered IV, the inhibition of nitric oxide could potentially lead to clotting. The simultaneous administration of ketorolac promoted a pro-thrombotic state, via cyclo-oxygenase-2-mediation vasoconstriction. Naranjo algorithm assessment indicated ""possible"" potential for a drug-induced adverse event. The pharmacist submitted an adverse drug event report and revisions to barcode medication administration were implemented. Conclusion: Thrombotic complications are possible following IV dicyclomine administration and pharmacy personnel must implement safeguards to prevent inadvertent administration."
中等护理相关	护士主导随访/监测/管理	42350001	10.1136/bmjopen-2025-101872	2026	Strategic analysis of electronic prescriptions in Iran: a qualitative study.	BMJ open	Ghaderi A; Shirdel B; Shakerian S	Q3_nursing_monitoring_admin	This study aims to examine the electronic prescription programme in Iran by thoroughly identifying the key strengths, weaknesses, opportunities and threats (SWOT) associated with its implementation and utilisation among healthcare stakeholders. A thematic analysis was adopted, with data systematically examined through the SWOT analytical framework. Hospital, pharmacy, specialised clinic, insurance affiliated clinic in Iran. Participants consisted of four groups involved in implementing the electronic prescription programme, including physicians, pharmacists, nurses and hospital administrative employees. Moreover, research participants were selected using a purposive sampling approach and sampling continued until data saturation was reached. Semistructured interviews were employed for data collection. The data analysis steps were systematically executed using Braun and Clarke's six-phase thematic analysis approach. Within the study's conceptual framework based on SWOT analysis, themes and codes were categorised into positive (strengths, opportunities) and negative (weaknesses, threats) drivers. In addition, the method proposed by Lincoln and Guba was employed to endorse the data credibility. Overall, data saturation was reached with 25 participants and two major themes and four minor themes. The 'strengths' theme comprised patient safety, economic efficiency, information sharing, remote access and drug list accessibility. The 'weaknesses' theme encompassed internet and electricity dependency, resistance to implementation, numerous platforms and diverse insurer schemes and frequent changes in insurance company tariffs. The 'opportunities' theme consisted of health system networking, clarifying processes, eliminating drug intermediaries, improving health service quality, enhancing data banks, expediting drug monitoring and improving technological infrastructures in the health field. Ultimately, the 'threats' theme involved confidential information access and misuse, damaged drug barcodes, incorrect data recording, patient dissatisfaction and government financial burden. Due to the fact that the challenges and benefits associated with this system vary across countries depending on their technical and non-technical capacities and infrastructures, the findings of the current research can contribute to promoting the system within our country.
弱相关/需人工排除	护士给药错误/近失/用药安全流程	42279220	10.3390/jcm15114359	2026	Advanced Drug Delivery Strategies in Geriatric Patients with Polypharmacy: Integrating Pharmacokinetics, Personalized Medicine, and Emerging Technologies.	Journal of clinical medicine	Bartusik-Aebisher D; Bania K; George BP; Dynarowicz K; Aebisher D	Q3_nursing_monitoring_admin	"Background/Objectives: The rapid growth of the global aging population, projected to reach 2.1 billion older adults by 2050, presents major challenges for pharmacotherapy and drug delivery. Age-related physiological changes affecting pharmacokinetics and pharmacodynamics, widespread polypharmacy, and functional impairments such as dysphagia, cognitive decline, and sensory or motor limitations reduce the effectiveness and safety of conventional ""one-size-fits-all"" medication approaches. This review aimed to evaluate the major barriers to effective drug delivery in older adults and to assess emerging patient-centered and technology-driven drug delivery systems designed to improve medication adherence, safety, and therapeutic outcomes in geriatric populations. Methods: A comprehensive narrative review of current literature was conducted focusing on geriatric pharmacotherapy, age-related barriers to medication administration, and advanced drug delivery technologies. The review analyzed evidence regarding modified oral formulations, transdermal systems, long-acting injectables, implantable devices, nanotechnology-based platforms, digital health integrations, pharmacogenomics, biomarker-guided therapy, and deprescribing strategies including STOPP/START criteria and Beers Criteria. Studies addressing polypharmacy, medication adherence, and personalized medicine in older adults were also evaluated. Results: Evidence indicates that older adults experience significant medication-related challenges due to multimorbidity, polypharmacy, and functional decline. Dysphagia affects more than half of nursing home residents, while polypharmacy prevalence reaches up to 86.6% in some populations. Emerging drug delivery technologies demonstrated potential to improve adherence, dosing precision, and patient convenience. Personalized approaches incorporating pharmacogenomics, biomarker-guided treatment, and AI-assisted dosing showed promise for optimizing therapy. However, major limitations remain, including underrepresentation of older adults in clinical trials, limited high-quality evidence supporting many polypharmacy interventions, and insufficient implementation of advanced drug delivery systems in routine clinical practice. Conclusions: Current evidence supports a transition from standardized medication approaches toward flexible, individualized, and patient-centered drug delivery strategies for older adults. Advanced delivery technologies and personalized pharmacotherapy may improve medication safety, adherence, and quality of life in aging populations, although stronger clinical evidence and broader implementation are still needed. Future progress will require interdisciplinary care models, improved geriatric representation in clinical research, and regulatory reforms supporting the integration of innovative drug delivery systems into routine healthcare practice."
弱相关/需人工排除	护士给药错误/近失/用药安全流程	39116073	10.1080/10376178.2024.2384735	2025	Reduction in preventable time-critical dose omissions: impact of electronic medication management systems on in-patients.	Contemporary nurse	Graudins LV; Crute S; Poole SG; Bingham G; Dooley MJ	Q3_nursing_monitoring_admin;Q6_nursing_records_ade	Background: The omission of time-critical medication doses may result in poor patient outcomes. There are few publications about the influence of electronic medication management (EMM) systems, including automated dispensing cabinets (ADC), on timely medication administration. The study aimed to evaluate the influence of EMM systems, including ADCs, on timely medication administration 6 and 30 months after EMM implementation, focussing on preventable time-critical medication dose omissions and documented reasons for not administering a dose.Methods: Data on doses of regular inpatient medications not administered were obtained from electronic medication records (EMR) over 1 week in March 2019 and 4 weeks in March 2021. An omission was a dose not administered before the next due dose. Time-critical medications were defined using the health service's guidelines. Reasons for doses not being administered were obtained from nursing documentation in the EMR collated from digital health reports. Reasons for time-critical medication doses not given were defined as 'valid' or 'preventable'.Results: In 2019 and 2021, 620 and 2524 patients with 44,756 and 146,940 scheduled medication doses were reviewed. Of these, 4385 (9.8%) and 19,610 (13.4%) doses were not administered. In 2019 and 2021, there were 593 (1.3%) and 1811 (1.2%), p < 0.0001, time-critical doses not administered. Preventable time-critical dose omissions decreased from 0.20% in 2019 to 0.15% (p = 0.015) in 2021. Wards with ADCs had a significantly lower rate of time-critical dose omissions compared to those without ADCs (1.1% vs 1.3%, p = 0.014).Conclusion: With the introduction of an EMM system, there was a decrease in the rate of time-critical medications not administered, including a reduced rate of preventable omissions over the 24-month period. Regular assessment of time-critical medication administration will help target patient safety improvements.
中等护理相关	护士给药错误/近失/用药安全流程	41825963	10.1136/bmjqs-2025-019743	2026	Is independent double-checking superior to single-checking in medication administration error detection? A randomised controlled simulation trial.	BMJ quality & safety	Westbrook JI; McMullan RD; Fitzpatrick E; Merchant A; Wiggins M; Aryal N	Q3_nursing_monitoring_admin;Q5_med_admin_errors_nurses	Double-checking of medication administration is a safety practice used in hospitals around the world. Independence is recommended as the key to effectiveness. Independent double-checking (IDC) requires each nurse to separately check the five rights (eg, right drug, dose). There is no empirical evidence that IDC is more effective in error detection than a single-nurse check. To compare the effectiveness of IDC versus single-checking in detecting medication errors during administration, assess the time required and explore factors influencing performance, including nurse experience and social dynamics. A multicentre randomised controlled simulation trial with 82 nurses from two paediatric hospitals. Forty-one 2-hour simulations each involved two nurses exposed to single-checking and IDC conditions administering medication sets containing embedded errors. Condition order and medication sets were randomised. Primary outcomes were error detection and time taken. Multivariable models compared primary outcomes by condition. Secondary analyses examined the influence of nurse experience and social loafing, defined as reduced individual performance when working in pairs. Social loafing was assessed by comparing error detection performance when nurses single-checked with error detection in the role of first checker in IDC. Across 1160 dose administrations with 640 error detection opportunities, nurses detected 72.2% (95% CI 68.6 to 75.5) of errors. Overall, IDC yielded an 11% higher error detection rate than single-checking (adjusted incident rate ratio (aIRR): 1.11, 95% CI 1.01 to 1.21; p=0.02; 77.7% (95% CI 72.9 to 81.9) for IDC vs 66.3% (95% CI 60.9 to 71.4) for single checks). However, this benefit was limited to experienced nurses. Among early career nurses (<5 years clinical experience), IDC produced no significant improvement in error detection (aIRR: 0.98, 95% CI 0.86 to 1.11; p=0.7; IDC 67.0% (95% CI 57.3 to 75.4) vs single checking 73.0% (95% CI 63.6 to 80.7) error detection). In contrast, experienced nurses showed a 26% improvement in error detection with IDC (aIRR 1.26, 95% CI 1.11 to 1.44; p<0.001; IDC 82.5% (95% CI 77.0 to 86.8) vs single-checking 63.2% (95% CI 56.5 to 69.4)). Evidence of social loafing was observed, particularly among early career nurses whose error detection performance was 26.0% higher when single-checking compared with their performance in the role of first checker in IDC. IDC required significantly more time per medication set (mean difference 4.96 min (95% CI 2.10 to 7.83; p<0.001)). IDC improved error detection for experienced nurses, but not for early career nurses. Given its inconsistent benefits, resource demands and susceptibility to social loafing, IDC may be unsuitable as a universal safety strategy. Strengthening single-checking competence and supporting clinical judgement may offer a more effective, scalable approach to improving medication safety.
中等护理相关	护士给药错误/近失/用药安全流程	42296034	10.1177/00469580261460609	2026	Exploring the Need for Health Information Technology Adoption in the Pediatric and Neonatal Medication Administration Process: A Qualitative Study.	Inquiry : a journal of medical care organization, provision and financing	Norouzi S; Agah J; Sarkohi Z; Nematollahi M; Ahmadian L	Q3_nursing_monitoring_admin;Q5_med_admin_errors_nurses	IntroductionMedication administration in pediatric and neonatal care is complex and high-risk due to weight-based dosing and rapid physiological changes. Health information technology (HIT) offers promising solutions to enhance safety through tools like dose calculators and clinical decision-support systems. This study explored nurses' experiences with the medication administration process (MAP) to identify HIT-driven solutions for safer practices.MethodsAs part of a larger project to develop a knowledge-based decision support system, a conventional qualitative content analysis was conducted. Data from interviews and observations of 19 nurses across seven hospital units were analyzed inductively using the Lundman and Graneheim method and validated by expert review.ResultsAnalysis identified one main category and four subcategories. Nurses emphasized the complexity of dose calculations, the high risk of medication errors, and a pressing need for structured change. Findings highlighted that technological interventions are crucial to improve workflow efficiency, enhance accuracy, and reduce errors. Integrating digital tools was found to foster better peer collaboration, improve care quality, decrease burnout, and create a safer, more efficient medication process.ConclusionKey recommendations emphasized implementing advanced decision support systems for dose calculation and error alerts, integrating intelligent EHR features such as automated double-checks, and adopting a user-centered design approach in developing these digital tools.
中等护理相关	护士给药错误/近失/用药安全流程	41983590	10.1002/nur.70074	2026	Consensus-Based Safety Recommendations for Informal Home Care: A Mixed Methods Study.	Research in nursing & health	Abed N; Neves VR; Perez VM; Ortola DM; García VF; Knezevic B	Q3_nursing_monitoring_admin	"As home-based care expands globally, informal caregivers are responsible for medical and nursing responsibilities, raising serious concerns about safety and risk management. This study proposes expert-informed, safety recommendations tailored to informal caregiving in home settings. The study used a six-phase mixed methods design combining a Consensus Development Conference (CDC) process with elements of Failure Modes and Effects Analysis (FMEA). In the first five phases, 13 healthcare professionals, hereafter referred to as ""the professionals"" (10 nurses, one physician, one occupational therapist, and one social worker), engaged in deliberations and risk assessments. The professionals agreed on 15 caregiving domains such as medication administration, mobility, and caregiver well-being, mapped them to 53 home caregiving procedures, identified 160 potential failure modes (errors), and rated the effect severity of each failure mode. This process led to the development of an initial set of 450 safety recommendations. In the final phase, a multidisciplinary expert review conducted by the research team merged overlapping items, eliminating redundancies and ensuring accuracy, confirming 53 procedures, 147 distinct failure modes (errors), refining 213 procedure failure mode effect associations, and consolidating the corpus to 288 recommendations. The resulting recommendations are intended to guide the development of safety guidance for informal caregiving in home settings. These recommendations are considered expert-derived guidance, since end users did not participate in the study."
中等护理相关	护士给药错误/近失/用药安全流程	41637698	10.1177/13558196261421472	2026	Double-checking in the safe administration of medicines: Policy and practice in English hospitals.	Journal of health services research & policy	Halligan D; Shamsan H; Wilson F; Foy R; Alldred DP; Lawton R	Q3_nursing_monitoring_admin	ObjectivesDouble-checking medication administrations is one of the most frequently used strategies to prevent errors and associated harm. This practice is time-consuming, introduces repeated interruptions into the care process and lacks evidence of effectiveness. Double-checking is widespread in hospitals worldwide. In England, double-checking happens despite there being no regulatory requirement except for intravenous drugs and medicines that require complex calculations. Many hospital Trusts have assimilated double-checking over the past 25-30 years in response to recommendations from the investigation of medication administration errors. There is currently no national picture in England of the extent to which organisational policies stipulate double-checking, the variation in double-checking policy or how closely double-checking is perceived to be conducted in accordance with policies. This study set out to address these gaps in our understanding.MethodsAn online survey was distributed to a network of Medication Safety Officers (MSOs) and Freedom of Information requests were sent to 118 English NHS acute hospital Trusts for policies underpinning medicines administration. Data were analysed to address the research questions.ResultsPolicies were received from 94 acute NHS Trusts (80% response rate) and 48 MSOs submitted a survey response (39% response rate). Double-checking policies vary considerably between Trusts. MSOs perceived that it is common in practice for double-checking not to be conducted in accordance with policy. All reviewed Trust policies required double-checking for controlled drugs. Further to this, many required double-checking for specific medicines or in particular circumstances. Most commonly, these were intravenous medicines, medicines administered to children, medicines requiring complex calculations and cytotoxic or chemotherapeutic medicines. However, policies varied considerably around administration of injectable medicines and insulin to adults. A minority of policies specified that 'intravenous fluids' needed to be double-checked. Most policies neither emphasised nor explained the importance of the independent nature of double-checking. There was also a great deal of variation between Trust policies in the medicines exempt from double-checking requirements.ConclusionsThe variation between policies identified by the present study might reflect a lack of robust evidence underpinning the practice of double-checking. Research is needed to understand if double-checking is effective at preventing medication errors and, if it is, the exact circumstances in which it is effective, to facilitate the standardisation of double-checking policies. Identifying circumstances in which double-checking is ineffective may justify the removal of some existing policies and could reduce nurse workload to free up time for patient-focused care.
中等护理相关	护士给药错误/近失/用药安全流程	41625085	10.1016/j.apjon.2025.100833	2026	Improvements of an oral anti-cancer drug safety management program for patients with cancer.	Asia-Pacific journal of oncology nursing	Yang H; Zhang H; Zhou J; Li H; Guo R; Zhang H	Q3_nursing_monitoring_admin	To evaluate the impact of an oral anti - cancer drug safety management program on nurses and patients. This study was a hospital-level quality-improvement evaluation (pre-post, quasi-experimental design) and was not registered as a clinical trial. It was conducted from August 2024 to December 2024 in a tertiary hospital in Beijing. The program comprised three stages: preparation, training, implementation and supervision. It included tiered training for nurses based on established nursing standards, standardized health education checklists for patients, and continuous support through virtual and in-person clinic visit. Associated improvements were evaluated using self-designed questionnaires. Data were collected from nurses before training and 2 months after program implementation, and from patients before and 1 month after education. Descriptive statistics and non-parametric paired sample tests were used for analysis. A total of 632 nurses participated in the program, of which 381 nurses completed both evaluations. The knowledge and behavior scores of nurses regarding on correct medication administration, protection against drug exposure, and early management of adverse reactions improved significantly (P < 0.001). The full-score rates for knowledge and behavior increased from 71.82% and 71.55% to92.65% and 94.49%, respectively (Z = -11.462, -13.104, respectively; both P < 0.001). A total of 643 patients received guidance, of which 384 patients completed both evaluations. The knowledge and behavior scores of patients also improved significantly (P < 0.001), with the full-score rates increasing from 59.46% and 68.29% to78.62% and 85.11%, respectively (Z = -11.473, -12.415, respectively; both P < 0.001). Meaningful improvements were achieved through enhancements to the oral anti-cancer drug safety management program. Standardized training and structured implementation enabled nurses to provide evidence-based patient guidance, thereby enhancing patients' knowledge and skills in safe medication management.
中等护理相关	护士给药错误/近失/用药安全流程	42324570	10.1186/s40780-026-00577-z	2026	Impact of community pharmacists on improving polypharmacy in elderly outpatients: a community-based intervention study.	Journal of pharmaceutical health care and sciences	Furuta T; Fujitani K; Minami E; Kushida Y	Q3_nursing_monitoring_admin	Polypharmacy, defined as the inappropriate use of multiple concomitant medications, represents a major concern in elderly care and is associated with drug-drug interactions, adverse effects, and poor medication adherence. Previous studies have emphasized the importance of proactive pharmacist involvement in addressing polypharmacy. However, evidence regarding patient outcomes following pharmaceutical interventions remains limited. This study aimed to evaluate whether community pharmacists could contribute to optimizing medication therapy among elderly patients living in the community. Pharmaceutical interventions targeting polypharmacy were implemented with consideration of patient characteristics and caregiver perspectives. Questionnaire surveys were conducted among elderly patients receiving six or more daily medications and among caregivers, including helpers and visiting nurses. Cases involving potentially inappropriate prescriptions were identified in elderly outpatients, and deprescribing proposals were communicated to the respective prescribing physicians with patient consent. Follow-up assessments were conducted at least four weeks after intervention in patients whose medications had been deprescribed. Among elderly respondents, 32.7% expressed a desire to reduce the number of oral medications. Caregivers frequently reported challenges associated with patients receiving multiple prescriptions. Following pharmacist-led interventions, the number of prescribed medications decreased, particularly within the gastrointestinal and pain medication categories. Most patients reported no worsening of symptoms, and some indicated that medication administration had become easier. These findings suggest that community pharmacists may contribute to improving the quality of medication therapy in elderly outpatients through community-based interventions targeting polypharmacy.
弱相关/需人工排除	护士主导随访/监测/管理	42033741	10.1111/imj.70419	2026	Virtual multidisciplinary thiopurine monitoring: experiences from an Australian tertiary inflammatory bowel disease service.	Internal medicine journal	Ea V; Fraser J; Mitropoulos A; Shrestha A; Rodda S; Burns M	Q3_nursing_monitoring_admin	Thiopurines remain key immunomodulators for inflammatory bowel disease (IBD) but require close safety monitoring for adverse effects. We evaluated a virtual multidisciplinary team (MDT) thiopurine monitoring service and compared it to standard care and a pharmacy-led monitoring service. We conducted a retrospective cohort study at an Australian tertiary health service, comparing IBD patients initiated on thiopurines across three study periods: (i) prior to any thiopurine monitoring service; (ii) pharmacy-led thiopurine monitoring service; and (iii) virtual MDT thiopurine monitoring service. The MDT model involved telehealth case reviews by IBD clinicians, pharmacists and nurse consultants. Outcomes included frequency of early clinical reviews, thiopurine methyltransferase (TPMT) phenotype screening, dose optimisation, adverse effects, medication persistence and the promotion of IBD preventive care. A total of 285 patients were included. TPMT phenotype assessment improved across periods (80.3%, 92.5%, 95.6%; P = 0.007). Dose optimisation by 4 months was similar across cohorts (28.8%, 40.2%, 37.8%; P = 0.107). Adverse effect rates, including myelosuppression (4.9%), were comparable. Thiopurine persistence during the MDT monitoring service decreased, potentially due to increased de-escalation of combination therapy to biologic monotherapy. Promotion of cervical screening, skin checks and vaccination improved with the MDT monitoring service. Monitoring services improved the proportion of clinical reviews within 2 weeks of thiopurine initiation, although increased the total number of reviews in the first 3 months. A virtual multidisciplinary thiopurine monitoring service supported more timely clinical review, pharmacogenomic screening and systematic promotion of IBD preventive care. Adverse effect rates were similar across monitoring models. The MDT monitoring model may also facilitate recognition of patients suitable for treatment de-escalation. These findings highlight the potential of structured monitoring approaches to support safe and proactive thiopurine use in IBD, though further research is needed to assess long-term outcomes and sustainability.
弱相关/需人工排除	护士主导随访/监测/管理	41522739	10.21037/jgo-2025-288	2025	Multidisciplinary team approach of treatment of a metastatic gastric carcinoma during pregnancy: a case report.	Journal of gastrointestinal oncology	Eijsink JFH; Udo JN; Maring JG; Lugtenberg RT; Fiebrich HB	Q3_nursing_monitoring_admin	A 39-year-old woman, G2P0M0, 26 weeks and 4 days pregnant, presented at the hospital with nausea, abnormal increase in abdominal size, respiratory failure due to pleural effusion and ascites, pain and weight loss. She was diagnosed with metastatic gastric carcinoma [signet ring cell carcinoma, human epidermal growth factor receptor 2 (HER2)-negative, programmed death-ligand 1 (PD-L1) combined positive score (CPS) 8, proficient mismatch repair (pMMR)]. Oxygen therapy through a high-flow nasal cannula was started at the intensive care unit and drainage of ascites and pleural effusion was performed. A multidisciplinary team (MDT) was convened to discuss if gastric cancer treatment could safely be started after clinical improvement and, if so, what the consequences could be for the mother and the unborn child. An MDT consisting of intensivists, oncologists, clinical pharmacists, gynecologists and nurses was assembled to collaboratively decide, together with the patient and her partner, on the best treatment strategy. A health and safety risk matrix based on literature and experience in practice was used to weigh the risks associated with cancer treatment. Once the patient was stabilized, it was decided to initiate 5-fluorouracil (5-FU), folinic acid and oxaliplatin (FOLFOX) chemotherapy based on the health and safety matrix. Nivolumab was considered to pose too high risks for the unborn and was therefore excluded. The gynecologist closely monitored the unborn child. 5-FU levels were monitored to assess 5-FU kinetics during pregnancy. A normal therapeutic AUC of 25.3 mg·L/h (ref 20-30 mg·L/h) after 46 hours treatment with 4,000 mg 5-FU was found. The patient tolerated the chemotherapy well and showed a good clinical and radiological response. After the first course of chemotherapy, the ascites and pleural drains were removed. In week 33 of the pregnancy, a cesarean section was performed to achieve an optimal balance between risks of chemotherapy and premature birth. A healthy boy was delivered. Post-partum treatment was continued with FOLFOX-nivolumab. This case report demonstrates that, with a multidisciplinary approach and careful monitoring, metastatic gastric cancer can be successfully managed during pregnancy. The good response to FOLFOX therapy and the safe delivery of the child underscore the significance of tailored treatment plans in such complex cases.
中等护理相关	护士给药错误/近失/用药安全流程	40697310	10.1016/j.rcsop.2025.100631	2025	Implementing six sigma management to shorten the time of taking medicine from intelligent medicine cabinet in inpatient ward.	Exploratory research in clinical and social pharmacy	Zhao D; Wang J; Sun M; Wu T; Peng Y	Q3_nursing_monitoring_admin	Medication errors and delays in drug dispensing are persistent challenges in traditional pharmacy systems. Automated Dispensing Cabinets (ADCs) were introduced at the study hospital in July 2022 to improve medication safety and efficiency. However, the initial implementation phase revealed several issues, including prolonged medication retrieval times, suboptimal cabinet layout, system interface limitations, and inconsistent user operations. These challenges highlighted the need for further system optimization using a structured improvement approach. This study aims to implement an inpatient pharmacy management system based on Six Sigma methodology and compare its effectiveness with TPS in terms of medication convenience and error reduction. Starting in July 2022, an intelligent pharmacy management model was implemented in inpatient wards, centered around ADCs and guided by the Six Sigma methodology. Comprehensive improvements were made to address issues such as baseline medication management inefficiencies and delays in retrieving medications for temporary orders. The study compared various metrics, including the time required for retrieving medications for temporary orders, medication administration time, medication error rates before after one month of implementing the intelligent system and nurses' satisfaction with the intelligent system. Compared with the pre-implementation phase, the intelligent system significantly reduced the time required for nurses to retrieve medications and execute orders (P < 0.05). The rates of medication retrieval and administration errors also decreased (P < 0.05). A majority of nurses (86.96 %) reported that the intelligent system improved work efficiency, 92.40 % found it easier to retrieve medications during emergencies, and 97.82 % expressed high satisfaction with the system. The application of an intelligent inpatient pharmacy management system based on the Six Sigma methodology effectively reduced the time nurses needed to retrieve medications, enhanced overall nurse satisfaction, lowered error rates caused by human factors.
强护理前置	护士给药错误/近失/用药安全流程	40800076	10.3389/frhs.2025.1579265	2025	"""I know I shouldn't but …"" the inevitable tension of using workarounds to be a ""good nurse""."	Frontiers in health services	Debono D; Greenfield D; Lipworth W; Carter DJ; Black D; Hinchcliff R	Q3_nursing_monitoring_admin;Q5_med_admin_errors_nurses	"Rules, policies, and technologies are increasingly introduced in healthcare to reduce complexity and iatrogenic harm. One example is the implementation of Electronic Medication Management Systems (EMMS) to minimise medication errors. However, in hospitals where nurses primarily administer medications, research shows that nurses often adopt ""workarounds"" to overcome barriers in medication administration. This study explored how nurses experienced and perceived the use of workarounds in their daily medication administration practices. Understanding these feelings is crucial, as they are linked to both patient safety and staff retention. This ethnographic study was conducted in six wards in two Australian hospitals across 91 shifts, 46 interviews, seven focus groups, and member-checking sessions with nurses and EMMS stakeholders (N = 113 participants). Data analysis used a general inductive approach. Nurses described positive, negative, ambivalent, and conflicting feelings about using workarounds. Some denied the use or tolerance of workarounds, despite them being routinely observed. Most reported a tension between the perceived necessity of workarounds, reluctance to deviate from policy, and the desire to be a good nurse. Workarounds were seen both as the trademark of an expert, mindful nurse and as deviations from the rules, unsafe for both patients and nurses. This study demonstrates challenges to patient safety associated with the tension between the necessity of workarounds and the desire to adhere to policy. This can create stress and anxiety among nurses. They experience a tension at the intersection of the necessity of workarounds to deliver care, to be a good nurse, and the desire to adhere to policy. The associated stress and anxiety can lead to burnout, professional disengagement, and attrition. The study proposes solutions to manage challenges associated with workarounds. Workarounds are an inevitable aspect of healthcare delivery in response to standardisation. Negative perceptions of workarounds may inadvertently contribute to the very harm that standardisation seeks to prevent. A more open dialogue about their use is essential. Recognising their inevitability and equipping nurses to manage them constructively is key to reducing stress, preventing burnout, and enhancing patient safety."
中等护理相关	护士给药错误/近失/用药安全流程	41140292	10.1097/PTS.0000000000001427	2026	Evaluation of Interruptions During IV Smart Pump Medication Administration in Intensive Care Units.	Journal of patient safety	Vital CJ; Schroers G; Fortnam K; Eckel SF; Degnan D; Armistead LT	Q3_nursing_monitoring_admin	The objective of this project was to contribute to the understanding of how interruptions impact intravenous (IV) medication processes and identify areas for improvement. The specific aims were to evaluate the type, frequency, and duration of interruptions, including IV smart pump (IVSP) alerts and alarms, that nurses experience during IVSP activities. Real-world observational, exploratory, noninterventional design. Level 1 academic medical center in the Northeast region of the United States. Data on interruptions were documented using an electronic Case Report Form. One hundred IVSP medication administration activities were observed, of which 25% encountered at least one IVSP alert or alarm. The mean duration for each alert/alarm was 17.9 seconds and alerts/alarms occurred every 1.69 minutes during the medication administration activity. Alarms and alerts accounted for 24.5% of the total duration of each IVSP activity, indicating that nurses spent about 25% of their medication administration time responding to alerts/alarms. Regarding other types of interruptions, 44% of the 100 IVSP medication administration activities experienced at least one interruption, averaging 1.23 per activity. The main sources of interruptions were health care professionals (20.4%), medical devices (20.4%), and other nurses (16.7%). Phone calls created the longest interruptions, averaging 48.0 seconds, followed by self-initiated interruptions at 45.7 seconds. Findings reveal that interruptions, including IVSP alerts and alarms, significantly impact IV medication administration, consuming nearly 25% of nurses' activity time. Additional interruptions, often caused by health care professionals and phone calls, further disrupt workflows and extend task durations. Addressing these challenges through streamlined alert systems and improved communication protocols is essential to enhance efficiency and patient safety in clinical settings.
弱相关/需人工排除	护士给药错误/近失/用药安全流程	42308534	10.1097/CIN.0000000000001503	2026	Leveraging Smart Pump Event Log Data to Understand Medication Events: An Informaticist's Guide.	Computers, informatics, nursing : CIN	Vazquez D; Oppegaard KR	Q3_nursing_monitoring_admin	High-reliability organizations (HROs) embody 5 specific principles with the intent of improving safety and quality in complex, high-risk environments. When applying a high-reliability mindset within a health care system, medication safety exemplifies a complex process that warrants significant attention. Specifically, intravenous medication administration is a multi-step process that necessitates clinician-device interaction to identify and/or mitigate errors. Detailed intravenous smart pump operations are stored in the form of event logs. These event logs have potential to increase patient safety but lack usability in their original format. No methodological papers have been published that provide specific information on how to obtain and transform event log data into a user-friendly format. Therefore, the purpose of this paper is to describe a specific process for transforming intravenous smart pump event log data into a user-friendly format. The process for transforming event log data is described in 2 phases and specific programming code is provided in 6 Supplementary files. Examples of event log data utilization are provided. Given that event log data can assist by providing objective information derived directly from the point of care, this guide is intended to foster innovations in patient safety using a high-reliability lens.
弱相关/需人工排除	护士给药错误/近失/用药安全流程	41344879	10.2196/79262	2025	Implementation of an Electronic Medication Management System in 41 Residential Care Homes in Hong Kong: Pre-Post Interventional Study.	JMIR aging	Au-Doung PLW; Chau HC; Wong CH; Lau KC; Chan YQ; Yip HL	Q3_nursing_monitoring_admin	The medication management process in resident care homes for the elderly (RCHEs) is complex and can be labor intensive. In 2019, a nongovernment organization led by pharmacists with special interest in informatics developed the SafeMed Medication Management System (SMMS), which is a digital web-based system that integrates electronic medical profiles and medication profiles to revamp the traditional manual medication management process in RCHEs in Hong Kong. This study aimed to assess the effectiveness of the SMMS in improving RCHE staff's time efficiency and competencies in the medication management process and how this could potentially reduce human resource costs after its implementation. This was a pre-post interventional study conducted from September 2022 to August 2024. Time efficiency was evaluated using time-motion analysis. The time spent on each process-preparing the medication doses, checking the prepared doses, and administering the doses to residents-was evaluated in 10-minute blocks. The mean numbers of doses prepared, checked, and administered were calculated for each block. A three-way ANOVA was used to compare the doses before and after the system implementation. Staff competencies and perceived acceptance of the system were evaluated using a structured survey adapted from the technology acceptance model. An exploratory analysis was conducted to estimate the potential financial savings attributable to SMMS implementation using RCHE staff salary data obtained from publicly available governmental sources. Results from the time-motion analysis were used to estimate the cost per dose prepared by RCHE staff before and after the system implementation. Forty-one RCHEs implemented the SMMS, serving a total of 3911 residents. The time-motion analysis (n=6 RCHEs) revealed that the mean (SD) number of doses significantly increased in 10-minute blocks after system implementation (medication preparation: 25, SD 14 to 49, SD 15 doses; medication checking: 21, SD 6 to 85, SD 33 doses; medication administration: 9, SD 1 to 16, SD 6 doses). The overall mean number of doses handled across all processes combined was significantly higher after implementation (18.9 vs 51.9 doses, P=.02). RCHE staff (n=392) reported significantly improved competencies in entering and accessing residents' records and preparing, checking, and administering medications after the system implementation (all P<.001). The estimated cost of managing one dose of medication dropped substantially from HKD 2.00 (US $0.25) before to HKD 0.74 (US $0.09) after system implementation. If fully implemented in all RCHEs across Hong Kong, the daily human resource cost associated with the medication management process could potentially be reduced from HKD 2,574,000 (US $330,000) to HKD 952,380 (US $122,100). The time-motion analysis and quantitative survey findings suggest that digital technology combined with automation can improve staff's time efficiency and competencies and promote human resource cost-saving in the medication management process. Future work should evaluate the long-term impact of this system on medication safety and its cost-effectiveness in RCHEs.
中等护理相关	护士主导随访/监测/管理	41490430	10.1097/nmg.0000000000000323	2026	Ring, Remind, Report: A telephone-based intervention to optimize laboratory monitoring adherence among psychoactive medication users.	Nursing management	Blake T; Kobeissi MM; Gragan R; Bruno S; Janes JM	Q3_nursing_monitoring_admin	Patients prescribed psychoactive medications require routine laboratory monitoring to ensure safety and therapeutic effectiveness of pharmacotherapy. Inadequate monitoring of routine laboratory values increases the risk of adverse outcomes, emphasizing the importance of consistent attendance at scheduled laboratory appointments. The purpose of this quality improvement project was to evaluate a nurse-driven telephone-based reminder protocol to improve laboratory appointment adherence among patients prescribed psychoactive medications requiring routine monitoring. A 6-week intervention at a community clinic was led by nursing staff who performed standardized telephone-based reminders prior to scheduled laboratory appointments. Communication was used to promote appointment adherence, with outcomes measured through no-show rates and patient satisfaction. Implementation of the protocol reduced laboratory appointment no-show rates from 33% at baseline to 19% postintervention. Patient feedback was positive, with 83% of surveyed participants reporting satisfaction with the reminder process and improved clarity regarding their care. The nurse-driven Ring, Remind, Report protocol improved appointment adherence, enhanced medication safety monitoring, and supported more efficient clinic workflows. The results suggest that standardized reminder calls may be a sustainable strategy for improving adherence among patients prescribed psychoactive medications requiring routine laboratory monitoring.
弱相关/需人工排除	护士给药错误/近失/用药安全流程	42319032	10.1097/XEB.0000000000000618	2026	Independent double-checking of high-risk medications among hospitalized pediatric patients: a best practice implementation project.	JBI evidence implementation	McMurtery R; Palokas M	Q3_nursing_monitoring_admin	Compared to adults, medication errors among pediatric patients have a greater possibility of causing harm due to weight-based, fractional doses. Potential adverse drug events occur three times more often in the pediatric population. In 2023, 3 Children's, a pediatric inpatient unit in Mississippi, had four reported high-risk medication errors, which was 21% of all reported medication errors. This project aimed to promote evidence-based practices regarding independent double-checking of high-risk medications to reduce medication errors in a pediatric inpatient unit. This project was guided by the JBI Evidence Implementation Framework and used the JBI Practical Application of Clinical Evidence System (PACES) along with the Getting Research into Practice (GRiP) audit and feedback strategy. Audit criteria included nine evidence-based practices. After completing baseline audits, strategies to address the identified barriers were developed and implemented. A follow-up audit was then conducted and compared to the baseline audit. Baseline audits revealed 70% average compliance with the nine evidence-based practices. Barriers to compliance were identified, including a lack of nursing staff knowledge/training regarding independent double-checks and an unclear policy and procedure regarding high-risk medications and independent double-checks. Strategies to improve compliance were implemented and included an education module via the electronic learning management system, laminated reminder cards, a tip sheet, and revisions to the Children's High-Risk Medication Policy. The average follow-up post-implementation audit compliance was 77%, a 7% increase from baseline. The clinical audit process used in this evidence implementation project resulted in improvements in independent double-checking high-risk medications in the inpatient pediatric unit. http://links.lww.com/IJEBH/A614.
中等护理相关	护士给药错误/近失/用药安全流程	40876024	10.1097/JNN.0000000000000846	2025	Causes of Noncompliance With Nimodipine and Its Impact on 90-day Outcome After Aneurysmal Subarachnoid Hemorrhage.	The Journal of neuroscience nursing : journal of the American Association of Neuroscience Nurses	Seo M; Aiyagari V; Moreno J; Olson DM; Bashir MMI; Tenii J	Q3_nursing_monitoring_admin	Guidelines recommend the use of enteral nimodipine for 21 days after aneurysmal subarachnoid hemorrhage (aSAH). The recommended duration (21 d) and frequency of administration (every 4 h) may lead to noncompliance. Nurses play a critical role in medication administration, monitoring adverse reactions, and ensuring patient compliance with prescribed regimens. The aim of this study is to assess the degree of compliance with nimodipine use, causes of noncompliance and explore if adherence to nimodipine in clinical practice correlates with improved neurological outcomes as indicated by modified Rankin Scale (mRS) scores. A retrospective study of consecutive aSAH admissions to a comprehensive stroke center over a 67-month period. Compliance was defined as receiving at least 80% of the recommended doses of nimodipine over 21 days. A chart review was performed to explore the reasons for noncompliance. We examined hospital disposition at discharge and 90-day mRS, adjusted for severity of aSAH. Compliance rates before and after a pharmacist-guided intervention were also examined. Among 141 patients, the overall compliance rate was just 30%. The leading reasons for missed doses included hypotension (68.1%) and patients being off the unit (56%). Compliance was not associated with improvement in 90-day mRS scores for low-grade aSAH ( P =0.3638) and high-grade aSAH ( P =0.227). After pharmacist-guided intervention, compliance improved from 18.2% to 43.8%. There is a high rate of noncompliance with nimodipine use in aSAH, but it did not significantly impact patient outcomes. Although pharmacist interventions improved compliance, full compliance remains challenging.
弱相关/需人工排除	护士给药错误/近失/用药安全流程	42318901	10.1097/PTS.0000000000001544	2026	Medication Safety Self-assessment in Hospital Wards Within A Regional Health Services System: A Descriptive Follow-up Study.	Journal of patient safety	Mäkinen K; Kortteisto T; Airaksinen M; Toivo T	Q3_nursing_monitoring_admin	This study aimed to assess safe medication practices and changes over a 1-year follow-up period in hospital wards within a regional health services system using a structured self-assessment procedure. An interprofessional team at Tampere University Hospital developed a medication safety self-assessment procedure in Finland in spring 2022. The self-assessment was conducted in all inpatient wards in November 2022 and repeated in November 2023. Each ward held a 2-hour interprofessional meeting to complete the assessment, documented through an electronic survey tool (Webropol) comprising 80 structured items assessing practices and rated on a 5-point scale. Descriptive statistics were used to analyze changes over time. In 2022, 60 specialized care wards participated; in 2023, 76 wards participated, including both primary and specialized care wards. The best implemented safe medication practices in 2023 included supervisors' commitment and valid medication administration licenses for nursing staff. Practices requiring further development included onboarding procedures for new staff and maintaining up-to-date medication lists. Notable improvements were observed in supervisors' commitment to safe medication practices and physicians' commitment to confirming and documenting reconciled medication regimens. The proportion of fully implemented practices increased from 23% (n=18/80) in 2022 to 33% (n=26/80) in 2023. This study provides an overview of medication safety management by identifying well and poorly implemented safe medication practices and revealing trends over time. Even within a 1-year follow-up period, substantial improvements were observed across regional health services system wards. The self-assessment procedure offers a practical mechanism to support management and continuous quality improvement.
弱相关/需人工排除	护士给药错误/近失/用药安全流程	41617360	10.1136/bmjoq-2025-003715	2026	Reducing delays in time-critical medications for Parkinson's disease: a multifaceted, multiprofessional quality improvement project.	BMJ open quality	Fisher J; Scott C	Q3_nursing_monitoring_admin	When people with Parkinson's disease (PD) are admitted to hospital, control of their symptoms can deteriorate, often due to delayed or incorrect medication administration. The aim of this project was to improve the administration of PD medicines for hospital in-patients in our trust. Specifically, we aimed to administer 95% of PD medicines within 30 minutes of the prescribed time and to eliminate delays of >60 minutes for PD medications.To achieve these aims, we developed a multifaceted quality improvement project, led by a multidisciplinary team, that ran over a period of 2 years. The outcome measure in this project was the time delay between the time a given PD medicine was scheduled to be administered and the time at which it was recorded as having been administered by nursing staff.The data were divided into 3 phases: a 6-month baseline phase (March 2022 to September 2022), a 24-month project phase (September 2022 to September 2024) and a 6-month sustain phase (September 2024 to March 2025). Statistical process control (SPC) charts were used to monitor medicine delays over time. Plan-do-study-act methodology was adopted within this project and a variety of interventions were employed throughout the project.The project demonstrated a significant reduction in delays in medicines administration for patients with PD. The success of our project came from the cultivation of multiprofessional 'ownership' of the problem, in combination with an appreciation of the patient's lived experience, through visualisation of how poor symptom control can impact on a person's ability to move. Whilst it is not possible to comment on the long-term sustainability of the project, we were encouraged that the changes were maintained throughout the 6-month sustain phase for both medicine administration targets.
弱相关/需人工排除	护士给药错误/近失/用药安全流程	42288946	10.4140/TCP.n.2026.118	2026	Transitioning Medication-Related Home Visits to a Cognitively Accessible Digital Intervention in Home Care: A Practice Innovation Pilot.	The Senior care pharmacist	Legault J; Bordeleau D; Nguyen QD	Q3_nursing_monitoring_admin	Background: Medication adherence among older adults with cognitive impairment is a major challenge in home care and often results in frequent in-person visits for reminders or medication administration. While digital reminder tools show promise, evidence supporting their integration into routine home care practice remains limited. In publicly funded home care services, medication-related visits are resourceintensive and increasingly difficult to sustain amid workforce constraints, making the identification of safe and scalable alternatives a growing priority. Methods: A quality improvement pilot project was conducted within a publicly funded home care program in Quebec, Canada. A smart clock was implemented to deliver cognitively accessible medication reminders and enable remote confirmation of intake. The technology was integrated into existing clinical workflows through nursing assessment, structured installation, user and caregiver training, and ongoing monitoring. Descriptive quantitative measures assessed device use, substitution of in-home visits, user experience and safety, and a preliminary break-even cost analysis. Results: Forty-eight older adults received the smart clock. Thirty-five participants (72.9%) were considered successful, defined as maintaining accurate medication intake. Use of the smart clock was associated with 6,276 avoided medication-related home visits across the pilot and time savings of 39.6 minutes of home care staff time per device per day. No major medicationrelated safety events were observed. Conclusion: This pilot suggests that a clinically integrated, cognitively accessible digital intervention can support the safe substitution of medicationrelated home visits. Findings highlight the importance of interdisciplinary collaboration and implementation practices in developing sustainable technology-enabled home care models.
强护理前置	护士给药错误/近失/用药安全流程	41877359	10.1111/jocn.70283	2026	Comment on 'Assessing the Effectiveness of Interventions Implemented by Nurses to Reduce Medication Administration Errors in Hospitalised Acute Adult Patient Settings: Systematic Review and Meta-Analysis'.	Journal of clinical nursing	Mishra D; Ahmed SM; Shubham S	Q3_nursing_monitoring_admin	
弱相关/需人工排除	护士给药错误/近失/用药安全流程	41509802	10.33393/grhta.2026.3615	2026	Health technology assessment of an automated unit-dose drug distribution system in a high-specialization national referral hospital of the Italian National Health Service.	Global & regional health technology assessment	Croce D; De Nardo F; Convenga F; Mueller D; Franzin M	Q3_nursing_monitoring_admin	Automated unit-dose (UD) medication distribution systems are increasingly recognized as enabling technologies for safer, more efficient, and traceable drug administration in hospitals. Closed-loop UD systems integrate electronic prescribing, automated dispensing, and bedside barcode scanning to ensure full traceability throughout the medication process. This study evaluated the clinical effectiveness, organizational impact, and cost-effectiveness of a closed-loop UD system implemented at a 930-bed national referral hospital in Northern Italy, compared with the previous ward-stock system. A convergent mixed-methods mini-Health Technology Assessment combined administrative, clinical, and financial data (2018-2021) with literature evidence and 18 semi-structured staff interviews. Outcomes included medication administration errors (MAEs), adverse drug reactions (ADRs), and preventable hospitalizations. Cost-effectiveness was assessed from the Italian National Health Service perspective, and qualitative findings were analyzed using framework analysis. Based on literature-derived parameters, the model suggests a reduction in MAE rate from 10.6% to 5.0%, preventing an estimated 57,247 errors, 4,294 ADRs, and 42 hospitalizations per year. These outcomes were associated with net annual savings of €1.32 million and an ICER of €48.67 per error avoided. The model also indicated that around 34,000 nursing hours could be reallocated to direct patient care, while qualitative evidence highlighted improved staff satisfaction and medication traceability. Sensitivity analyses confirmed economic robustness in 95% of simulations. Implementation of a closed-loop UD system enhances medication safety, workflow efficiency, and cost-effectiveness, supporting its scalability as a strategic innovation aligned with institutional goals for quality and sustainability.
中等护理相关	护士给药错误/近失/用药安全流程	42411790	10.31083/Pharmazie52007	2026	Assessment of the Quality of Finished Intravenous Infusions Using Failure Mode and Effects Analysis.	Die Pharmazie	Ma Y; Chen W; Li J; Yang Y; Bai D; Gao M	Q3_nursing_monitoring_admin	The post-dispensing process of Pharmacy Intravenous Admixture Services (PIVAS), including verification, packaging, transportation, nurse receipt and verification, and clinical administration, involves multiple high-risk steps associated with intravenous medication safety. However, existing risk management studies have primarily focused on internal preparation procedures within PIVAS, with limited attention to the external circulation processes after admixture preparation. Failure mode and effects analysis (FMEA) was applied to systematically identify, evaluate, and prioritize potential risks in the post-dispensing workflow of finished intravenous infusions. Risk priority numbers (RPNs) were calculated based on severity, occurrence, and detectability scores. High-risk failure modes were defined as those with an RPN ≥120 or a severity score ≥8. Targeted corrective interventions were subsequently implemented for these high-risk processes. A total of six high-risk failure modes were identified across the post-dispensing workflow. Following FMEA-based interventions, the total RPN score of these six high-risk failure modes decreased from 707 to 394, representing a 44.3% reduction. In addition, the incidence of real-world risk events decreased significantly between 2020 and 2022 (p < 0.001), indicating substantial improvements in medication safety and process quality. FMEA is an effective and practical tool for extending quality control from internal admixture preparation to the complete post-dispensing process in PIVAS. The implementation of FMEA facilitated the establishment of a closed-loop risk management framework and improved the safety of intravenous medication administration.
强护理前置	护士给药错误/近失/用药安全流程	41658651	10.7759/cureus.100924	2026	Electronic Documentation Practice and Its Correlated Factors Among Medical-Surgical Nurses in Selected Hospitals in Texas, USA.	Cureus	Popatco MTM; Feliciano AZ	Q3_nursing_monitoring_admin	Nursing documentation provides evidence of the care delivered by clearly accounting for what occurred and when it occurred. Despite the overall importance of electronic documentation, available evidence shows significant limitations in good practice. This study aimed to describe the electronic documentation practice and its correlated factors among medical and surgical ward nurses in four selected hospitals in Texas, USA. The descriptive correlational study involved 379 medical-surgical nurses recruited through proportionate non-probability sampling from four hospitals in Texas, USA, with the intent of examining how socio-demographic, knowledge, attitude, and organizational factors influence electronic documentation practices. Data collected through an online questionnaire were analyzed using descriptive statistics, Spearman rho correlation, and linear regression to determine relationships and factors associated with documentation practices. Most respondents were female (244, 64.4%), married (186, 49.1%), held a bachelor's degree (289, 76.3%), and were employed in general hospitals (254, 69%) and medical wards (290, 76.5%) for an average of 9.77 years (SD±8.51). All nurses exhibited good knowledge in areas of communication, legal protection, and patient safety, and the majority (369, 97.4%) demonstrated a favorable attitude toward the legal and clinical significance of electronic documentation. Documentation practices were strong in recording assessments, interventions, and medication administration, while lower mean scores were noted in documenting nursing diagnoses, patient education, and immediate post-care entries. Institutional supports included in-service training, operational standards, available documentation materials, and supervisory follow-up. However, more than 80% (318) reported fatigue and exhaustion, and fewer than 20% (64) indicated a lack of time and motivation for electronic documentation. Documentation practices were positively associated with educational attainment, knowledge, attitude, and organizational support (p < .01), while gender, age, income, hospital type, and years of experience showed no statistically significant correlation. Divorced nurses had poorer documentation scores compared to other marital groups. High knowledge and favorable attitude, when supported by strong organizational systems, contribute to good documentation practices among nurses. The study recommends strengthening in-service training, addressing work-related fatigue, enhancing supervisory support and monitoring, and promoting timely documentation.
弱相关/需人工排除	护士给药错误/近失/用药安全流程	40659044	10.1055/a-2641-9863	2026	Increased Caregiver Interaction with the NICU Environment during Medication Administration May Contribute to Higher Infection Rates: A Pilot Observational Study.	American journal of perinatology	Nolan M; Chan B; Loc-Carrillo C; Parker A; France D; Grubb PH	Q3_nursing_monitoring_admin	After nearly 3 years without a single central line-associated bloodstream infection (CLABSI), our neonatal intensive care unit (NICU) experienced a significant rise in CLABSI rates beginning in 2019. The increase coincided with changes made to the intravenous (IV) medication pump integration process, which added more safety checks and procedural steps. This study aimed to investigate the potential association between these process changes and increased CLABSI and non-CLABSI (bloodstream infection, BSI) rates prior to inclusion in a future QI project Key Driver Diagram.This observational pilot study used a mixed-methods approach, including statistical process control analysis to confirm a special-cause increase in CLABSI rate, human factors observations, and environmental microbiome sampling focusing on the equipment involved in the IV pump integration. We compared these findings to the CLABSI and BSI rates to identify temporal and geographic associations.Following the 2019 implementation of IV pump integration, statistically significant increases in CLABSI and BSI rates were observed. The enhanced safety checks added steps to IV medication administrations, with timestamp observation indicating up to 14 location changes around the bed spaces and a mean of 5.5 minutes for any IV medication administration. Environmental microbial sampling showed a 27% positivity rate. The highest microbial burden was found on patient-specific mobile equipment (30%) used during IV medication administration, including isolettes, IV hubs, and glove boxes, compared with other equipment (26%) like nursing computers or ventilators (p = 0.093). A strong overlap was observed between the microorganisms found in the NICU environment and those responsible for positive patient blood cultures, particularly coagulase-negative Staphylococcus (CONS).Though not statistically significant, the findings suggest that the added complexity and extended duration of the modified IV pump integration process may have increased the frequency of caregiver interactions with the NICU environment, exposing immune-vulnerable NICU patients to a higher risk of infection. Further human factors analysis and quality improvement efforts are necessary to simplify the IV medication administration process, reduce environmental microbial loads, and decrease infection rates. · Increased CLABSI/BSI rates post-IV pump integration.. · High microbial load on equipment related to the IV medication administration process.. · Process changes with IV pump integration to enhance patient safety may have unintended consequences, like increasing caregiver-environment interaction and patient infection rates..
强护理前置	护士给药错误/近失/用药安全流程	39499515	10.1001/jamanetworkopen.2024.43059	2024	Nurse Burnout and Patient Safety, Satisfaction, and Quality of Care: A Systematic Review and Meta-Analysis.	JAMA network open	Li LZ; Yang P; Singer SJ; Pfeffer J; Mathur MB; Shanafelt T	Q5_med_admin_errors_nurses	Occupational burnout syndrome is characterized by emotional exhaustion, depersonalization, and a diminished sense of personal accomplishment and is prevalent among nurses. Although previous meta-analyses have explored the correlates of nurse burnout, none have estimated their association with health care quality and safety and patient morbidity and mortality. To evaluate the magnitude and moderators of the association between nurse burnout and patient safety, patient satisfaction, and quality of care. The Web of Science, Scopus, MEDLINE, Embase, PsycINFO, CINAHL, and ProQuest databases were searched from January 1, 1994, to February 29, 2024. Two reviewers independently identified studies that reported a quantifiable association between nurse burnout and any of the outcomes of patient safety, patient satisfaction, or quality of health care. The PRISMA 2020 guideline was followed. Two reviewers independently extracted the standardized mean difference (SMD) (Cohen d) estimates for a random-effects meta-analysis. Subgroup analyses and meta-regressions were conducted using prespecified variables. Any measure of patient safety, patient satisfaction, or quality of health care previously associated with nurse burnout. A total of 85 studies (81 cross-sectional and 4 longitudinal) involving 288 581 nurses from 32 countries (mean [SD] age, 33.9 (2.1) years; 82.7% female; mean [SD] burnout prevalence rate with study-specific ascertainments, 30.7% [9.7%]) were included. Nurse burnout was associated with a lower safety climate or culture (SMD, -0.68; 95% CI, -0.83 to -0.54), lower safety grade (SMD, -0.53; 95% CI, -0.72 to -0.34), and more frequent nosocomial infections (SMD, -0.20; 95% CI, -0.36 to -0.04), patient falls (SMD, -0.12; 95% CI, -0.22 to -0.03), medication errors (SMD, -0.30; 95% CI, -0.48 to -0.11), adverse events or patient safety incidents (SMD, -0.42; 95% CI, -0.76 to -0.07), and missed care or care left undone (SMD, -0.58; 95% CI, -0.91 to -0.26) but not with the frequency of pressure ulcers. Nurse burnout was also associated with lower patient satisfaction ratings (SMD, -0.51; 95% CI, -0.86 to -0.17) but not with the frequencies of patient complaints or patient abuse. Finally, nurse burnout was associated with lower nurse-assessed quality of care (SMD, -0.44; 95% CI, -0.57 to -0.30) but not with standardized mortality rate. The associations were consistent across nurses' age, sex, work experience, and geography and persistent over time. For patient safety outcomes, the association was smaller for the low personal accomplishment subcomponent of burnout than for emotional exhaustion or depersonalization, as well as for nurses with a college education. In this systematic review and meta-analysis, nurse burnout was found to be associated with lower health care quality and safety and lower patient satisfaction. This association was consistent across nurse and study characteristics.
中等护理相关	护士ADR上报/药物警戒认知与行为	39470185	10.1002/14651858.CD012594.pub2	2024	Improving adverse drug event reporting by healthcare professionals.	The Cochrane database of systematic reviews	Shalviri G; Mohebbi N; Mirbaha F; Majdzadeh R; Yazdizadeh B; Gholami K	Q5_med_admin_errors_nurses	Adverse drug events, encompassing both adverse drug reactions and medication errors, pose a significant threat to health, leading to illness and, in severe cases, death. Timely and voluntary reporting of adverse drug events by healthcare professionals plays a crucial role in mitigating the morbidity and mortality linked to unexpected reactions and improper medication usage. To assess the effectiveness of different interventions aimed at healthcare professionals to improve the reporting of adverse drug events. We searched CENTRAL, Embase, MEDLINE and several other electronic databases and trials registers, including ClinicalTrials.gov and WHO ICTRP, from inception until 14 October 2022. We also screened reference lists in the included studies and relevant systematic reviews. We included randomised trials, non-randomised controlled studies, controlled before-after studies, interrupted time series studies (ITS) and repeated measures studies, assessing the effect of any intervention aimed at healthcare professionals and designed to increase adverse drug event reporting. Eligible comparators were healthcare professionals' usual reporting practice or a different intervention or interventions designed to improve adverse drug event reporting rate. We excluded studies of interventions targeted at adverse event reporting following immunisation. Our primary outcome measures were the total number of adverse drug event reports (including both adverse drug reaction reports and medication error reports) and the number of false adverse drug event reports (encompassing both adverse drug reaction reports and medication error reports) submitted by healthcare professionals. Secondary outcomes were the number of serious, high-causality, unexpected or previously unknown, and new drug-related adverse drug event reports submitted by healthcare professionals. We used GRADE to assess the certainty of evidence. We followed standard methods recommended by Cochrane and the Cochrane Effective Practice and Organisation of Care (EPOC) Group. We extracted and reanalysed ITS study data and imputed treatment effect estimates (including standard errors or confidence intervals) for the randomised studies. We included 15 studies (eight RCTs, six ITS, and one non-randomised cross-over study) with approximately 62,389 participants. All studies were conducted in high-income countries in large tertiary care hospitals. There was a high risk of performance bias in the controlled studies due to the nature of the interventions. None of the ITS studies had a control arm, so we could not be sure of the detected effects being independent of other changes. None of the studies reported on the number of false adverse drug event reports submitted. There is low-certainty evidence suggesting that an education session, together with reminder card and adverse drug reaction (ADR) report form, may substantially improve the rate of ADR reporting by healthcare professionals when compared to usual practice (i.e. spontaneous reporting with or without some training provided by regional pharmacosurveillance units). These educational interventions increased the number of ADR reports in total (RR 3.00, 95% CI 1.53 to 5.90; 5 studies, 21,655 participants), serious ADR reports (RR 3.30, 95% CI 1.51 to 7.21; 5 studies, 21,655 participants), high-causality ADR reports (RR 2.48, 95% CI 1.11 to 5.57; 5 studies, 21,655 participants), unexpected ADR reports (RR 4.72, 95% CI 1.75 to 12.76; 4 studies, 15,085 participants) and new drug-related ADR reports (RR 8.68, 95% CI 3.40 to 22.13; 2 studies, 7884 participants). Additionally, low-certainty evidence suggests that, compared to usual practice (i.e. spontaneous reporting), making it easier to report ADRs by using a standardised discharge form with added ADR items may slightly improve the total number of ADR reports submitted (RR 2.06, 95% CI 1.11 to 3.83; 1 study, 5967 participants). The discharge form tested was based on the 'Diagnosis Related Groups' (DRG) system for recording patient diagnoses, and the medical and surgical procedures received during their hospital stay. Due to very low-certainty evidence, we do not know if the following interventions have any effect on the total number of adverse drug event reports (including both ADR and ME reports) submitted by healthcare professionals: - sending informational letters or emails to GPs and nurses; - multifaceted interventions, including financial and non-financial incentives, fines, education and reminder cards; - implementing government regulations together with financial incentives; - including ADR report forms in quarterly bulletins and prescription pads; - providing a hyperlink to the reporting form in hospitals' electronic patient records; - improving the reporting method by re-engineering a web-based electronic error reporting system; - the presence of a clinical pharmacist in a hospital setting actively identifying adverse drug events and advocating for the identification and reporting of adverse drug events. Compared to usual practice (i.e. spontaneous reporting with or without some training from regional pharmacosurveillance units), low-certainty evidence suggests that the number of ADR reports submitted may substantially increase following an education session, paired with reminder card and ADR report form, and may slightly increase with the use of a standardised discharge form method that makes it easier for healthcare professionals to report ADRs. The evidence for other interventions identified in this review, such as informational letters or emails and financial incentives, is uncertain. Future studies need to assess the benefits (increase in the number of adverse drug event reports) and harms (increase in the number of false adverse drug event reports) of any intervention designed to improve healthcare professionals' reporting of adverse drug events. Interventions to increase the number of submitted adverse drug event reports that are suitable for use in low- and middle-income countries should be developed and rigorously evaluated.
强护理前置	护士给药错误/近失/用药安全流程	40380193	10.1186/s12912-025-03195-6	2025	Nursing informatics and patient safety outcomes in critical care settings: a systematic review.	BMC nursing	Shi Q; Wotherspoon R; Morphet J	Q5_med_admin_errors_nurses	Conduct a systematic review to analyse how nursing informatics influence patient safety outcomes in critical care settings. The following database searches were conducted: Ovid MEDLINE, Cochrane library, Cochrane CENTRAL, CINAHL plus, Ovid Emcare, PsycINFO, and Ovid Embase. Two reviewers conducted the data selection and critical appraisal independently, following the JBI evaluation guidelines. Seventeen articles of high quality were included in this review. This systematic review focused on critical care settings in healthcare facilities, including Emergency Departments, Intensive Care Units, High Dependency Units and Coronary Care Units in public or private hospitals. The overarching outcomes evaluated were patient safety outcomes (e, g, the development of a pressure injury), patient safety outcome measures (i.e., the application of tools used to measure patient safety outcomes e.g. the frequency with which pressure areas are assessed) and the processes of care (e.g. conducting regular pressure area care to prevent pressure injuries). In critical care settings, nursing informatics were associated with promotion of patient safety and prevention of adverse incidents, including reducing the incidence of pressure ulcers and medication errors; helping control blood glucose levels; decreasing the length of hospital stay; and improving compliance with care bundles and overall screening completion rates for risks of pressure ulcers, falls, substance use and agitation in emergency departments. The implementation of nursing informatics in critical care areas has been successful in promoting patient safety. While informatics can be costly to introduce, there is evidence these interventions can reduce costs by preventing adverse events. Electronic health information record systems, clinical decision support systems and telehealth can increase compliance with screening and delivery of care aligned with guidelines across a range of presentations and critical care contexts. With the growing prevalence of nursing informatics, these systems should be considered for more widespread introduction.
中等护理相关	护士给药错误/近失/用药安全流程	42049656	10.3917/rsi.163.0037	2026	[Not Available].	Recherche en soins infirmiers	Vonarx N; Desgroseilliers V	Q5_med_admin_errors_nurses	The suffering of nurses involved in adverse events, such as medication errors or patient falls, is a growing concern in occupational health. It affects the availability of resources needed to provide sufficient and high-quality care. Literature identifying nurses as &amp;#8220;second victims&amp;#8221; of such events&amp;#8212;after the patient and their family&amp;#8212;makes this suffering more visible. In Quebec, as elsewhere, this suffering manifests on psychological, physical, and emotional levels. Nurses require targeted support and interventions to overcome it, receive care, and continue providing patient care. A descriptive qualitative study was conducted with nurses and managers in Quebec to identify the resources and support they receive following a serious adverse event. Individual interviews were carried out with 15 nurses involved in serious adverse events and 11 managers involved in event management. The interviews focused on the resources available in the workplace to support affected nurses. Our findings indicate that resources and support are almost non-existent, and that the subject is completely ignored in risk management policies and protocols. Nonetheless, recognizing the importance of supporting nurses, hospital managers often act informally to provide assistance. Given the urgency of addressing this issue and the lack of formal resources in health care institutions, we propose interventions aligned with the lived experiences of nurses, particularly targeting the mental and emotional suffering generated by adverse events and their management.
弱相关/需人工排除	护士给药错误/近失/用药安全流程	42336731	10.1016/j.zefq.2026.05.007	2026	[Not Available].	Zeitschrift fur Evidenz, Fortbildung und Qualitat im Gesundheitswesen	Kathriner S; Bisig R	Q5_med_admin_errors_nurses	Medication errors are among the most frequent preventable risks in healthcare. Data on error rates in inpatient rehabilitation settings have so far been limited. A disguised direct observational study was conducted in a rehabilitation clinic, complemented by retrospective prescription analysis. Three medication process steps were observed: prescribing, preparation, and administration. Errors were classified according to NCC MERP severity categories. A total of 466 opportunities of error (OE) were examined. The error rate was 26.8 % (95 % CI: 20.2-32.6), with 148 errors recorded. Most errors occurred with prescribing (56 %), followed by preparation (24 %), and administration (20 %). Category C errors were most frequent (41.2 %), followed by B (29.7 %) and E (26.4 %). No severe errors (categories F-I) were observed. Factors such as ward, medication timing, and nursing experience showed no significant effect. The error rate corresponds to approximately one error per four medication doses and is comparable to international findings. The high proportion of prescribing errors indicates structural weaknesses in the medication process. The findings highlight the urgent need to improve medication safety in inpatient rehabilitation. Implementing a closed-loop medication process with electronic prescribing, unit-dose packaging, and barcode scanning is recommended.
弱相关/需人工排除	其他	39933090	10.1188/25.CJON.12-13	2025	Think This Can't Happen to You?	Clinical journal of oncology nursing	Schulmeister L	Q5_med_admin_errors_nurses	To commemorate ONS's 50th anniversary in 2025, throughout the year, we will be reprinting seminal editorials written by former editors of the Oncology Nursing Forum and the Clinical Journal of Oncology Nursing that have.
强护理前置	护士给药错误/近失/用药安全流程	41796441	10.1111/jocn.70276	2026	Medication Errors in Perioperative Nursing: A Scoping Review.	Journal of clinical nursing	Wickramasinghe C; Latimer S; Gillespie BM	Q5_med_admin_errors_nurses	To map the current literature on the characteristics of nurse-related medication errors in perioperative healthcare settings. A scoping review. This scoping review used the five-stage framework developed by Arksey and O'Malley (2005). The five stages are: (1) Identifying the Research Question; (2) Identifying Relevant Studies; (3) Study Selection; (4) Charting the Data; and (5) Collating, Summarising, and Reporting the Results. Findings were synthesised using the PAGER framework. An Ishikawa diagram was used to illustrate contributing factors of nurse-related medication errors. In October 2024, using key search terms, five databases (Scopus, EBSCO Cumulative Index to Nursing and Allied Health Literature, OVID Embase, EBSCO Medline, EBSCO PsycInfo) and two grey literature platforms (opengrey, Policy commons) were searched. The articles were imported to the Covidence database from Endnote after removing duplicate literature. Selected article titles and abstracts, and subsequently full-text articles, were screened by two trained reviewers based on a priori inclusion and exclusion criteria. Data were extracted from the included full-text articles by one author, checked by another, and analysed descriptively. Of the 967 articles identified through the searches, 7 full-text articles were included. The incidence of nurse-related medication errors in perioperative settings ranged from 6.4% to 33.7%, with errors including incorrect medication routes, missed or delayed doses, and miscommunication-related overdoses. Contributing factors were multifaceted, involving workload pressures, communication failures, system flaws, and organisational influences such as leadership and safety culture. Medication errors in the perioperative setting pose a significant threat to patient safety yet remain underexplored compared to other healthcare contexts. A holistic approach incorporating human factors frameworks, improved communication, workload management, and leadership can help address the complex causes of these errors and guide targeted interventions to enhance perioperative safety and patient outcomes. Scoping Reviews (PRISMA-ScR) checklist. No Patient or Public Contribution. Open science Framework Website. Registration DOI https://doi.org/10.17605/OSF.IO/EXT8C.
强护理前置	护士给药错误/近失/用药安全流程	42157256	10.1186/s12912-026-04764-z	2026	Fear, silence, and moral injury following medication errors: insights from Jordanian pediatric nurses.	BMC nursing	Gharaibeh H; Tarawneh R; Oweis A	Q5_med_admin_errors_nurses	Medication errors represent a major patient safety concern, with pediatric populations particularly vulnerable due to complex dosing requirements and developmental factors. Although the prevalence and causes of medication errors are widely documented, limited attention has been given to the emotional, ethical, and moral consequences for pediatric nurses, especially within non-Western healthcare contexts. This study aimed to explore how Jordanian pediatric nurses experience, respond to, and learn from medication errors, with specific attention to emotional impact, moral distress, reporting behaviors, and institutional support. A qualitative descriptive design with a phenomenological design was employed. Semi-structured interviews were conducted with 21 pediatric nurses working in a public pediatric hospital and a university-affiliated teaching hospital in Jordan. Interviews were audio-recorded, transcribed verbatim, and analyzed using Braun and Clarke's thematic analysis. Five themes were identified: lingering emotional fallout marked by guilt and anxiety; blame-oriented cultures and lack of institutional support; growth through increased vigilance and peer solidarity; fear-driven silence related to reporting; and moral injury involving identity rupture, silent suffering, and moral repair. Medication errors were experienced as enduring emotional and moral events rather than isolated technical incidents. Trauma-informed leadership, just culture implementation, structured emotional debriefing, and peer support are essential for promoting learning, reporting, and moral recovery.
强护理前置	护士给药错误/近失/用药安全流程	40535525	10.1002/hsr2.70904	2025	Nursing Errors in Iranian Nurses: A Mixed Study.	Health science reports	Nematollahi M; Bagherian B; Mehdipour-Rabori R	Q5_med_admin_errors_nurses	"Medical errors that result in patient injuries and fatalities are a significant concern in healthcare. Understanding these errors and their contributing factors is essential for enhancing the quality of patient care. This study aimed to investigate nursing errors and the factors that influence them. This study employed a mixed-method approach with a sequential explanatory design and was conducted in Iran from 2022 to 2023. The study consisted of two phases. In the quantitative phase, a cross-sectional study was conducted in which 200 nurses in Kerman City completed two questionnaires: one on nursing errors and the other on factors influencing nursing errors. In the qualitative phase, the researchers conducted semi-structured, in-depth, face-to-face individual interviews with 30 nurses. Two hundred nurses took part in the quantitative phase, and 99% of them reported experiencing at least one nursing error. The highest average score for errors was associated with medication errors (3.40 ± 0.37), followed by care errors (2.85 ± 1.34). The average scores for the most prevalent causes of errors were highest in the organizational dimension (3.8 ± 1.01). A significant positive correlation was found between the average scores of various error dimensions and the average scores of different dimensions related to the causes of errors (p < 0.05). Three main categories were identified from the qualitative data: ""Nursing errors must be reported,"" ""Doom of conscience after committing a nursing error,"" and ""Error in nursing is multifactorial."" The study revealed a high prevalence of nursing errors, emphasizing the need for proactive measures. Healthcare system managers and decision-makers must take into account the factors that contribute to nursing errors and respond appropriately to eliminate or reduce them."
弱相关/需人工排除	护士给药错误/近失/用药安全流程	39146810	10.1016/j.nepr.2024.104094	2024	Second victim phenomenon among healthcare students: A scoping review.	Nurse education in practice	Catalán L; Alvarado-Peña J; Torres-Soto G; Lorca-Sepúlveda B; Besoain-Cornejo AM; Kappes M	Q5_med_admin_errors_nurses	"This study aims to explore the ""second victim"" phenomenon in healthcare professions students following an adverse event. In healthcare settings, adverse events affect not only patients but also the involved healthcare personnel, who experience a wide range of physical and psychological responses, a situation known as the second victim phenomenon. This phenomenon also extends to students in health-related professions during their clinical training, yet there needs to be more research specifically addressing this group. A scoping review METHODS: This scoping review was guided by Arksey and O'Malley's methodological framework. In December 2023, we conducted a comprehensive database search in PubMed, the Cumulative Index of Nursing and Allied Health Literature (CINAHL) Complete, Web of Science (WoS), Scopus and the Virtual Health Library (VHL). The review included original research studies of any design that focused on the second victim phenomenon among students, published in English, Spanish, German or Portuguese, with no restrictions on the publication date. The review was reported according to PRISMA-ScR guidelines. Seven studies were selected, primarily involving nursing and medical students. Common triggers of the second victim phenomenon in students were medication errors, patient falls and procedural errors. Described symptoms ranged from emotional distress, such as stress and hypervigilance, to physical symptoms, like sleep disturbances. Among the factors that influenced how this ""second victim"" phenomenon manifested in students were the reactions of their peers and the lack of support from supervisors. Contrary to the three possible outcomes described for professionals as second victims (surviving, thriving, or leaving), students are only described with two: giving up or moving on. The studies highlighted the crucial role of peer and supervisor support in managing such difficult situations. The results suggest that additional research is necessary in other healthcare disciplines. Educational and healthcare institutions should improve their preventive and management strategies to address the phenomenon's impact on students."
中等护理相关	护士给药错误/近失/用药安全流程	40461347	10.1016/j.bja.2025.04.034	2025	Improving medication safety in the perioperative setting: development of a medication use process.	British journal of anaesthesia	Ribed A; Giménez-Manzorro Á; de Lorenzo-Pinto A; Torroba-Sanz B; Ginel-Feito MD; Cabrerizo-Torrente P	Q5_med_admin_errors_nurses	Medication errors are highly prevalent in the perioperative setting. The objectives of this study were to re-engineer the medication use process in the perioperative setting and to draft safety recommendations to improve safe medication use in daily practice. A group coordinated by medical centre management and composed of pharmacists, surgeons, anaesthesiologists, nurses, and information technicians was formed in 2020. A failure mode and effects analysis was performed to assess the perioperative use of drugs in surgical patients from preadmission to discharge, and 25 failure modes were identified. A bibliographic review was carried out to detect and prioritise safety strategies according to the failure modes detected. The risk priority number was calculated before and after implementation of the safety strategies. A new medication use process was defined and eight safety strategies were implemented to improve perioperative drug safety. These strategies included implementation of automated dispensing cabinets, preparation of general anaesthesia trays with ready-to-administer medications, development and implementation of a one-step computerised provider order entry system for prescribing and administration in the operating room with barcode registration technology, implementation of a pharmaceutical care programme for surgical patients based on medication reconciliation at all transitions of care, and implementation of new alerts in the clinical decision support system linked to computerised provider order entry to improve pain, anticoagulation, and antibiotic management during surgical follow-up. The risk priority number for critical failure modes changed from 229.5 to 62.8 after implementation of the safety strategies, corresponding to a 72.9% decrease (P=0.016). A new process was implemented based on integrated multidisciplinary care and a strong commitment to technology that promotes safe medication use throughout the perioperative setting.
中等护理相关	护士给药错误/近失/用药安全流程	42097657	10.1136/bmjopen-2025-104029	2026	Medication errors in practice: A mixed-methods study from Diwan Polyclinic-Muscat.	BMJ open	Al-Mukhaini ZAM; Passarin I; Palomares EMM	Q5_med_admin_errors_nurses	To explore healthcare professionals' experiences with medication errors (MEs) in terms of types and factors that contribute to them. A mixed-methods study was conducted to explore the MEs experiences of healthcare professionals. Quantitative data were collected through a cross-sectional, self-administered questionnaire, whereas qualitative data were collected via face-to-face semi-structured interviews. The study was conducted at Diwan Polyclinic in Muscat, a primary and secondary healthcare institute. The study population included healthcare workers who were practising (not retired) and actively involved in patient care and the medication-use cycle, either by prescribing, dispensing or administering medication. The total number of participants was 83 (55 females and 28 males) healthcare professionals, comprising doctors (38), nurses (32), pharmacists and assistant pharmacists (13). Omani participants accounted for 72%, whereas non-Omani participants accounted for 28%. Six of 83 healthcare professionals were purposefully selected to provide additional qualitative insights into their experiences with MEs and the measures they use to reduce them. None. The primary outcomes focused on identifying types, causes and effects of MEs, and the secondary outcomes aimed to explore the emotional and professional implications on healthcare workers as well as suggested strategies to minimise MEs. A total of 83 participants (55 females and 28 males) were included, with 72% Omani and 28% non-Omani. Of these, 44 participants (53%) encountered MEs during their practice at Diwan Polyclinic. The most common type of MEs was prescribing errors (51%), followed by dispensing errors (39%) and administering errors (10%). Incorrect dosing was the most typical cause of prescribing errors.In the qualitative part of the study, the interviewed participants implemented these measures to reduce MEs: 1) double-checking the prescribed medicines, patients 'names and identity before dispensing and administering drugs, 2) patient education on polypharmacy and 3) alerting prescribing doctors to errors in their prescriptions or orders. Several measures have been suggested to mitigate MEs, including better communication among health professionals and between them and patients, focusing on staff well-being and development and innovative built-in modules and programmes in electronic medical records for drug verification. The most common type of MEs was prescribing errors. Focusing on better communication and staff well-being, as well as the innovative development of electronic medical records, will help minimise MEs.
强护理前置	护士给药错误/近失/用药安全流程	40696326	10.1186/s12909-025-07692-9	2025	Assessment of medical errors awareness among nursing students during their clinical internship: Palestinian perspectives.	BMC medical education	Salameh B; Alkubati SA; Kassabry M; Qtait F; Hammad BM; Hussein A	Q5_med_admin_errors_nurses	Medical errors are a major concern for patient safety in healthcare institutions globally, making this a critical public health issue leading to significant problems, including increased hospital stays and higher mortality rates. This study aims to assess nursing students' awareness of medical errors during their clinical internship. A cross-sectional study was conducted with 280 intern nursing students from the Arab American University in Palestine. A self-administered questionnaire, comprising 43 items across six subscales based on a medical error scale was used to collect data. The analysis was performed using SPSS version 29, with data collected during the Fall of semester 2024. The overall mean awareness score was 161 (SD = 75.34) out of a possible 215, with a mean item-level score of 3.74 (on a 5-point scale). Among the subscales, the highest mean score was observed in Care Practices (M = 4.06), while the lowest was in Patient Falls (M = 3.38). Approximately 39.6% of students reported medical errors, with 12.5% involving blood transfusion, 11.4% medication errors, and 20.1% categorized as other errors (e.g., needlestick injuries). The majority (65.7%) reported not committing any errors during their clinical practice. The study suggests that intern nursing students have a low tendency to commit medical errors, which bodes well for the implementation of future patient safety protocols. These findings indicate that nursing students are becoming increasingly proficient in safe care practices, thereby reducing medical error rates, and enhancing patient safety in clinical settings. Not applicable.
弱相关/需人工排除	护士给药错误/近失/用药安全流程	39192820	10.1080/14740338.2024.2396397	2024	Identifying factors influencing clinicians' reporting of medication errors: a systematic review and qualitative evidence synthesis using the theoretical domains framework.	Expert opinion on drug safety	Takhtinejad NJ; Stewart D; Nazar Z; Hamad A; Hadi MA	Q5_med_admin_errors_nurses	Medication errors have a significant impact on patient safety and professional practice. The widespread under-reporting of errors by clinicians indicates the critical need for behavioral change. This systematic review aimed to identify and synthesize qualitative evidence on factors influencing clinicians' reporting of medication errors. Cumulative Index to Nursing and Allied Health Literature (CINAHL), Scopus, PubMed, and Embase were searched until March 2023 for studies on factors influencing clinicians' reporting of medication errors. Two independent reviewers conducted the screening, data extraction, and quality appraisal. Using framework synthesis approach, the identified themes were mapped to Theoretical Domains Framework (TDF). The review analyzed fourteen high-quality studies across various regions. Facilitators of reporting were identified in the TDF domains of beliefs about consequences knowledge and social/professional role and identity. More themes emerged as barriers, mapped to the domains of beliefs about consequences, emotions, environmental context and resources and knowledge. The review suggests aligning these barriers with key behavior change techniques, such as emphasizing the risks of non-reporting, promoting emotional well-being, improving accessibility of reporting systems and advancing knowledge through educational programs. Future work should focus on developing these behavior change techniques into practical interventions.
强护理前置	护士给药错误/近失/用药安全流程	39056298	10.1177/08445621241263438	2024	Factors Influencing Novice and Beginner Nurses' Intention to Report Medication Errors and Near Misses.	The Canadian journal of nursing research = Revue canadienne de recherche en sciences infirmieres	Braiki R; Douville F; Gagnon MP	Q5_med_admin_errors_nurses	Novice and beginner nurses make more medical errors than senior nurses. However, there is significant underreporting of medication errors and near misses among novice and beginner nurses. To identify the factors that influence the intention of novice and beginner nurses to report medication errors and near misses. A cross-sectional exploratory study was carried out among third-year nursing students in a Quebec university (n = 143). Data was collected through a self-reported questionnaire based on the adapted Theory of Planned Behavior. Simple descriptive analyses and a series of contingency analyses were performed using Chi-2 or Fisher exact tests. Correction of multiple tests was done using Bonferroni test. All theoretical constructs were significantly associated with intention. Sociodemographic factors (age, sex, experience and education program) were also associated with intention. Further studies are needed to identify the determinants of intention to report medication errors and near misses among novice and beginner nurses. More attention is required in nursing practice and education to act on these factors, thus encouraging novice and beginner nurses to report medication errors and near misses.
中等护理相关	护士给药错误/近失/用药安全流程	40168673	10.1097/NCQ.0000000000000856	2025	Reducing Medication Errors in an Ambulatory Medical Center.	Journal of nursing care quality	Bentil S; Sengül T; Kirkland-Kyhn H	Q5_med_admin_errors_nurses	Medication errors are a significant problem in ambulatory care, occurring at any stage, from prescribing to administration. Medication error rates due to interruptions were high on an ambulatory medical unit. A quality improvement design was used for the project. A Safe Zone protocol was developed by nurses, certified nursing assistants, and unit secretaries. Implementation included clear medication preparation areas, administration checklists, and staff and patient education. The number of distractions decreased by 20% over a 90-day period. Medication errors decreased from a rate of 0.97 events per 1000 doses administered to a rate of 0.20 after implementing the Safe Zone protocol. Due to its flexibility and adaptability, the Safe Zone protocol offers a template that can be replicated in environments needing to address similar issues.
弱相关/需人工排除	护士给药错误/近失/用药安全流程	39517344	10.3390/healthcare12212132	2024	Voluntary Neonatal Medication Incident Reporting-A Single Centre Retrospective Analysis.	Healthcare (Basel, Switzerland)	Nundeekasen S; McIntosh J; McCleary L; O'Neill C; Chaudhari T; Abdel-Latif ME	Q5_med_admin_errors_nurses	Background: Medication errors in neonatal intensive care units (NICUs) are prevalent, with dosage and prescription errors being the most common. Aims: To identify the common medication errors reported over twelve years using a voluntary, nonanonymous incident reporting system (RiskMan clinical incident reporting information system) at an Australian tertiary NICU. Methods: This was a single-centre cohort study conducted at a tertiary NICU. All medication-related incidents (errors) reported prospectively through the RiskMan online voluntary reporting database from January 2010 to December 2021 were included. The medication incidents were grouped into administration, prescription, pharmacy-related, and others, which included the remaining uncommon incidents. Results: Over the study period, 583 medication errors were reported, including administration-related (41.3%), prescription-related (24.5%), pharmacy-related (10.1%), and other errors (24%). Most incidents were reported by nursing and midwifery staff (77%) and pharmacists (17.5%). Most outcomes were minor or insignificant (98%), with only a few resulting in major or significant harm. There was one extreme incident that may have contributed to the death of a neonate and nine moderate incidents. Conclusions: Our results demonstrate that medication errors are common and highlight the need to support improvement initiatives and implement existing evidence-based interventions in routine practice to minimise medication errors in the NICU.
弱相关/需人工排除	其他	38703535	10.1016/j.nedt.2024.106233	2024	Is there a relationship between nursing students' perceptions of dishonesty and attitudes towards medical errors?	Nurse education today	Büyüksoy GD; Özdil K; Çatıker A	Q5_med_admin_errors_nurses	Understanding nursing students' perceptions of dishonesty and their attitudes towards medical errors is crucial for nurse educators. This study aimed to examine the relationship between nursing students' perceptions of dishonesty and their attitudes towards medical errors. This study is descriptive and correlational research. The sample size consisted of 230 nursing students in a Department of Nursing at Kırşehir Ahi Evran University Faculty of Health Sciences in Turkey during the 2022-2023 academic year. The data was collected between May 15-31, 2023. A statistically significant correlation was observed between the total score of the Nursing Student Perceptions of Dishonesty Scale, and the Medical Errors Attitude Scale (p < 0.05). There was a positive and weak correlation between the MEAS scale score and the cheating (r = 0.284, p < 0.05), sabotage (r = 0.275, p < 0.05), perjury (r = 0.308, p < 0.05), non-compliance (r = 0.309, p < 0.05), and stealing (r = 0.359, p < 0.05) sub dimension score, and a positive and very weak correlation between the MEAS score and the sub dimension of not my problem score (r = 0.182, p < 0.05). The perceptions of dishonesty explain 15 % of the attitude towards medical errors (F = 4.563, p < 0.001). In this study, a significant relationship was observed between nursing students' perceptions of dishonesty and their attitudes towards medical errors. Specifically, as the perception of dishonesty increased, there was a positive change in attitudes towards medical errors. These results offer nurse educators valuable insights into the impact of academic dishonesty on the development of medical error attitudes among student nurses throughout their nursing education and beyond.
强护理前置	护士给药错误/近失/用药安全流程	39605046	10.1186/s12909-024-06386-y	2024	Relationship between nursing students' levels of liking children and self-efficacy in paediatric medication administration.	BMC medical education	Bulduk M; Can V; Muhafiz EN	Q5_med_admin_errors_nurses	Medication management is a critical aspect of nursing, in particular with respect to paediatric patients, in whom medication errors are prevalent. Enhancing competence in this area requires not only general nursing skills but also targeted educational interventions and emotional support. This study aims to examine the relationship between nursing students' levels of liking children and their self-efficacy in paediatric medication administration, thereby exploring the impact of emotional factors on clinical competence. This descriptive study was conducted with 308 nursing students in their second, third and fourth years of study at a state university in eastern Turkey between December 2022 and February 2023. Data were collected using the Student Descriptive Information Form, the Barnett Liking of Children Scale and the Medication Administration Self-Efficacy Scale. Statistical analysis included the Mann-Whitney U test, the Kruskal-Wallis H test, Dunn's test for multiple comparisons and Spearman's rho correlation coefficient. The mean age of the participants was 21.82 ± 1.94 years, and 68.8% were female. The mean Medication Administration Self-Efficacy Scale score was 52.97 ± 15.27, and the mean Liking of Children Scale score was 66.65 ± 15.8. No significant relationship was found between the total score on the Liking of Children Scale and the score on the drug preparation subdimension (p > 0.05). However, a positive but weak correlation was found between the total score on the Liking of Children Scale and the score on the drug administration subdimension (r = 0.137; p < 0.05). Similarly, a positive but weak relationship was identified between the total score on the Liking of Children Scale and the score on the Medication Administration Self-Efficacy Scale (r = 0.123; p < 0.05). Nursing students' liking of children is positively, although weakly, associated with their self-efficacy in paediatric medication administration. This result suggests that emotional factors, such as affinity for children, may be relevant when designing nursing education programmes, particularly in paediatric care settings .
强护理前置	护士给药错误/近失/用药安全流程	40559476	10.3390/nursrep15060185	2025	Evaluating Eye Tracking Technology in Nursing Education: A Scoping Review on Medication Administration Training.	Nursing reports (Pavia, Italy)	Chaichana J; Eley R; Watling C; Ng L	Q5_med_admin_errors_nurses	Background: Eye tracking technology, when used in nursing, helps to reduce medication errors by analyzing eye movements. In education, it provides insights into student learning, cognitive load, and instructional design, allowing for more personalized learning. Despite challenges such as the need for technical expertise, privacy concerns, and cost, eye tracking offers real-time feedback that enhances both teaching and learning effectiveness. Objectives: To explore the current evidence on the application of eye tracking technology in training nursing students for drug administration. Methods: Eligible studies included peer-reviewed empirical papers, both qualitative and quantitative, and reports published in English. Excluded were studies involving Non-Eye Glass Tracking, non-nursing students, or non-English articles. Searches were conducted in nine databases. The risk of bias was assessed using the JBI SUMARI tool, and the results were synthesized narratively, presented with the PRISMA-P flow diagram. Results: From 739 studies, 10 focusing on medication training were identified. Eye tracking helped to reveal differences in visual focus between novice and expert nurses, with certain interventions shown to improve attention and concentration. Conclusions: Eye tracking has strong potential in nursing education, especially for improving attention and enhancing situational awareness in medication administration. However, limitations such as small sample sizes, technical barriers, and a lack of long-term data remain. Future research should address these gaps with larger, more diverse samples and extended follow-ups.
弱相关/需人工排除	护士给药错误/近失/用药安全流程	41318738	10.1007/s40273-025-01567-z	2026	Economic Evaluations of Medication Safety Interventions in Primary and Long-Term Care: A Systematic Review.	PharmacoEconomics	Amritlal ST; Chandler R; Mahboub-Ahari A; Paterson L; Avery AJ; Ashcroft DM	Q5_med_admin_errors_nurses	Most medication errors occur in primary and long-term care, and a wide range of medication safety interventions have been implemented, but these are often expensive, with little evidence around cost-effectiveness. We report a systematic review of economic evaluations of these interventions within primary and long-term healthcare settings. A comprehensive search was conducted in databases (Medline, Embase, Econlit and PsycINFO) for full economic evaluations of primary care interventions targeting all errors in the medication use process (January 2004 to September 2025). Methodological and reporting qualities were assessed using standard tools. From 8523 records, 44 studies evaluating interventions in general/family practice (22), community pharmacy (11) and nursing/care/residential homes (11) met the inclusion criteria, 24 of which were either pharmacy led (19) or multidisciplinary medication reviews (5). All but one study looked at prescribing or monitoring interventions only. A total of 12 studies included all patients, with 24 focusing on older adults (> 65 years) and 3 focusing on condition-specific groups. Most studies only included costs from a healthcare perspective (39). Outcomes ranged from prescribing errors (9), hospital utilisation (13) and health-related quality of life (15) to falls (6) and adverse drug events (6). In total, 21 studies carried out an incremental cost-effectiveness analysis (16 including the incremental cost per quality-adjusted life year gained), and 14 reported the intervention cost-effectiveness. Remaining studies were cost-consequence (18) and cost-benefit analyses (5). Study reporting quality varied considerably, with lack of transparency in the design of the decision-analytic model, varied reporting of costs, little consideration of indirect costs or the impact of loss of trust on future use of healthcare, limitations in handling of uncertainty or discounting and very little patient involvement around targeting patients or designing interventions. Of the ten studies using decision models, all scored poorly for model validation. The quality of studies has not improved over time. While some interventions demonstrated cost-effectiveness, study quality was variable, with generally poorly validated models. Study heterogeneity precluded meaningful direct comparison between studies. Significant research gaps remain as studies focused mainly on prescribing and monitoring errors, there was little or no investigation of technology-based interventions and there was inadequate targeting of patients most vulnerable to harm.
中等护理相关	护士给药错误/近失/用药安全流程	40991944	10.2196/70726	2025	Comparing the Effectiveness of Multimodal Learning Using Computer-Based and Immersive Virtual Reality Simulation-Based Interprofessional Education With Co-Debriefing, Medical Movies, and Massive Online Open Courses for Mitigating Stress and Long-Term Burnout in Medical Training: Quasi-Experimental Study.	JMIR medical education	Srikasem S; Seephom S; Viriyopase A; Phutrakool P; Khowinthaseth S; Narajeenron K	Q5_med_admin_errors_nurses	Burnout among emergency room health care workers (HCWs) has reached critical levels, affecting up to 43% of HCWs and 35% of emergency medicine personnel during the COVID-19 pandemic. Nurses were most affected, followed by physicians, leading to absenteeism, reduced care quality, and turnover rates as high as 78% in some settings such as Thailand. Beyond workforce instability, burnout compromises patient safety. Each 1-unit increase in emotional exhaustion has been linked to a 2.63-fold rise in reports of poor care quality, 30% increase in patient falls, 47% increase in medication errors, and 32% increase in health care-associated infections. Burnout is also associated with lower job satisfaction, worsening mental health, and increased intent to leave the profession. These findings underscore the urgent need for effective strategies to reduce stress and burnout in emergency care. This study aimed to evaluate the effectiveness and effect size of a multimodal learning approach-Emergency Room Virtual Simulation Interprofessional Education (ER-VIPE)-that integrates medical movies, massive online open courses (MOOCs), and computer- or virtual reality (VR)-based simulations with co-debriefing for reducing burnout and stress among future health care professionals compared with approaches lacking co-debriefing or using only movies and MOOCs. A single-blind, quasi-experimental study was conducted at a university hospital from August 2022 to September 2023 using a 3-group treatment design. Group A (control) participated in a 3D computer-based, simulation-based interprofessional education (SIMBIE) without debriefing. Group B received the ER-VIPE intervention. Group C received the same as Group B, but the computer-based SIMBIE was replaced with 3D VR-SIMBIE. SIMBIE activities simulated a COVID-19 pneumonia crisis. Outcomes included the Dundee Stress State Questionnaire (DSSQ) and the Copenhagen Burnout Inventory, with trait anxiety as a behavioral control. Stress and burnout were measured at baseline, pre-intervention, postintervention, and 1-month follow-up. Generalized estimating equations were used to analyze group differences, with statistical significance set at P<.05. We randomized 87 undergraduate students from various health programs into the 3 groups (n=29 each). Participants' mean age was 22 years, with 71% (62/87) as women. After the 1-month post-SIMBIE follow-up, adjusted analyses revealed positive trends in DSSQ-engagement across all groups, with Group B showing a significant increase compared with Group A (mean difference=3.93; P=.001). DSSQ-worry and DSSQ-distress scores decreased nonsignificantly across all groups. Burnout scores also improved across groups, with Group B having a significantly lower score than Group A (mean difference=-2.02; P=.02). No significant burnout differences were found between Group C and Groups A or B. A multimodal learning approach combining medical movies, MOOCs, and 3D computer-based SIMBIE with co-debriefing effectively improved engagement, reduced stress, and lowered burnout among future health care professionals. This scalable educational framework may help enhance well-being and resilience in high-pressure clinical environments.
强护理前置	护士给药错误/近失/用药安全流程	40921509	10.1016/j.apnr.2025.152002	2025	Contributing factors to missed nursing care: A systematic review with clinical implications for practice and patient safety.	Applied nursing research : ANR	Breno F; Marchetti D; Cattani D; Cosmai S; Mancin S; Lopane D	Q5_med_admin_errors_nurses	Missed Nursing Care (MNC) is increasingly recognized as an indicator of care quality and a potential contributor to adverse events. This systematic review aimed to explore the correlation between MNC and adverse events in hospitalized patients across public and private settings. A systematic review was conducted according to PRISMA 2020 guidelines. Searches were performed in PubMed, Embase, CINAHL, Scopus, and TripDatabase between January and February 2025. Included studies were quantitative, published in English or Italian, and focused on acute hospital settings. Methodological quality was assessed using the Joanna Briggs Institute (JBI) checklist; risk of bias was evaluated with ROBINS-I. Seven studies met the inclusion criteria, involving 13,619 nurses and 902 patients. Study designs included four cross-sectional, two observational (one correlational), and one secondary data analysis. Five studies reported a positive association between MNC and adverse events, while two found inverse or non-significant relationships. Common adverse outcomes included falls, infections, pressure ulcers, and medication errors. Despite methodological heterogeneity and limitations-such as the use of non-validated tools or contextual differences-the evidence suggests a consistent association between MNC and adverse events. These findings underscore the importance of addressing missed care as a patient safety concern. Further longitudinal studies are needed to confirm causality and inform predictive models. Recognition of the link between MNC and adverse events should prompt healthcare organizations to address care omissions through staffing optimization, safety culture, and clinical governance. Targeted interventions may reduce preventable harm and improve care quality.
中等护理相关	护士给药错误/近失/用药安全流程	39830947	10.4103/jrpp.jrpp_47_24	2024	Prevalence and Risk Factors of Medication Errors in Enteral Tube Feeding Among ICU Patients: A Comprehensive Cross-Sectional Analysis.	Journal of research in pharmacy practice	Asghari-Varzaneh M; Badri S; Farsaei S	Q5_med_admin_errors_nurses	Most of the patients who are admitted to the intensive care unit (ICU) are forced to feed and use nutrition and medicine through an implanted tube. When administering medication through enteral feeding tubes, it is essential to be cautious, as some drugs may not be suitable due to interactions with feeding formulas or adverse effects when crushed. Some errors during drug gavage can lead to feeding tube blockage, reduced drug effectiveness, or drug toxicity. This study aimed to assess medication errors (MEs) in ICU patients using enteral feeding tubes and identify factors that affect ME incidents. This descriptive and analytical study was conducted for 9 months in the special care department of hospitals affiliated with Isfahan University of Medical Sciences. It involved 257 patients in the ICU receiving oral medication through an implanted gastric tube. The study assessed the method of oral drug administration, verified the correctness of drug prescriptions, investigated errors in drug provision and administration, and monitored patients for possible side effects of these errors. Demographic information and details about the prescribing physician and relevant nurses were also recorded. Our findings show that not washing the tube before gavage was the most frequent error (99.6%). However, different factors, whether the patient or the nurse, did not affect them. The other most common errors included mixing drugs simultaneously (75.6%) and not cleaning the tube after administering medication (78.6%). These errors were influenced by factors such as the number of drugs received by the patient, the hospital, and specific shifts. In this study, we found that polypharmacy, the multiplicity of underlying diseases, and nurses' gender are the most critical factors that increase the number of MEs during the gavage of drugs in patients hospitalized in ICUs.
弱相关/需人工排除	护士给药错误/近失/用药安全流程	40148521	10.1007/s00345-025-05582-9	2025	The effectiveness of remote interventions based on digital health technology in kidney transplant recipients: a systematic review.	World journal of urology	Kuang M; Yao Z; Chen J; Yan Y; Li Z	Q5_med_admin_errors_nurses	To evaluate the application effect of remote interventions based on digital health technology in kidney transplant patients through a systematic review. Systematic review. The databases of PubMed, Embase, Cochrane Library, CINAHL, and Web of Science were systematically searched for randomized controlled trials and quasi - experimental studies on remote interventions based on digital health technology in kidney transplant recipients. The search time limit ranged from the establishment of the databases to September 2024. A total of 10 articles were included, involving 535 patients. A total of 21 clinical outcomes were identified in this study and they were classified into three categories, namely: ① Health-related conditions: Number of steps (n = 1), heart rate (n = 1), self-burden score (n = 1), self-management ability (n = 1), quality of life score (n = 2), Self-rating Anxiety Scale (SAS) and Self-rating Depression Scale (SDS) (n = 1), psychological distress (n = 1). ② Medication adherence and average tacrolimus concentration: Medication adherence (n = 5), number of missed doses (n = 1), medication errors (n = 1), rejection reactions (n = 1), average creatinine level (n = 1), tacrolimus blood concentration level (n = 2), within-patient variability of tacrolimus (n = 1), coefficient of variation (CV) of tacrolimus (n = 1). ③ Medical economic status: Nursing satisfaction (n = 1), incidence of adverse events (n = 1), rate of unplanned hospitalization (n = 3), duration of unplanned hospitalization (n = 1), one-year medical cost (n = 2), nursing cost (n = 1). Remote interventions based on digital health technology can improve the health - related conditions, medication adherence and medical economic status of kidney transplant recipients. However, its impact on tacrolimus concentration remains unclear. Clinical medical staff should fully recognize its positive effects.
强护理前置	护士给药错误/近失/用药安全流程	42367092	10.1097/PTS.0000000000001538	2026	Factors Influencing Medication Errors in Clinical Nurses: A Systematic Review and Meta-analysis.	Journal of patient safety	Kim YH; Ha YK	Q5_med_admin_errors_nurses	Medication errors among nurses constitute critical patient safety concerns that necessitate systematic approaches to identify contributing factors and develop effective prevention strategies. This study systematically analyzed risk factors for medication errors among nurses using the Systems Engineering Initiative for Patient Safety (SEIPS) model, quantified the major risk factors through a meta-analysis, and provided evidence-based recommendations for prevention. Comprehensive searches of OVID-MEDLINE, EMBASE, CINAHL, and 4 Korean databases were conducted through March 2025, without year restrictions, to identify studies examining risk factors for medication errors among clinical nurses. Two independent reviewers screened studies, extracted data, and assessed methodological quality using the Quality Assessment and Validity Tool for Correlation Studies. Risk factors were categorized according to SEIPS work system components: person, task, tool/technology, organization, and environment. A random-effects meta-analysis was used to calculate pooled adjusted odds ratios (AORs) with 95% CIs for factors reported in multiple studies. Sixteen studies met the inclusion criteria, identifying 34 statistically significant risk factors across 4 SEIPS components; no factors were identified in the tool/technology component. Meta-analysis of 3 factors demonstrated the strongest associations with medication errors: lack of training (pooled AOR=3.75, 95% CI: 1.89-7.43), interruptions (pooled AOR=3.06, 95% CI: 1.67-5.59), and unavailable guidelines (pooled AOR=1.98, 95% CI: 1.45-2.69). Preventing medication errors requires system-wide interventions that address multiple interacting risk factors. Prioritizing continuous education, minimizing interruptions, and ensuring accessible guidelines are critical for developing effective prevention strategies. Future research should focus on the development and evaluation of interventions targeting these primary risk factors.
强护理前置	护士给药错误/近失/用药安全流程	41693657	10.1097/PTS.0000000000001483	2026	Factors Associated With Nurses' Intention to Report Medical and Care Errors: A Systematic Review.	Journal of patient safety	Alshurman A; Abusalem S; Ross R; Okoli CTC	Q5_med_admin_errors_nurses	Medical and care errors are common in health care, posing serious risks to patient safety, with over 10% of patients being harmed annually. Despite efforts to reduce errors, underreporting persists, as nurses report only about 20% of incidents. Understanding the factors that influence nurses' intention to report errors is essential for developing effective strategies to improve reporting and patient safety. This systematic review aimed to identify factors associated with nurses' intention to report medical and care errors. A comprehensive search was conducted in 3 databases (PubMed, CINAHL, and PsycINFO) and Google Scholar using a combination of MeSH and synonymous terms related to medication errors, medical errors, care errors, intention to report, and nurses. Twenty-seven articles were included in the analysis. The review revealed that interpersonal characteristics such as attitude, subjective norms, and perceived behavioral control were found to have a significant relationship with nurses' intention to report medical errors. In addition, organizational environmental factors like patient safety culture and climate, nonpunitive responses to errors, open communication, teamwork, management support, task-oriented culture, organizational learning, reporting awareness, leadership behavior, and psychological safety positively influence error-reporting intentions. Furthermore, some demographic characteristics, including nurses' age, level of education, years of experience, and prior exposure to medication errors positively impacted reporting behaviors. This review results highlight the multifaceted nature of factors influencing nurses' intention to report medical errors. Understanding the complex interplay of attitude, subjective norms, perceived behavioral control, and other contextual factors is crucial to promote a reporting culture that enhances patient safety.
强护理前置	护士给药错误/近失/用药安全流程	39667874	10.1016/j.profnurs.2024.09.011	2024	Teaching nursing students the ethical and legal consequences of medical errors: Insights from the RaDonda Vaught case using the jigsaw technique.	Journal of professional nursing : official journal of the American Association of Colleges of Nursing	Geiselman EL; Opsahl A; Townsend C	Q5_med_admin_errors_nurses	This article examines teaching the consequences of harm and error to multisite prelicensure baccalaureate, second-degree baccalaureate, and graduate nursing students utilizing the RaDonda Vaught Trial as an exemplar. The Jigsaw Technique (JT) was the chosen learning strategy to empower students with knowledge and understanding through the lens of terms acquired throughout existing concept-based nursing curriculum. Nursing students evaluated the approach to this activity using both quantitative and qualitative feedback. A total of 188 nursing students completed the survey, including undergraduate and graduate nursing students. Qualitative data obtained from students through open comments revealed common perceptions about such focal areas as advocacy, license protection, system failures, medication errors, and legal documentation. Quantitative outcomes related to the utilization of the JT approach were overwhelmingly positive. Results indicate that our approach, combining the RaDonda Vaught case with the JT, was an effective strategy for teaching the consequences of medical errors in nursing practice.
中等护理相关	护士给药错误/近失/用药安全流程	40165828	10.2147/JMDH.S508151	2025	Instruments for Measuring Healthcare Professionals' Medication Safety Competence: A Scoping Review.	Journal of multidisciplinary healthcare	Stephan C; Kloor D; Wurmbach VS; Mahler C	Q5_med_admin_errors_nurses	Elderly patients with chronic diseases often use several drugs (polypharmacy). The more drugs a patient uses, the greater the risk of medication errors. To ensure a safe medication process, healthcare professionals must have a high level of medication safety competence (MSC). Hence, instruments are needed to measure healthcare professionals' MSC and identify areas where improvement is required. A scoping review was conducted to obtain a comprehensive overview of existing instruments. The scoping review was carried out in accordance with the JBI methodology for scoping reviews and in line with the Preferred Reporting Items for Systematic Reviews and Meta-Analyses extension for Scoping Reviews (PRISMA-ScR). An a priori protocol was registered on Open Science Framework https://osf.io/73dmq. The search, performed in January 2024 in six databases, yielded 3740 results, duplicates were removed and 2499 titles and abstracts were screened. Full text screening of 28 articles resulted in the inclusion and analysis of 15 articles. A total of six instruments were identified, all instruments were designed for nurses or nursing students. However, no instrument to assess, eg physicians' or pharmacists' MSC was identified. Five of the six instruments were used in clinical setting and three in educational setting. The Medication Safety Competence Scale (MSCS) and the Medication Safety Scale cover the multidimensionality of MSC. The MSCS's psychometric properties were considered acceptable. Thus, the MSCS can be used to assess nurses MSC in clinical and educational settings.
中等护理相关	护士给药错误/近失/用药安全流程	41693364	10.7748/ns.2026.e12636	2026	How to undertake oral medicine dosage calculations.	Nursing standard (Royal College of Nursing (Great Britain) : 1987)	Pritchard A	Q5_med_admin_errors_nurses	Safe and effective medicine administration and dosage calculation are fundamental nursing proficiencies. Medicine dosage calculations must be undertaken with utmost care to ensure patients' safety and that they gain maximum benefit from the prescribed medicine. It is essential, therefore, that nurses can undertake medicine dosage calculations accurately. Nurses undertaking this activity must ensure they have the knowledge and skills to do so and work within their competence level. • Inaccurate medicine dosage calculations are a significant causative factor in medication errors. • Wrong dose medication errors are frequently reported in both adult and children's healthcare settings, with higher rates of overdosing errors compared with underdosing errors. • Causative factors of inaccurate drug calculations include mathematical-related errors, such as inadequate understanding of basic mathematics, and conceptual errors, where the nurse does not evaluate whether the final calculated dosage makes sense or is a safe and realistic amount for the patient within the context of their health status. • Technology-enhanced simulation training, independent double checking, use of calculators, and use of generative artificial intelligence (AI) as an additional verification layer, have been identified as strategies that may reduce medicine dosage calculation errors. REFLECTIVE ACTIVITY: 'How to' articles can help to update your practice and ensure it remains evidence-based. Apply this article to your practice. Reflect on and write a short account of: • How this article might enhance your practice when undertaking oral medicine dosage calculations. • How you could use this information to educate nursing students or your colleagues on the correct methods to achieve accurate medicine dosage calculations.
弱相关/需人工排除	护士给药错误/近失/用药安全流程	39238471	10.1542/peds.2023-064580	2024	Improving Timely Administration of Essential Outpatient Medications in a Pediatric ED.	Pediatrics	Creedon JK; Marini M; Erdner K; Trexler M; Gerling M; Porter JJ	Q5_med_admin_errors_nurses	The complexity of pediatric patients' outpatient medication regimens is increasing, and risk for medication errors is compounded in a busy emergency department (ED). As ED length of stay (LOS) increases, timely and accurate administration of essential outpatient medications has become increasingly challenging. Our objective was to increase the frequency of ordering of essential outpatient medications for patients with ED LOS >4 hours from 56% to 80% by June 2023. We conducted a quality improvement (QI) initiative in a pediatric ED with ∼60 000 annual visits comprising a total of 91 000 annual medication orders. We defined essential outpatient medications as antiepileptic drugs, cardiovascular medications, and immunosuppressants. Our QI interventions included a combination of electronic health record interventions, a triage notification system to identify patients with essential outpatient medications, and widespread educational interventions including trainee orientation and individualized nursing education. The primary outcome measure was percentage of essential outpatient medications ordered among patients with an ED LOS >4 hours, with a secondary measure of outpatient medication safety events. Baseline monthly ordering rate of selected medications for patients with an ED LOS >4 hours was 54%, with an increase to 66% over the study period. Refining our population yielded a rate of 81%. Outpatient medication safety events remained unchanged, with an average of 952 ED encounters between events. A multidisciplinary QI initiative led to increased essential outpatient medication ordering for patients in a pediatric ED with no change in safety events.
中等护理相关	护士给药错误/近失/用药安全流程	39449834	10.4103/ija.ija_1186_23	2024	Medication stewardship in the operating theatre in Malaysia: A quality improvement project.	Indian journal of anaesthesia	Yunus SN; Suhaimi NHI; Ng KT; Jamal Azmi IS; Md Hashim NH; Shariffuddin II	Q5_med_admin_errors_nurses	A quality improvement project ('Safe Anaesthesia for ALL-SEAL') was implemented to reduce preventable medication errors and drug wastage in the operating theatre (OT) of a tertiary hospital. The primary objective of this quality improvement project was to prevent the incidence of medication errors, and the secondary objective was to reduce the wastage of unused drugs. A pre-intervention questionnaire and an audit survey were performed, and multidirectional interventions were designed post-survey. A post-intervention survey was conducted to evaluate effectiveness. The incidence of medication errors, including near misses, was assessed for root causes. Unused drugs drawn or diluted in syringes were recorded daily in each OT. The weekly drug orders and mid-week reordering frequency were also monitored. The data were reported as simple means and percentages. Ninety-eight anaesthesia care providers participated in the survey (72.4% doctors and 27.6% anaesthetic nurses). Pre-intervention, 76.1% of respondents had experienced medication errors during their practice. Common errors included misidentification of ampoules or vials (65.2%), miscalculation of dosages (65.2%), improper syringe labelling (56.5%), accidental drug omission (54.3%) and wrong prescriptions (39.1%). The main sources of errors were fatigue/overwork (80.4%) and a hectic OT environment (71.7%). Post-intervention, no incidents of medication errors were reported. In addition, there was a significant reduction in drug wastage. The SEAL project positively prevented medication errors and reduced drug wastage, which should be further validated in other clinical settings.
强护理前置	护士给药错误/近失/用药安全流程	39426867	10.1016/j.pedn.2024.10.016	2024	Pediatric nursing-sensitive outcomes in lower and medium complexity care units: A Delphi study.	Journal of pediatric nursing	Batino M; Fiorini J; Zaghini F; Moraca E; Frigerio S; Sili A	Q5_med_admin_errors_nurses	"The effectiveness of pediatric care is made more challenging to analyze by the need for specialist nursing and by the specific characteristics of pediatric patients, as opposed to adult patients, such as ongoing rapid growth and development, and different physical, cognitive, and emotional demands. Previous research has identified ""Pediatric Nursing-Sensitive Outcomes"" (PNSOs) in intensive care unit settings, though pediatric intensive care beds only represent a very limited percentage of hospital beds. To improve care quality and safety for a larger population of patients, this study aims to identify PNSOs in lower and medium-complexity care units (LMCCUs). This study uses the Delphi method to gather expert opinion on priority PNSOs in LMCCUs, with a 75 % consensus pass threshold. A preliminary list of PNSOs was identified from a literature review and used as inputs for two Delphi rounds conducted between January and March 2023. 27 panelists were recruited and passed 17 PNSOs: pressure injury; failure to rescue; patient/family experiences; central line-associated bloodstream infections; surgical site infections; healthcare-associated infections; medication errors; hospitalization breastfeeding continuity; peripheral intravenous infiltrate or extravasation; pediatric falls; pain assessment and management; vital sign monitoring; nutrition; discharge planning; family-centered care practice; healthcare environment; nurse voluntary turnover. This study contributes to research on PNSOs and builds consensus on priorities for LMCCUs. Future research should clinically evaluate these PNSOs and their association with organizational and professional variables often investigated in an adult but not a pediatric setting."
弱相关/需人工排除	护士给药错误/近失/用药安全流程	39846790	10.1097/01.NEP.0000000000001380	2025	Bullying Behaviors in Clinical Settings: Potentially Harmful Distractions.	Nursing education perspectives	Rutherford D; Gillespie GL; Bresler S; Johnson K; Smith CR	Q5_med_admin_errors_nurses	Nursing students exposed to bullying behaviors are at risk for making medication errors. For a quasi-experimental study, 15 prelicensure nursing students at a Midwestern university were exposed to simulated bullying behaviors or common distractions while administering medications in a laboratory setting. Data were analyzed using Kruskal-Wallis tests. There was no significant difference in medication administration rubric score ( H [2] = 1.489, p = .475) or time spent in room ( H [2] = 1.778, p = .411) between groups. Bullying behaviors and other interruptions distracted nursing students from successfully completing the medication administration simulation.
弱相关/需人工排除	护士给药错误/近失/用药安全流程	41934241	10.1111/bcpt.70233	2026	Understanding Medication Errors Through Patient Complaints in a Danish University Hospital.	Basic & clinical pharmacology & toxicology	Tchijevitch O; Birkeland S; Morsø L; Bogh SB	Q5_med_admin_errors_nurses	Patient complaints are an important source of data, as they may help illuminate medication safety issues from the patient's perspective. We aimed to identify and describe medication errors (MEs) reported in patient complaints and compare them with MEs from safety incident reports. This descriptive hospital-based study (1) compared patient complaints with and without MEs using the Health Complaint Analysis Tool (HCAT) and (2) analysed MEs identified in both patient complaints and incident reports using the standard taxonomy of the reporting system. Of 6301 complaints, 310 (4.9%) were related to MEs. Compared with other complaints, ME-related complaints were more often submitted by family members (ratio 1.6), directed towards nursing staff (ratio 2.5), involved ward-based events (ratio 4.3) and occurred during discharge or transfer (ratio 2.9). Following selection and additional deduplication procedures, 202 MEs were identified in patient complaints. Compared with 8364 MEs from safety incident reports, patient complaints revealed higher proportions of antiepileptic and antipsychotic medication (ratio: 1.9), prescribing errors (ratio: 1.5), wrong medicine errors (ratio: 1.6) and errors with severe or fatal outcomes (ratio: 14.6). Patient complaints may uncover unique MEs not captured by traditional reporting systems. They may serve as a valuable complement to safety incident reports.
弱相关/需人工排除	护士给药错误/近失/用药安全流程	40221340	10.1016/j.sapharm.2025.04.003	2025	Compassion fatigue and satisfaction among pharmacists: Prevalence and associated factors.	Research in social & administrative pharmacy : RSAP	Salihu EY; Tewogbola P; Joseph DT; Ofuokwu-Oduniyi J; Chewning B	Q5_med_admin_errors_nurses	The rising rate of chronic illnesses and infections, including Covid-19 have placed enormous pressure on pharmacists. The high workload and constant exposure to the suffering of their patients make pharmacists more likely to experience chronic fatigue, including compassion fatigue (CF). There has been a rise in CF rates across the healthcare workforce with CF been noted as a risk factor for increased medication errors, poor patient care, absenteeism, and staff turnover. While CF has been extensively studied in other healthcare workplace contexts such as nursing and social work, compassion fatigue remains understudied in the pharmacy workplace context. The aim of this study is to assess the prevalence and factors associated with compassion fatigue and compassion satisfaction among pharmacists. Fifty-four pharmacists working in a midwestern state in the United States completed an anonymous online survey, containing the Professional Quality of Life (ProQOL), Brief Resilience and Coping, demographics, and a brief meditation history questionnaire. Most respondents identified as White (70 %), were 26-33 years old and reported working 41-60 h weekly. Respondents reported moderate levels of compassion satisfaction (34.23 ± 6.11), low to moderate levels of burnout (25.02 ± 6.28), low secondary traumatic stress (21.07 ± 5.63), and overall moderate CF scores (46.38 ± 11.07). Community pharmacists reported the highest levels of STS and the lowest compassion satisfaction. Workplace setting, work hours, and meditation practice were associated with CF and compassion satisfaction levels among pharmacists. Multi-faceted interventions that improve working conditions and prioritize self-care among pharmacists are needed.
强护理前置	护士给药错误/近失/用药安全流程	40688838	10.7759/cureus.86408	2025	Advances in Clinical Practices: A Cross-Disciplinary Review of Nursing, Pharmacy, and Medical Science Contributions.	Cureus	R K; Mary JJG; P AV; Tamilmozhi TD; Arthi R; Malathi AS	Q5_med_admin_errors_nurses	Global healthcare requires faster integration between nursing practice and medical science, together with pharmacy expertise, which allows distinct but compatible skills of all domains to work together. This assessment provides a comprehensive analysis of how interprofessional collaboration among nursing staff and medical scientists, and pharmacists creates positive impacts on healthcare innovation and patient success, and current healthcare delivery challenges. The article explores Advanced Practice Registered Nurse (APRN) service expansion through chronic disease leadership and patient-centered care practices, and pharmacist integration of pharmacogenomics with drug delivery systems and precision medicine (PM), and minimally invasive regenerative treatments. The combination of pharmaceutical clinicians who work with multidisciplinary healthcare teams alongside nurse safety quality implementation leads to reduced medication errors and enhanced patient care processes. The foundation of maintaining collaborative healthcare systems depends on interprofessional education (IPE) for healthcare providers and continuous training. The evaluation performed by this review depends on recent data and expert panels to create complete thematic findings, but its narrative synthesis approach brings specific analysis challenges. Successful clinical practice of the future requires health professionals to work together with shared goals and genuine professional respect to provide equivalent services to patients.
强护理前置	护士给药错误/近失/用药安全流程	40601541	10.12968/bjcn.2025.0095	2025	Addressing the risks of polypharmacy in the community nursing setting.	British journal of community nursing	Palmer SJ	Q5_med_admin_errors_nurses	Polypharmacy is a common and growing issue, particularly among older adults with multiple chronic conditions. While polypharmacy is often necessary for managing complex health needs, it can lead to adverse drug reactions, harmful interactions and prescribing cascades, which increase the risk of hospitalisations, disability and death. Nurses play a pivotal role in identifying polypharmacy, monitoring medication use and facilitating communication between patients, prescribers and pharmacists to ensure safe and effective medication management. Addressing polypharmacy requires a collaborative approach across the healthcare system, involving the use of accurate medication lists, deprescribing unnecessary drugs and applying tools such as the STOPP/START criteria for medication reviews. Medication reconciliation, especially during care transitions, is also essential for reducing medication errors and improving patient outcomes. This article explores the impact of polypharmacy, highlights the role of nurses in its management and outlines strategies to mitigate the risks associated with multiple medications. By incorporating shared decision-making, structured medication reviews and improved communication across care teams, healthcare systems can enhance patient safety and optimise medication management for older adults.
中等护理相关	护士给药错误/近失/用药安全流程	39384468	10.1016/j.jcjq.2024.08.006	2024	Reducing Automated Dispensing Cabinet Overrides in the Perianesthesia Care Unit: A Quality Improvement Project.	Joint Commission journal on quality and patient safety	Franciscovich CD; Bieniek A; Dunn K; Nawab U	Q5_med_admin_errors_nurses	Automated dispensing cabinets (ADCs) are used to store and dispense medications at the point of care. Medications accessed from an ADC before pharmacist order verification are removed using override functionality. Bypassing pharmacist verification can lead to medication errors; therefore, The Joint Commission considers overrides acceptable only in limited scenarios. During an 18-month period, the override rate in our perianesthesia care unit (PACU) was 17%, with oral midazolam accounting for roughly 40% of overrides. A multidisciplinary quality improvement (QI) project was initiated with a goal to reduce overrides by 10% (17% to 15%) by December 31, 2021. Key drivers for reducing overrides included timely medication order entry, nursing practice to wait for verification, and timely pharmacist medication order verification. Interventions related to the latter two drivers included nursing education, individual interviews, and a workflow change involving nurse-to-pharmacy communication prior to medication overrides. Interventions were implemented in three Plan-Do-Study-Act cycles beginning in July 2021. Outcome metrics were average monthly percentage of total medication overrides and overrides for oral midazolam, which were analyzed using statistical process control charts. Following interventions, the average monthly percentage of total medication overrides decreased from 17% to 8% in July 2021, and further to 4% in February 2022. Oral midazolam overrides decreased from 22% to 9% in July 2021, and further to 3% in February 2022. Both total and oral midazolam overrides were reduced by changing nursing and pharmacy workflow. Reducing ADC overrides is a complex process balancing operational flow and safety efforts.
中等护理相关	护士给药错误/近失/用药安全流程	39483993	10.4103/jrpp.jrpp_28_24	2024	The Critical Role of Ward-Based and Satellite Pharmacists in Improving Pharmaceutical Care in Hospital.	Journal of research in pharmacy practice	Afra F; Abedi FA; Feizabadi F; Mahboobipour AA; Rastegarpanah M	Q5_med_admin_errors_nurses	Medical errors are the third leading cause of death in the U. S., with medication mistakes being a common issue. Medication reconciliation (MR) involves comparing patients' orders with their existing medications to prevent errors. Pharmacists are ideally suited for MR tasks. Effective MR can reduce drug-related rehospitalizations. This study aimed to investigate medication errors among hospitalized patients and to evaluate the impact of ward-based and satellite pharmacists on the quality of drug administration services. A descriptive cross-sectional study was conducted at Nikan General Hospitals in Tehran, Iran, over 6 months. We assessed the performance of ward-based and satellite pharmacists in various wards. All patient medication activities were meticulously monitored and recorded. Adjusted drug-related problem (DRP) codes were then used to identify medication errors and the corresponding interventions. The study included 1682 patients, each experiencing at least one DRP. The data revealed a DRP prevalence of 6.44% (95% confidence interval: 6.15%-6.75%). A total of 2173 DRPs were identified, with 650 originating from intensive care units and the remaining 1523 from other wards. Notably, DRPs attributed to nurses (labeled as S2) constituted 18.36%, and those due to drug interactions (classified as D7) accounted for 13.48%. Following intervention, the most common pharmacist recommendations were initiating a medication (14.04%), discontinuing a medication (13.12%), changing a medication (11.38%), and reducing doses (11.09%). Effective MR, supported by comprehensive training of medical staff such as physicians and nurses, can significantly reduce DRPs in hospitalized patients. Clinical pharmacists play a vital role in this context.
强护理前置	护士给药错误/近失/用药安全流程	41671105	10.1093/intqhc/mzag015	2026	Participative leadership and nurses' error reporting: psychological safety as a mediator in multi-hospital data.	International journal for quality in health care : journal of the International Society for Quality in Health Care	Baek J; Yu S	Q5_med_admin_errors_nurses	Nurses' willingness to report medication-related events is central to organizational learning, yet speaking up still varies across units and leadership climates. This study examined whether psychological safety mediates the association between participative leadership and nurses' intentions to report medication errors. We analyzed data from a cross-sectional survey of staff nurses in South Korea (n = 200). Participative leadership (6 items, 5-point scale), psychological safety (7 items, 5-point scale), and reporting intentions (9 items, 6-point scale) were measured using validated instruments. Mediation was examined using regression-based analyses with bias-corrected bootstrap confidence intervals (5000 resamples), adjusting for relevant covariates. Participative leadership was positively related to psychological safety (a = 0.443, P<.001), and psychological safety was associated with stronger reporting intentions (b = 0.295, P=.004). The indirect effect was significant (0.132; 95% bootstrap CI [0.021, 0.265]). After psychological safety was included, the direct association between participative leadership and reporting intentions was no longer significant (β = 0.108, P=.169). In this multi-hospital sample, participative leadership was associated with higher intentions to report medication errors primarily through greater psychological safety. Efforts to strengthen reporting may benefit from leadership development combined with unit-level practices that reduce interpersonal costs of speaking up and support feedback following reports.
弱相关/需人工排除	其他	38908934	10.1053/j.jvca.2024.05.031	2024	Norepinephrine Salt Formulations and Risk of Therapeutic Error: Results of a National Survey.	Journal of cardiothoracic and vascular anesthesia	Salvati S; D'Andria Ursoleo J; Belletti A; Monti G; Bonizzoni MA; Fazio M	Q5_med_admin_errors_nurses	Norepinephrine is available commercially in solution containing its salt (eg, tartrate), but only the base form (ie, norepinephrine base) is active pharmacologically. Unfortunately, the outer label of drug packages frequently reports the dosage of norepinephrine as a salt, which can lead potentially to therapeutic errors when prescribing norepinephrine. We performed a survey to assess the level of awareness of this issue. National survey. Acute care units of Italian hospitals. Acute care physicians and nurses. A 15-item online survey was emailed to 305 critical care practitioners in Italy. Questions included information on the participants' background, methods of diluting norepinephrine, interpretation of recommended doses from guidelines, and a sample case related to the preparation and administration of the drug. We collected 106 responses from 54 hospitals. All hospitals used norepinephrine bitartrate salt. Of the participants, 53% responded that the guidelines express norepinephrine dosages as a salt, 23% as the base form, and 24% were unsure or unaware about it. The simulated patient-dose calculation was resolved in 81% of cases with an incorrect calculation referring to the norepinephrine salt and only in 19% referring to the norepinephrine base. There is significant variability in dosage management of norepinephrine across different hospital units, as well as a lack of knowledge regarding the salt-to-base ratio. Scientific publications (eg, guidelines) should specify whether they are referring to the base or salt form of norepinephrine. The adoption of different labeling and national standards for dilution may decrease the risk of therapeutic errors.
弱相关/需人工排除	护士给药错误/近失/用药安全流程	39740951	10.1136/bmjopen-2024-088786	2024	Pharmacy Integrated Transitions (PIT) trial: a protocol for a pragmatic cluster-randomised crossover trial.	BMJ open	Hantouli MN; Monsell SE; Davidson GH; Chaing J; Comstock B; Dervish AA	Q5_med_admin_errors_nurses	Ineffective coordination during care transitions from hospitals to skilled nursing facilities (SNFs) costs Medicare US$2.8-US$3.4 billion annually and results in avoidable adverse events. Approximately 70% of patients experience medication errors during these transitions, resulting in downstream consequences such as medication-related problems and unplanned readmissions. Patients and caregivers report significant emotional distress and concerns, particularly regarding medication management. Current protocols often fail to ensure effective medication management and communication between hospital and SNF teams. Developed with input from multiple interest holders, the Pharmacy Integrated Transitions (PIT) programme enhances these transitions by improving medication safety and communication. The programme includes a pharmacist who reconciles patients' medications during transitions from hospitals to SNFs, and a structured handoff between hospital and SNF clinical teams. A rigorous, pragmatic trial is needed to assess the programme's effectiveness in enhancing care transitions compared with standard practices.The PIT trial aims to evaluate the effectiveness of the PIT programme in improving patients' care transitions from hospitals to SNFs compared with usual care, and to characterise multiple interest holders' perspectives on its implementation fidelity, effectiveness and needed support for sustainment. The PIT trial is a parallel cluster-randomised controlled crossover trial design, with randomisation occurring at the SNF cluster level. The trial is conducted across 4 hospitals and 14 independent SNFs in Washington State. SNFs are stratified by patient volume before being randomly assigned to either the PIT programme or usual care. The trial aims to include a diverse patient population transitioning from hospitals to SNFs. The primary outcome is medication-related problems within 30 days posthospital discharge. Clinical adverse events, readmission rates and emergency department visits will be compared. Additionally, we will conduct a mixed-methods summative evaluation to assess multiple interest holders' perspectives on the PIT programme's implementation fidelity, effectiveness and the support required for its sustainment. This trial was approved by the University of Washington's Human Subjects Division on 9 September 2020 (STUDY00011018_PIT). The trial was reviewed by the University of Washington Institutional Review Board (IRB) and was issued a waiver of consent. The University of Washington serves as the IRB for all 14 of the Post Acute Care Skilled Nursing Facility study sites. Results from this trial will be published in peer-reviewed journals. Results may also be presented at international conferences. NCT05241951.
强护理前置	护士给药错误/近失/用药安全流程	39168028	10.1016/j.nepr.2024.104098	2024	Perceptions of undergraduate nursing students regarding their competency in administering medications: A qualitative study.	Nurse education in practice	Tomas N; Fillipus PN	Q5_med_admin_errors_nurses	This study aims to explore and describe self-reported perceptions of nursing students' competence in the administration of medication. Medication errors are a significant concern in hospitals, as they can result in serious harm and even death for patients. Nursing students play a crucial role in administering medication and preventing errors, but they are also prone to making mistakes. While numerous studies have extensively examined the factors that contribute to medication errors, few have focused on the assessment of competency among nursing students. This study employed a qualitative exploratory and descriptive design. A total of 10 undergraduate nursing students at a higher education institution consented to participate in face-to-face, semi-structured individual interviews. Data were collected between August and September 2022 using an interview guide. The interviews were audio recorded and analysed using Braun and Clarke's six steps of thematic analysis. The study revealed two major themes: (1) 'Perceived barriers to competency', which include participants' concerns regarding making errors, knowledge in pharmacology, self-efficacy in mathematics and level of supervision; and (2) 'Mechanisms for improvement', which centre on enhancing simulation proficiency, improving supervision and integrating pharmacology education in year two of nursing training. The study findings suggest that student nurses face various barriers to competence, such as a fear of making mistakes, a lack of pharmacology knowledge and low self-confidence in calculating drug dosages. To address these issues, prioritising supervision is crucial to facilitate student learning and ensure safety. Future research should consider investigating the perspectives of nurse educators on pharmacology curricula.
中等护理相关	护士给药错误/近失/用药安全流程	40521785	10.1080/21548331.2025.2520745	2025	Medication error reporting system: barriers and challenging issues among HCPs in Saudi Arabia - a cross-sectional study.	Hospital practice (1995)	Alasmari SMA; Ali MAM; Alqhtani JM; Al-Alwani MJ; Alotaibi WF; Tashkandi N	Q5_med_admin_errors_nurses	Medication errors pose a significant threat to patient safety globally, including in Saudi Arabia. This study aimed to assess healthcare professionals' (HCPs) understanding, attitudes, and challenges regarding medication error reporting in Saudi hospitals. A cross-sectional study was conducted using a self-administered online questionnaire among HCPs (physicians, pharmacists, and nurses) from various hospitals across Saudi Arabia. The questionnaire explored their knowledge, attitudes, and experiences related to medication error reporting. A total of 170 hCPs participated in the study, with the majority being under 35 years old (67.06%), female (70.59%), and Saudi nationals (74.71%). A majority of participants (87.06%) had heard of the medication error report form, and 73.53% reported medication errors before. Participants aged less than 35 years had significantly lower knowledge scores compared to those aged 35-45 years (p = 0.021), and male participants had significantly higher knowledge scores compared to female participants (p = 0.005). Pharmacists had the highest knowledge scores among all health professions (p < 0.001), and participants working in government hospitals had significantly higher knowledge scores compared to those working in private hospitals (p = 0.034). In terms of attitude scores, male participants had significantly higher attitude scores compared to female participants (p = 0.046). This study highlights progress in medication error reporting among HCPs in Saudi Arabia but identifies gaps in knowledge, reporting, and systemic barriers. Addressing these challenges through education, process optimization, and a non-punitive reporting culture is key to improving safety. Future research should expand beyond hospitals and assess policy and training impacts over time.
弱相关/需人工排除	其他	41509893	10.1177/00185787251408703	2026	Inadvertent Administration of Oxytocin via Epidural.	Hospital pharmacy	Tcherepanova A; Achu-Lopes R; OGrady N; Vincent W; Sarg MT; Brook K	Q5_med_admin_errors_nurses	A patient at our institution was admitted to Labor & Delivery at 41-weeks' gestation for augmentation of early labor for spontaneous rupture of membranes. The anesthesia team placed an epidural catheter and initiated an infusion of bupivacaine with fentanyl for pain management. During nursing shift change several hours later, staff found oxytocin connected to the patient's epidural catheter. A root cause analysis identified that a combination of human error, workflow inefficiencies, and technology challenges contributed to this error. Because the neuraxial and oxytocin infusion bags were the same size, the Department of Pharmacy recommended switching oxytocin infusion bags to a more distinct size. We summarize the literature on inadvertent neuraxial medication infusions, which can lead to devastating consequences. While this patient experienced no adverse effects, we present this case as a cautionary case study to highlight the need for system-level interventions to enhance patient safety.
中等护理相关	护士给药错误/近失/用药安全流程	40057653	10.1038/s41390-025-03980-8	2025	Can large language models assist with pediatric dosing accuracy?	Pediatric research	Levin C; Orkaby B; Kerner E; Saban M	Q5_med_admin_errors_nurses	Medication errors in pediatric care remain a significant healthcare challenge despite technological advancements, necessitating innovative approaches. This study aims to evaluate Large Language Models' (LLMs) potential in reducing pediatric medication dosage calculation errors compared to experienced nurses. This cross-sectional study (June-August 2024) involved 101 nurses from pediatric and neonatal departments and three LLMs (ChatGPT-4o, Claude-3.0, Llama 3 8B). Participants completed a nine-question survey on pediatric medication calculations. Primary outcomes were accuracy and response time. Secondary measures included seniority and group membership on accuracy. Significant differences (P < 0.001) were observed between nurses and LLMs. Nurses averaged 93.14 ± 9.39 accuracy. Claude-3.0 and ChatGPT-4o achieved 100 accuracy, while Llama 3 8B was 66 accurate. LLMs were faster (15.7-75.12 seconds) than nurses (1621.2 ± 8379.3 s). The Generalized Linear Model analysis revealed task performance was significantly influenced by duration (Wald χ² = 27,881.261, p < 0.001) and interaction between relative seniority and group membership (Wald χ² = 3,938.250, p < 0.001), with participants achieving a mean total grade of 91.03 (SD = 13.87). Claude-3.0 and ChatGPT-4o demonstrated perfect accuracy and rapid calculation capabilities, showing promise in reducing pediatric medication dosage errors. Further research is needed to explore their integration into practice. Key Message Large Language Models (LLMs) like ChatGPT-4o and Claude-3.0 demonstrate perfect accuracy and significantly faster response times in pediatric medication dosage calculations, showing potential to reduce errors and save time. Addition to Existing Literature This study provides novel insights by quantitatively comparing LLM performance with experienced nurses, contributing to the understanding of AI's role in improving medication safety. Impact The findings emphasize the value of LLMs as supplemental tools in healthcare, particularly in high-stakes pediatric care, where they can reduce calculation errors and improve clinical efficiency.
中等护理相关	护士给药错误/近失/用药安全流程	41468579	10.2196/79942	2025	MyPainPal, a Novel mHealth App to Improve Pain in Patients With Advanced Cancer: Single-Arm Pilot Study.	JMIR cancer	Azizoddin DR; Hassett M; Anderson KS; Kessler D; Wright A; Gorra M	Q5_med_admin_errors_nurses	Pain is common among patients with advanced cancer and is often inadequately controlled. Opioids are central to treatment; yet, self-management is challenging, and clinicians lack scalable tools to monitor and support patients between visits. This study aimed to evaluate the feasibility and acceptability of MyPainPal (Dana-Faber Cancer Institute), a novel mobile health app designed to optimize cancer pain management. MyPainPal combines daily surveys assessing symptoms and analgesic use, algorithmic self-management support, tailored psychoeducation, and clinician monitoring. Secondary objectives were to explore preliminary clinical impact and identify priorities for refinement. This single-arm pilot study enrolled adults with advanced malignancies using opioids for moderate-to-severe pain from an outpatient palliative care clinic at a comprehensive cancer center. Participants used MyPainPal for 28 days while nurses monitored symptom responses via a secure portal, and also completed structured surveys at end-of-study. Primary assessment of usability and acceptability included the System Usability Scale (SUS; range 0-100), the Acceptability E-Scale (range 6-30), and ratings of satisfaction using a 5-point Likert scale. Semistructured debriefing interviews explored user experience, perceived impact, and suggestions for optimization. Twenty participants with advanced cancer enrolled, with a mean age of 57 (SD 12.3) years, 55% (11/20) female, 80% (16/20) non-Hispanic White, with mixed cancer types. Over the 28-day study, patients logged into MyPainPal a median of 14 (IQR 8-17) times, and completed a median of 8 (IQR 5-14) symptom surveys, reflecting mean of 36% (SD 20%) of eligible (out-of-hospital) days on study. Usability and acceptability ratings of MyPainPal were high (mean SUS 78.3, SD 16.2; mean Acceptability E-Scale 24.0, SD 4.4); 79% rated overall satisfaction of greater than or equal to 4/5. Twenty percent of surveys generated an alert, prompting nurse outreach. In response, 5 participants had symptom medications changed and 2 had medication errors corrected. In debriefing interviews, many participants described that the intervention reduced barriers to pain reporting and facilitated timely and constructive interactions with care teams for symptom management. Several noted that the intervention validated their pain experience, reduced stigma around opioid use, enabled constructive conversations with providers, and promoted self-management. Patients recommended several survey modifications, including reducing their frequency and enabling more nuanced pain assessments. Participants underused the educational resources and suggested that they be featured more prominently. Some patients suggested that the MyPainPal app should be introduced earlier in patients' cancer pain trajectory when pain needs are higher and opioid management is novel. In this pilot study, MyPainPal demonstrated feasibility, acceptability, and preliminary evidence of potential clinical impact among patients with advanced cancer receiving palliative care. The app has been rebuilt and optimized with attention to patient feedback and in preparation for a future efficacy study. ClinicalTrials.gov NCT03717402; https://clinicaltrials.gov/study/NCT03717402.
强护理前置	护士给药错误/近失/用药安全流程	39627828	10.1186/s12912-024-02557-w	2024	Factors influencing sleep quality among nurses in tertiary hospitals in Kelantan, Malaysia: a cross-sectional study.	BMC nursing	Supian NS; Ibrahim MI	Q5_med_admin_errors_nurses	Poor sleep quality among nurses can negatively impact their performance, leading to increased risks of errors in nursing practice, which directly affect patient safety. However, there is limited research on the factors influencing sleep quality and its subsequent consequences on patient safety, particularly in tertiary hospitals in Kelantan, Malaysia. This study aimed to determine the factors influencing sleep quality and the prevalence of poor sleep quality among nurses at tertiary hospitals in Kelantan. A cross-sectional study was conducted in two tertiary care hospitals in Kelantan between December 2023 and February 2024. A proportionate stratified random sampling method was employed to recruit a sample of 470 registered nurses. Data were collected using a validated self-administered questionnaire comprising 19 items across seven component scores. The prevalence of poor sleep quality among nurses was found to be 69.8%. The study identified several significant factors associated with poor sleep quality, including sleep duration (aOR 0.291; 95% CI: 0.215-0.393; p < 0.001), years of work experience (aOR 0.953; 95% CI: 0.924-0.984; p = 0.003), history of involvement in medication errors (aOR 2.669; 95% CI: 1.413-5.041; p = 0.002), and experiences of commuting injury (aOR 1.869; 95% CI: 1.119-3.121; p = 0.017). The high prevalence of poor sleep quality among nurses highlights the need for targeted interventions to address this issue. In addition to ongoing education, implementing sleep hygiene programs, offering stress management workshops, and introducing flexible work schedules could significantly improve sleep quality. Creating a supportive work environment that prioritizes nurse well-being is crucial for enhancing patient safety and overall healthcare outcomes.
中等护理相关	护士给药错误/近失/用药安全流程	39429412	10.7759/cureus.69700	2024	Drug-Related Problems Among Peritoneal Dialysis Patients: A 12-Year Retrospective Cohort Study.	Cureus	Tay HY; Islahudin F; Siaw YY; Wong WC; Mohd Tahir NA; Firdaus Khan SS	Q5_med_admin_errors_nurses	Introduction Studies regarding drug-related problems (DRPs) can be found in other diseases, but data are lacking among peritoneal dialysis (PD) populations. Despite advancements in PD care, there remains a significant gap in understanding and addressing DRPs in the PD population. DRPs can lead to serious consequences, including medication errors, adverse reactions, and nonadherence, affecting patient outcomes and healthcare costs. Aim The aim of this study was to identify the prevalence of DRPs, types, causes, interventions performed, acceptance of interventions, and outcomes of DRPs among patients undergoing PD. In addition to this, the study sought to identify factors associated with DRPs in the PD population. Methods This single-center retrospective study recruited adult PD patients with at least one medication from January 2009 until November 2021. Pharmacy medication therapy adherence clinic (MTAC) clinical activity sheets were reviewed, and DRPs were classified based on the Pharmaceutical Care Network Europe Classification (PCNE) v9.1. The PCNE system consists of five essential domains: Problems (P), Causes (C), Interventions (I), Acceptance of the Intervention (A), and Outcomes (O). As part of the pharmacists' MTAC activities, DRPs were meticulously documented. Three pharmacists initially gathered and examined these recorded DRPs. Each identified DRP was then classified according to the type of problem, the underlying cause, any intervention performed to address the DRP, the level of acceptance, and the resulting outcome. Subsequently, these classifications were reviewed by two independent pharmacists to ensure accuracy and consistency. Results Out of 562 patients, 70.6% (n = 397) were on more than 10 drugs. Most patients (n = 520, 92.5%) had at least one DRP. From the 3,333 DRPs identified, the most common were effects of drug treatment not optimal (n = 1,595, 47.8%), followed by untreated symptoms (n = 843, 25.3%) and adverse drug events (n = 730, 21.9%). The main cause of the suboptimal treatment effect was patients' noncompliance (n = 891, 55.9%). For untreated symptoms, the main cause was no drug prescribed despite existing indications (n = 789, 93.6%). Interventions for DRPs were at either prescriber level (n = 2,064, 61.9%), patient-level (n = 1,244, 37.3%), or at other levels, such as with nurses (n = 25, 0.8%). Prescribers accepted 83% (n = 1713) of interventions suggested by pharmacists. Overall, 73.2% (n = 2,439) of DRPs were resolved. Number of medications (b = 0.223, 0.102-0.345) and number of MTAC visits (b = 0.381, 0.344-0.419) were predictive factors of the number of DRPs (p < 0.001). Conclusion There is a high prevalence of DRPs in PD patients. Pharmacists play an important role in detecting, intervening, and resolving DRPs to improve patients' outcomes.
中等护理相关	护士给药错误/近失/用药安全流程	41388499	10.1186/s12871-025-03539-4	2025	Primary anesthesia provider characteristics and risk factors for intraoperative medication errors: a retrospective cohort study.	BMC anesthesiology	Ikeda K; Koike M; Yamazaki S; Nakamura S; Uezono S	Q5_med_admin_errors_nurses	Intraoperative medication errors, although uncommon, can result in considerable patient harm. Evidence remains limited regarding anesthesia provider-level and perioperative risk factors. This study aimed to evaluate whether anesthesia provider characteristics-particularly experience level and team composition-are statistically associated with intraoperative medication errors after multivariable adjustment. We conducted a retrospective observational study of 100,093 surgical cases managed under anesthesia at a university-affiliated tertiary hospital in Japan between August 2011 and December 2023. Data were extracted from an electronic anesthesia record system linked to institutional medical records. Medication errors were mainly identified through anesthesia provider self-reporting, supplemented by reports from operating room nurses. Predictor variables included patient characteristics, procedural details, and the main explanatory variable was anesthesia provider configuration: attending, and resident or intern under the supervision of an attending anesthesiologist. Firth's penalized logistic regression was used to adjust for confounding variables identified via a directed acyclic graph. Intraoperative medication errors occurred in 102 of 100,093 procedures (0.10%). Compared with attending anesthesiologists, the odds of medication error-adjusted for the familywise error rate (FWER) using the Holm-Bonferroni method-were significantly higher when care involved residents [OR 2.713; 95% CI, 1.283-6.815; P = 0.007] or interns [OR 3.272; 95% CI, 1.508-8.368; P = 0.003]. After multiplicity adjustment, no other factors-including age, American Society of Anesthesiologists Physical Status (ASA-PS) classification, and surgical urgency-were statistically associated with error risk. Sensitivity analyses confirmed the robustness of the main findings across different covariate sets. Anesthesia provider characteristics were statistically associated with intraoperative medication error risk. These findings suggest the need for strengthened supervision, structured team roles, and systems-based safeguards in perioperative medication safety.
中等护理相关	护士给药错误/近失/用药安全流程	38404015	10.1177/10781552241235898	2025	Study to evaluate awareness about medication errors and impact of an educational intervention among healthcare personnel in a cancer hospital.	Journal of oncology pharmacy practice : official publication of the International Society of Oncology Pharmacy Practitioners	Kunwor P; Basyal B; Pathak N; Vaidya P; Shrestha S	Q5_med_admin_errors_nurses	IntroductionMedication errors (MEs) are preventable incidents that can result in harm to patients. Therefore, it is essential for healthcare professionals (HCPs) to be well-informed about MEs. This study aims to assess the awareness levels of HCPs and the impact of educational intervention on their understanding of MEs.MethodsResponses to a 17-question structured, self-administered questionnaire assessing the awareness of HCPs regarding fundamental aspects of MEs, ME reporting systems, and their ability to make recommendations for improving the system for handling the MEs were collected both before and after two weeks of educational intervention administration.ResultsOf a total of 114 HCPs who initially participated in the study, six dropped following the intervention. The awareness regarding the Class A questionnaire was good in most physicians (60%), nurses (60%), and pharmacists (57%) before the intervention, which improved postintervention, with physicians (80%), nurses (32%), and pharmacists (78%) demonstrating excellent awareness. The awareness level in the Class B questionnaire was also improved to excellent in most physicians (70%), pharmacists (85%), and nurses (85%) following the intervention, while it was excellent only in 50%, 35%, and 1% of physicians, pharmacists, and nurses, respectively, preintervention. In the Class C questionnaire, most physicians (40%) and nurses (60%) had good awareness, while pharmacists (35%) demonstrated excellent awareness preintervention. Postintervention, most physicians (70%), nurses (77%), and pharmacists (64%) exhibited excellent awareness.ConclusionMost oncology practice HCPs demonstrate a good to average level of awareness regarding MEs. Clinical pharmacists' educational interventions can significantly enhance awareness among HCPs concerning MEs.
强护理前置	护士给药错误/近失/用药安全流程	40783750	10.1186/s12912-025-03678-6	2025	Investigating the prevalence of medication near-misses and reporting intention among nurses in tertiary hospitals from China.	BMC nursing	Fang J; Zhang Z; Zhang Q; Jia W; Chen X; Li Y	Q5_med_admin_errors_nurses	Globally, medication near-misses are a public health issue as they often have serious consequences for patients and healthcare systems. Currently, few studies have investigated nurses' intention to report medication near-misses. Therefore, this study aims to examine the incidence of medication near-misses and factors influencing reporting intention among nurses in tertiary hospitals in Shandong Province, to fill the research gap in this area. A descriptive cross-sectional design. Between March 2021 and December 2021, 2625 nurses in seven tertiary hospitals from Shandong Province, China were enrolled in the study, using convenience sampling. Information about medication near-misses, reporting intention and barriers was collected using self-reported questionnaire, subscales of the Adverse Event Reporting Intention Questionnaire, and Medication Near-Miss Reporting Barriers Scale. This study explored the association between potential determinants from the perspective of nurses and managers using generalized linear model. About 25.3% of nurses experienced medication near-misses, with a mean reporting intention score of 5.44 (standardized deviation=1.13). The main approach for reporting medication near-misses was verbal language (80.6%). Higher professional title (χ2=13.770, P = 0.003), lower educational level (χ2=6.722, P = 0.035), fewer weekly work hours (χ2=3.947, P = 0.047), no previous medication near-misses experience (χ2=46.517, P < 0.001), and not having siblings (χ2=4.150, P = 0.042) nurses showed a higher level of reporting intention. The manager's negative response (χ2=7.059, P = 0.008) and complex reporting system (χ2=17.120, P < 0.001) were associated with lower levels of reporting intention, primarily influenced by departmental categories (χ2=22.306, P = 0.002). The results of this study show that nurses' medication near-misses reporting rate is relatively low, but their intention to report is relatively strong. Meanwhile, nurses' intention to report medication near-misses is influenced by multiple factors. This suggests that nursing managers should develop management strategies for near-miss events and actively provide training to enhance clinical nurses' willingness to report such events.
强护理前置	护士给药错误/近失/用药安全流程	41230766	10.1111/jan.70389	2026	Missed Nursing Care From the Perspectives of Patients: A Cross-Sectional Study in Denmark.	Journal of advanced nursing	Albrechtsen MT; Jørgensen L; Poulsen I; Bruun NH; Mainz H; Laugesen B	Q5_med_admin_errors_nurses	To identify the prevalence and types of missed nursing care in a Danish hospital context from patients' perspectives and to examine associations between missed nursing care, patient demographics, and patient-reported adverse events. Cross-sectional study. A total of 284 medical and surgical patients from 21 wards at a Danish university hospital completed the Danish version of the MISSCARE Survey-Patient. Descriptive statistics and analyses of associations between missed nursing care and patient demographics and adverse events were conducted. Patients reported an overall prevalence of missed nursing care of 15%, with most omissions occurring in the physical care domain (22%), followed by psychosocial care (13%) and timeliness (6%). The most frequently missed activities included oral care, clarity about which nurse was responsible for their care, repositioning in bed, and help with eating. Medication errors were significantly associated with higher missed nursing care scores across all domains, while associations with other adverse events and demographics were inconsistent. Patients generally perceived a low prevalence of missed nursing care, although notable variations were observed across care domains and specific activities. Incorporating patient perspectives alongside nurse perspectives offers a more complete understanding of missed nursing care. Continuous assessment of missed nursing care from patients' perspectives could serve as a valuable complement to nurse-reported assessments, helping to identify specific areas for improvement. Targeted interventions addressing activities with higher patient-reported missed nursing care may enhance both care quality and patient outcomes. STROBE guidelines were followed. Patients were not involved in the study's design, conduct, or reporting. This study highlights missed nursing care from patients' perspectives, revealing key care gaps. The findings can inform hospital administrators, nursing leaders, nursing educators, and policymakers in developing strategies to improve care quality and patient satisfaction.
中等护理相关	护士给药错误/近失/用药安全流程	41249965	10.1186/s12875-025-03072-w	2025	Prevalence and types of medication errors among children under five (5) years in 3 primary health care facilities in the Western region of Ghana: a retrospective quantitative study.	BMC primary care	Baolenwo AB; Efua SV; Vida A	Q5_med_admin_errors_nurses	BACKGROUND: Medication errors (MEs) remain a leading cause of preventable harm in healthcare systems worldwide, contributing to adverse drug events, morbidity, increased healthcare costs, prolonged hospitalization, and mortality. The paediatric population is particularly susceptible to MEs due to the need for individualized dosing based on weight and age, which introduces additional complexity for healthcare providers. Although considerable research has been conducted on this issue, existing studies have predominantly focused on secondary and tertiary healthcare institutions, where specialized personnel and resources are more readily available. In contrast, in certain settings, primary healthcare facilities are staffed by non-specialist healthcare professionals who face unique challenges in paediatric care due to limited training and insufficient clinical support. This disparity highlights a critical gap in the literature and underscores the urgent need for targeted interventions to improve medication safety in primary care settings. OBJECTIVE: The study was undertaken with the aim of determining the prevalence and types of medication errors committed by nurses among children under 5 years at three (3) primary healthcare facilities in the western region of Ghana. MATERIALS AND METHODS: Six (6) months retrospective data was taken to assess the prevalence and types of medication errors. Data was gathered using a checklist from records of paediatric patients aged ≤ 5years who visited the three primary health care facilities from 1st July 2020–31st December 2020 and attended to by a nurse clinician. MEs were categorised into dosage error, frequency error, prescribing error and administration error. Based on the number of errors occurring per treatment, errors were classified as No error, one error and two or multiple errors. Data was analysed using Statistical Package for the Social Sciences (SPSS) version 23. RESULTS: Out of the 341 paediatric folders examined, the prevalence of MEs among children under 5years from the three primary health facilities was 59.3%. Dosage errors accounted for 47.3% of identified errors, followed by frequency errors (17.8%), prescribing errors of 14.8% and administering errors 6.1%. CONCLUSION: The prevalence of medication errors among children under five years across the three primary health care facilities was significantly high (59.3%).
中等护理相关	护士给药错误/近失/用药安全流程	40623705	10.1542/hpeds.2024-008092	2025	Improving Discharge Medication Education: Consideration of Health Literacy and Language.	Hospital pediatrics	Squires SS; Kipps AK; Gamuciello S; Chen X; Mak K; Chadwick W	Q5_med_admin_errors_nurses	Medication errors occur frequently to children after recent hospital discharge, with known risk factors of medical complexity, low parental literacy, and parental preferred language other than English (LOE). Focus groups with parents of children with medical complexity at our hospital identified our discharge medication list as needing improvement. Therefore, our team set out to provide a low health literacy, language-concordant discharge medication adherence aid (MAA) to more than 95% of patients discharging from our acute care cardiology unit (ACCU). We formed a multidisciplinary group and developed an intervention whereby each patient's bedside nurse would generate a low health literacy, language-concordant discharge MAA and assessed the weekly average of patients discharged with an MAA in their preferred language via medical record review as our primary outcome measure, with subset analysis of MAA provision by preferred language to monitor implementation. Statistical process control charts were used to assess the impact of interventions over time. During the intervention, the weekly average of patients discharged with an MAA increased from a baseline of 21% in May 2022 to 75% and was sustained from July 2022 through October 2023. There was comparable percentage of LOE patients (76%; 94 of 123) to English-preferred patients (74%; 459 of 622) who received a discharge MAA. Over a 6-month period, we implemented a language-concordant and patient-friendly MAA for 75% of discharging families from the ACCU. Piloting the intervention first with a small group of nurses improved our success during both the intervention and sustainability period.
中等护理相关	护士给药错误/近失/用药安全流程	39871321	10.1186/s12912-025-02751-4	2025	Effectiveness of room-of-error interventions for healthcare providers: a systematic review.	BMC nursing	Jung SJ; Kang J; Lee Y	Q5_med_admin_errors_nurses	Patient safety incidents are recognized as significant contributors to patient mortality, thus demanding immediate attention and strategic interventions in healthcare systems. The room-of-error education program serves as a solution, as it provides a case-based learning platform allowing nursing students to identify and resolve medical errors within a controlled environment systematically. This study aimed to identify the context, mechanisms, and outcomes of room-of-error training programs. This study adopted a systematic review methodology aligning with the Preferred Reporting Items for Systematic Reviews and Meta-Analysis guidelines. Comprehensive searches were conducted across key databases, including OvidMEDLINE, Embase, Cochrane, and CINAHL, by utilizing specific terms related to healthcare providers, nursing students, room-of-error education, medical errors, simulation training, and virtual intervention. Included studies focused on healthcare providers or students, error recognition, RFE-related training, and randomized or quasi-experimental trials, while exclusion criteria were non-English/Korean studies, non-original articles, abstracts, and qualitative studies. Risk of bias in the selected studies was assessed using the Risk Of Bias In Non-randomized Studies version 2.0 tool. The search strategy yielded 2,447 articles, with eight studies meeting the inclusion criteria. Predominantly quasi-experimental in design, these eight studies primarily focused on nurses as the target population. Simulations were found to be widely integrated into room-of-error programs, emphasizing skill performance and critical thinking. Half of the studies provided preparation time, 37.5% included feedback, and 62.5% covered medication errors, with 87.5% using offline delivery, 62.5% offering individual education, and program durations ranging from 4 to 35 min, with 25% having no time limit for error inspection. Diverse content, including topics such as medication errors and infection control, was found to be delivered through offline or virtual formats and group-based or individual education. The findings provide valuable insights into the characteristics and outcomes of room-of-error training programs for healthcare professionals and students. This study emphasizes the significance of practical, case-based approaches in nursing education to augment knowledge, confidence, and competencies, thereby enhancing patient safety in clinical practice.
弱相关/需人工排除	护士给药错误/近失/用药安全流程	42359384	10.1016/j.ijnsa.2026.100593	2026	Roles and impact of pharmacy technicians on hospital wards: a systematic review.	International journal of nursing studies advances	De Graef M; Heirman J; Snoeck T; Heerdink ER; Dijkstra NE; Dilles T	Q5_med_admin_errors_nurses	Medication management on hospital wards is increasingly supported by pharmacy technicians, yet their specific tasks and effects have not been comprehensively synthesised in the literature. To synthesise international evidence on the tasks performed by pharmacy technicians on hospital wards and to evaluate the effects on patient-, pharmaceutical-, nursing-, and ward-related outcomes. Five databases (EMBASE, CINAHL, Web of Science, PubMed, ScienceDirect) were systematically searched to November 2024, supplemented with hand searches. This systematic review included studies that reported quantitative outcomes of pharmacy technicians performing medication-related tasks on general wards. Screening, data extraction, and quality appraisal (CASP) were performed independently, and findings were synthesised narratively due to clinical and methodological heterogeneity. Twenty-one studies met the inclusion criteria. Pharmacy technicians most frequently performed medication history review and reconciliation (11 studies), followed by support in preparation and administration (5 studies), supply and dispensing management (4 studies), and discharge education (3 studies). Across these domains, their involvement was consistently associated with improved patient safety and workflow outcomes. Thirteen studies reported reductions in medication errors, with technicians identifying and correcting omissions, dosing errors, and prescribing discrepancies. Eight studies demonstrated gains in pharmacy staff efficiency through more accurate medication histories and optimised pharmacist time, while six studies highlighted improvements in nursing efficiency, including shorter medication rounds and fewer interruptions. Staff satisfaction increased in five studies, and cost-effectiveness analyses (3 studies) indicated neutral or positive financial impact through reduced missed doses and lower wastage. Patient satisfaction, reported in one study, improved through discharge education, with patients expressing greater understanding of their medications. This systematic review identified a broad range of tasks performed by pharmacy technicians on hospital wards. Although several studies reported positive effects on patient-, pharmaceutical-, nursing-, and ward-related outcomes, the overall methodological quality was moderate and substantial heterogeneity existed in pharmacy technician roles, tasks and outcomes measured. Overall, the evidence suggests consistent beneficial effects across multiple outcome domains, although the strength of inference is limited by methodological heterogeneity and study design limitations. Further high-quality, standardised research is needed to determine the magnitude and generalisability of these effects.
强护理前置	护士给药错误/近失/用药安全流程	42205383	10.4103/jehp.jehp_924_25	2026	Effect of nurse informatics on medication errors, patients' satisfaction, and quality patient care - A systematic review and metanalysis.	Journal of education and health promotion	Kataria N; Chauhan D; Rani R; Chowdhary D; Dwivedi S; Arora S	Q5_med_admin_errors_nurses	Digital innovation has revolutionized healthcare, with information technologies addressing challenges faced by health care professionals. Nursing informatics aids nurses in decision-making by integrating information management and analytical sciences. The aim of the study was to assess the effect of nurse informatics on medication errors, patient satisfaction, and quality care. A systematic search of online databases was conducted from 2000 to 2024 for relevant RCTs and non-RCTs globally in English language. The population was nurses in hospitals; intervention was nurse informatics or electronic health records; comparators were standard nursing care; and outcomes were medication errors, patient satisfaction, and quality patient care. Data were analyzed by using PRISMA guidelines and RevMan 5.4 version software. Forest plot was used for all outcomes by considering substantial heterogeneity as I² > 50% at P ≤ 0.05. Out of 771 studies, 14 met inclusion criteria (eight RCTs for meta-analysis, six non-RCTs narrative synthesis). The nurse informatics group had significant reduction in medication errors by 27% (RR 0.73, 95% CI = 0.65-0.82; P = 0.00001). However, patient satisfaction was favored by standard nursing care group (MD 0.22, 95% CI = 0.08-0.37; P = 0.002), while quality patient care showed no clear preference between groups. Nursing informatics reduces medication errors but does not improve patient satisfaction or quality care. Most studies are from USA and China, highlighting the need for more researches to enhance nursing care strategies. There were several barriers for nursing informatics, which include lack of integration and appropriate database by nursing personnels in the hospital settings.
中等护理相关	护士给药错误/近失/用药安全流程	39835655	10.1111/jan.16759	2025	Medication Management of Patients With Cancer Undergoing Surgery From Preadmission to Discharge: A Mixed-Methods Systematic Review.	Journal of advanced nursing	Atefeh M; Elizabeth M; Patricia N	Q5_med_admin_errors_nurses	To identify and synthesise available evidence about regular medication management processes, from preadmission to discharge from hospital, in patients with cancer undergoing surgery. Mixed-methods systematic review. Studies published from inception of each database until February 2023 were screened, utilising four main search concepts. The JBI methodology for mixed-methods systematic review was followed in this review. MEDLINE, CINAHL, EMBASE, APA PsycINFO, Scopus and Web of Science. Eight out of 717 screened studies were included. Two themes related to patients' medication management were identified. Preoperative factors such as polypharmacy, potentially inappropriate medications, delirium-inducing medications and preoperative discontinuation-requiring medications were associated with several postoperative complications in patients with cancer. Additionally, pharmacist-led interventions and collaborative efforts between nurses and patients were shown to improve the medication management process across the perioperative pathway. This systematic review emphasises the necessity of effectively managing regular medication, especially before surgery, to mitigate postoperative complications in patients with cancer. It offers critical insights into how involving pharmacists and nurses enhances medication management outcomes, benefiting health care professionals and institutions aiming to optimise perioperative medication therapy. Enhancing patients' regular medication management through comprehensive reviews before surgery, and improving collaborative practices among pharmacists, nurses and patients via targeted interventions introduced by health care organisations, ensure safe medication use throughout the perioperative pathway. Improving regular medication management process can reduce risk of medication errors and adverse drug events and enhance postoperative outcomes. SWiM reporting guidelines. No patient or public contribution.
中等护理相关	护士给药错误/近失/用药安全流程	42065841	10.1007/s40264-026-01668-4	2026	Educational Interventions Affecting Medication Error Reporting by Healthcare Professionals in Secondary and Tertiary Care: A Systematic Review and Narrative Synthesis.	Drug safety	Monshi MM; Jalal Z; Aston J; Pontefract SK; Cox AR	Q5_med_admin_errors_nurses	Many healthcare systems are striving to improve patient safety, as medication errors are a significant cause of avoidable morbidity and mortality. This systematic review aims to quantitatively and qualitatively assess the impact of educational interventions on medication error reporting. A systematic review of the literature was conducted from database inception to December 2024 across EMBASE (Ovid), MEDLINE (Ovid) and PsycINFO (Ovid). Any study examining educational strategies affecting medication error reporting in secondary and tertiary care settings in the English language was included, except for cross-sectional studies. Search terms included healthcare professionals, educational interventions, medication error reporting, and secondary and tertiary healthcare. Two independent reviewers screened titles, abstracts, full-text studies, extracted the data and undertook quality assessment using the Risk of Bias in Non-Randomised Studies of Interventions (ROBINS-I) tool to assess the risk of bias in the included studies. Finally, data were synthesised as a narrative review to summarise all educational interventions. The systematic search led to 3649 titles. Fourteen studies were eligible for inclusion. Most of the studies were non-randomised experimental studies and assessed the medication error reporting quantitatively, but not qualitatively. The studies reported improvements in medication error reporting rates, nurses' overall reporting competence, and healthcare professionals' form completion skills following educational interventions. A better understanding of educational intervention methods, rationales, time frames, frequency, and effective co-interventions may improve medication error reporting. Combining education with other interventions had positive outcomes related to medication error reporting compared with education alone. Educational interventions improved the quantity and some quality measures of medication error reporting.
中等护理相关	护士ADR上报/药物警戒认知与行为	41276574	10.1038/s41598-025-27221-4	2025	Knowledge, attitudes, practices towards medication errors and adverse drug reactions reporting among healthcare professionals in Dongola, Sudan: a cross-sectional study.	Scientific reports	Issak MA; Mohamed ZFA; Mohammed KAA	Q5_med_admin_errors_nurses	Medications, while beneficial, can also cause significant harm, often due to medication errors (MEs) and adverse drug reactions (ADRs). This study aimed to evaluate the knowledge, attitudes, and practices (KAP) of healthcare providers (HCPs) regarding ME and ADR reporting. A hospital-based cross-sectional study was conducted in Dongola and data were collected using a mixed-method approach with a semi-structured questionnaire. Analysis was performed using SPSS version 26, considering significance at p < 0.05. Out of 272 targeted HCPs, 216 responded (response rate: 79.4%). Most participants were female (71.8%) and aged ≤ 28 years (81%). For MEs reporting, average knowledge (59.3%), low attitudes (29.2%), and low practices (25%) were observed. Regarding ADRs reporting, knowledge was poor (35.2%), attitudes were positive (81.9%), and practices remained low (29.6%). Knowledge significantly associated with reporting practices for both MEs and ADRs, using Chi-Square Test (p < 0.001). Nurses showed better MEs reporting practices compared to physicians and pharmacists (p = 0.008). Positive attitudes significantly correlated with improved ADRs practices (p = 0.001). The primary barrier to reporting was lack of knowledge (28.9%), while the most suggested improvement was implementing a mandatory reporting system (37.5%). In conclusion, the participants had inadequate knowledge and practices regarding MEs and ADRs reporting, emphasizing the need for targeted interventions to improve reporting practices.
中等护理相关	护士给药错误/近失/用药安全流程	41743394	10.1177/11786329261427522	2026	The Financial and Workforce Impact of Medication Errors in the Finnish Public Healthcare System: A Pilot Study.	Health services insights	Kanninen JC; Ojala R; Ahonen J; Kautiainen H; Holm A; Valkonen V	Q5_med_admin_errors_nurses	Medication errors (MEs) pose a significant challenge to patient safety and healthcare efficiency. In addition to clinical consequences, MEs contribute to increased healthcare expenditures and resource utilization. However, comprehensive cost assessments of MEs, including staff time and service costs, remain limited. The aim of this pilot study is to examine the costs associated with MEs regionally and nationally in Finland. Cross-sectional study. This study assessed the financial and resource burden of MEs in the Finnish public healthcare system using a survey conducted in the wellbeing services county of North Savo in Eastern Finland. The study perspective is economic and healthcare system-focused. Healthcare professionals in charge of patient safety reporting estimated the workforce impact of MEs by assessing the time spent, the corrective measures taken, and the additional interventions required to manage these events. Cost calculations were based on salary data from the 2023 financial administration statistics and service costs from the Finnish Institute for Health and Welfare (THL) database, adjusted to 2023 monetary value. An estimator, derived from regional data, was applied to extrapolate the nationwide economic burden of MEs. Medication errors (MEs) impose a substantial financial burden, with an estimated mean cost of €138 per event and a total annual cost of €686 274 in the wellbeing services county of North Savo. Extrapolated to the national level, the annual impact was estimated at €15.5 million. The main cost drivers were the work time expenditures of nurses and physicians involved in managing these events. Managing MEs demands extra work of healthcare personnel, which is a considerable waste of resources. Most of the events are preventable. That is why effective safety strategies are needed, and prompt action taken to improve quality of care and reduce unnecessary costs.
中等护理相关	护士给药错误/近失/用药安全流程	39708302	10.1093/ijpp/riae074	2025	Validity and reliability of a method to estimate the potential harm of medication errors by considering both the likelihood and degree of harm.	The International journal of pharmacy practice	Al Atassi R; Chan WS; Jurjonaite Z; Kahsay R; Samson E; Jones MD	Q5_med_admin_errors_nurses	To develop a tool to 'risk score' the potential harm of a medication error by estimating the probability of a range of potential consequences, and assess its feasibility, validity, and reliability. The risk score tool described five levels of potential harm developed from an existing risk matrix. Judges estimated the likelihood of harm matching each level, from which a risk score (0-10) was calculated. Thirty judges (doctors, nurses, and pharmacists) used this risk score and the existing Dean and Barber scale to estimate the potential harm of 50 medication errors, 15 with a known outcome. Two weeks later, the judges re-scored ten of the errors. Reliability was investigated using generalizability theory. Fifty medication errors were judged in a mean of 49 minutes with ≤0.7% missing data. There were no significant differences in the judges' rating of the realism and ease of use of the two tools. Fifty-nine per cent of judges preferred the risk score tool. For both tools, there was a clear relationship between mean score and known outcomes, with no overlap between outcome categories, confirming discriminative validity. The correlation between scores from both tools (R2 = 0.99) confirmed the concurrent criterion validity of the risk score. For both tools, at least three judges would need to score an error to obtain a generalizability coefficient of ≥0.8 using the mean score as an indicator of potential harm. The risk score was feasible, valid, and reliable. Its performance was comparable with, but did not exceed, the Dean and Barber scale.
弱相关/需人工排除	护士给药错误/近失/用药安全流程	40836823	10.7748/ns.2025.e12511	2025	Using medicine safety huddles to prevent the recurrence of medication errors.	Nursing standard (Royal College of Nursing (Great Britain) : 1987)	Pidduck S	Q5_med_admin_errors_nurses	Medication errors in healthcare are prevalent but also often preventable. Medicine safety huddles bring together any colleagues involved in medicine-related incidents to explore the contributing factors in a safe environment and to identify any learning points. In this way, huddles can identify potential changes to practice and prevent recurrence of medication errors. This article details the introduction of medicine safety huddles at the author's NHS trust, where they were embedded into nursing and pharmacy practice and led to tangible improvements that benefited patient and staff safety.
强护理前置	护士给药错误/近失/用药安全流程	39168518	10.1891/RTNP-2023-0115	2024	The Communication Conundrum: A Pilot Cross-Sectional Descriptive Examination of Family Nurse Perspectives Surrounding Patient Information Exchange During Interfacility Patient Transfers in Montana.	Research and theory for nursing practice	Johnson EA; Galatzan BJ	Q5_med_admin_errors_nurses	Background: Interfacility patient transfers are fraught with issues such as missed or ineffective communication in Montana given wide geographic distance between facilities and variance in resources. Inaccurate, absent, or delayed patient details may negatively affect patient outcomes and further result in duplicative testing and medication errors. Objective: The objective of this study was to describe the process of patient information communication during interfacility transfers as perceived by nurses practicing in Montana. Methods: The study design was a pilot cross-sectional descriptive approach. An online Qualtrics survey included demographic questions, two exploratory communication competence instruments, and four open-ended questions regarding communicating interfacility transfer patient information. Results: A total of 33 nurses completed the study, with the majority practicing at a critical access hospital (n = 15, 47%). Communication competence mean scores increased with dyad conversations, and a lack of standardized handoff tools was noted as a challenge. Nurses identified the following as barriers in the interfacility transfer handoff: incivility, amount of paperwork, interoperability issues, incomplete or outdated information, time, and resources. Implications for Practice: There is wide variability in current communication practices, ranging from verbal to electronic document transfers. The rural healthcare space is prime to continue examinations surrounding workflow optimization, accuracy, and consistency in shared information exchange at the time of interfacility transfer. There is an opportunity for potential training and education surrounding effective communication, interpersonal behaviors that support cross-organizational interactions, and the development of a standardized handoff tool contextual for interfacility transfer patients.
中等护理相关	护士给药错误/近失/用药安全流程	42095799	10.3928/01484834-20260403-07	2026	Simulation Fidelity and Cognitive Load: Effects on BSN Students' Medication Administration Performance.	The Journal of nursing education	McCorry L	Q5_med_admin_errors_nurses	Due to limited experience, new nurses make most medication errors. This study compared how different types of simulation fidelity and other identified covariates predicted nursing students' medication administration competency and cognitive load. In this quasiexperimental quantitative research study, prelicensure Bachelor of Science in Nursing students (N = 103) participated in a medication administration simulation using either a high-fidelity manikin or a standardized patient. Pre - and posttests compared the effects of these fidelity levels on simulation performance and cognitive load. Students who participated in the high-fidelity manikin simulation, students who reported health care experience, and students who achieved higher academic grades performed better and reported a more balanced cognitive load. These findings validate the integration of simulation theory and cognitive load constructs in simulation design. Educators should consider student simulation and clinical experience when selecting fidelity levels to optimize simulation learning outcomes and students' cognitive load.
强护理前置	护士给药错误/近失/用药安全流程	40346752	10.1111/wvn.70035	2025	Association of Nurse Managers' Anger Expression and Nurses' Intention to Report Medication Errors: The Role of Perceived Uncertainty.	Worldviews on evidence-based nursing	El-Gazar HE; Shawer M; Alenazi AM; Zoromba MA	Q5_med_admin_errors_nurses	Although medication errors pose life-threatening risks to patients, and reporting them can help prevent future incidents, our understanding of the factors influencing nurses' intentions to report such errors remains incomplete. Furthermore, the underlying mechanisms driving this association have yet to be fully identified. The study aimed to explore the association between nurse managers' anger expression and nurses' intentions to report medication errors and to examine the mediating role of perceived uncertainty in this association. Two separate studies were conducted. In Study 1, a methodological study was carried out between January and February 2024 to develop and validate a scale assessing nurses' intentions to report medication errors. This study involved 209 clinical nurses from two tertiary governmental hospitals in Mansoura, Egypt. In Study 2, a cross-sectional survey was conducted between April and June 2024 to test the study hypotheses. A total of 286 clinical nurses from three different tertiary governmental hospitals in Mansoura, Egypt, completed a questionnaire measuring leader anger expression, perceived uncertainty, and intentions to report medication errors. Data were analyzed using structural equation modeling. In Study 1, the findings provided evidence for the reliability and validity of the Medication Errors Reporting Intention Scale. In Study 2, nurse managers' anger expression was negatively associated with nurses' intentions to report medication errors (β = -0.77, p < 0.001). Perceived uncertainty mediated this association (β = -0.62, 95% CI [-2.80, -0.96]). Nurse managers should implement strategies to regulate their expressions of anger, thereby alleviating uncertainty among nurses and potentially enhancing their intention to report medication errors.
中等护理相关	护士给药错误/近失/用药安全流程	38811151	10.1136/ejhpharm-2024-004212	2025	Patient safety culture and medication safety in European intensive care units: a focus group study.	European journal of hospital pharmacy : science and practice	Laaksonen R; Burch AR; Lass J; McCarthy S; Howlett M; Silvari V	Q5_med_admin_errors_nurses	Patients in intensive care units (ICUs) are susceptible to medication errors (MEs) for many reasons, including the complexity and intensity of care. Little is known about patient safety culture, its relationship to medication safety, and ME prevention strategies used in ICUs. This study explored the attitudes of healthcare professionals (HCPs) working in ICUs or within medication safety towards patient safety culture, medication safety, and factors influencing implementation of ME prevention strategies in ICUs across Europe. This qualitative study employed focus group discussions; ethical approval was obtained. Invitations to participate were distributed to HCPs working in ICUs or as medication safety officers across Europe. In May 2022, online focus group discussions were conducted. Discussions were transcribed verbatim and analysed. The framework analysis employed was inductive, systematic and transparent, and completed through a collaborative and iterative process. Three nurses and 11 pharmacists, from seven different countries, participated in three focus group discussions. There was a sense of improvement in blame culture leading to more open culture, although it was not the case for all participants. Blame culture, when present, was thought to be prevalent among more senior ICU staff and hospital managers. Facilitators for improving medication safety included communicating with HCPs and providing feedback on MEs and ME prevention strategies, interprofessional working without hierarchies, and having a 'good' culture and environment. Barriers included lack of engagement of HCPs and their attitudes towards medication safety, and an existing blame culture. Participants reported 25 different ME prevention strategies in use including: assessing knowledge; teaching and training; auditing practice; incident reporting; and involvement of pharmacists. This study examined the attitudes of HCPs on patient safety culture and medication safety in the ICU setting in Europe and gained their insight into facilitators and barriers to the implementation of ME prevention strategies to improve medication safety.
强护理前置	护士给药错误/近失/用药安全流程	39739778	10.1371/journal.pone.0311681	2024	Examining nursing students' awareness of various medical errors during clinical internships to enhance patient safety: A multi-center cross-sectional study.	PloS one	Mousa O; Salameh B; Ghaly AS; Hasan MG; Almefarfesh AA; Kumari S	Q5_med_admin_errors_nurses	Patient safety is a global concern within health facilities, primarily attributed to medical errors, constituting a significant global public health issue. Patients experiencing medication errors face serious problems, with increasing mortality rates and escalating hospital costs. The study aims to examine nursing students' awareness of various medical errors during their clinical internships at Al- Ahsa, identifying types of errors to enhance patient safety. A cross-sectional study was conducted among 160 nursing students during their internship at King Faisal University, Al Ahasa, Saudi Arabia.A total of 131 participants completed a self-administered questionnaire based on a medical error scale consisting of 43 items across six subscales. Data were analyzed using SPSS version 22. The outcomes of interest included falls, blood and blood Products transfusion, medication practices, care practices, communication, and controlled practices. Overall, nursing students scored 188 out of 215. Among the sub-dimension scores, medication practices received the highest mean score, while Patient falls emerged with the lowest score. In our study, students ranked falling as the least significant factor. Study findings indicate that nursing students exhibit a low tendency to commit medical errors, which is encouraging for the future implementation of patient safety protocols. This trend suggests that nursing students are developing strong competencies in safe nursing practices, which contributes to reducing the incidence of medical errors and improving overall patient safety in clinical settings.
弱相关/需人工排除	其他	39226560	10.20344/amp.21537	2024	Usability of APIMedOlder: A Web Application to Manage Potentially Inappropriate Medication in Older Adults.	Acta medica portuguesa	A Rodrigues D; I Plácido A; Mateos-Campos R; Figueiras A; Herdeiro MT; Roque F	Q5_med_admin_errors_nurses	"Considering the increase in the proportion of the older population worldwide, the demand for health system resources also arises. These tools optimize clinical decision-making, thus avoiding iatrogenesis and thus contributing to a better quality of life for the older population. In response, we created an online web application, the APIMedOlder, that provides access to healthcare professionals to allow healthcare professionals to access potentially inappropriate medication identification criteria through a useful tool with a simplified profile, allowing its applicability in clinical practice. This study aims to assess the usability of the APIMedOlder online web application by healthcare professionals. A questionnaire, based on the System Usability Scale, was distributed among 15 healthcare professionals (five pharmacists, four physicians, three pharmacy technicians, and three nurses), to fully explore the website. Overall, healthcare professionals' evaluation of the usability of the APIMedOlder online web application was rated as ""Best imaginable"" (mean score of 87.17 points), with individual scores ranging from 75 to 100 points. Internal consistency of α = 0.881 (CI 95%: 0.766 - 0.953) was achieved. Specific questionnaire items contributing to this high score included ease of use, learning efficiency, and integration of functions. The overall evaluation of the developed tool was positive, with this online application being recognized as being easy to use and having well-integrated functions."
中等护理相关	护士给药错误/近失/用药安全流程	42064500	10.7759/cureus.106107	2026	A Qualitative Exploration of the Perspectives on Medication Error Among Healthcare Professionals.	Cureus	Buragohain S; Sarma I; Chakrabarty A; Saikia D; Malakar H; Lahon J	Q5_med_admin_errors_nurses	Medication error is a global problem worldwide, particularly in large healthcare systems where human error, systemic failures and other issues contribute to increase risk of mistakes. In spite of several efforts to improve patient safety, medication errors continue to result in significant patient harm. In countries like India, the complexity of healthcare system, varying access to resources, and rising demands contribute positively to the problem. This study focuses on the perspectives of healthcare professionals on medication error, its challenges and solutions. The objectives of the study were to to assess the perceptions of medication errors among the healthcare professionals and to identify the barriers in promoting safe medication use as well as to derive strategies to mitigate medication error.  Methods: A qualitative descriptive study design using semi-structured interviews with doctors, nurses, and pharmacists of the Institute was employed. Thematic analysis was used to identify and understand the patterns in the data. We used purposive sampling to specifically include healthcare professionals who are directly involved in the medication process. Data were collected from a total of 26 healthcare professionals which included 10 doctors, 13 nurses, and 3 pharmacists. We identified six predominant themes that included shortages in prescription orders, increased workloads and manpower shortages, mismatch in the dose and formulations available, and inadequate knowledge about reporting errors, use of electronic prescribing, open communication and availability of ready-to-use formulations. These factors contributed to higher error rates and made it difficult to improve safety. To reduce medication errors, we should address important issues like increase workload, bridging communication gap, use of technology to reduce medication error like electronic prescription and regular training of all healthcare professionals. This in turn will improving patient safety. Focusing on these areas is critical to preventing medication errors and ensuring high-quality care.
强护理前置	护士给药错误/近失/用药安全流程	41357492	10.3389/fmed.2025.1657459	2025	Knowledge, attitude and practice regarding intravenous medication errors prevention among ICU nurses and influencing factors: a multicenter, cross-sectional study.	Frontiers in medicine	Huang J; Deng Y; Chen N; Nie J; Xu H; Shi Y	Q5_med_admin_errors_nurses	In the intensive care unit (ICU), intravenous medication errors (MEs) pose serious risks to critically ill patients. ICU nurses, as the main executors of intravenous administration, are crucial in preventing MEs. Their knowledge, attitude, and practice (KAP) directly affect prevention outcomes. Identifying influencing factors helps develop targeted measures to ensure safer medication administration and reduce MEs. Thus, this research intends to examine the knowledge, attitude, and performance of ICU nurses concerning intravenous MEs and determine the factors influencing their KAP scores. Between December 2024 and May 2025, a multi-center cross-sectional study was carried out in nine hospitals located in Chongqing Municipality, Hubei Province, and Sichuan Province of China. An online survey was conducted among 447 ICU nurses via the QuestionnaireStar platform, using the General Information Questionnaire, the Knowledge, Attitude, and Behavior in Medication Errors Questionnaire (KAB-MEQ), and the Chinese Calling Scale. T-tests, one-way analysis of variance, and Pearson correlation analysis were performed to preliminarily identify influencing factors. Multiple linear regression analysis was used to explore independent factors associated with KAP scores. Online data collection yielded 424 valid questionnaires, achieving a response rate of 94.9%. The total scores of KAB-MEQ were 82.01 ± 6.91. The proportion of participants with good knowledge, attitude and practice was 53.8, 84.4 and 66.3%, respectively. Multiple linear regression analysis indicated that education level, professional title, years of ICU experience, receipt of relevant training, and career calling independently affected the KAP scores of nurses. While ICU nurses generally held a positive attitude toward intravenous MEs, there was a noticeable deficiency in knowledge and a lack of standardization in practice. The results suggest that conducting refresher training, utilizing the exemplary roles of experienced nurses, and promoting a professional mission awareness may contribute to the improvement of ICU nurses' knowledge, attitude, and practices in preventing intravenous MEs.
中等护理相关	护士给药错误/近失/用药安全流程	42452370	10.3390/jcm15134908	2026	Impact of a Hospital Information System-Integrated Automated Dispensing Cabinet on Medication Use and Safety in a Tertiary Hospital Emergency Department: A Prospective Before-and-After Study.	Journal of clinical medicine	Lim RS; Lee WJ; La HO; Song YK; Choi KH	Q5_med_admin_errors_nurses	Background/Objectives: Emergency departments (EDs) are particularly prone to medication errors because of urgent treatment environments and high decision density. Automated dispensing cabinets (ADCs) integrated with the hospital information system (HIS) may improve medication safety, yet real-world evidence in centralized-pharmacy settings remains limited. This study evaluated the impact of an HIS-integrated ADC on medication use, medication errors, and nurses' perception of safety in the ED of a Korean tertiary hospital. Methods: In this prospective before-and-after study, prescribing patterns, medication storage, and related costs were compared in the two months before (Phase 1; September-October 2019) and after (Phase 2; May-June 2020) ADC installation. Medication errors reported through the hospital safety incident reporting system were analyzed over corresponding 6-month windows from July 2019 to June 2020. Long-term sustainability was assessed using follow-up data collected from October to November 2023 (Phase 3), and all 46 ED nurses completed a 5-point Likert-scale survey on perceived medication safety. Results: Daily injectable prescriptions were unchanged (221.1 ± 34.6 vs. 227.7 ± 35.2; p = 0.301), whereas returned injectable prescriptions increased (17.9 ± 5.9 vs. 25.1 ± 6.0; p < 0.001) and non-injectable prescriptions decreased (163.1 ± 42.2 vs. 140.0 ± 22.7; p < 0.001). The number of medication items stored in the ED storage room declined by 95.6%, with a 92.5% reduction in related maintenance cost. Total medication errors decreased from 41 (74.5%) before to 14 (25.5%) after implementation (p < 0.001), with the largest reduction in delivery errors (17 [30.9%] to 2 [3.6%]). These improvements were sustained at the three-year follow-up. Nurses reported high overall satisfaction with medication safety (4.27 ± 0.62 on a 5-point Likert scale). Conclusions: Implementation of an HIS-integrated ADC in the ED was associated with improved prescription patterns, fewer reported medication errors, and enhanced perceived medication safety. In addition, these improvements were sustained over time, indicating stable and consistent implementation of the ADC system. Nurses also reported improved perceptions of medication safety.
中等护理相关	护士给药错误/近失/用药安全流程	39660385	10.1177/00099228241301842	2025	Use of Standardized Dosing Sheets in Pediatric Emergency Care: Experience in a Third-Level Hospital.	Clinical pediatrics	Serralabós-Ferré J; Castillo-Gomez F; Sensarrich-Roset M; Barceló-Carceller I; Gonzalez-Rioja X	Q5_med_admin_errors_nurses	"Medication errors are one of the main causes of avoidable injuries in health care. With the aim of reducing them, a set of sheets with precalculated doses (by weight intervals) and preparation guidelines of the most common drugs in emergencies (Farmacards) was implemented in a Pediatric Emergency Department, replacing the previous manual calculation system. The aim of the study is to assess the staff's perception of safety and usefulness of the new dosing system. Pre-post intervention comparative analysis was performed by distributing an opinion questionnaire to pediatric emergency department staff in 2017 (manual calculation in situ) and 2023 (Farmacards). We obtained 60 and 55 responses, respectively, and analyzed the characteristics of the sample and the perception of the new method. Five years after its introduction, 88.5% were aware of its existence, 86.9% knew where to find it, and 76% used it ""always or almost always"" for critically ill patients. Greater use was observed among personnel with more years of work experience (Spearman, P = .057) and among nurses (Mann-Whitney, P < .001). The new method improved the level of perceived safety, especially for nurses (Mann-Whitney, P = .008). Standardized medication dosing systems in emergency situations aim to reduce medical errors and minimize iatrogenesis, participating in safety culture. According to the results of our study, the implementation of Farmacards shows a good acceptance by the staff and in the perception of patient safety, which is a good starting point to further optimize the quality of care. specialties: emergency medicine, general pediatrics, toxicology, and critical care."
弱相关/需人工排除	护士给药错误/近失/用药安全流程	41731318	10.1111/acem.70248	2026	Iatrogenic Medication Errors Among Older Adults Reported to a Poison Center Network.	Academic emergency medicine : official journal of the Society for Academic Emergency Medicine	Gartner HT; Simmons RE; Wan HZ; Moran B; Ali US; Rashid SS	Q5_med_admin_errors_nurses	Iatrogenic medication errors are a preventable source of harm in older adults. Yet their prevalence, types, and outcomes remain poorly characterized. This study aims to describe healthcare-associated iatrogenic medication errors in older adults, including those occurring in the emergency department (ED) and prehospital settings. An Institutional Review Board-approved retrospective cohort study was conducted among patients aged 65 years and older who had an iatrogenic medication exposure reported to a regional poison center network between January 1, 2020, and May 23, 2025. Cases were extracted from the poison center network's electronic health record and manually reviewed for inclusion as healthcare-associated medication errors. Error severity was assessed using the National Poison Data System (NPDS) medical outcome scale and the National Coordinating Council for Medication Error Reporting and Prevention (NCC MERP) index. Clinical effects, implicated medications, and treatment data were collected and analyzed using descriptive statistics. Out of 192 potential cases, 182 met inclusion criteria. Most errors occurred in a healthcare setting (nursing facility 32%, non-critical care unit 14%, or ED 12%) and were managed in an ED (60%, 110). Cardiovascular (32%, 129) agents were most often implicated. Most errors occurred during the administration phase (77%, 138), primarily due to medication given to the wrong patient (24%, 43) or at the wrong dose (20%, 36). More than half of cases were classified as NCC MERP Category E or higher, indicating patient harm. Iatrogenic medication errors in older adults occur across care settings and are most often managed in the ED. While many cause minor harm, a subset results in serious outcomes, with ED-based errors posing higher risk. These findings underscore the need for targeted interventions, particularly during administration and for cardiovascular agents, and provide data to guide strategies and future research to protect this vulnerable population.
中等护理相关	护士给药错误/近失/用药安全流程	40491174	10.1093/ajhp/zxaf116	2025	Optimizing standardized neonatal and infant continuous infusion concentrations based on intravenous infusion pump data.	American journal of health-system pharmacy : AJHP : official journal of the American Society of Health-System Pharmacists	Moss AC; Morbitzer KA; Eckel SF	Q5_med_admin_errors_nurses	The study aimed to optimize standardized concentrations for neonatal and infant continuous infusions to enhance patient safety and reduce medication errors. By analyzing actual utilization data and integrating best practice recommendations, a framework for optimal concentrations and syringe sizes was developed. Three focus groups comprising pediatric and neonatal nurses, pharmacists, and physicians were conducted to identify best practices for infusion management. Twelve months of utilization data from Medfusion 4000 Wireless Syringe Infusion Pumps were collected for patients weighing less than 10 kg. Data were filtered based on specific criteria, and concentrations were optimized based on fluid percentage, syringe exchanges, and infusion rates. After applying exclusion criteria, 4,179 administrations were included for analysis. No changes were needed for 8 medications, while modifications were recommended for 9 others. Changes included adjustments to concentrations and syringe sizes to improve infusion practices and reduce errors. For example, furosemide's concentration and syringe size were optimized to accommodate minimum infusion rates and reduce syringe exchanges. The study highlights significant opportunities for optimizing standardized concentrations in neonatal and infant care. While variations may exist across institutions, the methodology provides a foundation for national standardization efforts. Future research should explore broader data integration and advanced technologies to further enhance medication safety.
弱相关/需人工排除	其他	39072009	10.1016/j.rcsop.2024.100474	2024	Polypharmacy and high-alert medications in patients with nasally placed feeding tube on admission and at hospital discharge: Multicenter cross-sectional study.	Exploratory research in clinical and social pharmacy	Gimenes FRE; Freitas JS; Koepp J; Prado PRD; Menezes RM; Leclerc J	Q5_med_admin_errors_nurses	Polypharmacy and the use of high-alert medications in patients with nasally placed feeding tube (NPFT) increase the risks of drug related problems. Characterize drugs prescribed to patients with NPFT and compare the rates of polypharmacy and high-alert medication use at admission and hospital discharge. Multicenter cross-sectional study with 327 participants. Data of patients with NPFT were obtained from the medical records and recorded in an electronic data collection tool. Mean number of drugs, polypharmacy and number of high-alert medications prescribed on admission and at discharge were compared using Wilcoxon or McNemar's tests. Generalized Estimating Equations analyzed the relationship between polypharmacy and high-alert medications according to age and time point. Primary reason for hospital admission, level of consciousness, severity of comorbid diseases and patient care complexity were also assessed. Most patients were male, older people, hospitalized for circulatory system diseases and had at least one comorbidity. On admission, a significant number of patients were alert (59.9%), at high risk for death (43.1%) and high dependent on nursing care (35.4%). Additionally, 92% patients were on polypharmacy on admission, versus 84.7% at hospital discharge (p = 0,0011). The occurrence of polypharmacy was independent of age (p = 0.2377). >17% of all drugs prescribed were high-alert medications, with no statistically significant difference between admission and discharge (p = 0,3957). There was no statistical evidence that the use of high-alert medications increases with age (n = 0,5426). These results support the planning of multidisciplinary qualified actions for patients using NPFT.
强护理前置	护士给药错误/近失/用药安全流程	40890699	10.1186/s12912-025-03799-y	2025	Awareness of reporting practices and barriers to incident reporting among nurses in Mogadishu, Somalia.	BMC nursing	Elmi AH; Hassan RA; Abdi AO; Yusuf FY; HassanIbrahim K; Abdi AA	Q5_med_admin_errors_nurses	BACKGROUND: Ensuring patient safety is a major concern in healthcare, particularly in low-resource contexts. Nurses, as frontline caregivers, play a pivotal role in identifying and reporting clinical incidents. However, underreporting remains a persistent issue. Understanding nurses’ awareness of incident reporting systems and the barriers they face is essential for improving safety outcomes. OBJECTIVE: This study aimed to assess nurses’ awareness of incident reporting practices, explore their self-perceived reporting behaviors, and identify barriers to effective reporting within Somali hospitals. METHODS: A descriptive cross-sectional study was conducted among 300 nurses from public and private hospitals across Somalia. Data were collected using a structured questionnaire adapted from a previously validated instrument. The questionnaire covered socio-demographic characteristics, awareness of incident reporting systems, self-perceived reporting behaviors, and perceived barriers. Descriptive statistics, t-tests, and ANOVA were employed to analyze the data. RESULTS: Awareness of incident reporting systems was notably low; only 12% of nurses confirmed the presence of such systems in their workplace, and just 26% had ever completed an incident report. Critical incidents such as medication errors and breaches of confidentiality were frequently underreported, with over 40% of nurses admitting they had never reported such events. The gap between nurses’ belief in the importance of reporting and their actual practices was significant. Major barriers included fear of disciplinary action, lack of feedback, heavy workloads, and overly complex reporting procedures. Notably, nurses with longer professional experience and those working in accredited hospitals demonstrated significantly higher awareness and reporting behaviors (p < 0.001). CONCLUSION: The study identified substantial deficiencies in nurses’ awareness and incident reporting practices in Somali healthcare facilities. Targeted interventions such as training programs, simplified and anonymous reporting mechanisms, and a non-punitive culture are urgently needed to strengthen the patient safety framework and promote consistent incident reporting.
强护理前置	护士给药错误/近失/用药安全流程	41131601	10.1186/s12912-025-03983-0	2025	Risks posed by nurses' working hours in the intensive care unit: a systematic review.	BMC nursing	Oner B; Cokelek F; Calıskan N; Duygulu S	Q5_med_admin_errors_nurses	Nurses in intensive care units often work long shifts, leading to significant physical and mental strain. This strain can negatively impact their well-being and the quality of care they provide to patients. To evaluate the associations between nurses' working hours in intensive care units and outcomes related to risk identification, nurse well-being, patient safety, and institutional performance. This systematic review was conducted under the methodological guidance of the Joanna Briggs Institute, grounded in a theoretical framework based on the Donabedian Model, and reported in accordance with the Preferred Reporting Items for Systematic Reviews and Meta-Analyses 2020 statement. Literature searches were conducted from 2014 to 2024, with the assistance of an expert librarian, across the databases of Scopus, Medline/PubMed, CINAHL, Web of Science, Cochrane Library, and Google Scholar. Peer-reviewed empirical or primary studies, published in English or Turkish, focused on nurses working in adult intensive care units, addressed risks related to working hours, utilized experimental, quasi-experimental, cross-sectional, or longitudinal designs, and regression analysis methods to explore associations and predictive outcomes were included. Publications not in English or Turkish, lack of full-text access, grey literature, studies on official sections of the intensive care units, and studies not focusing on the risks of growth along with the working hours of officials in the intensive care units were excluded. A total of 902 articles were identified, and 16 studies met the inclusion criteria. The analysis suggests that extended working hours in intensive care units pose significant risks, particularly related to sleep disturbances, increased burnout, and medication errors. These risks affect nurses, patients, and institutions alike. The review highlights the importance of addressing the risks associated with long working hours in intensive care units. The primary risks identified include nurse-focused issues such as the development of sleep disturbances and increased burnout, as well as patient-focused risks like medication errors. These risks, along with their frequency and impact, underscore the need for improved scheduling and working conditions to ensure patient safety and nurse well-being. This systematic review was registered with the Open Science Framework proposed by the Joanna Briggs Institute Collaboration on August 10, 2024 and is available at https://doi.org/10.17605/OSF.IO/FTQBK. Healthcare organizations can use these findings as a resource in creating evidence-based programs to create a healthy work environment and ensure patient safety, and to minimize existing risks in institutions.
强护理前置	护士给药错误/近失/用药安全流程	40098795	10.3389/fpubh.2025.1510147	2025	Construction and validation of a presenteeism prediction model for ICU nurses in China.	Frontiers in public health	Wu J; Li Y; Liu X; Fan Y; Dai P; Chen B	Q5_med_admin_errors_nurses	Presenteeism, also known as impaired health productivity, refers to the condition of impaired productivity of an individual due to physiological or mental health problems. ICU, as a place of intensive care for patients with acute and critical illnesses, nurses have long faced the nature of work with high loads, high pressures, and high intensities, which makes them a high prevalence group of presenteeism. Presenteeism not only affects the physical and mental health and work wellbeing of nurses but also reduces the quality of nursing services and affects the life safety of patients, such as increasing the risk of falls during hospitalization, increasing the risk of medication errors, and prolonging the hospitalization time of patients. Therefore, early identification and targeted interventions are crucial to reduce presenteeism among ICU nurses. This study aimed to construct and validate a predictive model for presenteeism among ICU nurses. A cross-sectional study. 1,225 ICU nurses were convened from January to April 2023 from 25 tertiary and secondary hospitals in Sichuan Province, China. ICU nurses were randomly divided into a development set (n = 859) and a validation set (n = 366) according to a 7:3 ratio. Univariate and multifactorial logistic regression analyses were used to determine the influencing factors for presenteeism, and R software was used to construct a column-line graph prediction model. The differentiation and calibration of the predictive model were evaluated by the area under the curve of subjects' work characteristics (ROC) and the Hosmer-Leme-show test, and the clinical decision curve evaluated the clinical validity of the predictive model. The presenteeism rate of ICU nurses in the development set was 76.8%. Multifactorial logistic regression analysis showed that independent factors affecting ICU nurses' presenteeism included income per month, physical health status, job satisfaction, perceived work stress, perceived social support, transformational leadership, and occupational coping self-efficacy. In the development set and validation set, the area under the ROC curve was 0.821 and 0.786, respectively; the sensitivity and specificity were 80.6, 69.8 and 80.9%, 65.1%, respectively; the Hosmer-Lemeshow goodness-of-fit was χ 2 = 8.076 (p = 0.426) and χ 2 = 5.134 (p = 0.743), respectively, and the model had relatively good discrimination and consistency. The clinical decision curve showed that the model had good clinical validity. The predictive model of presenteeism risk for ICU nurses constructed in this study has good predictive ability. The model can effectively identify ICU nurses with high presenteeism and provide a reference basis for developing targeted interventions to reduce presenteeism among ICU nurses.
强护理前置	护士给药错误/近失/用药安全流程	41629942	10.1186/s12912-026-04311-w	2026	The description and causes of medication errors and the factors related to error reporting from the point of view of nursing students at Alborz university of medical sciences, Karaj, Iran.	BMC nursing	Behmaneshpour F; Khoshakhlagh F; Tabatabaei SM	Q5_med_admin_errors_nurses	BACKGROUND: A significant problem in clinical nursing education that has a direct effect on patient safety is medication errors. Due to their restricted clinical experience, gaps in knowledge, and inadequate supervision, nursing students are especially prone to making such mistakes. This study aimed to investigate the prevalent types and causes of medication errors and to explore the barriers to error reporting from the perspective of undergraduate nursing students at Alborz University of Medical Sciences. METHODS: A cross-sectional study was conducted among 230 nursing students from the 3rd to 8th semester during 2023–2024. Data were collected using a 60-item researcher-designed questionnaires that assessed types of errors, contributing factors, and reasons for not reporting. Also, the questions were grouped into three main categories: fear of reporting, management of medication errors, and reporting workflow. Scores for each of the three categories were computed, and the Kruskal-Wallis test and the Mann-Whitney U test were used to compare scores across different participant groups. RESULTS: The most frequent types of errors reported included shortage of trained personnel (81.7%), incorrect administration speed (79.6%), and timing errors (76.5%). Key contributing factors included staff shortage (94.8%), exhaustion due to work-related stress (90.4%), and poor communication (90.4%). Major barriers to error reporting include trainers focusing too much on patient care standards (94.3%), fear of blame or judgment (93.9%), and fear of spreading error information (92.6%). Married students showed significantly lower fear of reporting and workflow scores than single students (p = 0.011 and p < 0.001, respectively). CONCLUSION: Medication errors among nursing students arise from institutional and individual factors. Solutions include educational reforms, clinical simulation training, better instructor oversight, and establishing a non-punitive culture to encourage error reporting. CLINICAL TRIAL NUMBER: Not applicable.
强护理前置	护士给药错误/近失/用药安全流程	41479063	10.1007/978-3-032-03402-1_1	2026	Undergraduate Nursing Students' Attitudes Toward Patient Safety: a Qualitative Study.	Advances in experimental medicine and biology	Kouroutzis I; Apostolidi TP; Tzenetidis V; Malliarou M	Q5_med_admin_errors_nurses	"Undergraduate nursing education is an important starting point for promoting patient safety in the areas of knowledge, attitude, and skills in the preparation of future nurses. Nursing students are considered an integral and necessary component of the health care system. Therefore, exposing them to the concept of patient safety will help new graduates in the workplace to become ambassadors for promoting a culture of safety which will be key to reducing patient mortality and the level of adverse events actions.The purpose of this research is to investigate the attitudes of nursing students towards patient safety. A qualitative study was conducted with audio-recorded, face-to-face, semistructured interviews lasting an average of 15 min.The ""under study"" population consists of students of the Nursing Department of the University of Thessaly and was obtained by convenience sampling.The number of interviews (n = 17) conducted was determined after data saturation was reached. From the responses of the participants, important conclusions about patient safety emerge. The term patient safety mainly refers to the protection of the patient at a physical and psychological level, including falls, medication errors, and other risks. Factors affecting patient safety include staff training, working conditions, and collaboration. Nurse education is highlighted as important in preparing for safe care. Finally, reporting and recording errors are considered vital to improving the quality of care, although many factors such as fear dominate the decision to report errors. Overall, patient safety is a vital aspect of nursing practice and requires professional education, collaboration, and commitment to error reporting."
强护理前置	护士给药错误/近失/用药安全流程	39171483	10.1097/XEB.0000000000000457	2025	Interruption reduction during oral medication rounds among nurses in hematology-oncology wards: a best practice implementation project.	JBI evidence implementation	Siah JW; Cheng CKT; Choy CL; Tho PC; Lang SP	Q5_med_admin_errors_nurses	The aim of the project was to reduce interruptions during oral medication rounds among nurses working in hematology-oncology wards by improving compliance with best practices by 20%. Medication errors can adversely affect patient safety. Hence, understanding the underlying contributors to medication errors is necessary. Nurses are the ones who administer medications to patients; however, in clinical areas, interruptions are prevalent and could contribute to medication errors. It is therefore recommended that interventions be implemented to minimize interruptions. This project was conducted in two hematology-oncology wards from March 2022 to March 2023. Target participants were nurses who served medications in the morning. The project followed an evidence-based audit and feedback methodology using the seven-phase JBI Evidence Implementation Framework. JBI's Practical Application of Clinical Evidence System (PACES) was used to support the audit and feedback process. An interruption reduction bundle consisting of three best practices was implemented. At baseline, only 24% of medications administered occurred without interruption. One month after implementation, there was a 51% improvement in compliance. Six months after implementation, compliance increased to 58%. Nine months post-implementation, the compliance rate remained at 59%. Absolute interruption counts decreased from 47 (baseline), to 27 (1 month post-implementation), to 24 (6 months post-implementation), to 16 (9 months post-implementation). All types of interruptions decreased when comparing the baseline with the latest post-implementation result. The project used evidence-based interventions in a bundle, effectively reducing interruptions during oral medication rounds, and sustaining positive results. http://links.lww.com/IJEBH/A256.
中等护理相关	护士ADR上报/药物警戒认知与行为	42175887	10.12968/bjon.2025.0322	2026	The STEPs educational framework for medicines management: using mnemonics to reduce harm.	British journal of nursing (Mark Allen Publishing)	Grant S; Sutton C	Q5_med_admin_errors_nurses	Evidence suggests that avoidable medication-related harm continues to be an ongoing concern and that educational strategies are needed to standardise and support nurses in developing pharmacovigilance. This article introduces the STEPs framework for medicines management, which uses mnemonics to provide an easy-to-remember, standardised structure for nurses to develop their vigilance in promoting accurate medication administration, preparation, double-checking, and response to medication errors/complications. The authors hope that nurse educators will incorporate the framework into preregistration nursing programmes to promote safe medication administration in the initial stages of a nurse's career.
中等护理相关	其他	40502590	10.1101/2025.06.03.25328744	2025	The Safety Action Feedback and Engagement (SAFE) Loop: Initial Testing and Refinement of a Novel Intervention to Enhance Hospital Incident Reporting and Patient Safety.	medRxiv : the preprint server for health sciences	Seferian E; Berdahl CT; Coleman B; Leang D; Cohen T; Qureshi N	Q5_med_admin_errors_nurses	Voluntary incident reporting has improved safety in many high-risk industries, but several barriers have limited its effectiveness in hospitals. Designed to overcome these barriers, the novel Safety Action Feedback and Engagement (SAFE) Loop: (1) obtains input from nurses about patient safety problems; (2) invites nursing units to select a Target Event to focus on; (3) teaches nurses to write more informative incident reports; (4) prompts nurses to report Target Events for a designated period; (5) standardizes investigative procedures to support mitigation plans; and (6) provides feedback to nurses about contributing factors and mitigation plans. We aimed to refine the SAFE Loop through iterative testing. This study reflected Stage I of behavioral intervention development. At a large U.S. academic hospital, we first conducted proof-of-concept testing on two nursing units. Leveraging these experiences and stakeholder input, we made iterative refinements to intervention design, implementation, and evaluation plans. Finally, we conducted structured pilot testing of the refined intervention on one nursing unit. While SAFE Loop could be applied to any patient safety problem, we focused on medication safety. In initial proof-of-concept testing, implementation was feasible and nurses voiced substantial enthusiasm. Following the refinements, the structured pilot test reaffirmed SAFE Loop feasibility, including selecting a Target Event, training nurses in enhanced reporting methods, conducting investigative interviews, developing mitigation plans with nursing unit leaders, and distributing mitigation plans on the unit. The pilot also demonstrated the feasibility of extracting contributing factors from incident reports and surveying nurses about reporting and safety. Qualitative interviews after the pilot reaffirmed intervention acceptability. Nurses found the SAFE Loop to be a promising strategy for improving patient safety. Testing and refinements to the SAFE Loop laid the groundwork for efficacy testing via an ongoing pragmatic randomized controlled trial. ClinicalTrials.gov Number NCT05381441.
弱相关/需人工排除	护士给药错误/近失/用药安全流程	41710399	10.2147/JMDH.S576298	2026	Digital Transformation and Team-Based Care: Pharmacists in Multidisciplinary Models - A Narrative Review.	Journal of multidisciplinary healthcare	Alshahrani AM; Vasudevan R; Hmlan A; Mohammed Assiri A; Asiri AM; Asiri OAM	Q5_med_admin_errors_nurses	Healthcare systems worldwide are increasingly challenged by the rise in chronic diseases, aging populations, and the growing demand for personalized care. Traditional models, where healthcare professionals operate independently with limited interdisciplinary communication are proving insufficient to meet the complex and interconnected needs of modern patients. This review explores the growing importance of innovative and multidisciplinary approaches in healthcare, with a specific focus on the expanding role of pharmacists and the integration of digital tools. Unlike reviews that examine either multidisciplinary care or digital health in isolation, this review integrates evidence on how pharmacists function as clinical and digital connectors within multidisciplinary care models across diverse health systems. This narrative review synthesized evidence on multidisciplinary care models that integrate pharmacists and digital tools. PubMed, Scopus, and Google Scholar were searched (2015-March 2024) using terms related to multidisciplinary care, pharmacists/clinical pharmacy, and digital health (e.g. EHRs, telehealth, AI, mHealth). English-language peer-reviewed studies describing pharmacist integration in team-based and/or technology-enabled care were included; grey literature and non-peer-reviewed sources were excluded. Across multiple care models, pharmacist integration in multidisciplinary teams was associated with improved chronic disease indicators (eg, better blood pressure or glycaemic control), fewer medication-related problems, including reports of reduced medication errors (eg, ~45% reduction in rural telepharmacy settings), and reduced avoidable hospitalizations/readmissions in transition-of-care settings. Digital innovations such as clinical decision support and telehealth platforms further enhanced coordination and continuity of care, enabling timely medication optimization and follow-up. Case studies from the UK, Canada, Saudi Arabia, Australia, India and South Africa selected LMICs illustrate context-adapted and scalable approaches. When supported by enabling policy frameworks and robust digital infrastructure, multidisciplinary healthcare models offer a powerful solution to many of today's healthcare challenges. Empowering pharmacists, investing in interoperable technologies, and reforming education and reimbursement structures are critical next steps toward resilient, patient-centered healthcare systems.
强护理前置	护士给药错误/近失/用药安全流程	42330553	10.1177/09697330261455496	2026	Exploring ethical dilemmas in pediatric oncology nursing: A qualitative approach.	Nursing ethics	Hajar T; Jallila O; Hind A; Mohammed S; Nadia G	Q5_med_admin_errors_nurses	BackgroundEthical dilemmas in pediatric oncology represent a major challenge for nurses, significantly impacting their well-being and motivation at work.Research aimThe objective of this study was to identify the ethical dilemmas experienced by nurses through a sample recruited from two pediatric cancer treatment units.Research designThis study adopts an interpretative phenomenological qualitative approach based on interviews conducted with nurses working in pediatric oncology.Ethical considerationsThe study adhered to ethical principles. Institutional authorization was obtained prior to data collection, and participants' confidentiality and anonymity were strictly ensured.FindingsThe findings revealed that nurses face ethical dilemmas on a daily basis, structured around four main thematic domains: communication and decision-making, pain and care practices, professional integrity and safety, and systemic and contextual constraints. These dilemmas encompass issues such as truth-telling, treatment refusal, pain management, medication errors, resource allocation, confidentiality, and end-of-life decisions, including treatment futility. These situations have a significant impact on nurses' well-being and on the quality of care provided.Discussion and conclusionOur findings align with international literature, highlighting that poor service management, institutional conflicts, heavy workloads, and unrealistic expectations from some families also contribute to the psychological and moral distress of nurses. This study underscores the need to implement support mechanisms to help nurses navigate ethical dilemmas. Improving healthcare organization, providing continuous training, and ensuring appropriate supervision could reduce moral distress among caregivers and enhance the quality of care for children with cancer.
弱相关/需人工排除	其他	41222602	10.1007/s11096-025-02040-9	2026	Managing emergency department patients with potential medication-related harm: a qualitative study.	International journal of clinical pharmacy	Bullock B; Allen R; Grant G; Hattingh HL	Q5_med_admin_errors_nurses	Medication-related harm (is a challenge globally and contributes to emergency department (ED) presentations. Accurate medication histories are essential to identify whether medication-related harm contributed to an ED presentation. The aim of this study was to explore the perspectives of ED clinicians on prioritising ED patients admitted due to potential medication-related harm. We conducted semi-structured qualitative interviews with purposively selected ED doctors, pharmacists, and nurses from a hospital and health service in Southeast Queensland, which includes both a tertiary and secondary ED. Participants were interviewed face-to-face May-July 2023. Interviews were guided by a piloted interview guide with seven open-ended questions focusing on clinicians' views of medication management and prioritisation in suspected medication-related harm cases. Fifteen clinicians with varying ED experience levels were interviewed: five doctors, five pharmacists, five nurses. Average interview time was 19 min (9-44 min). Thematic analysis of the interview data identified two key themes and six subthemes related to the prioritisation of patients with suspected medication-related harm and the role of ED clinicians in medication management. ED clinicians used varied and inconsistent processes to identify and flag patients who were either admitted with or suffered potential medication-related harm during admission and identified a need for a strategic structured process. The value of ED pharmacists was highlighted by all non-pharmacist participants. Findings indicate that, in the absence of standardised prioritisation processes, ED clinicians rely heavily on individual clinical judgement. This underscores the need for the development of a tool specifically designed for the ED context to guide patient prioritisation.
中等护理相关	护士给药错误/近失/用药安全流程	41630272	10.1097/MD.0000000000047470	2026	Factors related to medication errors in neonatal intensive care in Saudi Arabia: A nationwide survey.	Medicine	Al-Shehri H; AlHarbi AA; Algoraini GS; Aldosari GK; Almasari GM; Aljawad FA	Q5_med_admin_errors_nurses	Neonates are at higher risk of experiencing medication errors. Limited research has thoroughly examined the underlying factors related to these errors from nurses' perspective, who are essential in medication management within Neonatal intensive care unit (NICU)s. The aim of this study was to characterize medication errors in NICU across Saudi Arabia and to categorize the types of errors. This is an online cross-sectional survey study that was conducted in Saudi Arabia between February 2024 and August 2024. The study population consisted of nurses working in the NICU. The questionnaire was designed to assess medication errors in NICU settings. A total of 142 NICU nurses participated in this study. Prescribing errors were the most common, accounting for 36.6% of reported cases, followed by medication preparation errors (24.6%) and dispensing errors (15.5%). Nurses with 1 to 5 years of experience had the highest error rates, particularly in prescribing and preparation. Level 4 NICUs reported higher error rates during these stages. Higher nurse-to-infant ratios was associated with higher medication error rates (P = .042), highlighting the impact of workload on safety. This study underscores the need for targeted interventions, such as improved dosing protocols, training for less experienced nurses, and strategies to optimize nurse-to-infant ratios in NICUs. Future research should evaluate the effectiveness of these interventions in reducing medication errors to enhance neonatal care outcomes in Saudi Arabia and similar settings.
中等护理相关	护士给药错误/近失/用药安全流程	40556766	10.3389/fphar.2025.1590794	2025	Exploring multidimensional determinants of medication error reporting in China: a qualitative study using the theoretical domains framework.	Frontiers in pharmacology	Guo H; Guo Q; Wang X; Liu Y; Wang Z	Q5_med_admin_errors_nurses	Medication errors, defined as preventable events leading to inappropriate medication use or patient harm, remain a critical global healthcare challenge. Despite regulatory mandates in China, underreporting remains systemic. Existing research on healthcare professionals' reporting behaviors has been constrained by reliance on isolated theoretical frameworks, which inadequately address the interplay of individual, organizational, and cultural determinants. The aim of this study is to systematically explore barriers and facilitators affecting medication error reporting among Chinese healthcare professionals, using the Theoretical Domains Framework (TDF), a comprehensive behavioral model synthesizing 14 domains. We conducted semi-structured interviews with 27 nurses, pharmacists, and physicians in Chinese hospitals (July-October 2024). Interviews were guided by the TDF to explore barriers to medication error reporting. Data were analyzed through framework analysis using NVivo 14.0 until thematic saturation was reached. Analysis of semi-structured interviews explored 14 Theoretical Domains Framework (TDF) domains influencing medication error reporting among Chinese healthcare professionals, with 21 barriers and 15 facilitators delineated. Notably, eight domains emerged as predominant barriers: Knowledge, Skills, Beliefs about capabilities, Beliefs about consequences, Memory, attention and decision processes, Environmental context and resources, Social influences, and Emotion. This study highlights the interplay of individual, cultural, and systemic factors shaping medication error reporting in China. The TDF effectively identified context-specific barriers, including knowledge fragmentation, fear of career repercussions, and inefficient reporting systems. To foster a safety culture, interventions must integrate targeted training, simplified reporting mechanisms, and leadership commitment to non-punitive environments. Cross-professional collaboration and policy enforcement are critical to transforming reporting from a fragmented obligation into a sustainable safety practice. These insights offer a roadmap for optimizing error reporting systems in hierarchical healthcare settings globally.
弱相关/需人工排除	护士给药错误/近失/用药安全流程	40727600	10.22037/aaemj.v13i1.2598	2025	Ketamine Infusion as a Single Sedative Agent for Post-Intubation Management of Critically Ill Patients: A Systematic Review and Meta-Analysis.	Archives of academic emergency medicine	Maghraby N; Almulihi QA; Nemeth J; Alghanim MH; Barbic D; Al Rajeh IK	Q5_med_admin_errors_nurses	Combining multiple drugs for intubation raises concerns such as increased side effects, medication errors, nursing workload, and costs. Ketamine, with its anesthetic and analgesic properties, shows promise as a sedative agent for post-intubation care. This study aimed to evaluate the efficacy and safety of ketamine infusion as the sole sedative for critically ill intubated patients. Following PRISMA 2020 guidelines, we conducted a systematic review by searching Ovid MEDLINE, Cochrane Central Register of Controlled Trials, and Google Scholar up to May 10, 2024. We included studies assessing ketamine use for post-intubation sedation in critically ill adults or children. Study quality was assessed using the Newcastle-Ottawa scale, and meta-analysis was performed using a random-effects model. The systematic review included 7 studies, with 4 studies included in the meta-analysis. There was no significant difference in mortality (OR = 1.52; 95% CI: 0.49-4.70, p = 0.46; I2 = 83%) or length of hospital stay (MD = 6.42; 95% CI: -1.42-14.26, p = 0.11; I2 = 84%) between the ketamine only and other groups. The most common adverse events in the ketamine infusion group were atrial fibrillation and agitation. Single-agent ketamine infusion is effective and safe for critically ill intubated patients. No significant differences were found in mortality or hospital stay between ketamine only and other groups. Atrial fibrillation and agitation were the most common adverse effects.
中等护理相关	护士给药错误/近失/用药安全流程	39530568	10.1111/jan.16624	2025	Healthcare and Pharmacy Staffs' Experiences on Medication Management for Migrants-A Qualitative Exploratory Case Study in Primary Health Care.	Journal of advanced nursing	Hultin L; Pöder U; Hedström M; Ekman A; Hjelm K	Q5_med_admin_errors_nurses	To explore what healthcare staff and staff in pharmacies experiences, as challenges, and possibilities in handling and use medications by foreign-born persons or their relatives, and how necessary information is exchanged between different units in the healthcare chain to prevent medication errors. A qualitative explorative single-unit case study in a primary healthcare centre, with connected home care and pharmacies in an immigrant-dense area. Individual semi-structured interviews with 17 respondents, including pharmacists, physicians and registered nurses, were conducted between May and December 2022, in Sweden. Inductive qualitative content analysis was applied. Six categories were identified: limited knowledge about medications, lack of knowledge about the Swedish system for medication prescriptions and pharmacy regulations, insufficient time to develop trusting relations, communication to support medication management, tools for facilitating safe use of medications and problems in exchange of information in the healthcare chain. Good communication is both a challenge and a prerequisite for safe medication management by well-informed patients. To ensure patient safety, it is crucial to establish ways to communicate with patients about their medications, regardless of their language skills. Improving communication within the healthcare chain is essential to prevent medication errors. Understanding the complexity of medication management and preventing medication errors requires staff to communicate effectively with patients at all steps in the healthcare chain to identify their informational and educational needs. This study provides a comprehensive understanding of the importance of communication within the healthcare chain, including prescribing physicians, nurses, pharmacists and patients, to prevent medication errors. COREQ checklist. This study focused on staff at a healthcare centre and two pharmacies.
弱相关/需人工排除	护士给药错误/近失/用药安全流程	39699367	10.1590/0034-7167-2024-0102	2024	Analysis of omission of antimicrobial doses in Intensive Care Units.	Revista brasileira de enfermagem	Machado IR; Henrique DM; Camerini FG; Paula VG; Fassarella CS; Mello LRG	Q5_med_admin_errors_nurses	to analyze the rate of antimicrobial dose omission in intensive care units. cross-sectional study carried out between March 1 and September 30, 2023, in intensive care units of a University Hospital in Rio de Janeiro. the sample consisted of 452 prescriptions and 1467 antimicrobial doses. The dose omission rate was 4.29%. Each antimicrobial prescribed increased the chance of omission by 51%. The strategy of double-checking prescriptions helped prevent 30% of antimicrobial dose omissions (p=0.0001). monitoring the omission of antimicrobial doses can guide nursing actions to improve quality and patient safety, contributing to the prevention of medication errors, antimicrobial stewardship and the fight against antimicrobial resistance.
弱相关/需人工排除	护士给药错误/近失/用药安全流程	39378490		2024	"""New"" Psychiatric Emergencies Between Hospital and Territory. Survey Results on the Innovative Protocol Between the Emergency Department and Mental Health Center in Trento."	Psychiatria Danubina	Di Napoli WAR; Sanò M; Marchiori M; Scordato D	Q5_med_admin_errors_nurses	In 2022, psychiatric condition-related admissions constituted 3.2 per cent of all emergency room admissions in Italy, according to the Ministry of Health's latest mental health report. Psychiatric crises are an increasingly significant portion of emergency department (ED) visits nationwide, with around 1 in 8 visits involving mental health and substance use disorders. Patients facing psychiatric emergencies tend to experience longer lengths of stay and boarding times in the ED, along with higher admission rates compared to those with other medical conditions. Extended boarding times for psychiatric patients in the ED increase their vulnerability to adverse events, such as medication errors, the use of restraints, and assaults. Moreover, the prolonged boarding of psychiatric patients contributes to ED overcrowding, which negatively impacts all ED patients, leading to increased morbidity and mortality due to delays in treatment and preventable errors. One of the most effective strategies to counteract this phenomenon has been the choice of directing psychiatric emergencies that are deferrable or compatible with a territorial crisis management from the Trent ED to the Mental Health Center in the territory. This option, promoted through the application of experimental procedures that are currently in the process of being definitively ratified as official company procedures, has, first and foremost, numerous advantages for psychiatric users, who are received in less medicalized settings that are more attentive to the relational and psychological component, while still having suitable medical and nursing equipment. It also fosters continuity of care with the territorial therapeutic network, allows early interception of situations that are promptly taken care of by the territorial specialist center, and more easily offers treatment alternatives to hospitalization. This approach allows for the optimal utilisation of resources and expertise available at Mental Health Centres within the community, thereby preventing the overcrowding of hospital emergency departments.
强护理前置	护士给药错误/近失/用药安全流程	39528391	10.1111/jocn.17537	2025	Using 'Situation-Background-Assessment-Recommendation' Method in Palliative Care to Enhance Handover Quality and Nursing Practice: A Mix Method Study.	Journal of clinical nursing	Pinto F; Roberto P; Ferrario L; Marotta L; Montani D; Auletta G	Q5_med_admin_errors_nurses	To evaluate the impact of using 'Situation-Background-Assessment-Recommendation' method ('SBAR') in a palliative care setting. Effective handover communication is crucial for patient safety. Standardised communication tools, such as the SBAR method, are recommended to reduce errors and improve care coordination, but their use in palliative care is not investigated. Mixed method study design, adhering to the GRAMMS guideline. From January to October 2021, a SBAR guide tailored for palliative care was developed using the Delphi method and implemented in a Hospice setting. Data on 150 nurse handovers were collected before and after implementation to assess changes in nursing outcomes, including medication errors, adverse events and the identification of psychological and spiritual needs. Nurses' perceptions on the handover process were gathered through a qualitative survey. The SBAR guide significantly improved the handovers quality, reducing medication errors and eliminating adverse events postimplementation. The identification of psychological and spiritual needs increased during postimplementation period. Nurses also reported improved clarity, accuracy and completeness of information during handover. This is the first study to evaluate the impact of SBAR for handover in palliative nursing care. Findings show the added value of using communication tools.
中等护理相关	护士给药错误/近失/用药安全流程	40367396	10.1200/GO-24-00360	2025	Securing Medication Use in Pediatric Oncology Units in French-Speaking Africa: MAEva Pilot Program Results in Ivory Coast.	JCO global oncology	Couitchere L; Krasse I; Zaho L; Yao M; Yao G; Coze C	Q5_med_admin_errors_nurses	Medication use is a significant global risk for patients, particularly in African hospitals. The aim of this study was to adapt and implement a proactive risk assessment tool for medication use in pediatric oncology units in French-speaking Africa to reduce medication errors and enhance patient safety. The médiEval French tool was adapted into the MAEva tool for the African context through a three-stage process: content review by a multidisciplinary group, content formatting, and item modification/validation. Three Excel-based grids (prescription, administration, and dispensing) were used, each audited by external experts to ensure validity and functionality. Initial audits using the MAEva tool were conducted in June 2022. The auditor assessed two pediatric oncologists, a pharmacist, and two nurses. Postaudit results were immediately shared to highlight weaknesses and strengths and to build an action plan. This plan was monitored through regular meetings, and a second audit occurred in September 2023 after implementation. The MAEva grids retained the médiEval tool's structure but adapted 16 of 174 items for the African context. Initial risk levels were high: 29%-34% for prescription, 33% for dispensing, and 44%-45% for administration. A 14-item action plan was created on the basis of audit results, focusing on practical measures without significant financial investment. By September 2023, 54% of the action plan was completed, leading to significant risk reductions: 18 points in prescription, 10 in dispensing, and 26 in administration. The adaptation and implementation of the MAEva tool significantly reduced overall risk levels across all processes, demonstrating the effectiveness of the action plan and the tool's applicability in an African context. MAEva's proactive risk assessment approach proved effective and feasible without substantial financial investment.
弱相关/需人工排除	护士主导随访/监测/管理	40380718	10.3233/SHTI250615	2025	Indicator and Modelling Opportunities for Data-Driven Decision-Making.	Studies in health technology and informatics	Vehko T; Urnberg H; Elovainio M	Q6_nursing_records_ade	Monitoring the end-user experiences of electronic health records (EHR) and client information systems (CIS) in Finland enables data driven decision-making. This study focuses on a single individual-level indicator and identifies a predictive model that can help apply these modeling results in practice. The findings suggest that themes related to this indicator - specifically, the good grade given to the primary system's (EHR/CIS) - are related to the functionality, usability, and support for nursing documentation within the primary system. Moreover, the information systems (IS) landscape, it's potential to support carrying out duties and exchanging information, and benefits of IS, were crucial. IS benefits are usually linked to factors such as continuity of care, avoid duplicate tests, and medication safety. Improving all these themes could improve circumstances where end-users could achieve better performance in the care of the patients.
弱相关/需人工排除	其他	42436565	10.1186/s13256-026-06360-w	2026	Medicolegal autopsy reconstruction of a medication-related adverse event trajectory in a psychiatric inpatient with diabetes: a case report.	Journal of medical case reports	Tsutsumi H; Sasao A; Hirata K; Hiraiwa R; Ohtsu Y; Kimura S	Q6_nursing_records_ade	Adverse drug events are common in psychiatric inpatient care because polypharmacy is frequent and metabolic comorbidities such as diabetes mellitus are prevalent. When nonspecific symptoms and reduced food intake are not promptly managed, clinically significant metabolic deterioration may be missed. We report a medicolegal autopsy case in which a review of nursing records, a postmortem investigation, and toxicology helped reconstruct a medication-related adverse event trajectory in a psychiatric inpatient with diabetes. A 47-year-old Japanese woman of Asian ethnicity with bipolar disorder, insomnia, and a 12-year history of type 2 diabetes mellitus was hospitalized in a psychiatric ward where medications were centrally managed. No blood tests were performed during hospitalization. From 8 days before death, nursing records documented frequent nonspecific symptoms and recurrent hypoglycemia. Her oral intake decreased from the evening of 2 days before death and became minimal after breakfast 1 day before death. She was found unresponsive and was pronounced dead, and the cause of death could not be determined clinically, including after postmortem computed tomography at another hospital. A medicolegal autopsy showed food material in the airway and bronchioles, with congested and edematous lungs, suggesting aspiration-related asphyxia. A femoral venous blood sample showed a metformin concentration of 46 mg/L and trihexyphenidyl concentration of 0.45 mg/L. The vitreous glucose concentration was markedly low at 0.33 mmol/L (6 mg/dL) in the left eye and 0.39 mmol/L (7 mg/dL) in the right eye. These findings suggested a complex medication-related adverse event trajectory involving reduced food intake, recurrent hypoglycemia, ongoing antidiabetic therapy, and possible contribution of metformin exposure before terminal aspiration-related death. This case illustrates that clinically important metabolic deterioration may be overlooked in psychiatric inpatients when nonspecific symptoms and reduced food intake are not promptly managed. Our findings suggest that a medicolegal autopsy and postmortem toxicology can help reconstruct clinically relevant adverse event pathways when an inpatient death remains unexplained.
弱相关/需人工排除	护士主导随访/监测/管理	39316418	10.2196/58977	2024	Automated System to Capture Patient Symptoms From Multitype Japanese Clinical Texts: Retrospective Study.	JMIR medical informatics	Nishiyama T; Yamaguchi A; Han P; Pereira LWK; Otsuki Y; Andrade GHB	Q6_nursing_records_ade	Natural language processing (NLP) techniques can be used to analyze large amounts of electronic health record texts, which encompasses various types of patient information such as quality of life, effectiveness of treatments, and adverse drug event (ADE) signals. As different aspects of a patient's status are stored in different types of documents, we propose an NLP system capable of processing 6 types of documents: physician progress notes, discharge summaries, radiology reports, radioisotope reports, nursing records, and pharmacist progress notes. This study aimed to investigate the system's performance in detecting ADEs by evaluating the results from multitype texts. The main objective is to detect adverse events accurately using an NLP system. We used data written in Japanese from 2289 patients with breast cancer, including medication data, physician progress notes, discharge summaries, radiology reports, radioisotope reports, nursing records, and pharmacist progress notes. Our system performs 3 processes: named entity recognition, normalization of symptoms, and aggregation of multiple types of documents from multiple patients. Among all patients with breast cancer, 103 and 112 with peripheral neuropathy (PN) received paclitaxel or docetaxel, respectively. We evaluate the utility of using multiple types of documents by correlation coefficient and regression analysis to compare their performance with each single type of document. All evaluations of detection rates with our system are performed 30 days after drug administration. Our system underestimates by 13.3 percentage points (74.0%-60.7%), as the incidence of paclitaxel-induced PN was 60.7%, compared with 74.0% in the previous research based on manual extraction. The Pearson correlation coefficient between the manual extraction and system results was 0.87 Although the pharmacist progress notes had the highest detection rate among each type of document, the rate did not match the performance using all documents. The estimated median duration of PN with paclitaxel was 92 days, whereas the previously reported median duration of PN with paclitaxel was 727 days. The number of events detected in each document was highest in the physician's progress notes, followed by the pharmacist's and nursing records. Considering the inherent cost that requires constant monitoring of the patient's condition, such as the treatment of PN, our system has a significant advantage in that it can immediately estimate the treatment duration without fine-tuning a new NLP model. Leveraging multitype documents is better than using single-type documents to improve detection performance. Although the onset time estimation was relatively accurate, the duration might have been influenced by the length of the data follow-up period. The results suggest that our method using various types of data can detect more ADEs from clinical documents.
