"PMID"	"DOI"	"Year"	"Journal"	"Title"	"HasAbstract"	"Abstract"
"42359924"	"10.1111/nicc.70561"	"2026"	"Nursing in critical care"	"Implementation of Graded Intra-Hospital Transport Protocols for ICU Patients in Southwest China: A Multicentre Cross Sectional Survey."	"Yes"	"BACKGROUND: Intra-hospital transport of critically ill patients is a high-risk process. Although graded transport is recommended to improve safety, evidence on its implementation in southwestern China is limited. AIM: To describe graded intra-hospital transport implementation in ICUs in southwestern China and examine associated factors. STUDY DESIGN: This was a multicentre cross-sectional survey conducted in ICUs across five provincial-level regions in southwestern China. RESULTS: A total of 1337 ICU nurses from 201 ICUs across five provincial-level regions in southwestern China participated in this survey. Overall, 57.21% of ICUs implemented graded transport. Hospital level, teaching hospital status and higher staff-to-bed ratios were independently associated with implementation (all p < 0.001). Compared with ICUs with partial implementation, those with comprehensive implementation were more likely to allocate transport personnel by transport grade, prepare required medications, use a pre-transport checklist and plan transport routes in advance. They were also more likely to document changes in patients' condition, related interventions and signed handover records after transport (all p < 0.05). Common adverse events included decreases of >20% in heart rate, oxygen saturation, or blood pressure, insufficient oxygen supply, catheter displacement or occlusion, and fluid extravasation. Frequently perceived risk factors were patient instability, inadequate pre-transport risk assessment, incomplete transport systems and processes, and insufficient preparation of equipment and medications. CONCLUSIONS: Graded intra-hospital transport implementation remains inconsistent across ICUs in southwestern China and is associated with hospital characteristics and staffing resources. Comprehensive implementation may support better transport preparation, communication, documentation and adverse event reporting. RELEVANCE TO CLINICAL PRACTICE: Safer graded transport may be promoted by strengthening structured staff training, reinforcing pre-transport risk assessment, standardising transport systems and processes, and optimising staffing and resource allocation."
"42354585"	"10.3390/healthcare14121727"	"2026"	"Healthcare (Basel, Switzerland)"	"Factors of the Nursing Practice Environment Shaping Nurses' Perceived Benefits of Adverse Event Reporting: A Cross-Sectional Study Among Primary Healthcare Nurses."	"Yes"	"Adverse event reporting is a critical component of patient safety systems; however, nurses' engagement in reporting is influenced not only by reporting procedures but also by broader organizational characteristics of the nursing practice environment. Although previous studies have examined reporting behaviors in various healthcare settings, limited evidence is available regarding how organizational factors influence nurses' perceptions of adverse event reporting in post-Soviet primary healthcare systems. To examine the relationship between the nursing practice environment and nurses' perceived benefits of adverse event reporting in primary healthcare settings in Kazakhstan and to explore the underlying factor structure of the nursing practice environment within this context. A cross-sectional survey was conducted among 468 primary healthcare nurses from six major cities in Kazakhstan. Participants were recruited through professional and educational networks using a targeted convenience sampling strategy. The nursing practice environment was assessed using the Revised Professional Practice Environment (RPPE) scale, while attitudes toward adverse event reporting were measured using the Reporting of Clinical Adverse Events Scale (RoCAES), focusing on the perceived benefits of reporting dimension. Exploratory factor analysis was performed to identify the underlying structure of the RPPE scale. Associations between EFA-derived factors and perceived benefits of adverse event reporting were examined using Spearman correlation analysis and multivariable logistic regression with adjustment for age, gender, city, and professional position. Exploratory factor analysis identified three dimensions of the nursing practice environment: Professional Motivation and Teamwork, Interprofessional Conflict and Workplace Relationships, and Staffing Adequacy. Spearman correlation analysis demonstrated significant associations between all three factors and perceived benefits of adverse event reporting. Factor 1 (Professional Motivation and Teamwork) showed the strongest negative correlation with the outcome (r = -0.562, < 0.001), followed by Factor 3 (Staffing Adequacy) (r = -0.434, < 0.001), whereas Factor 2 (Interprofessional Conflict and Workplace Relationships) demonstrated a positive correlation (r = 0.227, < 0.001). In the multivariable logistic regression model adjusted for age, gender, city, and professional position, Factor 1 was negatively associated with favorable perceptions of adverse event reporting (OR = 0.389, < 0.001), whereas Factor 2 demonstrated a positive association (OR = 1.763, = 0.002). Factor 3 and demographic variables were not statistically significant. The findings suggest that nurses' perceptions of the benefits of adverse event reporting are influenced by multiple dimensions of the nursing practice environment. Exploratory factor analysis identified three organizational dimensions-Professional Motivation and Teamwork, Interprofessional Conflict and Workplace Relationships, and Staffing Adequacy-that were associated with reporting perceptions. After adjustment for demographic characteristics, Professional Motivation and Teamwork and Interprofessional Conflict and Workplace Relationships remained independently associated with perceived benefits of adverse event reporting, whereas demographic factors did not demonstrate significant associations. These findings highlight the importance of organizational conditions, communication processes, and professional engagement in shaping nurses' attitudes toward adverse event reporting. Efforts to strengthen patient safety reporting systems should therefore extend beyond reporting procedures alone and include broader organizational strategies aimed at improving communication, teamwork, and supportive work environments within primary healthcare settings."
"42295693"	"10.1007/s43440-026-00873-3"	"2026"	"Pharmacological reports : PR"	"Italian regional data and oropharyngeal adverse events to drugs and vaccines: insights from a 3-year spontaneous reporting (2022-2024)."	"Yes"	"BACKGROUND: Oropharyngeal adverse events (O-AEs) represent a potential safety concern associated with several drugs and/or vaccines. Although often underestimated, these events may provide valuable insights into a patient's overall clinical condition, appearing initially mild but later worsening. Therefore, this study aimed to analyze O-AEs related to drugs and/or vaccines using structured safety data. METHODS: Safety reports from three Italian regions were retrieved from the national pharmacovigilance database (rete nazionale di farmacovigilanza, RNF) and analyzed for the period 2022-2024. All reports were structured and analyzed according to the International Council of Harmonisation (ICH) E2B (R3) format. Additionally, reporting odds ratios (RORs) were calculated to compare the likelihood of O-AEs being reported by different categories of reporters (e.g., physicians, other healthcare professionals, or patients). RESULTS: Over three years, 47,664 reports were collected, of which 1,740 (3.6%) contained at least one suspected O-AE. Most patients were female (65.7%) with a median age of 55 years (IQR 38-66). The majority of reports described non-serious events (66.7%), and outcomes were favorable in most cases (75.9%). The safety reports related to drugs (90.5%) were largely more than those related to vaccines (9.5%). A total of 129 cases of medication-related osteonecrosis of the jaw (MRONJ) were identified, most of which were serious and had unfavorable outcomes. Disproportionality analysis revealed that physicians were less likely to report O-AEs than patients (ROR=0.72; 0.62-0.84; P<<0.05) and more likely than nurses (ROR=1.34; 0.98-1.87; P<0.05). Compared with 2019-2021, the main difference was the lower proportion of vaccine-related reports, which declined from 47.8% to 9.5% in 2022-2024. CONCLUSIONS: Only a small proportion of safety reports involved O-AEs. These findings highlight the importance of enhancing awareness among physicians (particularly dentists) regarding O-AEs, and of fostering a collaborative pharmacovigilance culture across healthcare providers, thereby improving patient safety through more timely and reliable reporting."
"42274832"	"10.1007/s10916-026-02423-z"	"2026"	"Journal of medical systems"	"Feasibility Evaluation of a Standalone Virtual Reality System for Neonatal Resuscitation Training."	"Yes"	"Maintaining competency in neonatal resuscitation requires repeated practice. However, equipment costs, space, and instructor availability constrain mannequin-based simulation. Standalone virtual reality (VR) training may improve access. This study aimed to evaluate the feasibility, acceptability, and safety of a standalone VR-based neonatal resuscitation training application (NCPR-VR) focused on positive-pressure ventilation, among already-certified perinatal healthcare professionals. This single-arm exploratory feasibility study involved 32 already-certified perinatal healthcare professionals (11 physicians, 14 nurses, and 7 midwives). Feasibility and acceptability were assessed by session completion, self-reported usefulness/recommendation, System Usability Scale (SUS), User Experience Questionnaire (UEQ), and Igroup Presence Questionnaire (IPQ). Safety was monitored by Simulator Sickness Questionnaire (SSQ) and adverse event reporting. Analyses were limited to descriptive statistics. All 32 participants completed the VR session without adverse event-induced discontinuation (completion rate, 100%). Median perceived usefulness and willingness to recommend the application were both 5 (IQR, 4-5) on a 5-point Likert scale. The median SUS score was 65.0 (IQR, 55.0-73.1), indicating moderate usability. UEQ subscales showed favorable ratings for attractiveness, stimulation, and novelty. IPQ involvement was unsatisfactory and experienced realism only satisfactory; presence and spatial presence were acceptable. Simulator sickness was low (median SSQ, 1.9); three participants reported mild symptoms resolving within 10 min. No serious adverse events occurred. NCPR-VR was feasible and acceptable among already-certified providers, with full session completion and no serious adverse events. Involvement and experienced realism require improvement. Trial registration: UMIN000058975 (University hospital Medical Information Network Clinical Trials Registry; registered September 6, 2025)."
"42270105"	"10.1136/bmjopen-2025-107828"	"2026"	"BMJ open"	"Driving factors and barriers to irrational antibiotic prescribing in Pakistan: a qualitative study of physicians', pharmacists' and nurses' perspectives in public and private hospitals."	"Yes"	"BACKGROUND: Irrational prescribing is a major global health concern, contributing significantly to increased morbidity, mortality and antimicrobial resistance (AMR). Despite existing knowledge and awareness, irrational antibiotic use remains prevalent among healthcare professionals. OBJECTIVES: This qualitative study aimed to explore the contributing factors to irrational antibiotic prescribing, understand healthcare professionals' perceptions, identify barriers to rational use and gather suggestions for improving rational antibiotic use. STUDY DESIGN AND PARTICIPANTS: A qualitative study using semi-structured interviews was conducted with participants. A total of 60 healthcare professionals (20 physicians, 20 pharmacists and 20 nurses) participated after providing verbal consent. METHODOLOGY: Semi-structured interviews were conducted with healthcare professionals across various clinical settings in Pakistan until data saturation was reached. The Consolidated Criteria for Reporting Qualitative Research (COREQ) checklist was used to ensure transparent reporting. An inductive thematic analysis approach was employed and themes and subthemes were developed from the data. RESULTS: The findings revealed a generally good understanding of irrational prescribing. Contributing factors included prescriber-related issues, patient expectations, weak regulatory oversight and underutilisation of pharmacists. Key barriers identified were financial constraints, lack of awareness and insufficient resources. Suggestions for improvement included regular audits, public awareness campaigns, an integrated healthcare system, interprofessional collaboration, drug utilisation reviews, adverse drug reaction reporting, standardising hospital policies and strengthening regulatory frameworks. CONCLUSION: This study highlights critical factors and barriers contributing to irrational antibiotic prescribing and presents practical suggestions to improve rational use. Implementing evidence-based approaches, updating clinical guidelines, and promoting awareness among healthcare professionals are essential steps toward improving prescribing practices and combating AMR."
"42259568"	"10.1136/bmjopen-2026-119277"	"2026"	"BMJ open"	"Analysis of factors associated with severity categories of fall-related injuries among inpatients at a tertiary grade A hospital in Zhejiang province from 2015 to 2025: a retrospective observational study."	"Yes"	"OBJECTIVES: Understanding the factors associated with the severity categories of fall-related injuries and intervening on modifiable determinants can mitigate the risk of serious fall injuries, thereby enhancing patient safety, reducing length of hospital stay and alleviating the economic burden imposed by these injuries. This study aims to identify factors associated with the severity categories of fall-related injuries and to explore differences in the clinical characteristics of patients who sustain such injuries. DESIGN: A retrospective observational study. SETTING: A tertiary care hospital in Zhejiang Province, China. PARTICIPANTS: This study included 1030 inpatient fall incidents that occurred between January 2015 and March 2025, drawn from the nursing adverse event reporting system. OUTCOME MEASURES: Based on the fall-related injury outcomes recorded in the nursing adverse event reporting system. Descriptive statistics were employed to analyse the current status of fall-related injuries. Univariable and multivariable analyses were conducted to explore factors associated with the severity categories of fall-related injuries. RESULTS: The incidence of fall-related injuries in this study was 60.6% and the incidence of serious fall injuries was 12.1%. Logistic regression analysis identified factors associated with the severity categories of fall-related injuries. The analysis revealed that patients aged ≥65 years (minor injuries OR=1.82; serious injuries OR=1.76), women (OR=1.59; 1.90), tripping falls (OR=3.94; 4.48), impact to the knee (OR=4.00) or trunk (OR=4.28; 5.34) and ambulatory status prior to the fall (OR=1.71; 1.97) were all associated with more severe fall injuries. CONCLUSIONS: These findings underscore the need to strengthen fall and fall-related injury prevention efforts among inpatients, particularly among patients aged ≥65 years and women. Clinical professionals should prioritise protecting high-risk populations through fall prevention and control to reduce the risk of fall-related injuries."
"42259555"	"10.1136/bmjopen-2026-117632"	"2026"	"BMJ open"	"Auricular Point Acupressure Self-Management (APA-SM) program for chronic musculoskeletal pain among rural populations: a protocol for a pragmatic, randomized controlled trial."	"Yes"	"INTRODUCTION: Chronic musculoskeletal pain (CMP) is a leading cause of incurred personal healthcare costs and disability in the USA. It disproportionately affects rural populations, who are more likely to be uninsured, lack access to a regular healthcare provider and experience a higher prevalence of CMP. As a result of reduced access to non-pharmacological care, there is greater reliance on opioids. The Auricular Point Acupressure - Self-Management (APA-SM) program is a simple, needleless, evidence-based therapy that empowers individuals to self-manage their pain. Preliminary studies, including a recent UG3 pilot testing, demonstrated feasibility, safety and significant improvements in pain and function. Guided by Bandura's self-efficacy model and informed by stakeholder input, APA-SM integrates a smartphone application, ecological momentary assessment and personalized motivational messaging to enhance adherence and behavior change. This study protocol describes the design of a real-world, hybrid effectiveness-implementation, randomized controlled trial to evaluate the clinical impact and sustainability of APA-SM in rural settings. METHODS AND ANALYSIS: We will conduct a pragmatic, three-arm randomized controlled trial in Texas and South Carolina, enrolling 693 adults with CMP (231 per group). Participants will be randomized to: (1) APA-SM with remote training, (2) APA-SM with in-person training or (3) education control. The primary outcome is pain impact measured by the PEG (composite score of pain intensity, interference on enjoyment of life, and general activity) scale at immediate post-intervention (4 weeks), with follow-up at 1, 3 and 6 months. Secondary outcomes include National Institutes of Health Helping to End Addiction Long-Term Clinical Pain Core common data elements (eg, psychological functioning, disability, sleep, quality of life), opioid use and patient-reported adherence and satisfaction. Implementation outcomes will be assessed at both the patient and provider levels, guided by the RE-AIM framework. Cost-effectiveness will be estimated using implementation costs and incremental cost-effectiveness ratios, and predictive factors for APA-SM treatment response will be identified using statistical machine learning approaches and historical electronic health record data. The target sample size (231 per group) provides 90% power to detect a moderate effect size (Cohen's =0.35), accounting for 25% attrition. Randomization occurs at the participant level to reflect real-world delivery and minimize contamination. ETHICS AND DISSEMINATION: This study, sponsored under grant number 4UH3AT012728, has single Institutional Review Board (IRB) approval at UTHealth Houston, Texas, USA (HSC-SN-25-0443). A Data Safety Monitoring Board will oversee adverse event reporting and trial conduct. Dissemination will occur through peer-reviewed publications, conference presentations, stakeholder workshops and community-based reports tailored for rural health systems and policymakers. DISCUSSION: This trial will provide the first large-scale evaluation of APA-SM in rural U.S. populations, integrating digital health tools and implementation science methods to help address disparities in pain management. By assessing clinical effectiveness, implementation outcomes, cost-effectiveness and predictive response factors, study results will inform scalable strategies for integrating APA-SM further into rural communities and healthcare systems. If successful, APA-SM has the potential to improve pain care access, reduce opioid reliance and provide a sustainable, patient-centered model for chronic pain management. TRIAL REGISTRATION NUMBER: NCT07179016."
"42242288"	"10.1002/bcp.70633"	"2026"	"British journal of clinical pharmacology"	"Awareness of the Black Triangle Scheme among healthcare professionals and consumers in Australia: A mixed-methods study exploring reporting intentions and suggested improvements."	"Yes"	"AIMS: The Black Triangle Scheme, introduced in 2018 in Australia, does not appear to have increased the quantity of adverse drug event (ADE) reports. This study evaluated healthcare professionals' (HCPs') and consumers' awareness of the scheme, its influence on intentions for future ADE reporting, and suggested improvements. METHODS: A mixed-methods study was conducted (August-December 2024) consisting of an online questionnaire and follow-up interviews with HCPs (doctors, pharmacists, nurses) and consumers in Australia. Descriptive and qualitative data analyses were conducted. RESULTS: A total of 405 participants completed the questionnaire (138 HCPs, 267 consumers). Half of the HCPs (52%) and a tenth of the consumers (10%) were aware of the scheme. After viewing the symbol, 66.2% reported being likely or very likely to report an ADE linked to a medicine carrying it. Twenty-one participated in the interviews (11 HCPs, 10 consumers). Interviewees suggested various strategies to improve awareness, including social media, television, posters and printed labels. Most noted that the Black Triangle symbol, in its current form and placement within medicine leaflets, is easy to miss. Once the scheme's purpose was explained, participants described it as ""very important"" and a ""good initiative"" to enhance medicine safety. Interview participants expressed mixed views on the scheme's impact on their future ADE reporting. CONCLUSION: Awareness of the scheme was notably lower among consumers than HCPs. Once informed, most participants viewed the scheme favourably and indicated a greater likelihood of reporting. However, issues related to the visibility and meaning of the Black Triangle symbol were raised."
"42250983"	"10.1016/j.sapharm.2026.06.001"	"2026"	"Research in social & administrative pharmacy : RSAP"	"Psychological need satisfaction and adverse drug reaction reporting intention: An integrated model among healthcare professionals."	"Yes"	"BACKGROUND: Underreporting of adverse drug reactions (ADRs) remains a major challenge in pharmacovigilance systems worldwide. Understanding the psychological and behavioral determinants of reporting intention may inform more effective interventions. OBJECTIVE: This study aimed to examine behavioral and psychological determinants influencing ADR reporting intentions among healthcare professionals using an integrated model based on the Theory of Planned Behavior (TPB) and Self-Determination Theory (SDT) framework. METHODS: A cross-sectional web-based survey was conducted among healthcare professionals (physicians, pharmacists and nurses) in Taiwan between January and April 2023 (N = 534). Constructs were developed based on Basic Psychological Needs Satisfaction (BPNS) and the Theory of Planned Behavior (TPB). Exploratory factor analysis was conducted to examine the structure of subjective norm components, and structural equation modeling (SEM) was applied to assess hypothesized relationships. RESULTS: BPNS showed a significant positive direct association with ADR reporting intention (β = 1.117, p < 0.001). Attitude (β = 0.124, p = 0.032) and motivation to comply (β = 0.163, p < 0.001) were positively associated with intention, whereas normative beliefs (β = -0.586, p = 0.005) and knowledge (β = -0.124, p < 0.001) showed negative associations. Perceived behavioral control was not significantly associated with intention (p = 0.312). BPNS also demonstrated significant indirect effects through motivational and normative pathways. CONCLUSIONS: ADR reporting intention is shaped not only by cognitive evaluations but also by psychological needs and motivational processes. The overall TPB constructs did not uniformly predict intention, highlighting the importance of distinguishing between different normative components. Interventions focusing solely on knowledge or normative pressure may be insufficient. Strategies that support healthcare professionals' autonomy, competence, and relatedness may foster more sustainable improvements in pharmacovigilance participation."
"42214618"	"10.1016/j.rceng.2026.502577"	"2026"	"Revista clinica espanola"	"Notification of suspected adverse drug reactions by nurses to a hospital pharmacovigilance program. Retrospective descriptive study."	"Yes"	"INTRODUCTION: Adverse drug reactions (ADR) are a common cause of illness. The Spontaneous reporting of adverse drug reactions is essential to characterize drug toxicity. Nurses, due to their proximity to patients, can contribute to detect them. The purpose is to describe the number of notifications of adverse drug reactions from nurses after a set of actions aimed at promoting reporting. MATERIAL AND METHOD: Single-center observational, retrospective, and descriptive study on the characteristics and number of spontaneous ADR reports made by nurses following the implementation of informational/training actions in different health care areas of a tertiary hospital. RESULTS: Of the total 806 of suspected adverse drug reactions, nurses reported 124 (38.51%). There was a predominance of women 77 (62,1%), with a mean age of 54 years; 22.6% were over 65 years of age and 61.3% were polymedicated (five or more drugs prescribed). The most frequently reported reactions were skin disorders, and 71% of them resolved within 24 h. Intravenous contrast agents for diagnostic testing were the most reported drugs. In 116 (93.5%) of cases, the reactions were considered definitively or probably related to the drug. CONCLUSIONS: It is essential to promote the role of nurses in increasing adverse drug reactions reporting in order to sustainably strengthen pharmacovigilance systems. Continuous training that is adapted and maintained over time, as well as intuitive and accessible notification circuits, can contribute to improving participation."
"42189579"	"10.2196/87898"	"2026"	"JMIR nursing"	"Simulation-Based Training for Nursing Students to Improve Patient Safety: Systematic Review."	"Yes"	"BACKGROUND: Patient safety is a fundamental pillar of health care quality. Simulation-based training provides a controlled environment for nursing students to develop safety competencies and error-recognition skills before clinical practice. OBJECTIVE: This systematic review aimed to describe and characterize the simulation-based education features and modalities used to address patient safety outcomes in undergraduate nursing students, identifying the strategies that contribute to improvements in safety-related competencies. METHODS: A systematic review was conducted following PRISMA (Preferred Reporting Items for Systematic Reviews and Meta-Analyses) guidelines across PubMed, Web of Science, Scopus, CINAHL, Cochrane, and Lilacs (2019-2024). Inclusion criteria focused on original studies involving undergraduate nursing students and simulation interventions measuring patient safety outcomes. Studies in languages other than English, Spanish, or Portuguese were excluded. Two reviewers independently performed study selection and data extraction. Methodological quality was assessed using Joanna Briggs Institute tools, applying a 60% quality threshold for inclusion. Results were synthesized through a narrative approach. RESULTS: A total of 20 studies from 12 countries were included. The methodological quality was high (n=14) and moderate (n=6). Findings revealed that high-fidelity simulation and virtual reality are the primary strategies used. Simulation proved effective in enhancing both technical skills (medication administration accuracy) and nontechnical skills (communication via SBAR [Situation, Background, Assessment, Recommendation] and ISBAR [Identification, Situation, Background, Assessment, Recommendation] tools, teamwork, and adverse event reporting). Key strategies contributing to safety included repetitive practice and interprofessional simulation, which significantly improved error detection and clinical judgment. CONCLUSIONS: Simulation is an essential pedagogical strategy for preparing nursing students to deliver safe care. Practical implications include the need to integrate structured simulation into nursing curricula to bridge the theory-practice gap. Future research should prioritize longitudinal designs to assess the retention of these safety skills in clinical settings and develop standardized metrics for measuring patient safety outcomes."
"42175887"	"10.12968/bjon.2025.0322"	"2026"	"British journal of nursing (Mark Allen Publishing)"	"The STEPs educational framework for medicines management: using mnemonics to reduce harm."	"Yes"	"Evidence suggests that avoidable medication-related harm continues to be an ongoing concern and that educational strategies are needed to standardise and support nurses in developing pharmacovigilance. This article introduces the STEPs framework for medicines management, which uses mnemonics to provide an easy-to-remember, standardised structure for nurses to develop their vigilance in promoting accurate medication administration, preparation, double-checking, and response to medication errors/complications. The authors hope that nurse educators will incorporate the framework into preregistration nursing programmes to promote safe medication administration in the initial stages of a nurse's career."
"42180784"	"10.3389/fmed.2026.1839528"	"2026"	"Frontiers in medicine"	"Intraoperative peripheral intravenous complications in adults: a summary of evidence for prevention and management of infiltration/extravasation."	"Yes"	"OBJECTIVE: To systematically synthesize the best available evidence and develop an evidence-based practice framework for the prevention, early identification, and management of intraoperative intravenous infusion complications, including non-cytotoxic drug infiltration and cytotoxic drug extravasation, in perioperative adult patients. METHODS: Methodological standards for evidence summaries were strictly followed. Research questions were formulated using the PIPOST framework. Databases searched included PubMed, Embase, Web of Science, Cochrane Library, CNKI, Wanfang, SinoMed, VIP, and evidence-based platforms (UpToDate, BMJ Best Practice, JBI, GIN, NICE, RNAO). All sources were systematically searched from database inception to September 3, 2025. Following the 6S evidence pyramid, we prioritised guidelines, systematic reviews, expert consensuses, evidence summaries, and clinical decision tools over primary studies. Literature screening was conducted according to predefined inclusion and exclusion criteria. The quality of included clinical guidelines, systematic reviews, evidence summaries, expert consensus statements, and clinical decision tools was appraised using AGREE II, JBI critical appraisal tools, CASE checklists, and other appropriate instruments. Evidence was graded using the JBI evidence pre-grading system, and recommendation strength was classified as level A (strong) or level B (weak) through multidisciplinary expert consensus based on feasibility, appropriateness, clinical significance, and effectiveness. RESULTS: Thirteen publications were included, comprising six clinical guidelines, three systematic reviews, one evidence summary, one expert consensus, and two clinical decision tools. A total of 41 evidence statements were extracted and synthesized into four thematic domains: prevention strategies; early identification and monitoring; treatment measures; and system management and improvement. Key areas included venous access planning, catheter and site selection, puncture techniques, safe administration of high-risk drugs, patient risk assessment, dynamic intraoperative monitoring principles, standardized assessment tools, and stepwise management protocols. System-level strategies such as adverse event reporting, staff training, quality improvement, and multidisciplinary collaboration were also emphasized. CONCLUSION: This evidence summary integrates current best evidence and provides a structured and practical framework for comprehensive perioperative management of intravenous infusion complications. Implementation of evidence-based strategies may enhance early risk detection and response, reduce complication incidence and severity, and ultimately improve patient safety and clinical outcomes."
"42218738"	"10.1001/jamahealthforum.2026.1642"	"2026"	"JAMA health forum"	"Regulatory Definitions and Classification of Biosimilar Medications Across the 6 Regions of the World Health Organization: A Scoping Review."	"Yes"	"IMPORTANCE: Biosimilars can improve the accessibility and affordability of biologic medicines, but regulatory harmonization is needed to ensure consistent biosimilar policies and to support comparability with the original biologic reference product (RP). Currently, global regulatory policies and requirements remain inconsistent. OBJECTIVES: To summarize and compare regulations and policies regarding biosimilar medications, by World Health Organization (WHO) region. EVIDENCE REVIEW: This scoping review followed the Preferred Reporting Items for Systematic Reviews and Meta-Analyses-Extension for Scoping Reviews to search the Cumulative Index to Nursing and Allied Health Literature, PubMed, and Scopus (from inception to March 2026) for regulatory guidance on biosimilar medications in the most populous countries in each WHO region. Emerging and developing and advanced economies, terms defined by the International Monetary Fund, were included. Relevant eligible articles contained at least 1 term for biosimilar medication and 1 or more terms from an additional category across 3 different search protocols. Regulatory parameters (defined by WHO guidelines) were summarized and compared between and among countries. FINDINGS: The regulatory guidelines of 19 countries (12 with emerging and developing and 7 with advanced economies) were included. The term biosimilar was common, with most countries defining biosimilarity as the absence of differences in the medicine's quality, safety, and efficacy compared with the RP. Sixteen countries explicitly required comparability exercises to demonstrate biosimilarity, and 13 countries specified that the same RP must be used in these studies. In 9 emerging and developing and in all 7 advanced economies, regulatory guidance defined use of nonlocally approved comparators and bridging studies if the RP used in comparability studies was not licensed locally. Guidelines related to manufacturing, including assessment of impurities and product stability, were available in most countries, but there were marked differences in requirements for in vivo, in vitro, and clinical studies. All advanced economies waived the need for clinical efficacy and immunogenicity testing when justifiable, but guidelines from emerging and developing economies differed on clinical study waivers. Interchangeability guidance was absent in all emerging and developing economies except Nigeria and Poland. Eleven countries required pharmacovigilance plans for inclusion in biosimilar applications. CONCLUSIONS AND RELEVANCE: This scoping review provides a detailed comparison of biosimilar regulatory guidelines across all WHO regions and identified similarities and differences that may limit the transferability of data between and among countries. These barriers can potentially affect medication availability, price, access, and reimbursement of biosimilars."
"41943146"	"10.1186/s12912-026-04620-0"	"2026"	"BMC nursing"	"Strengthening pharmacovigilance in emergency care: knowledge, attitudes and barriers to adverse drug reaction reporting among nurses in Ghana."	"Yes"	"BACKGROUND: Adverse drug reactions (ADRs) pose a significant challenge to patient safety, particularly in high-acuity settings such as emergency departments. Despite their critical role in pharmacovigilance, nurses often underreport ADRs due to systemic, knowledge-related, and attitudinal barriers. This study assessed nurses’ knowledge, attitudes and barriers toward ADR reporting in the Accident and Emergency (A&E) Unit of a Teaching Hospital in Ghana. METHODS: A cross-sectional survey design was employed, with data collected from 136 nurses using structured questionnaires. Stratified random sampling was used to ensure representation from all three emergency sub-units. Multiple linear regression and parallel mediation analysis (PROCESS Macro, Model 4, bootstrap n = 5,000) were performed. RESULTS: Results indicated that 76.5% of nurses accurately classified adverse drug reactions (ADRs), and 88% identified antibiotic allergies; yet, only 32.3% were able to articulate institutional reporting protocols. Although 89% recognised the significance of ADR reporting, only 24% consistently recorded ADRs. Significant obstacles included insufficient time (78.6%), poor training (63.2%), fear of retribution (58.1%), convoluted forms (49.3%), and hierarchical conventions (44.1%). The intention to report emerged as the most significant predictor (B = 0.52, β = 0.538, p < .001), whereas attitudes (B = 0.314, p < .001) and perceived behavioural control (B = 0.352, p < .001) somewhat mediated the influence of knowledge (B = 0.198, p = .008) on ADR reporting. CONCLUSION: Although the respondents possessed adequate knowledge of ADRs, this knowledge does not consistently translate into reported practices. Again, despite their favorable attitudes toward the value of ADR reporting, systemic and cultural barriers which included workflow constraints, fear of professional repercussions inhibited their active participation. Implementing context-specific training, introducing streamlined electronic reporting tools, establishing feedback mechanisms, and fostering leadership support is critical to enhancing ADR reporting. CLINICAL TRIAL NUMBER: Not applicable."
"41943791"	"10.1177/00185787261425847"	"2026"	"Hospital pharmacy"	"Practice and Determinants of Spontaneous Adverse Drug Reaction Reporting Among Healthcare Professionals: A Multicenter Cross-Sectional Study in Vietnam."	"Yes"	"BACKGROUND: Spontaneous adverse drug reaction (ADR) reporting is a cornerstone of pharmacovigilance but remains underutilized globally and in Vietnam. Evidence on healthcare professionals' knowledge of ADR reporting procedures and related determinants is essential to inform system-level improvements. OBJECTIVES: To assess ADR-reporting procedure knowledge (practice-related knowledge) among healthcare professionals (HCPs) and to identify associated factors, perceived barriers, and support needs in public hospitals. METHODS: A multicenter cross-sectional survey was conducted among 372 HCPs (nurses/midwives, 67.6%; physicians, 22.7%; pharmacists, 9.6%) across 3 public hospitals. A structured instrument assessed 5 scored procedural items: ADR detection, appropriate receiving unit, reporting timelines, access to reporting forms, and minimum required fields. Attainment of ADR-reporting procedure knowledge was defined as ≥4 of 5 correct items (≥80%). Chi-square tests and logistic regression analyses examined associations with age, sex, tenure, profession, and prior pharmacovigilance training. RESULTS: Overall, 47.8% of respondents achieved the predefined attainment threshold (hospital range 32.5%-59.9%). Correct response rates were high for identifying the appropriate receiving unit (83.3%), reporting timelines (83.1%), and access to forms (79.6%), but lower for ADR detection (46.5%) and identification of minimum required fields (54.6%). Although 82.8% of HCPs reported having encountered suspected ADRs, only 14.9% had ever submitted an ADR report. In multivariable analysis, profession remained the only independent predictor of attainment (pharmacists vs nurses/midwives: OR 2.50, 95% CI 1.10-5.69; physicians vs nurses/midwives: OR 1.92, 95% CI 1.11-3.33). Commonly reported barriers included difficulty identifying suspected drugs (80.1%), grading severity (54.3%), and form complexity (30.1%). The most frequently requested supports were peer assistance (95.4%), feedback after submission (93.3%), and targeted training (89.2%). CONCLUSIONS: ADR-reporting procedure knowledge among HCPs was suboptimal, with profession-related disparities and specific gaps in ADR detection and documentation of minimum required fields. These findings underscore the need for system-level approaches that support clinical recognition, role-tailored collaboration, and feedback-enabled reporting processes to strengthen hospital pharmacovigilance."
"41975933"	"10.3390/healthcare14070930"	"2026"	"Healthcare (Basel, Switzerland)"	"Barriers to Adverse Drug Reaction Reporting Among Physicians, Nurses, and Pharmacists: A Scoping Review Comparing High-Income Versus Low-/Middle-Income Countries."	"Yes"	": Adverse drug reactions (ADRs) cause substantial harm, and a considerable proportion may be preventable, but under-reporting persists and weakens pharmacovigilance. Spontaneous reporting depends on clinicians, yet under-reporting persists and weakens pharmacovigilance. To map barriers to adverse drug reaction reporting among physicians, a comparison of nurses and pharmacists in single-country studies was carried out between high-income countries (HICs) and low- and middle-income countries (LMICs). : A scoping review was conducted following PRISMA-ScR guidance. PubMed and Web of Science were searched for studies published from 2016 onward. Eligible studies were single-country primary empirical studies including physicians, nurses, or pharmacists and examining ADR reporting. Only barriers that were measured or explicitly explored and reported as extractable results were included. Barriers were coded into 12 domains and summarised by income group and profession. : A total of 44 studies were included, with 18 from HICs and 26 from LMICs. Survey designs were most common. Pharmacists were the most frequently studied cadre. Knowledge and training barriers were reported in all studies in both income groups. Fear of legal or punitive concerns was reported in 13/18 (72.2%) HIC studies and 17/26 (65.4%) LMIC studies. Time and workload barriers were reported in 10/18 (55.6%) HIC studies and 11/26 (42.3%) LMIC studies. Access barriers to tools, forms, and information technology showed the clearest income group difference: these were reported in 5/18 (27.8%) HIC studies versus 16/26 (61.5%) LMIC studies. Lack of feedback or acknowledgement was reported in 8/18 (44.4%) HIC studies and 10/26 (38.5%) LMIC studies. : Barriers extend beyond individual knowledge in all settings. The main income group difference was the greater prominence of reporting system access barriers in LMICs compared with workflow and time pressure barriers in HICs. Addressing fear and building a supportive non-punitive reporting culture remains a cross-cutting priority because these were common issues in both income groups and can limit reporting even when infrastructure and training exist."
"41776576"	"10.1186/s12912-026-04506-1"	"2026"	"BMC nursing"	"The dark side of nurse-manager leadership: toxic leadership behaviours, adverse-event reporting, and care quality-an interpretive descriptive study."	"Yes"	"BACKGROUND: Toxic nurse-manager leadership is a critical threat to patient safety, yet the mechanisms through which it suppresses adverse-event reporting remain under-theorized, particularly in high power-distance contexts where deference norms may constrain upward voice. AIM: To generate practice-relevant, theory-informed explanations of how nurse-manager toxic leadership behaviours are perceived to shape adverse-event reporting dynamics and care quality within a high power-distance hospital setting. METHODS: An interpretive descriptive study was conducted in a Saudi Arabian hospital (March–August 2025). Methodological triangulation integrated semi-structured interviews with staff nurses (n = 26), nurse managers (n = 7), and quality officers (n = 2) (total N = 35), four non-managerial focus groups, and organisational document review. Analysis used a hybrid thematic approach guided by an integrated theoretical framework (Destructive Leadership, Theory of Planned Behavior, and Structure–Process–Outcome). RESULTS: Four interlocking themes emerged. Toxic leadership behaviours, including public humiliation/blame, intimidation, information gatekeeping, and perceived favouritism, were described as eroding psychological safety. These behaviours were perceived to constrain adverse-event reporting through concerns about retaliation, normalised concealment, and perceived futility linked to weak feedback loops and procedural filtering. Care quality was consequently perceived to be affected by defensive practice patterns, communication hesitation and delayed escalation, siloed teamwork, and reduced organisational learning. Hierarchical deference norms, weak accountability, and differential vulnerability among expatriate staff intensified these dynamics. CONCLUSIONS: In this high power-distance setting, toxic nurse-manager leadership was perceived to contribute to a mutually reinforcing cycle of reporting suppression and silence that constrained reporting and was linked to perceived deterioration in care processes. Technical reporting infrastructures alone may be insufficient when psychological safety and leadership accountability are weak. IMPLICATIONS FOR PRACTICE: Safety interventions should couple protected reporting pathways with robust leadership accountability and transparent feedback loops. Accreditation bodies may consider incorporating leadership climate and psychological safety as leading indicators alongside traditional patient safety metrics. CLINICAL TRIAL NUMBER: Not applicable."
"41946650"	"10.1080/20415990.2026.2655547"	"2026"	"Therapeutic delivery"	"Subcutaneous atezolizumab for the treatment of non-small cell lung cancer."	"Yes"	"Subcutaneous atezolizumab (with rHuPH20) streamlines anti-PD-L1 delivery while preserving the intravenous (IV) formulation's performance. This review integrates pharmacokinetic, clinical, safety, patient-reported, and operational data from IMscin001 and related studies in NSCLC. A fixed 1,875-mg SC dose every 3 weeks provides bioavailability and steady-state exposure non-inferior to IV, meeting prespecified PK margins and maintaining target engagement. Across phase I-III trials in previously treated patients, objective response, progression-free survival, and overall survival are comparable between routes, with no new safety liabilities. Immune-related adverse events occur at expected rates and grades; the principal route-specific signal is infrequent, mild injection-site reactions. Patient-reported outcomes and preference consistently favor SC dosing due to markedly reduced chair time (~7-minute injection), lower treatment burden, and greater convenience. Time-and-motion analyses indicate meaningful capacity gains, particularly in maintenance settings and resource-constrained clinics. Implementation requires standard immunotoxicity monitoring, nursing competency for large-volume SC administration, and strict route verification. Key gaps include real-world effectiveness and pharmacovigilance at scale, determinants of inter-individual SC bioavailability, optimal injection technique/site, and integration with perioperative or chemotherapy combinations. Overall, SC atezolizumab offers a clinically robust, patient-centered alternative to IV therapy."
"41869795"	"10.1701/4669.46827"	"2026"	"Recenti progressi in medicina"	"[Pharmacovigilance and antibiotic resistance: analysis of real-world data from the Rizzoli Orthopedic Institute in the management of antibiotic-related adverse drug reactions in musculoskeletal diseases.]."	"Yes"	"BACKGROUND: Antibiotics can cause adverse drug reactions (ADRs) and hypersensitivity reactions (HSRs) through a variety of mechanisms. At our hospital, patients admitted with musculoskeletal tissue infection are followed by infectious disease consultants. The pharmacist only provides the therapy after verifying the correspondence (molecule, dosage and posology) of the motivated request (RMP) with the infectious disease consultancy. The aim was to identify adverse drug reactions, report them and providing training. METHODS: Following the pharmacist's analysis of the infectious disease consultations, ADRs relating to antibiotics were identified and they were entered into the Network of Pharmacovigilance data from Italy, also managing any integrations, and subsequently collected in an Excel file. A qualitative analysis of clinical status, suspected drugs, adverse drug reactions (ADRs) description and its degree of seriousness were collected. A training course was organised ""Rischio infettivo: Strumenti, best practice e approfondimenti"". RESULTS: The most involved drugs were daptomycin and piperacillin tazobactam; the most observed adverse reactions were dermatological manifestations, eosinophilia, increased transaminases. Most of the reports were not serious. They organized 13 training courses and formats 400 health workers. CONCLUSIONS: Our experience confirms an under-reporting and has highlighted that the contribution to reporting by hospital doctors and nurses is closely related to the valuable work of awareness and support of hospital pharmacists. They assist clinicians in detecting phenomena that may underline the onset of adverse reactions and, consequently, carry out a reporting activity that guarantees useful information for the management of antibiotic therapy. Disseminating and discussing the results of pharmacovigilance is an aspect that motivates the healthcare professional to report. Working to increase the identification of ADRs and the consequent reporting allows us to contribute to the appropriate prescription of antibiotics, avoiding the onset of resistance and also the exposure of the individual patient to serious and disabling side effects."
"41730795"	"10.1002/phar.70096"	"2026"	"Pharmacotherapy"	"Maternal and Pediatric Precision in Therapeutic Knowledge Portal (MPRINT-KP): Landscape Analysis of Pharmacology Research in Maternal and Pediatric Patient Populations."	"Yes"	"Pregnant women and children have been underrepresented in clinical studies due to ethical concerns and perceived vulnerabilities. This resulted in a significant gap in knowledge regarding the safety and efficacy of medications for these populations. Maternal and Pediatric PRecision In Therapeutics Knowledge Portal (MPRINT-KP) is designed to provide a comprehensive view of pharmacokinetic, pharmaco-epidemiology, and clinical trial research evidence in maternal and pediatric patient populations. MPRINT-KP Silver was generated upon BioBERT models, due to their supreme performance in classifying pharmacokinetic, pharmaco-epidemiology, and clinical trial papers from PubMed, with an F1-score > 0.91. As of April 1, 2025, MPRINT-KP Silver contains 758,560 clinical pharmacology research papers in maternal and pediatric populations. The landscape analysis revealed a large number of drugs with pharmacology knowledge gaps, which is calculated as the relative frequency of drugs with no or weak (i.e., less than five publications) evidence in each of pharmacokinetic, pharmaco-epidemiology, or clinical trial study type. The highest pharmacotherapy knowledge gaps are in postpartum women, pregnant women, and pediatric patients between 0-12 and 12-18 years of age (51.37%, 32.47%, 25.82%, 32.11%, respectively). Pharmacovigilance analyses were conducted on highly prescribed drugs with limited pharmacology evidence in pediatric patients 0-2 year old and pregnant women using United States Food and Drug Administration Adverse Event Reporting System (FAERS) and MarketScan claims data. A number of new drug-associated adverse drug events (ADEs) were discovered. In pediatric patients, there were crisaborole-associated hemorrhage and moxifloxacin-associated cardiac toxicities. In pregnant women, the analysis revealed terconazole-associated abnormalities of heartbeat; benzonatate-associated depressive and anxiety disorders; buspirone-associated abnormalities of heartbeat; cyclobenzaprine-associated tubulo-interstitial nephritis; and pantoprazole-associated hearing loss and voice and resonance disorders. For the first time, a large-scale landscape analysis of pharmacotherapy knowledge gap in both maternal and pediatric patient populations was conducted and identified new drug associated ADE evidence using real world data."
"41755416"	"10.1111/jvp.70054"	"2026"	"Journal of veterinary pharmacology and therapeutics"	"Teaching Student Veterinary Professionals About Pharmacovigilance: A Survey of UK Veterinary Educators."	"Yes"	"Adverse drug event (ADE) reports submitted by veterinary professionals are essential for monitoring the safety and efficacy of marketed veterinary products. Despite this, the majority of veterinary ADEs are not reported. Further education on the topic of pharmacovigilance has been widely explored in human healthcare as a potential facilitator for reporting. To guide design of an enhanced pharmacovigilance curriculum for veterinary professionals, a better understanding of student veterinary professional pharmacovigilance training is required. Therefore, we investigated the current UK pharmacovigilance curriculum through a survey of veterinary educators. In total, there were 17 responses from UK-based training providers, six relating to undergraduate veterinary surgeon training and 11 relating to training in veterinary nursing. All students received some pharmacovigilance training, which appeared to be largely didactic in nature. A total of 29.4% of respondents indicated that students are provided the opportunity to submit a practice ADE report. Exploration of the knowledge, attitudes, and perceptions of students with regards to this training would be useful in assessing quality and opportunities for enhancement. Development of shared resources which provide students with access to 'real world' examples of ADEs would support development of practical skills in identifying, managing, and reporting ADEs."
"41680801"	"10.1186/s12913-026-14154-5"	"2026"	"BMC health services research"	"A systematic review and meta-analysis of knowledge, attitude, and practice survey on materiovigilance among healthcare professionals."	"Yes"	"BACKGROUND: The Knowledge, Attitudes, and Practices (KAP) of Materiovigilance among Healthcare Professionals (HCPs) vary in nature. Inadequate awareness about Materiovigilance among HCPs restricts the effective reporting and monitoring of medical device-related adverse events. OBJECTIVE: This study aimed to analyse the current status of KAP of Materiovigilance activities among healthcare professionals in the clinical setting. METHODOLOGY: A systematic review and meta-analysis were conducted in accordance with PRISMA 2020 guidelines using PubMed, Scopus, and Embase databases to assess the KAP of materiovigilance. The research studies reported on knowledge, attitude, and practice among doctors, Nurses, pharmacists, Medical Students, and allied HCPs related to Materiovigilance among HCPs were included. The quality assessment was conducted by using AXIS tool. Commonly reported questions from included studies were pooled to calculate proportions of correct and incorrect responses across the KAP domains for meta-analysis. Subgroup analysis was performed to compare KAP across different healthcare professional groups. Sensitivity analysis and Publication bias were conducted to assess the heterogeneity among the studies. Meta-analysis was conducted using R Software Version 4.5.2. RESULTS: A total of 3,322 articles were retrieved, and 22 were found to be relevant eligible for full-text screening. A total of 19 studies were finally included in the meta-analysis. In the Knowledge domain, pooled prevalence revealed that 42% of healthcare professionals (95% CI 32–52%; p < 0.0001) were unaware of the ongoing materiovigilance programme. Overall, 94% (95% CI 91–96%; p < 0.0001) of healthcare professionals showed a positive attitude toward the statement that adverse event reporting will enhance patient safety. However, only 17% (95% CI 12–24%; p < 0.0001) of healthcare professionals have engaged in adverse event reporting practices. Only 19% (95% CI 10–34%; p < 0.0001) of healthcare professionals have participated in materiovigilance training programmes. CONCLUSION: This meta-analysis concludes that HCPs have moderate level of knowledge and overwhelmingly positive attitudes, but only, limited number of HCPs reported adverse events. The Continuous Medical Education and training sessions should be arranged for the HCPs to improve their awareness and practice. CLINICAL TRIAL NUMBER: Not applicable. TRIAL REGISTRATION: PROSPERO registration number CRD420251082873."
"41540183"	"10.1007/s00520-025-10310-5"	"2026"	"Supportive care in cancer : official journal of the Multinational Association of Supportive Care in Cancer"	"The effectiveness of telemonitoring, either self-administered or professionally assisted, in cancer care management: a descriptive, retrospective, observational cohort study."	"Yes"	"PURPOSE: Remote patient monitoring of symptoms is now recommended by International oncology guidelines. In France, knowledge of real-world outcomes using telemonitoring is limited. This real-world French study aimed to evaluate the effectiveness of a telemonitoring solution in patients receiving cancer care. METHODS: The Continuum + Connect solution enables the sending of questionnaires and messages to the oncology team. All patients using the solution between October 1, 2021, and June 30, 2023, were eligible. Patients could respond either by themselves (Self-evaluated [SE]) or with the assistance of homecare nurses (Professionally-assisted [PA]). This retrospective real-world observational cohort study included all patients who started using the Continuum + solution during the study period. Descriptive analyses were performed. Study endpoints included conditions of use, quality of life, medication adherence, and safety outcomes. RESULTS: Overall, 1,294 patients (SE:19% PA 81%) were included. The mean age was 68.6 years (PA 71.0) and 66.9% were women (PA 63.3%). Most patients (77.3%) received treatment at home, mainly for breast, lung, or renal cancer. Compliance with telemonitoring was satisfactory. No deterioration in quality of life or treatment adherence was observed during the first 3 months of treatment. Overall, 25.3% of patients reported grade 3-4 adverse events, of which only 2.5% represented a deterioration from grade 1-2 to grade 3-4. CONCLUSION: The Continuum + Connect is feasible and effective for the routine monitoring of symptoms, regardless of the patient's profile. These real-world results provide useful insights and support further research."
"41478707"	"10.1016/j.pedhc.2025.07.016"	"2026"	"Journal of pediatric health care : official publication of National Association of Pediatric Nurse Associates & Practitioners"	"Monitoring Vaccine Safety: United States Vaccine Safety Surveillance Systems."	"Yes"	"Immunization is an effective public health tool to protect children from hospitalization and death from vaccine-preventable diseases. Vaccine safety monitoring is essential to understand risks of vaccination. The Centers for Disease Control and Prevention closely monitors vaccine safety through multiple surveillance systems, including V-safe, the Vaccine Adverse Event Reporting System, the Vaccine Safety Datalink, and the Clinical Immunization Safety Assessment Network. This article briefly discusses each surveillance system and available evidence that healthcare providers can use to respond to common vaccine concerns. As trusted sources of information about vaccines, pediatric nurses and nurse practitioners need to understand how vaccine safety is monitored, where to access reliable resources about vaccines, and when and where to report adverse events noted after vaccination."
"41430675"	"10.1186/s12912-025-04104-7"	"2025"	"BMC nursing"	"Design and practice of a novice nurse patient safety training curriculum: a quasi-experimental study."	"Yes"	"BACKGROUND: Novice nurses are particularly vulnerable to adverse events for various reasons, making it essential to enhance their patient safety competencies to ensure overall patient safety. Patient safety training is shifting from a knowledge-based to a competency-based model, thereby bridging the gap between theory and practice. AIMS: The aim of this study was to investigate the effectiveness of patient safety training based on the ADDIE model in bolstering the patient safety competency of novice nurses, a critical factor in ensuring patient safety. DESIGN: A quasi-experimental study conforming to the TREND guidelines was applied. METHODS: The study was conducted from August to December 2023 in a tertiary hospital in China. The ADDIE model was used as a framework to design and implement patient safety course training for 45 nurses. The effectiveness of the training was evaluated through pre- and post-training surveys of novice nurses’ patient safety competency, collection of fourth-quarter adverse events for novice nurses in 2022 and 2023, and semi-structured interviews. RESULTS: The training significantly improved novice nurses’ scores on the four dimensions of patient safety competency, providing reassurance about the effectiveness of the training: adverse event reporting and response(12.73 ± 1.60/14.18 ± 1.35; t=-6.153, P <0.05), adverse event communication(12.22 ± 1.70/13.73 ± 1.70; t=-5.231, P <0.05), safe nursing practice(38.53 ± 2.45/43.31 ± 3.23; t=-7.018, P <0.05), and attitude toward adverse event reporting(6.98 ± 2.96/9.02 ± 5.02; t=-3.139, P <0.05). The rate of adverse events decreased in the fourth quarter of 2023(5.6%) compared to 2022(17.1%), this difference was not statistically significant(χ²=1.365, P >0.05). The receptiveness of novice nurses to the ADDIE model-based training program is a promising finding that underscores the potential of this approach in patient safety training. IMPLICATIONS: The study serves as a reference for nursing administrators, educators, and researchers to aid in the design of patient safety education programs. Healthcare organizations should implement systematic, comprehensive, and efficient training to enhance nurses’ ability to ensure patient safety. PATIENT OR PUBLIC CONTRIBUTION: The study included nurses in the intervention. CLINICAL TRIAL NUMBER: Not applicable."
"41405272"	"10.1097/JS9.0000000000004467"	"2025"	"International journal of surgery (London, England)"	"Anticoagulant-associated bleeding: real-world data-driven pharmacovigilance and insights for bleeding management."	"Yes"	"BACKGROUND: Anticoagulant drugs are essential for managing thrombotic diseases but lead to increasing bleeding risk. The choice of suitable anticoagulant drugs requires an assessment of the patient's thrombotic risk factors and underlying ischemic pathology. METHODS: This study constructs a closed-loop framework integrating qualitative literature review and quantitative data analysis to evaluate bleeding risks in anticoagulant therapy. The qualitative review covers molecular mechanisms, risk factors, and nursing practices related to anticoagulant drugs. Quantitatively, we analyzed the bleeding events from the FDA Adverse Event (AE) Reporting System (FAERS) database (2004-2024), using disproportionality analysis with Reporting Odds Ratio, Proportional Reporting Ratio, Bayesian Confidence Propagation Neural Network, and Empirical Bayes Geometric Mean to identify significant bleeding signals. For each anticoagulant drug, the 10 strongest signals were extracted and anatomically profiled to construct a drug-specific haemorrhage atlas. Logistic regression analyses were applied to investigate the effects of age, sex, reporter, and comorbidities on the occurrence of anticoagulant drugs-associated bleeding. To address the critical issue of bleeding risk management in the clinic, we further discussed the multidisciplinary nursing across the anticoagulation therapy cycle. RESULTS: The study revealed significant variations in bleeding risks among different anticoagulants. Anticoagulant-associated bleeding comprised 110,701 reports from FAERS database. Elderly patients (≥ 65 years old) supplied 63.2% of cases; 32% of events emerged within 30 days of therapy initiation. Hospitalisation was documented in 46.8% and death in 20.7%. Spinal subdural haemorrhage yielded the highest signal (ROR 144.79, 95% CI 28.09-746.33), followed by adrenal, mesenteric, and intracranial haemorrhages among all anticoagulant drugs. Gastric/lower gastrointestinal bleeding appeared in the top-10 list of every oral anticoagulant, while retroperitoneal bleeding was a shared high-signal events among heparins and parenteral direct thrombin inhibitors. Betrixaban exhibited extreme RORs for traumatic (ROR 18 059.67, 95%Cl: 8829.21-36 940.05) and intracranial (ROR 643.97, 95%Cl: 249.82-1660) bleeding. Each drug also exhibited distinct bleeding characteristics and differences in organ system distribution. Multivariable logistic regression across four hierarchical models identified agents with distinct, model-independent bleeding risk profiles relative to warfarin. CONCLUSIONS: This large-scale pharmacovigilance study provides the most comprehensive, publicly available atlas of anticoagulant-related bleeding signals. The pronounced inter-drug heterogeneity and persistent long-term risk mandate individualised choice of agent and prolonged monitoring to ultimately improve the safety-efficacy balance of antithrombotic therapy."
"41473703"	"10.3389/fpubh.2025.1703929"	"2025"	"Frontiers in public health"	"Patient safety culture assessment in five public hospitals of Sichuan Province: a cross-sectional study with HSOPSC 2.0."	"Yes"	"BACKGROUND: Patient safety is a core issue in the medical field, influenced by patient safety culture (PSC). Research on PSC in southwestern China remains insufficient. METHODS: This study is a cross-sectional survey. A convenience sample of healthcare workers from five hospitals in Sichuan Province was surveyed during January to March 2025. The Chinese version of the Hospital Survey on Patient Safety Culture 2.0 was used to assess participants' perceptions of PSC. SPSS 22.0 was used for data analysis, including descriptive statistics, Pearson correlation, -tests, and ANOVA. Thematic analysis addressed open-ended comments. RESULTS: This study collected 468 valid questionnaires. Among the participants, the majority were female (91.2%) and nurses (80.3%). The overall average positive response rate for PSC was 69.4%. Five dimensions were identified as strengths, with positive response rates ranging from 75.4 to 83.4%: ""Communication about error,"" ""organizational learning-continuous improvement,"" ""team work,"" ""support for patient safety,"" and ""handoffs and information exchange."" In contrast, four dimensions required improvement (positive response rates: 51.5-71.2%), including ""staffing and work pace,"" ""response to error,"" ""reporting patient safety events,"" and ""communication openness."" Notably, the positive response rate for ""reporting patient safety events"" was 53.1%, which was significantly lower than the 76.0% reported by AHRQ in 2024. Univariate analysis demonstrated statistically significant associations between safety culture scores and several variables, including working hours per week, work unit, adverse event reporting frequency, and self-reported overall patient safety ratings ( < 0.05). Qualitative analysis of open-ended comments identified seven primary themes, emphasizing the need for improvements in staffing levels, workload management, and administrative support. CONCLUSION: Our study reveals that the patient safety culture among healthcare professionals in Sichuan Province is at a moderate level, has not reached the expected standard. Notably, there exist significant gaps in critical domains, such as patient safety events reporting, when compared with developed regions, which underscores the imbalance in medical safety concepts across different regions. Future efforts should focus on establishing non-punitive reporting and learning mechanisms, optimize the allocation of human resources and clinical workflows, and ultimately foster a more robust and advanced PSC."
"41450481"	"10.3389/frhs.2025.1720494"	"2025"	"Frontiers in health services"	"Challenges and dynamics in reporting medical device incidents: a qualitative study."	"Yes"	"BACKGROUND: Adverse event reporting for medical devices is essential for post-market surveillance and public health, preventing harm like patient injury, misdiagnosis, or death and is shaped by regulation that defines policies, enforcement, and responsibilities. Various factors-poor maintenance, manufacturing defects, user error, or clinical issues-can cause adverse events, complicating root cause identification, sometimes leading to ambiguous accountability and hindering prevention. OBJECTIVE: To examine perceptions, behaviors, and challenges in incident reporting among key stakeholders in the public and private sector in Israel, as a case study for a country where a Medical Devices Law is not yet effective. METHODS: A qualitative thematic analysis was conducted based on 31 in-depth interviews with stakeholders from the Ministry of Health, healthcare institutions (e.g., physicians, nurses, management), and medical device companies (e.g., CEOs, regulatory affairs managers). Interviews were transcribed and coded using inductive thematic analysis. RESULTS: Four key themes emerged. First, the complexity of causality in device-related events often shifted responsibility between device manufacturer and user, complicating root cause identification and accountability. Second, communication among stakeholders was often described as complex and unclear, sometimes influenced by conflicting interests. Third, reporting behavior was shaped by organizational culture, particularly management's attitude, which could foster or suppress engagement. Nurses were generally more active reporters than physicians. Fourth, a lack of feedback was a recurring concern, reducing motivation to report. CONCLUSION: Barriers to reporting include regulatory gaps, unclear procedures, communication challenges, and legal concerns. Still, many participants described positive inter-organizational collaboration. Stronger regulation and feedback mechanisms, clearer role definitions, particularly between physicians and nursing staff, and supportive managerial attitudes may foster a more responsive reporting culture. By incorporating diverse stakeholder perspectives, this study highlights lessons of broader relevance for improving medical device vigilance and patient safety worldwide."
"40688798"	"10.1016/j.dialog.2025.100227"	"2025"	"Dialogues in health"	"Assessment of pharmacovigilance knowledge and ADR reporting skills in undergraduate medical students using the OSPA model."	"Yes"	"BACKGROUND: Pharmacovigilance (PV) and adverse drug reaction (ADR) reporting are essential components of ensuring medication safety. However, many healthcare students have limited knowledge in these areas. This study evaluates the pharmacovigilance knowledge and ADR reporting skills among undergraduate medical and nursing students. METHODS: A cross-sectional study was conducted at the All India Institute of Medical Sciences (AIIMS), Deoghar, with 190 undergraduate healthcare students. Participants completed a validated structured questionnaire assessing their pharmacovigilance and ADR reporting knowledge. Data were analyzed using SPSS version 23.0, with descriptive statistics to present the results. RESULTS: The findings revealed that 35 % of students had limited knowledge of pharmacovigilance and ADR reporting, while 52 % demonstrated a moderate level of understanding. A majority were aware of the importance of pharmacovigilance and ADR reporting, although they faced challenges in completing ADR reports accurately. CONCLUSIONS: Although students exhibited a basic understanding of pharmacovigilance, significant gaps were found in their ability to effectively report ADRs. These findings underscore the need for enhanced pharmacovigilance education within healthcare curricula, ensuring students are adequately prepared to apply their knowledge in clinical settings."
"41184753"	"10.1186/s12879-025-11592-0"	"2025"	"BMC infectious diseases"	"Understanding causes of incomplete reports of adverse drug reactions associated with dolutegravir-based HIV treatment in uganda: a qualitative study."	"Yes"	"INTRODUCTION: Although dolutegravir (DTG)-based HIV treatment has demonstrated superior efficacy, it has been associated with adverse drug reactions (ADRs). Robust pharmacovigilance systems that ensure that received ADRs reports are complete and accurate facilitate timely regulatory decision making. However, there is little research seeking to understand the contexts underpinning data capture of DTG- associated ADRs. We sought to understand barriers to achieving completeness of DTG-associated ADR reports in HIV clinics in Uganda. METHODS: We adopted a qualitative exploratory research design. Between August and October 2024, we conducted 36 in-depth interviews with HIV clinicians and eight focus groups with people with HIV or PWH (56 participants) in the HIV clinics of 12 purposively selected health facilities across Uganda. Data were analyzed by thematic approach. RESULTS: Our study unearthed patient-based barriers to achieving completeness of data in ADR reports which include the six-monthly appointment spacing intervals for PWH which impede recall of events surrounding ADRs, difficulty by PWH in eliciting details on DTG medication (such as brand and batch numbers), non-disclosure of concurrent use of herbal medicines and the fear by PWH of being switched away from DTG-based therapy which was perceived as superior. Health workforce barriers include a novel finding of 'professional agency' whereby HIV clinicians manage DTG-associated ADRs at an individual-level, fear of inviting scrutiny post-reporting impedes the supply of complete details on ADR reports such as on dosage as well as the low awareness among mid-cadres such as nurses of the importance of providing complete ADR reports in enabling regulatory action. Health system barriers include the reported shortage of in-puts for conducting laboratory investigations of suspected ADRs and limited incentives to reporters for providing complete information on ADR reports. CONCLUSION: Health workers perceived factors underpinning incomplete DTG-associated ADR reports in Uganda as stemming from patient-based factors (e.g. non-disclosure of concomitant use of herbal medicines), health workforce-drivers (e.g. 'professional agency' in responding to ADRs) and health system constraints (lack of incentives for reporting). The policy and programming implications for improving data quality in reporting DTG-associated ADRs in Uganda and countries with similar setting are discussed."
"40853444"	"10.1007/s40290-025-00580-z"	"2025"	"Pharmaceutical medicine"	"Awareness and Experience of Direct Healthcare Professional Communication and Risk Management Plan Educational Material among Healthcare Professionals in Finland."	"Yes"	"UNLABELLED: BACKGROUND AND OBJECTIVES: Additional risk minimization measures (aRMMs), such as direct healthcare professional communication (DHPC) and risk management plan (RMP) educational materials, are required for certain medicinal products to mitigate the risks associated with their use. This research aimed to assess healthcare professionals' (HCPs) awareness and experiences of DHPC and RMP educational materials, identify the safety information most valued by HCPs, and determine ways to improve the processes and content of DHPCs and RMP educational materials. METHODS: An open, anonymous online questionnaire was created and made available to HCPs through their respective professional associations. The Chi-squared test for independence was the primary statistical analysis method used. Content analysis of the open-ended answers was conducted by two independent coders. RESULTS: A sample size of 185 HCPs (32 physicians, 50 nurses, 26 MSc pharmacists, and 77 BSc pharmacists) was achieved. HCPs showed limited familiarity with aRMMs, with 45% unsure whether they had received DHPCs, 41% uncertain whether they had used RMP educational materials, and 42% unaware where to check whether a product had RMP educational material. Overall, MSc pharmacists demonstrated the highest awareness of RMP educational materials and DHPCs. In addition, 54% of HCPs felt they received insufficient safety information, and 57% desired further training in pharmacovigilance (PhV). CONCLUSIONS: This research reinforces and complements our previous findings on the need to enhance PhV awareness and expertise among HCPs, particularly in areas such as adverse drug reaction (ADR) reporting, additional monitoring, DHPCs, and RMP educational material. Future DHPCs and RMP educational materials should be made more distinguishable to effectively capture HCPs' attention."
"39948219"	"10.1111/jan.16812"	"2025"	"Journal of advanced nursing"	"Enhancing Adverse Event Reporting With Clinical Language Models: Inpatient Falls."	"Yes"	"AIMS: To develop a method for computationally detecting fall events using clinical language models to complement existing self-reporting mechanisms. DESIGN: Retrospective observational study. METHODS: Text data were collected from the unstructured nursing notes of three hospitals' electronic health records and the Korean national patient safety reports, totalling 34,480 records covering the period from January 2015 to December 2019. Note-level labelling was conducted by two researchers with 95% agreement. Preprocessing data anonymisation and English translation were followed by semantic validation. Five language models based on pretrained Bidirectional Encoder Representations from Transformers (BERT) and Generative Pretrained Transformer (GPT)-4 with prompt programming were explored. Model performance was assessed using F measurements. Error analysis was conducted for the GPT-4 results. RESULTS: Fine-tuned BERT models with the English data set outperformed GPT-4, with Bio+Clinical BERT achieving the highest F1 score of 0.98. Fine-tuned Korean BERT with the Korean data set also reached an F1 score of 0.98, while GPT-4 achieved a competitive F1 score of 0.94. GPT-4 with prompt programming showed much higher F1 scores than GPT-4 with a standardised prompt for the English data set (0.85 vs. 0.39) and the Korean data set (0.94 vs. 0.03). The error analysis identified that the common misclassification patterns included fall history and homonyms, causing false positives and implicit expressions and missing contextual information, causing false negatives. CONCLUSION: The clinical language model approach, if used alongside the existing self-reporting, promises to increase the chance of identifying the majority of factual falls without the need for additional chart reviews. IMPACT: Inpatient falls are often underreported, with up to 91% of incidents missed in self-reports. Using language models, we identified a significant portion of these unreported falls, improving the accuracy of adverse event tracking while reducing the self-reporting burden on nurses. PATIENT OR PUBLIC CONTRIBUTION: Not applicable."
"41169539"	"10.1080/20523211.2025.2575828"	"2025"	"Journal of pharmaceutical policy and practice"	"Promoting pharmacovigilance through educational strategies: impact of a national training intervention on the knowledge and practice of healthcare providers in Jordan."	"Yes"	"BACKGROUND: This study assessed how an educational intervention affected healthcare providers' knowledge and practice of pharmacovigilance (PV) principles, with an emphasis on enhancing the reporting ADRs. METHODS: In this cross-sectional study, a structured questionnaire was utilised. A pre- and post-educational intervention design was used to assess the influence of a PV workshop on ADRs reporting in Jordan. The PV educational workshop was a one-year interactive session that addressed core PV principles. RESULTS: A total of 250 healthcare providers participated in the study, including 14 general physicians (5.6%), 15 specialist physicians (6%), 93 pharmacists (37.2%), 51 clinical pharmacists (20.4%), 58 nurses (23.2%), 3 midwives (1.2%), and 16 others (6.4%). A positive trend in participants' familiarity with the PV term was shown, with 69.6% of respondents expressing improvement post-workshop. After the workshop, more than 70% of participants agreed that the reporting of ADRs increased. The utilisation of electronic forms for reporting ADRs was reported to be increased among 68.4% of participants. Regarding the improvement in the awareness of delayed ADRs, clinical pharmacists had higher knowledge scores (3.04) compared to general physicians (2.50; = 0.041). Clinical pharmacists had a higher practice score (3.92) regarding the frequency of filling up a suspected ADR form compared to nurses (3.53; = 0.042). When comparing the period before to after launching the workshop, the number of reported cases of ADRs increased from 546 to 1060, and the number of reported ADRs increased from 1216 to 1763. CONCLUSION: The educational intervention improved healthcare providers' knowledge and practices related to PV and ADR reporting. These findings highlight the importance of targeted training initiatives in strengthening PV systems and promoting a culture of safety within healthcare settings."
"41131514"	"10.1186/s12912-025-03973-2"	"2025"	"BMC nursing"	"Predictors of adverse event reporting intention among primary care nurses: a multi-center study in China."	"Yes"	"BACKGROUND: The reporting of adverse events (AEs) is essential for improving patient safety. However, there is limited evidence regarding the reporting intentions of nurses in primary healthcare institutions, particularly in resource-constrained settings. This study aimed to investigate the predictors of AE reporting intention among nurses in China’s primary care sector. METHODS: A multi-centre, cross-sectional survey was conducted from December 2023 to August 2024 with 607 nurses from 48 primary healthcare institutions in Chongqing, China. Validated instruments were used to assess AE reporting intention, reporting cognition, and perceived barriers to reporting. Data were analysed using descriptive statistics, non-parametric tests, Spearman correlation, and multiple linear regression. RESULTS: Nurses demonstrated a high overall intention to report AEs (mean = 13.44 ± 3.32, on a scale of 0–15). However, nurses reported a significantly higher intention to use informal reporting channels (e.g., reporting to a supervisor) than formal, written mechanisms. The final multiple linear regression model (Adjusted R² = 0.333, p < 0.001) identified reporting cognition as the strongest positive predictor of reporting intention (β = 0.522, p < 0.001). A cumbersome reporting process was a significant negative predictor (β = -0.107, p = 0.005), whereas a punitive culture was not a statistically significant predictor in the final model. CONCLUSION: In the context of China’s primary healthcare system, nurses’ intention to report adverse events is driven more by their cognitive ability to identify an event and the simplicity of the reporting process than by the fear of punishment. To enhance patient safety, institutional strategies should prioritise improving nurses’ cognitive skills for event recognition and streamlining reporting systems to reduce procedural burdens."
"41088086"	"10.1186/s12903-025-07020-z"	"2025"	"BMC oral health"	"Sharps injuries in a dental specialty hospital: retrospective analysis of occupational risks, 2020-2024."	"Yes"	"BACKGROUND: Occupational sharps injuries (OSI) remain a critical occupational health risk for healthcare workers, particularly in dental specialty settings where the use of fine instruments and frequent blood exposure heighten vulnerability. However, systematic data on high-risk populations, procedural factors, and pathogen distribution in dental specialty hospitals remain scarce. This study investigates the incidence, risk factors, and bloodborne infection profiles of sharps injuries in a tertiary dental hospital. METHODS: A retrospective analysis was conducted on 170 OSI cases reported between January 2020 and December 2024 at a tertiary dental hospital in China. Data were extracted from paper-based registries and electronic adverse-event reporting systems, encompassing demographics, injury details, exposure sources, and pathogen profiles. Exclusion criteria included non-clinical injuries and incomplete records. Statistical analyses (SPSS 20.0) involved frequency calculations, chi-square tests, and Fisher's exact tests (significance: P < 0.05). RESULTS: A total of 170 OSI were reported between 2020 and 2024, with a annual incidence densities ranging from 3.09 to 5.15 per 100 person-years. Nurses (58.8%) and female workers (84.1%) constituted the majority of cases, while staff with ≤ 5 years of experience accounted for 64.7% of exposures. Bloodborne exposures dominated (76.5%), primarily caused by syringe needles (45.9%) and dental burs (9.4%). High-risk procedures included post-treatment instrument sorting (47.1%) and intraoperative handling (38.2%). Hepatitis B (9.2%) and syphilis (3.1%) were the most identified pathogens, though 63.85% of cases had unknown pathogen status. Dentists exhibited significantly higher hepatitis B exposure rates than nurses (13.9% vs. 5.4%, P = 0.04). CONCLUSION: This study highlights the urgent need for targeted interventions in dental settings, including enhanced training for nurses and early-career staff, optimized instrument-handling protocols, and mandatory pathogen screening for high-risk patients. These findings provide actionable insights to mitigate OSI risks and reduce bloodborne infection burdens in dental specialty hospitals."
"40445548"	"10.1007/s40801-025-00492-z"	"2025"	"Drugs - real world outcomes"	"Understanding Underreporting of Adverse Drug Reactions in the Philippines: A Mixed Methods Study."	"Yes"	"BACKGROUND: Adverse drug reaction (ADR) reporting is a crucial element in ensuring medication safety and effective pharmacovigilance. However, underreporting of ADRs remains a significant challenge in the Philippines despite efforts made by the national pharmacovigilance center (NPVC). This study aims to explore the factors contributing to underreporting of ADRs among healthcare professionals (HCPs) in the Philippines, with a focus on understanding their knowledge, attitudes, and practices (KAP), as well as evaluating the usability of the online ADR reporting system. METHODS: A mixed-methods approach was employed, integrating quantitative and qualitative research methods. The study involved a KAP survey and focus group discussions (FGDs) with HCPs, including pharmacists, nurses, and physicians. The survey gathered quantitative data on KAP related to ADR reporting, while FGDs provided qualitative insights into contextual factors, misconceptions, and barriers. In addition, a system usability survey (SUS) was conducted among participants at the 1st Philippine Pharmacovigilance Summit to assess the usability of the online ADR reporting system. Data collection spanned 4 weeks, followed by thematic analysis of FGD data and descriptive statistical analysis of survey and SUS data. RESULTS: The study revealed that HCPs generally recognize the importance of ADR reporting for FDA-approved drugs, vaccines, and antineoplastics, but there is a knowledge gap regarding the reporting of FDA-unapproved drugs. Awareness of the NPVC is limited, with less than half of HCPs (n = 4363) aware of its existence, and even fewer understanding its roles. Reporting practices are inconsistent, with many relying on paper-based methods, and a significant portion of HCPs are unaware of available reporting options. While 71.08% of participants expressed a high likelihood of reporting ADRs if familiar with the process, only 21.54% had actually reported one. Thematic analysis from focus group discussions identified several barriers to effective ADR reporting, including insufficient training, inconsistent practices, fear of legal repercussions, and low adoption of digital tools. The SUS results showed an ""okay"" usability rating for the online ADR reporting system, with a score of 68.81 (grade C). This shows that while many users found the tool acceptable and fairly easy to use, nearly half of the respondents felt it was too complex. CONCLUSIONS: This study reveals significant knowledge gaps among HCPs in the Philippines regarding ADR reporting. While HCPs acknowledge the importance of ADR reporting for patient safety, many perceive the process as complex and burdensome, which discourages consistent participation. The study highlights key barriers, including legal concerns and complexity of online reporting tools. A key policy implication is the need for government agencies, such as the Food and Drug Administration (FDA) and the Department of Health (DOH), to simplify the ADR reporting process and enhance the design of reporting tools, making them more user-friendly and efficient for healthcare professionals."
"40909003"	"10.3389/fneur.2025.1632231"	"2025"	"Frontiers in neurology"	"Dexamethasone in brain tumor patients: a real-world pharmacovigilance audit."	"Yes"	"INTRODUCTION: Dexamethasone is routinely prescribed for the management of peritumoral edema in brain tumor patients. Despite available orientations for its management in neuro-oncology patients, the individual needs according to the natural history of the disease and treatment options allied to a hierarchical system with multiple teams involved poses significant challenges in its real-world application. METHODS: We conducted a retrospective single-centre observational study of 316 brain tumor referrals to a tertiary neurosurgical center over a 3-month period. Data was extracted from referral notes, multidisciplinary team (MDT) documentation and clinical records. Steroid-related variables such as indication, dose, duration, weaning plan, complications, and follow-up practices were collected alongside demographic and clinical data. RESULTS: Of 316 referrals, 210 patients (66.5%) were started on steroids at baseline, yet only 6% had a documented weaning plan at that point. MDT referral occurred in 252 patients (79.7%), where steroid initiation was significantly associated with surgical management ( = 13.1, < 0.001). However, only 28.8% of MDT-referred patients had a documented steroid plan, with higher rates in surgical patients (41.3%) than those managed conservatively or with best supportive care (BSC) (16.5%, < 0.001). Steroid-related complications occurred in 11.4% (24/210) of patients, most commonly wound infections. Prolonged steroid use (>2 weeks) (OR = 3.5, [95% CI: 1.1-11.0], = 0.04), and absence of an MDT steroid plan (OR = 4.2, [95% CI: 1.2-15.0], = 0.03) were significant predictors of complications, particularly of Common Terminology Criteria for Adverse Events (CTCAE) Grade 2-3 severity. Nurse-led clinic follow-up was more common in surgical patients (91%) than BSC patients (24.6%, < 0.001) and supported steroid monitoring. DISCUSSION: Prolonged steroid use and incomplete documentation of steroid plan were associated with increased steroid-related complications highlighting the need for more robust prescribing protocols and improved multidisciplinary follow-up."
"40783750"	"10.1186/s12912-025-03678-6"	"2025"	"BMC nursing"	"Investigating the prevalence of medication near-misses and reporting intention among nurses in tertiary hospitals from China."	"Yes"	"BACKGROUND: Globally, medication near-misses are a public health issue as they often have serious consequences for patients and healthcare systems. Currently, few studies have investigated nurses' intention to report medication near-misses. Therefore, this study aims to examine the incidence of medication near-misses and factors influencing reporting intention among nurses in tertiary hospitals in Shandong Province, to fill the research gap in this area. DESIGN: A descriptive cross-sectional design. METHODS: Between March 2021 and December 2021, 2625 nurses in seven tertiary hospitals from Shandong Province, China were enrolled in the study, using convenience sampling. Information about medication near-misses, reporting intention and barriers was collected using self-reported questionnaire, subscales of the Adverse Event Reporting Intention Questionnaire, and Medication Near-Miss Reporting Barriers Scale. This study explored the association between potential determinants from the perspective of nurses and managers using generalized linear model. RESULTS: About 25.3% of nurses experienced medication near-misses, with a mean reporting intention score of 5.44 (standardized deviation=1.13). The main approach for reporting medication near-misses was verbal language (80.6%). Higher professional title (χ2=13.770, P = 0.003), lower educational level (χ2=6.722, P = 0.035), fewer weekly work hours (χ2=3.947, P = 0.047), no previous medication near-misses experience (χ2=46.517, P < 0.001), and not having siblings (χ2=4.150, P = 0.042) nurses showed a higher level of reporting intention. The manager's negative response (χ2=7.059, P = 0.008) and complex reporting system (χ2=17.120, P < 0.001) were associated with lower levels of reporting intention, primarily influenced by departmental categories (χ2=22.306, P = 0.002). DISCUSSION AND CONCLUSION: The results of this study show that nurses' medication near-misses reporting rate is relatively low, but their intention to report is relatively strong. Meanwhile, nurses' intention to report medication near-misses is influenced by multiple factors. This suggests that nursing managers should develop management strategies for near-miss events and actively provide training to enhance clinical nurses' willingness to report such events."
"40660953"	"10.1177/10781552251358171"	"2025"	"Journal of oncology pharmacy practice : official publication of the International Society of Oncology Pharmacy Practitioners"	"Frequency of adverse drug reactions in cancer patients: A study at the oncology department of a university hospital."	"Yes"	"ObjectivesWe aimed to investigate the adverse drug reactions (ADRs) observed in cancer patients, the drugs causing ADRs, ADRs reporting rate, common adverse effects, drug interactions, and the drugs used to manage these adverse effects.MethodsA questionnaire about pharmacovigilance, the most common ADRs and side effects observed in oncology patients, the frequency of these ADRs, the drugs causing them, and drug interactions was administered to the volunteers in our study.ResultsAlthough 66 out of the 90 nurses who participated in the study reported having previously encountered an ADR, only 39 of them actually reported it. ADRs were most frequently seen once a year or more and 56% of the ADRs were life-threatening, 21% medically important and 23% resulted in hospitalization. The pharmacological groups with the most ADR reports were; Taxanes, Platinum compounds, Monoclonal antibody (Mabs), Antimetabolites, Alkylating agents, Topoisomerase inhibitors and alkaloids respectively. ADRs were specifically related to Paclitaxel, Cisplatin and Rituximab. The most common adverse effects included; redness, itching, dyspnea and tachycardia. Antihistamines and corticosteroids were most commonly used in treatment of ADRs. The drugs that interacted most with antineoplastics were antibiotics, anticonvulsants and antihypertensives.ConclusionAlthough the incidence of ADRs in cancer patients is high, the reporting rate is relatively low. ADRs associated with antineoplastic drugs are serious reactions. Identifying which drugs cause the most ADRs is crucial for prevention, monitoring, and treatment."
"39381898"	"10.1111/jocn.17483"	"2025"	"Journal of clinical nursing"	"Analysis of the Incidence and Factors Influencing Medication Administration Errors Among Nurses: A Retrospective Study."	"Yes"	"AIMS: To explore the incidence and factors influencing medication administration errors (MAEs) among nurses. BACKGROUND: Medication administration is a global concern for patient safety. Few studies have assessed the incidence of MAEs or explored factors that considered the interplay between behaviour, the individual and the environment. METHODS: This retrospective study included 342 MAEs reported in the electronic nursing adverse event reporting system between January 2019 and September 2023 at a university-affiliated teaching hospital in China. Data on nurses' demographics and medication administration were extracted from the nursing adverse event reports. The reports were classified according to the severity of patient harm. The causes of the 342 MAEs were retrospectively analysed using content analysis based on Bandura's social cognitive theory. Descriptive statistics were used to calculate the proportion of medication errors and the distribution of subcategories. RESULTS: In total, 74.3% of MAEs were adverse events owing to mistakes and resulted in no harm or only minor consequences for patients. Nurses aged 26-35 years and those with 6-10 years of experience were the most common groups experiencing MAEs. Factors influencing MAEs included personal ('knowledge and skills' and 'physical state'), environmental ('equipment and infrastructure,' 'work settings' and 'workload and workflow') and behavioural ('task performance' and 'supervision and communication') factors. The study further highlighted the interrelationships among personal, behavioural and environmental factors. CONCLUSION: Multiple factors influence MAEs among nurses. Nurse-related MAEs and the relationship between behaviours, individual factors and the environment, as well as ways to reduce the occurrence of MAEs, should be considered in depth. RELEVANCE TO CLINICAL PRACTICE: Understanding the factors influencing MAEs can inform training programs and improve the clinical judgement of healthcare professionals involved in medication administration, ultimately improving patient prognoses and reducing MAEs. PATIENT OR PUBLIC CONTRIBUTION: The findings can help develop clinical guidelines for preventing MAEs."
"40657641"	"10.3389/fphar.2025.1592957"	"2025"	"Frontiers in pharmacology"	"Pharmacovigilance-related events, disease burden and overall efficiency of care in european countries, 1990-2021."	"Yes"	"OBJECTIVES: This study aimed to evaluate and compare the disease burden of pharmacovigilance-related events in European countries, to identify the factors related to pharmacovigilance-related inputs in various countries, and to analyze and compare the comprehensive benefits of pharmacovigilance-related events in various countries. METHODS: Using the Global Burden of Disease Study 2021 database, we combined information on adverse effects of medical treatment and drug use disorders to identify all pharmacovigilance-related events. We used principal component analysis to synthesize six first-level indicators to compare the burden of disease in each country in each year. We used data envelopment analysis to compare the efficiency of pharmacovigilance in each country. RESULTS: In 2021, the Quality of care index for pharmacovigilance-related events was highest in Northern and Western European countries. Looking at data from 1990 to 2021, the change node of this index in most countries occurred around 2000 to 2010, and the value changed steadily. Countries with relatively low investment in health resources and less experience in the supervision of adverse drug reactions have higher comprehensive benefits of nursing for pharmacovigilance-related events. CONCLUSION: The effect of the development of a system for pharmacovigilance has a hysteresis. The disease burden is affected by various factors such as population aging, human resource investment, and medical and health needs, and the policy is highly dominant."
"40401039"	"10.1155/jonm/9921349"	"2025"	"Journal of nursing management"	"Reducing Adverse Drug Reactions for Older People in the Community: Evaluating the Validity and Reliability of the ADRe Profile."	"Yes"	"Adverse drug reactions (ADRs), particularly in the context of polypharmacy, remain a persistent, unresolved problem for patients and healthcare professionals. The ADRe Profile identifies medicine-related harms, and supports their resolution, thereby improving care quality and preventing future problems. The objective of this study was to assess the validity and reliability of the ADRe Profile (https://www.swansea.ac.uk/adre/) in U.K. primary care general practices, building on assessments in other settings. The ADRe Profile's validity and reliability were investigated using complementary mixed methods: content validity index, contrast group construct validity, cognitive interviewing, and inter-rater reliability. Cognitive interviews ( = 5) confirmed that the ADRe Profile needed only minor adjustments. The scale-level content validity index was 0.67 ( = 14), items ranging from 0.08 to 1. Significant differences in signs and symptoms associated with ADRs between service users taking different numbers of regular prescribed medicines confirmed construct validity ( = 68, = 870.50, < 0.001). Inter-rater reliability testing showed substantial agreement between service users and research nurse: 10 items had 100% agreement. Overall mean was 0.71 (range: 0.31-1), ( = 42). The ADRe Profile is suitable for use with older service users in primary care who live at home. Users understood the questions and provided meaningful answers. ADRe Profile responses were sufficiently reliable to be used as a basis for further investigations, prescriber referral and clinical actions. However, clinician judgement of content validity may depend on knowledge and experience, highlighting the importance of training. Clinicians acknowledged that the ADRe Profile was comprehensive but identified practical difficulties. Instruments to reduce ADRs should be validated before testing in feasibility studies and randomised controlled trials. Managers need to optimise patient safety by introducing patient-centred symptom monitoring, with decision support. Before instruments are adopted, managers should check the reliability and validity data. ClinicalTrials.gov identifier: NCT04663360."
"40366197"	"10.4274/tjps.galenos.2025.44902"	"2025"	"Turkish journal of pharmaceutical sciences"	"Integrating a Pharmacovigilance and Response Unit Team for a Better Adverse Drug Reaction Reporting and Management: Insights from a Prospective Cross-Sectional Study."	"Yes"	"OBJECTIVES: The multidisciplinary team approach improves adverse drug reaction (ADR) reporting and management. Our study aims to integrate a pharmacovigilance (PV) and Response Team within the general medicine department to improve ADR reporting and management. MATERIALS AND METHODS: We conducted a prospective cross-sectional study for seven months in four general medicine wards. We proposed a PV and response unit team (PRUT), comprising a nursing student, and a Doctor of Pharmacy (intern). After the team received interventional educational training, we integrated them with the physician and head nurse of each general medicine inpatient ward. We then evaluated the effectiveness of the team in ADR reporting and management using a feedback survey. RESULTS: In this study, comorbidities (30.69%) and polypharmacy (≥5 drugs) (26.25%) were major predisposing factors. Among drug-related problems in 125 patients, inappropriate drug use (28.80%) and unclear dose timing (21.60%) were predominant. Gastrointestinal disorders were common (44.73%), with dose adjustment being the top management strategy (36.84%). Over 71% supported the PRUT for improving patient safety and reducing medication errors, noting high effectiveness in consultation (85.92%) and in reducing the ADR reporting burden (87.32%). There is a statistically significant association between the level of agreement on the effectiveness of PRUT among healthcare professionals (p<0.01). Most healthcare professionals agreed on PRUT's effectiveness without any reports of low agreement levels. CONCLUSION: The PRUT effectively reported and managed ADRs. A multidisciplinary approach improves ADR reporting and management."
"39888187"	"10.1111/jnu.13051"	"2025"	"Journal of nursing scholarship : an official publication of Sigma Theta Tau International Honor Society of Nursing"	"The Effect of Toolbox Trainings on Nursing Sensitive Quality Indicators: A Randomized Controlled Trial."	"Yes"	"INTRODUCTION: Toolbox training or toolbox talks is short-term training to improve occupational health and safety practices in various sectors. These on-the-job trainings provide employees with opportunities to ask questions and share experiences, facilitating the enhancement of workplace safety practices. The aim of this study is to determine the impact of toolbox trainings provided to nurses on nursing-sensitive quality indicators (pain management, pressure ulcer, patient falls, peripheral venous catheter complications, and adverse event reporting) in the workplace. DESIGN: Randomized controlled, pre-test, post-test, and control group design. METHODS: Before the toolbox training, pretest measurement instruments were used for the nurses in both the experimental and control groups, and the nursing-sensitive quality indicators were monitored by two independent observers. Toolbox training was provided to nurses in the intervention group on their shift in the respective units. Both groups were followed up at the 8th and 12th weeks after the training. Descriptive tests, independent sample t-tests for intergroup comparisons, and repeated and mixed ANOVA for intragroup comparisons were utilized in data analysis. RESULTS: Significant differences were found between pre-test and post-test scores of the nurses in the group who received toolbox training in terms of falls, pressure ulcers, pain management, peripheral venous catheter, and adverse event reporting (p < 0.01). It was observed that the application scores significantly differed among all nurses who received toolbox training according to the findings of both observers, generally increasing in the second follow-up compared to the first, but decreasing in the third follow-up (p < 0.05). Evaluated according to unit quality indicators, it was determined that the number of patient falls (mean 4.04, 2.32, and 1.95 respectively), pressure ulcer occurrences (mean 4.48, 2.69, and 2.45 respectively), and the number of patients experiencing peripheral venous catheter complications decreased (mean 26.79, 16.46, and 15.42 respectively) in the units where nurses who received toolbox training worked. The average number of correctly managed pain patients (mean 37.82, 71.61, 69.07 respectively) and the number of reported adverse events (mean 2.79, 6.60, 6.42 respectively) were observed to increase in the second follow-up but decrease in the third follow-up. CONCLUSIONS: As a result, it was determined that on-the-job trainings increased nurses' knowledge level regarding nursing-sensitive quality indicators, improved their practices, and enhanced unit quality indicators. According to the findings of this study, on-the-job trainings provided to nurses were found to be an effective method, and it is recommended to use them in addition to traditional training methods in nurses' in-service education. CLINICAL RELEVANCE: There is a growing demand for shorter and different training methods in nurses' education. In addition to classical in-service training methods, this training method, which was applied for the first time in the field of nursing, contributed to the improvement of quality indicators sensitive to nursing. Our findings emphasize that it will be useful to use this training method in future studies on improving and developing nursing-sensitive quality indicators. TRAIL REGISTRATION: The study has been registered with ClinicalTrials.gov (NCT05853588)."
"40306997"	"10.1136/bmjopen-2024-092430"	"2025"	"BMJ open"	"Cohort profile: measuring adverse pregnancy and newborn congenital outcomes (MANGO) study in Kenya."	"Yes"	"PURPOSE: Pharmacovigilance (PV) systems to assess the safety of antiretroviral treatment used periconception and during pregnancy are lacking in low-resource settings with high HIV burdens, and strategies to guide their implementation are limited. We implemented the Measuring Adverse Pregnancy and Newborn Congenital Outcomes (MANGO) study in Kenya to address these gaps. PARTICIPANTS: In MANGO, we ascertained delivery outcomes for pregnant women living with HIV (WLH) and not living with HIV (WNLH) enrolled in care at Moi Teaching and Referral Hospital (MTRH) through two cohorts: C1, a prospective cohort of 1:1 matched WLH and WNLH attending antenatal clinic; and C2, a cross-sectional cohort of all deliveries, including among those who did not attend antenatal clinic at MTRH. FINDINGS TO DATE: 24 205 deliveries were recorded from October 2020 to September 2023 (853 in C1 and 23 352 in C2). Median maternal age was 32 years, 4.5% were WLH and 2.6% of deliveries were stillbirths. Among liveborn infants, 17.2% were preterm (<37 weeks), and 15.1% were low birth weight (<2.5 kg). Prevalence of ≥1 major congenital abnormality was 73.9/10 000 births (47.7 in C1 and 76.1 in C2). Assessing implementation barriers/facilitators, lack of national PV policy was a barrier overcome through establishing partnerships with the Kenya Ministry of Health. The facility's size and complexity were barriers to newborn surface exam coverage overcome through staff training and cocreation of a standardised form for newborn surface exam documentation. High staff turnover was addressed by involving head nurses to champion implementation and incentivising staff participation with medical education credits. Use of audit/feedback cycles and focusing on PV as a way to improve care quality facilitated PV institutionalisation at MTRH. FUTURE PLANS: The MANGO model is a multifaceted strategy with replicative potential in other settings. Research is needed to understand the model's opportunities for implementation in other settings."
"40356726"	"10.4102/jphia.v16i1.678"	"2025"	"Journal of public health in Africa"	"COVID-19 vaccine uptake and predictors of hesitancy among healthcare workers in Côte d'Ivoire."	"Yes"	"BACKGROUND: Vaccine hesitancy hinders COVID-19 control, especially among healthcare workers (HCWs). AIM: This study examined factors influencing COVID-19 vaccine uptake and hesitancy among HCWs in Abidjan, Côte d'Ivoire. SETTING: The study was conducted among healthcare workers in Abidjan, the capital city of Côte d'Ivoire. METHODS: A cross-sectional study was conducted from May 2023 to June 2023 in Abidjan. A total of 240 HCWs completed a questionnaire on vaccination attitudes, hesitancy factors and willingness to recommend vaccines. Descriptive statistics and modified Poisson regression estimated adjusted prevalence ratios (aPR) at a 95% confidence interval. RESULTS: Among participants, 57.5% were female, with a median age of 40 years (IQR: 33-45). HCWs included physicians (26.7%), nurses/midwives (22.5%) and pharmaceutical staff (19.2%). They worked in teaching hospitals (23.3%), general hospitals (30.8%) and community hospitals (45.8%). Vaccine uptake was 73.3%, with 53.3% fully vaccinated and only 4.6% receiving a booster dose. However, 42.1% exhibited vaccine hesitancy, mainly due to concerns about side effects (52.2%). While 55.0% would recommend the vaccine, only 46.3% felt confident addressing patient questions. Age was positively correlated with vaccine uptake: HCWs aged 35-44 years, 45-54 years and 55-65 years were 1.60, 1.68 and 1.78, respectively times more likely to be vaccinated, respectively, compared to those aged 22-34 years. CONCLUSION: Vaccine hesitancy (25%) and low booster uptake (4.6%) highlight the need for targeted education and pharmacovigilance. Strengthening HCWs vaccine knowledge and trust is essential for epidemic control. CONTRIBUTION: This study underscores the importance of Ministry of Health-led interventions to improve HCWs vaccination rates in Africa."
"40278770"	"10.3390/tropicalmed10040097"	"2025"	"Tropical medicine and infectious disease"	"COVID-19 in Morocco: Nurses' Knowledge of Anti-COVID-19 Vaccines and Their Involvement in Vaccine Vigilance."	"Yes"	"The COVID-19 pandemic has highlighted the crucial role of nurses in managing health crises, particularly in implementing vaccination campaigns launched in many countries worldwide. This descriptive study assesses nurses' knowledge of COVID-19 vaccines and their involvement in vaccine vigilance. Conducted over four months in 2022 among 200 primary healthcare nurses in the Fès-Meknès region, the data were collected using a questionnaire developed and validated by a multidisciplinary team. The results show that 60% of participants self-reported being unaware of the nature of COVID-19 vaccines, and 49.5% did not understand the concept of vaccine pharmacovigilance. Additionally, 76.5% had not received any pharmacovigilance training in this pandemic context, 80% had never been in contact with pharmacovigilance centers, and 48.5% expressed a need for training in this field. One-third of the participants were unaware of severe adverse effects. The most frequently reported adverse effects were fever (76.5%), malaise (73%), and anxiety (63%). These results highlight the importance of strengthening continuous training and improving the coordination among various healthcare sector stakeholders to reduce vaccine hesitancy, enhance healthcare expertise, and ensure the effectiveness of vaccination campaigns during current and future pandemics."
"40134523"	"10.2147/RMHP.S482233"	"2025"	"Risk management and healthcare policy"	"Reducing Nurses' Barriers to Reporting Adverse Events Using a WeChat-Based Cognitive Load Training Platform: An Open-Label, Randomized Controlled Trial."	"Yes"	"OBJECTIVE: To investigate the effects of a cognitive load theory (CLT)-based WeChat training platform on reducing the barriers to reporting adverse events among clinical nurses. METHODS: In total, 400 clinical nurses from a tertiary general hospital were randomized into experimental and control groups (200 each). The experimental group used the CLT-based WeChat training platform, whereas the control group received conventional training for nursing adverse events. Both interventions lasted 12 weeks. Barriers to reporting, reporting awareness, intention, and habit scores were compared between the groups. RESULTS: After the dropouts, 197 experimental and 196 control participants completed the study. In the experimental group, the total scores for barriers to reporting adverse events and in the dimensions of punitive culture, reporting process, and reporting significance scores were 93.87 ± 6.85, 48.88 ± 4.68, 21.53 ± 4.15, and 23.40 ± 2.11, respectively, whereas the control group corresponding scores were 72.07 ± 6.67, 34.20 ± 6.02, 20.06 ± 3.25, and 17.36 ± 2.92, respectively. The experimental group demonstrated significantly higher scores and reporting significance (P all < 0.01). Additionally, the experimental group had significantly higher scores for safety event reporting awareness, intention, and habits than those in the control group (P < 0.01). When responding to nursing adverse events of various severity, the only exception to statistically significant differences between the groups was in ""reporting to the head nurse"" for medium-severity incidents (P = 0.302). However, the experimental group demonstrated significantly higher rates of ""submitting an adverse event report"", ""reporting to the head nurse"", and ""discussing with colleagues"" than those in the control group regardless of the severity of the adverse event (P < 0.01). CONCLUSION: This study confirmed that the CLT-based WeChat training platform model can effectively reduce the level of barriers to adverse event reporting by nurses, enhance nurses' adverse event reporting awareness, intention, and promote improvement in nurses' adverse event reporting behaviors, thereby improving the quality of nursing care and patient safety."
"40071111"	"10.3389/fpubh.2025.1518552"	"2025"	"Frontiers in public health"	"Adverse events and contributing factors in Chinese nursing homes: a multisite cross-sectional study."	"Yes"	"BACKGROUND: Adverse events in nursing homes, which are unintended incidents causing unnecessary harm to older residents. Previous studies in Chinese populations often focused on adverse events in hospitals, rather than residents in nursing homes. Additionally, they tended to focus on single incident rather than multiple types of adverse events. This study aims to assess the occurrence and contributing factors of multiple adverse events perceived by staff in Chinese nursing homes. METHODS: A cross-sectional survey was conducted among 691 frontline staff from 11 nursing homes in Southern China (August 2021-January 2022). Data were collected using a General Information Questionnaire, the Adverse Event Reporting Awareness Scale, and the Adverse Event Reporting Habit Scale. Logistic regression models were employed to analyze the contributing factors of adverse events. RESULTS: A total of 13 types of adverse events were screened out in nursing homes, and 477 (69.0%) participants reported that the adverse events ""had happened"" in the past year. The most common events were falls, unplanned extubation, and pressure sores. Clinical staff were 2.06 times more likely than frontline workers to report adverse events (95% CI = 1.13-3.76). Increased awareness (OR = 1.24, 95% CI = 1.15-1.34) and habitual reporting of adverse events (OR = 1.04, 95% CI = 1.01-1.08) were positively associated with higher reporting rates. CONCLUSION: A significant proportion of staff reported adverse events, with clinical staff and those with better reporting habits noting higher occurrences. To enhance resident safety, nursing homes must prioritize preventing high-risk adverse events. Targeting frontline workers with lower reporting awareness and habits is crucial for effective interventions."
"40144077"	"10.1007/s40670-024-02162-1"	"2025"	"Medical science educator"	"Adequacy of Pharmacovigilance Training in the Health Professional Training Institutions in Uganda: Training Gaps and Opportunities for Improvement."	"Yes"	"BACKGROUND: Despite efforts to improve pharmacovigilance systems, Uganda's reporting rate remains below the WHO effective reporting criteria of 200 reports per a million inhabitants annually. Adequate education of health science students on pharmacovigilance is one of the core sustainable interventions to improve pharmacovigilance systems. This study assessed the adequacy of pharmacovigilance training in health professional training institutions in Uganda in order to identify the current needs and improvement opportunities. METHODS: Data was collected from allied health professional training institutions offering courses in clinical medicine and community health and diploma in pharmacy; universities offering bachelor's degrees in medicine and surgery, pharmacy, nursing and dental surgery; and nursing training institutions offering certificate and diploma courses in nursing and midwifery. The study involved review of 16 curricula and 18 interviews with the heads of the programs of the different institutions. Data on pharmacovigilance content covered in the training curricula, challenges in pharmacovigilance training, pharmacovigilance competencies, knowledge, and skills gaps were collected. The study also included 13 key informants from policy and regulatory bodies, pharmaceutical industry, importers, and distributors of pharmaceuticals, professional councils/societies, examination boards, and hospitals to get perspectives on training gaps and opportunities for improvement. Quantitative data were analysed using Microsoft Excel 2017. Qualitative data were transcribed and reported verbatim. RESULTS: Most of the curricula 15 (88%) had content on medication use problems though inadequate, and only 1 (6%) had content on causality assessment. Majority of the respondents from the training institutions 12 (67%) reported having no staff with subject specific training background on pharmacovigilance. Other challenges reported include the lack of instructional materials and time on their already packed curricular to teach pharmacovigilance. All the respondents from training institutions 18 (100%) and key informants 13 (100%) recommended incorporation of pharmacovigilance into pre-service training curricula as a means of improving pharmacovigilance training and competencies among graduates. According to the key informants, there is need to strengthen pharmacovigilance training in the pre-service curriculum 9 (100%). The knowledge and skills that should be strengthened included detection, management and causality assessment 4 (44%), and spontaneous safety reporting 3 (33%). CONCLUSIONS: The curricula for health professional training institutions do not adequately cover content on pharmacovigilance. The key areas that should be strengthened are detection, management and reporting of medication use problems, and causality assessment. Pharmacovigilance content should be introduced and/or strengthened in the existing curricula of all health professional training institutions to meet the growing need for pharmacovigilance experts, create culture of medicine safety and vigilance, and improve patient safety. SUPPLEMENTARY INFORMATION: The online version contains supplementary material available at 10.1007/s40670-024-02162-1."
"39935717"	"10.36401/JQSH-24-29"	"2025"	"Global journal on quality and safety in healthcare"	"Assessing Patient Safety Culture and Adverse Events Reporting Among Nurses: A Cross-Sectional Study in Ghana."	"Yes"	"INTRODUCTION: Patient safety is a global concern for both health professionals and the public. Research indicates that assessing patient safety culture can help improve patient safety outcomes. Nursing care strategically positions nurses at the center of patient safety promotion, and their proximity to patients makes them the drivers of patient safety. The actions of frontline staff in healthcare organizations have a notable influence on healthcare outcomes, particularly reporting of adverse events. This study aimed to evaluate the actions of frontline staff on adverse event reporting among nurses in three hospitals in the Savannah Region, Ghana. METHODS: A quantitative cross-sectional method was used to gather data from 210 respondents across three hospitals. Data were analyzed with descriptive statistics, Pearson correlation, and hierarchical linear regression. RESULTS: The findings revealed that teamwork within units had a good positive rating score of 82.9%. This was followed by teamwork across hospital units (68.0%) and handover of care (69.8%). Overall, nurses demonstrated a negative attitude toward adverse events reporting (37.3%). Furthermore, enacting safety practices that had a significant relationship with adverse events reporting were teamwork across units ( = .24, < 0.001) and handover and transition of patient care ( = .19, < 0.001). Again, the significant predictor of adverse events reporting was teamwork across units (β = .20, < 0.001). CONCLUSION: Nurses' perceptions of patient safety culture within and across hospital units as well as handover of patient care were positive. Though the attitude of nurses toward adverse event reporting was low, teamwork across hospital units significantly predicted adverse event reporting. Therefore, frontline staff should continually strengthen teamwork processes and handover practices to achieve the best healthcare outcomes."
"39259332"	"10.1007/s00210-024-03431-x"	"2025"	"Naunyn-Schmiedeberg's archives of pharmacology"	"Barriers in reporting adverse effects of medical devices: a literature review."	"Yes"	"Medical devices play an essential role in the delivery of healthcare but its use is not entirely risk free. There are several instances where it causes mortality or morbidity among users. It is important to evaluate the risks involved at every stage of its application to bring improvement in the standard of healthcare. For the purpose Materiovigilance Program of India was launched on July 6, 2015. Despite these efforts, available data suggests that reporting of adverse events is very low. The present study aims to identify barriers that influence the reporting of adverse events of medical devices and outline a strategy to overcome these barriers. Systemic review method has been adopted to achieve these ends. Thirty-one papers have been selected based on the inclusion criteria related to objective of the study. Lack of awareness, attitude, and resources are found to be major barriers at the individual level for not reporting adverse effects of medical devices. The organizational factors such as hierarchical set up, lack of time and incentives, and furthermore lack of industry responsiveness have been identified as prominent barriers to the reporting of adverse events. In order to improve the reporting level, it is important to make access and contact easier with the reporting system. Engaging healthcare professionals at various levels by acknowledging and appreciating their contribution. The adverse events of medical devices should not be restricted to physicians; only rather other health care professional such as nurses, pharmacists, and technicians should also be encouraged to report any adverse event of medical devices."
"39103307"	"10.1111/risa.17600"	"2025"	"Risk analysis : an official publication of the Society for Risk Analysis"	"Lost needles, pads and where to find them."	"Yes"	"This study aims to assess the frequency and associated factors of surgical ""near-miss"" incidents (NMIs) in neurosurgery using an event reporting system, to inform the development of appropriate interventions. This retrospective study collected reports of NMIs in our hospital's neurosurgery operating room (OR) from January 2019 to January 2022 through an adverse event reporting system and anonymous surveys. We conducted intergroup difference analysis using t-tests and investigated factors contributing to NMIs using Pearson correlation coefficients. We further constructed multinomial logistic regression models to explore the important factors affecting the types of lost objects and search times. A total of 195 NMIs were included in this study, with the primary items lost being 62 brain cotton pads and 133 needles. Statistical analysis revealed that smaller pads (48.4%) and size 3.0 needles (49.6%) were the most commonly missed items, with the longest retrieval times. The likelihood of NMIs occurring was higher for nurses with junior and/or non-neurosurgical backgrounds (needles: 82.7%, pads: 83.9%). Furthermore, factors such as extended working hours, nighttime surgeries, larger incisions, and more surgical instruments all increased the incidence of NMIs. The results of the multinomial logistic regression model showed that the type and search time for lost needles in the OR were jointly influenced by multiple factors (p < 0.05) compared to cotton pads. The occurrence of NMIs is associated with various factors. Reporting NMIs and their causes helps identify solutions before adverse events occur, thereby enhancing patient safety."
"39896316"	"10.5334/gh.1393"	"2025"	"Global heart"	"Acceptability and Implementation Challenges of Benzathine Penicillin G Secondary Prophylaxis for Rheumatic Heart Disease in Ethiopia: A Qualitative Study."	"Yes"	"BACKGROUND: Monthly intramuscular injections of benzathine penicillin G (BPG) remain the cornerstone of secondary prophylaxis for acute rheumatic fever and rheumatic heart disease (RHD). The barriers to successful delivery of BPG may be patient- or service-delivery-dependent. OBJECTIVE: The aim of the present study was to explore the perceived acceptability and implementation challenges of BPG treatment for RHD, from the perspective of healthcare providers (HCPs). METHODOLOGY: A descriptive qualitative study using semi-structured interview guides was conducted in four public hospitals in Ethiopia. Physicians and nurses who had at least 1 year of experience in delivering RHD secondary prophylaxis were recruited. The interviews were audio recorded, transcribed verbatim, and translated into English for analysis using framework method thematic analysis. Identified behavioral factors were mapped onto a theoretical framework of acceptability (TFA), and the Capability, Opportunity, Motivation-Behavior (COM-B) model. RESULT: Twenty-two interviews were conducted with HCPs (mean age 39 years, 55% nurses). Insights into BPG use and acceptability were categorized into four major themes related to: (1) individual factors (e.g., fear of anaphylactic reaction), (2) health system barriers (e.g., BPG shortage), (3) patient/caregiver perceptions (e.g., reliance on injectables, over expectation of treatment outcomes), and (4) product (e.g., injection pain, needle blockage). CONCLUSIONS: HCPs identified facilitators and barriers which highlight the complexities associated with BPG as secondary prophylaxis for RHD in Ethiopia. Based on these data, we suggest RHD control programs should (1) provide cross-disciplinary training and education programs to support safe and context-appropriate delivery of BPG (2) improve resourcing of health facilities to facilitate safe drug delivery, (3) establish a comprehensive system for auditing severe adverse reactions post-BPG injection to generate robust pharmacovigilance data, and consider alternative approaches to BPG delivery including access to improved formulations (e.g., BPG suspension formulations in pre-filled syringes). HIGHLIGHTS: - Key barriers included (a) resistance from healthcare providers to administer benzathine penicillin G (BPG) due to their concerns about injection-related severe adverse events, and potential repercussions should an event occur, (b) poor community and healthcare provider awareness of the disease and its treatment, (c) lack of resources to manage adverse events, and (d) injection pain.- Key enablers included (a) perceived superior treatment benefits of BPG and (b) co-administration of lidocaine/analgesics to reduce injection pain.- Recommendations to address identified challenges include (a) improved training/education on RHD diagnosis, disease progression, and treatment, (b) improved access to supportive resources, (c) active adverse reaction monitoring and reporting, and (d) encouraging the provision/access of globally subsidized BPG suspension formulations in pre-filled syringes."
"39875957"	"10.1186/s12913-024-12139-w"	"2025"	"BMC health services research"	"Barriers to and facilitators of healthcare professionals in ADR reporting in a tertiary care hospital in India."	"Yes"	"INTRODUCTION: Several adverse drug reactions (ADRs) go unreported within a healthcare setting despite the risks they cause. We therefore decided to conduct this study in order to recognize the obstacles that hinder the healthcare professionals (HCPs) in a tertiary care hospital in Kattankulathur, Tamil Nadu from reporting ADRs and what strategies ought to be implemented. METHODS: We carried out a cross-sectional study among the HCPs such as doctors, pharmacists and nurses within our institution. A pre-validated questionnaire was used to collect data on the socio-demographics, barriers and facilitators in reporting ADR. A 2 weeks timeline was given to the HCPs to fill the questionnaire forms. Out of the 107 forms distributed, we received 80 of them that were duly filled. Data was analyzed using IBM SPSS version 26. RESULTS: Out of the 80 HCPs, only 22 of them had reported any ADRs in their career. 52% of our HCPs reported the lack of understanding of ADR reporting mechanism as their main hindrance. Additionally, 25 (31%) of the HCPs stated that reporting ADRs is time consuming. 18 (22%) of them reported a fear of legal liability. 13 (16%) of them stated that the reporting from is complicated and 29 (36%) stated a lack of motivation as the reason for not reporting ADR. Majority of our HCPs 76 (95%) recommended the need for continuous medical education and training as the best strategy to improve ADR reporting. CONCLUSION: Barriers such as time constraints, workload pressures and competing priorities often hinder HCPs from dedicating adequate attention to ADR reporting. The inclusion of topics related to ADR reporting in the curriculum (i.e. clinical pharmacology) and increased awareness from the ADR monitoring centre were seen to be significant facilitators to enhance ADR reporting among health care practitioners."
"40017961"	"10.1136/bmjph-2024-001776"	"2025"	"BMJ public health"	"Improving the provision of clinical pharmacy services in low- and middle-income countries: a qualitative study in tertiary health facilities in Tanzania."	"Yes"	"BACKGROUND: The provision of clinical pharmacy services (CPS) in low- and middle-income countries is still low. The reported challenges in providing CPS include healthcare structures, public policies, resources, workforce, culture and education inequalities. This study aimed to explore the strategies to improve the provision of CPS in tertiary health facilities in Tanzania. METHODS: This study was conducted between August and September 2021. We adopted an exploratory qualitative study to conduct 14 in-depth interviews with hospital administrators and 10 focus group discussions (FGDs) with healthcare providers. A purposeful sampling technique was used to recruit 97 participants, including 45 pharmacists, 31 medical doctors and 21 nurses across five tertiary healthcare institutions. Of those, 14 hospital administrators participated in 14 IDIs and 83 healthcare workers divided into 10 FGDs. Analysis was done using a qualitative thematic approach. RESULTS: The study identified several strategies that fall under four major themes: (i) strengthen preservice training by reviewing the Bachelor of Pharmacy training curriculum to include clinical pharmacy components; (ii) improve continuing professional training through regular provision of on-job training to pharmacists; (iii) revise the scope of work for pharmacists to include CPS provision in the job description; and (iv) improve operational environment by ensuring availability of guidelines, policies, and adequate number of pharmacists and good inter-professional communication skills. CONCLUSIONS: This study's findings highlight that improving CPS provision requires strengthening pharmacists' training, scope of work and operational environment. The latter calls for multifaceted engagement from pharmacists, training institutions, policymakers, regulatory bodies and health systems for sustainable progress."
"39844473"	"10.1111/cts.70134"	"2025"	"Clinical and translational science"	"Knowledge, Attitude, Practice, and Barriers of Adverse Drug Reaction Reporting Among Healthcare Professionals in Timor-Leste: A Cross-Sectional Survey."	"Yes"	"The Timor-Leste Pharmacovigilance (PV) became an associate member of the WHO Programme for International Drug Monitoring in 2019; however, the adverse drug reaction (ADR) reporting rate remains low, with only nine reports per 1342 million inhabitants over 5 years. This study aimed to evaluate the knowledge, attitude, practice, and barriers related to ADRs, pharmacovigilance, and ADR reporting among healthcare professionals (HCPs) in Timor-Leste. A cross-sectional survey with a validated, self-administered questionnaire was conducted among 600 HCPs, including clinical doctors, nurses, and pharmacy employees from one national referral and five referral hospitals. Of the 461 HCPs who responded (76.8% response rate), 98 were clinical doctors (21.3%), 311 nurses (67.4%), and 52 pharmacy employees (11.3%). The knowledge score on ADRs was 3.81 ± 0.36 out of 8, with clinical doctors, nurses, and pharmacy employees scoring 4.49 ± 0.51, 3.47 ± 0.24, and 4.56 ± 0.26, respectively. On pharmacovigilance and ADR reporting, the score was 3.00 ± 0.16 out of 8, with clinical doctors, nurses, and pharmacy employees scoring 3.36 ± 0.26, 2.81 ± 0.08, and 3.50 ± 0.24, respectively. All scores referred to the number of correctly answered questions. Positive attitudes were observed, with 53.4% agreeing that ADR reporting is crucial for drug safety, although only 22.0% reported observed ADRs. Key barriers included unavailability of reporting forms (81.0%), insufficient financial support (71.9%), and lack of reporting by colleagues (71.4%). These findings highlight the need for increased awareness, training, and resources to improve ADR reporting in Timor-Leste."
"39770496"	"10.3390/ph17121654"	"2024"	"Pharmaceuticals (Basel, Switzerland)"	"System.Xml.XmlElement"	"Yes"	"BACKGROUND/OBJECTIVES: While breastfeeding is highly recommended, breastfed infants may be exposed to drugs by milk due to maternal pharmacotherapy, resulting in a risk of adverse drug events (ADE) or reactions (ADRs). The U.S. Food and Drug Administration (FDA) Adverse Event Reporting System (FAERS) is an online pharmacovigilance database, while the Drugs and Lactation Database (LactMed ) includes accurate and evidence-based information on levels of substances in breast milk and infant blood, and possible ADRs in nursing infants. We aimed to explore the FAERS database and compare ADE/ADR information patterns between both databases. METHODS: The FAERS database was explored (29 July 2024) for ADEs related to drug exposure during lactation to determine annual trends, infant outcomes, and regions of reporting. The active pharmaceutical ingredients (APIs) associated with these ADEs were categorized based on the Anatomical Therapeutic Chemical (ATC, first level) classification. The top five APIs in each ATC group were explored in terms of the type of ADEs reported and compared to information in LactMed . RESULTS: In total, 2628 ADEs were obtained from the FAERS database, with increased reporting over time. In the FAERS database, 68.4% of the patients were under 2 months old, 5.5% had life threatening ADEs, and 3.6% died, while 84.70% of the cases were categorized as serious. Most ADEs were from North America (44.9%). Most drugs (50.9%) were nervous system drugs. The most frequent reported outcome was ""other outcomes (without additional subdivision or information)"" (58.2%), reflecting the diversity in outcomes reported. When related to the same drug, the FAERS database and LactMed resource exhibited both similarities and differences in the types of reported ADE/ADR. CONCLUSIONS: The FAERS database is a useful tool to detect potential ADEs (rather sensitive), without ADR assessment, while LactMed provides guidance driven by relevant ADRs (rather specific). The FAERS database is useful to obtain exploratory information about ADEs during lactation to increase the knowledge about drug safety during breastfeeding and the awareness of the possible risks in nursing infants, while LactMed translates all available information into guidance."
"39712313"	"10.3389/fpubh.2024.1434387"	"2024"	"Frontiers in public health"	"Nurses' adverse event reporting attitudes and related factors: a cross-sectional study in maternal and child specialized hospitals in China."	"Yes"	"OBJECTIVE: To investigate the current situation of nurses' attitude toward adverse event reporting and identify its related factors in maternal and child specialized hospitals. METHODS: A questionnaire survey was conducted among 943 nurses in 18 second-level and above maternal and child specialized hospitals in Sichuan province in China. The questionnaire included general information and the Chinese version of Reporting of Clinical Adverse Effects Scale (C-RoCAES). RESULTS: The total score of adverse events reported by nurses was 63.98 ± 8.77. The scores of the dimensions from high to low were reporting standard (3.13 ± 0.46), reporting impact (2.80 ± 0.54), reporting purpose (1.98 ± 0.66), and reporting environment (1.98 ± 0.42). Educational background (β = -1.87, < 0.001), professional title (β = -3.51, < 0.001), and adverse event experience (β = -7.05, < 0.001) were the positively associated with higher levels of nurses' attitude toward adverse event reporting in maternal and child specialized hospitals ( < 0.05). CONCLUSION: The attitude of nurses in maternal and child specialized hospitals to report adverse events is at the middle level. Hospital managers should improve the reporting standards for adverse events, improve the hospital safety culture, strengthen the relevant training for nurses with low education and low professional titles, so as to improve nurses' awareness of adverse event reporting and reporting rate."
"39734877"	"10.1016/j.mjafi.2023.03.005"	"2024"	"Medical journal, Armed Forces India"	"A questionnaire-based study on the knowledge, attitude and practice on pharmacovigilance among pharmacists and nursing staff at teaching hospitals."	"Yes"	"BACKGROUND: The present study aimed to evaluate the knowledge, attitude and practices (KAP) about pharmacovigilance (PV) practices among health care professionals, that is, pharmacists and nursing staff before and after educational intervention in a tertiary care hospital. METHODS: This was an observational and questionnaire-based pre- and post-test educational interventional study involving pharmacists and nursing staff. A 15-point prevalidated questionnaire on KAP about PV was distributed to pharmacists and nursing staff before and after educational intervention. Ethical clearance was obtained before the start of the study. RESULTS: A total of 120 pharmacists and 60 nursing staff participated in pre- and post-KAP questionnaire study. The KAP of PV when compared before (pre-KAP) and after (post-KAP) the educational intervention, the correct response rates were found to be statistically significant ( < 0.001). Encouraging feedback was received from the participants. CONCLUSION: This study proves that KAP of PV and adverse drug reaction reporting in routine practice can be improved by imparting knowledge about PV and hands-on training on adverse drug reaction reporting among pharmacists and nursing staff who are the backbone of health care system."
"38650586"	"10.1111/inr.12962"	"2024"	"International nursing review"	"The association between the adverse event reporting system and burnout and job satisfaction of nurses: Workplace violence as a mediator."	"Yes"	"AIMS: This study aims to explore the association between the implementation of the adverse event reporting system (AERS), burnout, and job satisfaction among psychiatric nurses, with a focus on examining the mediating effect of workplace violence from patients. BACKGROUND: Many organizational and personal factors contribute to burnout and job satisfaction experienced by nurses. AERS, serving as a key component of organizational-level quality improvement system, impacts the overall workplace wellness of nurses. METHODS: A national sample of 9,744 psychiatric nurses from 41 psychiatric hospitals across 29 provinces in China participated. Burnout was measured by the Maslach Burnout Inventory. Job satisfaction was measured using the Minnesota Satisfaction Questionnaire. Workplace violence was assessed by nurses' experience of verbal and physical violence. Multilevel linear regression analyses were carried out to examine if AERS impacts burnout and job satisfaction and to identify the mediating role of workplace violence. RESULTS: AERS was positively associated with job satisfaction, but negatively with burnout and workplace violence. Workplace violence exhibited a positive association with burnout and a negative association with job satisfaction. Mediation analyses indicated that the associations between AERS, burnout, and job satisfaction were mediated by workplace violence. CONCLUSIONS: The application of AERS is associated with a reduction in workplace violence in hospitals, which contributes to the diminished burnout and heightened job satisfaction among psychiatric nurses. IMPLICATIONS FOR NURSING PRACTICE AND HEALTH POLICY: The study highlights the importance of organizational efforts and mechanisms in promoting nurses' well-being. It is necessary for hospital management to create a safe workplace through the implementation of AERS."
"39470185"	"10.1002/14651858.CD012594.pub2"	"2024"	"The Cochrane database of systematic reviews"	"Improving adverse drug event reporting by healthcare professionals."	"Yes"	"BACKGROUND: Adverse drug events, encompassing both adverse drug reactions and medication errors, pose a significant threat to health, leading to illness and, in severe cases, death. Timely and voluntary reporting of adverse drug events by healthcare professionals plays a crucial role in mitigating the morbidity and mortality linked to unexpected reactions and improper medication usage. OBJECTIVES: To assess the effectiveness of different interventions aimed at healthcare professionals to improve the reporting of adverse drug events. SEARCH METHODS: We searched CENTRAL, Embase, MEDLINE and several other electronic databases and trials registers, including ClinicalTrials.gov and WHO ICTRP, from inception until 14 October 2022. We also screened reference lists in the included studies and relevant systematic reviews. SELECTION CRITERIA: We included randomised trials, non-randomised controlled studies, controlled before-after studies, interrupted time series studies (ITS) and repeated measures studies, assessing the effect of any intervention aimed at healthcare professionals and designed to increase adverse drug event reporting. Eligible comparators were healthcare professionals' usual reporting practice or a different intervention or interventions designed to improve adverse drug event reporting rate. We excluded studies of interventions targeted at adverse event reporting following immunisation. Our primary outcome measures were the total number of adverse drug event reports (including both adverse drug reaction reports and medication error reports) and the number of false adverse drug event reports (encompassing both adverse drug reaction reports and medication error reports) submitted by healthcare professionals. Secondary outcomes were the number of serious, high-causality, unexpected or previously unknown, and new drug-related adverse drug event reports submitted by healthcare professionals. We used GRADE to assess the certainty of evidence. DATA COLLECTION AND ANALYSIS: We followed standard methods recommended by Cochrane and the Cochrane Effective Practice and Organisation of Care (EPOC) Group. We extracted and reanalysed ITS study data and imputed treatment effect estimates (including standard errors or confidence intervals) for the randomised studies. MAIN RESULTS: We included 15 studies (eight RCTs, six ITS, and one non-randomised cross-over study) with approximately 62,389 participants. All studies were conducted in high-income countries in large tertiary care hospitals. There was a high risk of performance bias in the controlled studies due to the nature of the interventions. None of the ITS studies had a control arm, so we could not be sure of the detected effects being independent of other changes. None of the studies reported on the number of false adverse drug event reports submitted. There is low-certainty evidence suggesting that an education session, together with reminder card and adverse drug reaction (ADR) report form, may substantially improve the rate of ADR reporting by healthcare professionals when compared to usual practice (i.e. spontaneous reporting with or without some training provided by regional pharmacosurveillance units). These educational interventions increased the number of ADR reports in total (RR 3.00, 95% CI 1.53 to 5.90; 5 studies, 21,655 participants), serious ADR reports (RR 3.30, 95% CI 1.51 to 7.21; 5 studies, 21,655 participants), high-causality ADR reports (RR 2.48, 95% CI 1.11 to 5.57; 5 studies, 21,655 participants), unexpected ADR reports (RR 4.72, 95% CI 1.75 to 12.76; 4 studies, 15,085 participants) and new drug-related ADR reports (RR 8.68, 95% CI 3.40 to 22.13; 2 studies, 7884 participants). Additionally, low-certainty evidence suggests that, compared to usual practice (i.e. spontaneous reporting), making it easier to report ADRs by using a standardised discharge form with added ADR items may slightly improve the total number of ADR reports submitted (RR 2.06, 95% CI 1.11 to 3.83; 1 study, 5967 participants). The discharge form tested was based on the 'Diagnosis Related Groups' (DRG) system for recording patient diagnoses, and the medical and surgical procedures received during their hospital stay. Due to very low-certainty evidence, we do not know if the following interventions have any effect on the total number of adverse drug event reports (including both ADR and ME reports) submitted by healthcare professionals: - sending informational letters or emails to GPs and nurses; - multifaceted interventions, including financial and non-financial incentives, fines, education and reminder cards; - implementing government regulations together with financial incentives; - including ADR report forms in quarterly bulletins and prescription pads; - providing a hyperlink to the reporting form in hospitals' electronic patient records; - improving the reporting method by re-engineering a web-based electronic error reporting system; - the presence of a clinical pharmacist in a hospital setting actively identifying adverse drug events and advocating for the identification and reporting of adverse drug events. AUTHORS' CONCLUSIONS: Compared to usual practice (i.e. spontaneous reporting with or without some training from regional pharmacosurveillance units), low-certainty evidence suggests that the number of ADR reports submitted may substantially increase following an education session, paired with reminder card and ADR report form, and may slightly increase with the use of a standardised discharge form method that makes it easier for healthcare professionals to report ADRs. The evidence for other interventions identified in this review, such as informational letters or emails and financial incentives, is uncertain. Future studies need to assess the benefits (increase in the number of adverse drug event reports) and harms (increase in the number of false adverse drug event reports) of any intervention designed to improve healthcare professionals' reporting of adverse drug events. Interventions to increase the number of submitted adverse drug event reports that are suitable for use in low- and middle-income countries should be developed and rigorously evaluated."
"39469317"	"10.1080/20523211.2024.2417410"	"2024"	"Journal of pharmaceutical policy and practice"	"Exploring the influencing factors of adverse drug reaction reporting among medical personnel: a COM-B model-based study."	"Yes"	"BACKGROUND: This study aims to identify the factors that influence medical workers' enthusiasm for reporting adverse drug reactions (ADRs). Understanding these factors is essential to implement targeted interventions that can improve and refine pharmacovigilance systems. METHODS: We adopted the Capability, Opportunity, Motivation, and Behavior model (COM-B) model as the theoretical framework and conducted qualitative research using in-depth interviews with clinicians, nurses, pharmacists, and administrators. 24 one-on-one interviews were conducted and audio-recorded. The interviews were transcribed verbatim, and subjected to thematic analysis to uncover the key factors affecting ADR reporting among medical staff. RESULTS: The participation included 24 healthcare workers from six different healthcare organisations. Analysis revealed that decreased motivation to report ADRs was due to inadequate judgment or inconsistent judgment criteria within the capability domain, poor awareness of ADRs and deficient communication skills within the psychological domain, unclear responsibilities within the motivation domain, and limited or no access to necessary resources within the opportunity domain. Facilitators of ADR reporting included sufficient cognitive and operational abilities, spontaneous and incentivized motivation, clear responsibilities and role expectations, and robust social support. CONCLUSION: There is a critical need to develop comprehensive interventions that address the identified factors influencing ADR reporting. By improving the motivation of medical staff to report ADRs, the pharmacovigilance system can be significantly improved."
"39375182"	"10.1136/bmjopen-2024-087701"	"2024"	"BMJ open"	"Exploring willingness to use adverse drug reaction reporting systems: a multicentre qualitative study in China based on the technology acceptance model and task-technology fit integration approach."	"Yes"	"BACKGROUND: Adverse drug reaction (ADR) reporting systems are critical for monitoring and managing drug safety. However, various factors influence the willingness to use these systems. This study aimed to investigate the willingness to use ADR reporting systems through an integrated model of the Technology Acceptance Model (TAM) and Task-Technology Fit (TTF) theory, conducting a multicentre qualitative study from the user's perspective. METHODS: This study used qualitative research methods, including in-depth interviews with clinicians, nurses, pharmacists and administrators who reported ADRs through the National Adverse Drug Reaction Monitoring System (NADRMS) and the China Hospital Pharmacovigilance System (CHPS). The interviews were audio-recorded, transcribed verbatim and analysed using QDA Miner software for data management and thematic analysis. RESULTS: Eighteen healthcare workers from five healthcare organisations participated in the study. They found the ease of use and usefulness of the current NADRMS and CHPS to be acceptable. The essential technical requirements identified included accuracy, standardisation, timeliness and confidentiality. However, challenges such as inaccurate information capture, unstable interfacing with medical record systems, low reporting efficiency and lack of data sharing were highlighted. Overall, front-line healthcare workers exhibited a generally negative attitude towards using NADRMS and CHPS, driven more by necessity than preference. Factors influencing their willingness to use these systems included ease of use, practicality, risk perception and social impact, with varying attitudes and requirements observed between user groups. CONCLUSION: This study provides practical recommendations that can be readily implemented to enhance the effectiveness and sustainability of ADR reporting systems. While front-line users in China acknowledged the systems' ease of use and usefulness, they also noted significant gaps in technological adaptation. They expressed the need for improvements in data openness and sharing, accessibility and system intelligence."
"39445248"	"10.7759/cureus.69981"	"2024"	"Cureus"	"Awareness and Knowledge of Adverse Drug Reactions and Pharmacovigilance Among Medical and Nursing Students and Staff in a Tertiary Care Hospital."	"Yes"	"Background Pharmacovigilance is defined as the science and activities related to the detection, assessment, understanding, and prevention of adverse effects or other drug-related problems. Underreporting of adverse drug reactions (ADRs) is a global issue, and adequate knowledge among healthcare professionals is essential. Engaging young doctors and nursing professionals in pharmacovigilance is crucial for promoting ADR reporting. Objectives The objective of this study is to evaluate the knowledge and awareness of ADRs and pharmacovigilance among medical and nursing students and staff in a tertiary care hospital in Vijayapura, India. Methods A cross-sectional, observational, questionnaire-based study was carried out using a validated questionnaire that included a total of 19 questions related to knowledge and awareness aspects. This was distributed electronically using Google Forms. By using the convenience sampling method, a sample size of 96 participants was calculated for each group (medical and nursing), and this was rounded to 100 participants per group to account for potential dropouts and to ensure the strength of this study. All the questions were peer-reviewed by expert faculties from the Department of Pharmacology. Results The data analysis showed that medical students and staff had superior knowledge of ADRs and pharmacovigilance. Nursing students and staff exhibited greater awareness of the nearest pharmacovigilance center and ADR monitoring centers in India. Nursing students and staff were more active in ADR and pharmacovigilance awareness programs. Conclusions This study clearly shows the importance of flexible attitudes and robust education in pharmacovigilance and ADR reporting among healthcare professionals. Executing simulation-based training can strengthen the skills and confidence of both medical and nursing professionals in ADR reporting and pharmacovigilance."
"39161496"	"10.7759/cureus.64978"	"2024"	"Cureus"	"Knowledge, Attitude, and Practice of Materiovigilance Among Healthcare Professionals at a Tertiary Care Teaching Hospital."	"Yes"	"Objective This study aimed to assess the knowledge, attitudes, and practices (KAP) of materiovigilance among healthcare professionals (HCPs) at a tertiary care teaching hospital in South Gujarat, India. Specifically, it sought to identify gaps in current understanding and reporting practices related to adverse events associated with medical devices. Introduction Materiovigilance, the systematic monitoring and assessment of adverse events related to medical devices, is crucial for ensuring patient safety and enhancing device performance. In India, the Materiovigilance Programme of India (MvPI) under the Ministry of Health and Family Welfare oversees the safe use of medical devices, integrating them with the pharmacovigilance framework. Despite these efforts, challenges persist in awareness, reporting practices, and the integration of materiovigilance among healthcare professionals. The knowledge, attitude, and practice (KAP) of these professionals are pivotal for effective adverse event reporting, but underreporting due to a lack of awareness, inadequate training, and perceived administrative burden remains a significant barrier. The study underscores the importance of training programs, improving reporting infrastructure, and fostering a safety culture within healthcare institutions to enhance the effectiveness of materiovigilance in India. Methodology An observational, cross-sectional study was conducted using a questionnaire-based approach. A total of 215 HCPs, including consultant doctors, resident doctors, and nursing staff, participated in the study. The questionnaire covered aspects of knowledge regarding the Materiovigilance Programme of India (MvPI), classification of medical devices, attitudes towards adverse event reporting, and actual reporting practices. Data collection was carried out electronically over the course of one month using Google Forms (Google LLC, Mountain View, California, United States). Results Among the participants, 135 (62.79%) correctly identified MvPI as the program for monitoring adverse events caused by medical devices. A majority of 188 (87.44%) understood that medical devices in India are classified based on a risk-based approach. Positive attitudes towards reporting adverse events were prevalent, with 202 (93.95%) acknowledging the potential for adverse events from medical devices and agreeing on the importance of reporting. However, a significant gap was noted between noticing adverse events (138 participants, 64.19%) and actual reporting (60 participants, 27.91%), indicating a need for improved reporting practices. Only 104 participants (48.37%) had participated in workshops or continuing medical education (CME) sessions on medical device safety. Conclusion The study reveals a strong foundation of knowledge and positive attitudes towards the materiovigilance among HCPs in South Gujarat. However, there is a notable discrepancy between awareness and actual reporting practices. To enhance the effectiveness of materiovigilance, interventions such as targeted educational programs and simplification of reporting procedures are recommended. These efforts are essential to ensure timely detection, reporting, and management of adverse events related to medical devices, thereby enhancing patient safety and overall healthcare quality."
"39038315"	"NA"	"2024"	"Alternative therapies in health and medicine"	"Study on the Current Situation of the Intention to Report Adverse Events of Nurses in the Department of Hematology and Its Influencing Factors."	"Yes"	"OBJECTIVE: To investigate the current state of nurses' intentions to report harmful incidents in the hematology department, and the influencing factors, to provide a relevant basis for ensuring healthcare quality and patient safety. METHODS: By using a stratified sampling technique, 80 nurses from the hematology department of our hospital between June 2020 and June 2022 were randomly chosen as the research objects. The Chinese version of intention to report adverse event questionnaire (15 items with a scale of 0 to 1), adverse event report cognitive questionnaire (8 items with a scale of 0 to 1), and adverse event reporting attitude questionnaire (25 projects with a scale of 0 to 4) were used to collect data. Multiple linear regression model was used to explore the influencing variables based on the single-factor indicators with statistical significance. RESULTS: When adverse events caused serious casualties or even death, the majority cases (96.25%) were reported to the superior supervisor; when the adverse events did not cause relevant injury, and was in potential vulnerability, the proportion of discussing with colleagues was the most (90.00% and 88.75%, respectively). For cognition on adverse events, ""whether they understand the medical safety event reporting system"" accounted for the most proportion (98.75%). The nurses had the highest scores for reporting standard [(25.58 ± 6.19) points] and lowest score for reporting purpose [(8.62 ± 1.51) points]. Age, educational background, years of employment, and professional titles were influencing factors of nurses' inclination to report unfavorable events (P < .05). CONCLUSION: The cognition and reporting attitude of nurses in the hematology department on adverse events need further improvement. The intention of the nurses to report adverse events is influenced by age, educational background, years of experience, and professional titles. Patient safety education especially with simulation-based training should be implemented, to decrease frequency of adverse incidents."
